<?xml version="1.0" encoding="UTF-8"?>
<package id="1" uuid="bac9f1fe-299a-4d84-b177-992a2bc66002">
  <dateCreated id="2">2012-07-13 16:54:10</dateCreated>
  <name>Kenya EMR Forms</name>
  <description>HTML Forms</description>
  <openmrsVersion>1.9.1 SNAPSHOT Build 28506</openmrsVersion>
  <version>18</version>
  <groupUuid>c66d041c-563e-4438-83eb-ad5f32c6e97a</groupUuid>
  <modules id="3">
    <entry>
      <string>uilibrary</string>
      <string>1.3</string>
    </entry>
    <entry>
      <string>moduledistro</string>
      <string>1.2-SNAPSHOT</string>
    </entry>
    <entry>
      <string>uiframework</string>
      <string>1.5</string>
    </entry>
    <entry>
      <string>htmlformentry</string>
      <string>1.10.1-SNAPSHOT</string>
    </entry>
    <entry>
      <string>metadatasharing</string>
      <string>1.0.7</string>
    </entry>
    <entry>
      <string>logic</string>
      <string>0.5.2</string>
    </entry>
  </modules>
  <items class="linked-hash-set" id="4">
    <org.openmrs.module.metadatasharing.Item id="5" uuid="82a3a38a-7be1-40c3-b35a-17eb21190f09">
      <id>4</id>
      <classname>org.openmrs.module.htmlformentry.HtmlForm</classname>
      <dateChanged id="6">2012-07-12 08:09:49</dateChanged>
      <retired>false</retired>
    </org.openmrs.module.metadatasharing.Item>
    <org.openmrs.module.metadatasharing.Item id="7" uuid="313b5a76-e0f5-41c0-bd8c-7316b84a987f">
      <id>17</id>
      <classname>org.openmrs.module.htmlformentry.HtmlForm</classname>
      <dateChanged id="8">2012-07-13 07:28:36</dateChanged>
      <retired>false</retired>
    </org.openmrs.module.metadatasharing.Item>
    <org.openmrs.module.metadatasharing.Item id="9" uuid="629a94d4-a703-4c87-b701-e4e0753cf6e3">
      <id>11</id>
      <classname>org.openmrs.module.htmlformentry.HtmlForm</classname>
      <dateChanged id="10">2012-07-04 18:46:26</dateChanged>
      <retired>false</retired>
    </org.openmrs.module.metadatasharing.Item>
    <org.openmrs.module.metadatasharing.Item id="11" uuid="12ef8ec8-c769-49e7-a445-9d2dd0e2fc02">
      <id>24</id>
      <classname>org.openmrs.module.htmlformentry.HtmlForm</classname>
      <dateChanged id="12">2012-07-12 09:02:46</dateChanged>
      <retired>false</retired>
    </org.openmrs.module.metadatasharing.Item>
    <org.openmrs.module.metadatasharing.Item id="13" uuid="1a2bf46f-dffc-404f-9df3-96dacc394c49">
      <id>20</id>
      <classname>org.openmrs.module.htmlformentry.HtmlForm</classname>
      <dateChanged id="14">2012-07-12 08:59:13</dateChanged>
      <retired>false</retired>
    </org.openmrs.module.metadatasharing.Item>
    <org.openmrs.module.metadatasharing.Item id="15" uuid="20811337-f6ea-4f53-8b61-865bb2d73f1c">
      <id>23</id>
      <classname>org.openmrs.module.htmlformentry.HtmlForm</classname>
      <dateChanged id="16">2012-07-12 08:13:42</dateChanged>
      <retired>false</retired>
    </org.openmrs.module.metadatasharing.Item>
    <org.openmrs.module.metadatasharing.Item id="17" uuid="c86ccf44-06de-4304-91c1-00f83bc9b001">
      <id>21</id>
      <classname>org.openmrs.module.htmlformentry.HtmlForm</classname>
      <dateChanged id="18">2012-07-06 08:32:32</dateChanged>
      <retired>false</retired>
    </org.openmrs.module.metadatasharing.Item>
    <org.openmrs.module.metadatasharing.Item id="19" uuid="d2e1aa72-abc0-4cbf-be1b-33854994f276">
      <id>16</id>
      <classname>org.openmrs.module.htmlformentry.HtmlForm</classname>
      <dateChanged id="20">2012-07-12 21:14:41</dateChanged>
      <retired>false</retired>
    </org.openmrs.module.metadatasharing.Item>
    <org.openmrs.module.metadatasharing.Item id="21" uuid="0bdf9eac-edd5-4af9-a8d8-67e5613dca0d">
      <id>12</id>
      <classname>org.openmrs.module.htmlformentry.HtmlForm</classname>
      <dateChanged id="22">2012-07-10 09:58:31</dateChanged>
      <retired>false</retired>
    </org.openmrs.module.metadatasharing.Item>
    <org.openmrs.module.metadatasharing.Item id="23" uuid="7c37929e-4fce-4554-b600-c01de8faacd2">
      <id>18</id>
      <classname>org.openmrs.module.htmlformentry.HtmlForm</classname>
      <dateChanged id="24">2012-07-12 11:33:18</dateChanged>
      <retired>false</retired>
    </org.openmrs.module.metadatasharing.Item>
    <org.openmrs.module.metadatasharing.Item id="25" uuid="efc6b2ad-9573-4350-9e23-915a6a9a3c54">
      <id>22</id>
      <classname>org.openmrs.module.htmlformentry.HtmlForm</classname>
      <dateChanged id="26">2012-07-12 17:23:13</dateChanged>
      <retired>false</retired>
    </org.openmrs.module.metadatasharing.Item>
    <org.openmrs.module.metadatasharing.Item id="27" uuid="25c5cadf-d7c4-4048-b009-e15fc035e2c0">
      <id>13</id>
      <classname>org.openmrs.module.htmlformentry.HtmlForm</classname>
      <dateChanged id="28">2012-07-12 08:28:51</dateChanged>
      <retired>false</retired>
    </org.openmrs.module.metadatasharing.Item>
  </items>
  <relatedItems class="linked-hash-set" id="29">
    <org.openmrs.module.metadatasharing.Item id="30" uuid="37f6bd8d-586a-4169-95fa-5781f987fe62">
      <id>4</id>
      <classname>org.openmrs.Form</classname>
      <dateChanged id="31">2012-07-04 01:10:57</dateChanged>
      <retired>false</retired>
    </org.openmrs.module.metadatasharing.Item>
    <org.openmrs.module.metadatasharing.Item id="32" uuid="d1059fb9-a079-4feb-a749-eedd709ae542">
      <id>8</id>
      <classname>org.openmrs.EncounterType</classname>
      <dateChanged id="33">2012-06-26 06:15:56</dateChanged>
      <retired>false</retired>
    </org.openmrs.module.metadatasharing.Item>
    <org.openmrs.module.metadatasharing.Item id="34" uuid="01f3aa8d-d0b5-4252-a7eb-059fec6633e9">
      <id>17</id>
      <classname>org.openmrs.Form</classname>
      <dateChanged id="35">2012-06-28 21:49:48</dateChanged>
      <retired>false</retired>
    </org.openmrs.module.metadatasharing.Item>
    <org.openmrs.module.metadatasharing.Item id="36" uuid="465a92f2-baf8-42e9-9612-53064be868e8">
      <id>12</id>
      <classname>org.openmrs.EncounterType</classname>
      <dateChanged id="37">2012-06-26 06:19:31</dateChanged>
      <retired>false</retired>
    </org.openmrs.module.metadatasharing.Item>
    <org.openmrs.module.metadatasharing.Item id="38" uuid="0038a296-62f8-4099-80e5-c9ea7590c157">
      <id>11</id>
      <classname>org.openmrs.Form</classname>
      <dateChanged id="39">2012-07-04 18:45:57</dateChanged>
      <retired>false</retired>
    </org.openmrs.module.metadatasharing.Item>
    <org.openmrs.module.metadatasharing.Item id="40" uuid="8e4e1abf-7c08-4ba8-b6d8-19a9f1ccb6c9">
      <id>24</id>
      <classname>org.openmrs.Form</classname>
      <dateChanged id="41">2012-07-10 06:49:15</dateChanged>
      <retired>false</retired>
    </org.openmrs.module.metadatasharing.Item>
    <org.openmrs.module.metadatasharing.Item id="42" uuid="e4b506c1-7379-42b6-a374-284469cba8da">
      <id>20</id>
      <classname>org.openmrs.Form</classname>
      <dateChanged id="43">2012-06-26 06:35:19</dateChanged>
      <retired>false</retired>
    </org.openmrs.module.metadatasharing.Item>
    <org.openmrs.module.metadatasharing.Item id="44" uuid="de78a6be-bfc5-4634-adc3-5f1a280455cc">
      <id>9</id>
      <classname>org.openmrs.EncounterType</classname>
      <dateChanged id="45">2012-06-26 06:15:01</dateChanged>
      <retired>false</retired>
    </org.openmrs.module.metadatasharing.Item>
    <org.openmrs.module.metadatasharing.Item id="46" uuid="7efa0ee0-6617-4cd7-8310-9f95dfee7a82">
      <id>23</id>
      <classname>org.openmrs.Form</classname>
      <dateChanged id="47">2012-07-10 06:49:02</dateChanged>
      <retired>false</retired>
    </org.openmrs.module.metadatasharing.Item>
    <org.openmrs.module.metadatasharing.Item id="48" uuid="de1f9d67-b73e-4e1b-90d0-036166fc6995">
      <id>13</id>
      <classname>org.openmrs.EncounterType</classname>
      <dateChanged id="49">2012-06-26 06:14:17</dateChanged>
      <retired>false</retired>
    </org.openmrs.module.metadatasharing.Item>
    <org.openmrs.module.metadatasharing.Item id="50" uuid="e3237ede-fa70-451f-9e6c-0908bc39f8b9">
      <id>21</id>
      <classname>org.openmrs.Form</classname>
      <dateChanged id="51">2012-07-05 16:36:27</dateChanged>
      <retired>false</retired>
    </org.openmrs.module.metadatasharing.Item>
    <org.openmrs.module.metadatasharing.Item id="52" uuid="abfb143c-5b49-41e5-9ead-f47ee4cc57cf">
      <id>7</id>
      <classname>org.openmrs.EncounterType</classname>
      <dateChanged id="53">2012-06-26 06:16:59</dateChanged>
      <retired>false</retired>
    </org.openmrs.module.metadatasharing.Item>
    <org.openmrs.module.metadatasharing.Item id="54" uuid="7e603909-9ed5-4d0c-a688-26ecb05d8b6e">
      <id>16</id>
      <classname>org.openmrs.Form</classname>
      <dateChanged id="55">2012-07-06 06:24:21</dateChanged>
      <retired>false</retired>
    </org.openmrs.module.metadatasharing.Item>
    <org.openmrs.module.metadatasharing.Item id="56" uuid="59ed8e62-7f1f-40ae-a2e3-eabe350277ce">
      <id>12</id>
      <classname>org.openmrs.Form</classname>
      <dateChanged id="57">2012-07-10 06:48:46</dateChanged>
      <retired>false</retired>
    </org.openmrs.module.metadatasharing.Item>
    <org.openmrs.module.metadatasharing.Item id="58" uuid="4a0d1332-490e-439f-9d14-c782143c94de">
      <id>18</id>
      <classname>org.openmrs.Form</classname>
      <dateChanged id="59">2012-06-28 21:50:02</dateChanged>
      <retired>false</retired>
    </org.openmrs.module.metadatasharing.Item>
    <org.openmrs.module.metadatasharing.Item id="60" uuid="bd598114-4ef4-47b1-a746-a616180ccfc0">
      <id>22</id>
      <classname>org.openmrs.Form</classname>
      <dateChanged id="61">2012-07-05 16:36:13</dateChanged>
      <retired>false</retired>
    </org.openmrs.module.metadatasharing.Item>
    <org.openmrs.module.metadatasharing.Item id="62" uuid="a0034eee-1940-4e35-847f-97537a35d05e">
      <id>10</id>
      <classname>org.openmrs.EncounterType</classname>
      <dateChanged id="63">2012-06-26 06:20:28</dateChanged>
      <retired>false</retired>
    </org.openmrs.module.metadatasharing.Item>
    <org.openmrs.module.metadatasharing.Item id="64" uuid="e958f902-64df-4819-afd4-7fb061f59308">
      <id>13</id>
      <classname>org.openmrs.Form</classname>
      <dateChanged id="65">2012-07-04 02:45:31</dateChanged>
      <retired>false</retired>
    </org.openmrs.module.metadatasharing.Item>
  </relatedItems>
</package>
