<?xml version="1.0" encoding="UTF-8"?>
<package id="1" uuid="69e5e26c-54e9-4afd-b325-cda90c184868">
  <dateCreated id="2">2013-01-31 07:39:48</dateCreated>
  <name>Kenya EMR Core Metadata</name>
  <description>Core metadata for the Kenya OpenMRS EMR. (Does not include forms or locations.)</description>
  <openmrsVersion>1.9.1  Build 28992</openmrsVersion>
  <version>14</version>
  <groupUuid>29177ba6-a634-42d5-9314-e12689856ff1</groupUuid>
  <subscriptionUrl>http://metadata-dev.kenyaemr.org/openmrs/ws/rest/metadatasharing/package/29177ba6-a634-42d5-9314-e12689856ff1/latest</subscriptionUrl>
  <modules id="3">
    <entry>
      <string>htmlwidgets</string>
      <string>1.6.4</string>
    </entry>
    <entry>
      <string>moduledistro</string>
      <string>1.2-SNAPSHOT</string>
    </entry>
    <entry>
      <string>groovy</string>
      <string>2.0.4</string>
    </entry>
    <entry>
      <string>htmlformentry</string>
      <string>1.9.4</string>
    </entry>
    <entry>
      <string>idgen</string>
      <string>2.1</string>
    </entry>
    <entry>
      <string>metadatamapping</string>
      <string>1.0.1</string>
    </entry>
    <entry>
      <string>metadatasharing</string>
      <string>1.1.3-SNAPSHOT</string>
    </entry>
    <entry>
      <string>reporting</string>
      <string>0.7.4.1</string>
    </entry>
    <entry>
      <string>logic</string>
      <string>0.5.2</string>
    </entry>
    <entry>
      <string>serialization.xstream</string>
      <string>0.2.7</string>
    </entry>
  </modules>
  <items class="linked-hash-set" id="4">
    <org.openmrs.module.metadatasharing.Item id="5" uuid="05ee9cf4-7242-4a17-b4d4-00f707265c8a">
      <id>3</id>
      <classname>org.openmrs.PatientIdentifierType</classname>
      <dateChanged id="6">2012-06-25 01:43:42</dateChanged>
      <retired>false</retired>
    </org.openmrs.module.metadatasharing.Item>
    <org.openmrs.module.metadatasharing.Item id="7" uuid="dfacd928-0370-4315-99d7-6ec1c9f7ae76">
      <id>4</id>
      <classname>org.openmrs.PatientIdentifierType</classname>
      <dateChanged id="8">2012-06-25 01:44:50</dateChanged>
      <retired>false</retired>
    </org.openmrs.module.metadatasharing.Item>
    <org.openmrs.module.metadatasharing.Item id="9" uuid="b4d66522-11fc-45c7-83e3-39a1af21ae0d">
      <id>5</id>
      <classname>org.openmrs.PatientIdentifierType</classname>
      <dateChanged id="10">2012-06-25 02:35:39</dateChanged>
      <retired>false</retired>
    </org.openmrs.module.metadatasharing.Item>
    <org.openmrs.module.metadatasharing.Item id="11" uuid="3371a4d4-f66f-4454-a86d-92c7b3da990c">
      <id>4</id>
      <classname>org.openmrs.VisitType</classname>
      <dateChanged id="12">2012-06-25 01:38:30</dateChanged>
      <retired>false</retired>
    </org.openmrs.module.metadatasharing.Item>
    <org.openmrs.module.metadatasharing.Item id="13" uuid="b2c38640-2603-4629-aebd-3b54f33f1e3a">
      <id>8</id>
      <classname>org.openmrs.PersonAttributeType</classname>
      <dateChanged id="14">2012-06-26 06:50:58</dateChanged>
      <retired>false</retired>
    </org.openmrs.module.metadatasharing.Item>
    <org.openmrs.module.metadatasharing.Item id="15" uuid="342a1d39-c541-4b29-8818-930916f4c2dc">
      <id>11</id>
      <classname>org.openmrs.PersonAttributeType</classname>
      <dateChanged id="16">2012-11-22 07:39:00</dateChanged>
      <retired>false</retired>
    </org.openmrs.module.metadatasharing.Item>
    <org.openmrs.module.metadatasharing.Item id="17" uuid="d0aa9fd1-2ac5-45d8-9c5e-4317c622c8f5">
      <id>12</id>
      <classname>org.openmrs.PersonAttributeType</classname>
      <dateChanged id="18">2012-12-09 09:31:23</dateChanged>
      <retired>false</retired>
    </org.openmrs.module.metadatasharing.Item>
    <org.openmrs.module.metadatasharing.Item id="19" uuid="7cf22bec-d90a-46ad-9f48-035952261294">
      <id>13</id>
      <classname>org.openmrs.PersonAttributeType</classname>
      <dateChanged id="20">2012-11-22 07:42:58</dateChanged>
      <retired>false</retired>
    </org.openmrs.module.metadatasharing.Item>
    <org.openmrs.module.metadatasharing.Item id="21" uuid="73d34479-2f9e-4de3-a5e6-1f79a17459bb">
      <id>9</id>
      <classname>org.openmrs.PersonAttributeType</classname>
      <dateChanged id="22">2012-11-20 13:16:20</dateChanged>
      <retired>false</retired>
    </org.openmrs.module.metadatasharing.Item>
    <org.openmrs.module.metadatasharing.Item id="23" uuid="830bef6d-b01f-449d-9f8d-ac0fede8dbd3">
      <id>10</id>
      <classname>org.openmrs.PersonAttributeType</classname>
      <dateChanged id="24">2012-11-22 07:38:11</dateChanged>
      <retired>false</retired>
    </org.openmrs.module.metadatasharing.Item>
    <org.openmrs.module.metadatasharing.Item id="25" uuid="abfb143c-5b49-41e5-9ead-f47ee4cc57cf">
      <id>9</id>
      <classname>org.openmrs.EncounterType</classname>
      <dateChanged id="26">2012-06-26 06:16:59</dateChanged>
      <retired>false</retired>
    </org.openmrs.module.metadatasharing.Item>
    <org.openmrs.module.metadatasharing.Item id="27" uuid="d1059fb9-a079-4feb-a749-eedd709ae542">
      <id>8</id>
      <classname>org.openmrs.EncounterType</classname>
      <dateChanged id="28">2012-06-26 06:15:56</dateChanged>
      <retired>false</retired>
    </org.openmrs.module.metadatasharing.Item>
    <org.openmrs.module.metadatasharing.Item id="29" uuid="de78a6be-bfc5-4634-adc3-5f1a280455cc">
      <id>7</id>
      <classname>org.openmrs.EncounterType</classname>
      <dateChanged id="30">2012-06-26 06:15:01</dateChanged>
      <retired>false</retired>
    </org.openmrs.module.metadatasharing.Item>
    <org.openmrs.module.metadatasharing.Item id="31" uuid="a0034eee-1940-4e35-847f-97537a35d05e">
      <id>11</id>
      <classname>org.openmrs.EncounterType</classname>
      <dateChanged id="32">2012-06-26 06:20:28</dateChanged>
      <retired>false</retired>
    </org.openmrs.module.metadatasharing.Item>
    <org.openmrs.module.metadatasharing.Item id="33" uuid="94af1829-2f76-41d4-baf6-3f21dec66ae7">
      <id>13</id>
      <classname>org.openmrs.EncounterType</classname>
      <dateChanged id="34">2013-01-14 21:52:18</dateChanged>
      <retired>false</retired>
    </org.openmrs.module.metadatasharing.Item>
    <org.openmrs.module.metadatasharing.Item id="35" uuid="17a381d1-7e29-406a-b782-aa903b963c28">
      <id>12</id>
      <classname>org.openmrs.EncounterType</classname>
      <dateChanged id="36">2012-06-26 06:44:26</dateChanged>
      <retired>false</retired>
    </org.openmrs.module.metadatasharing.Item>
    <org.openmrs.module.metadatasharing.Item id="37" uuid="465a92f2-baf8-42e9-9612-53064be868e8">
      <id>10</id>
      <classname>org.openmrs.EncounterType</classname>
      <dateChanged id="38">2012-06-26 06:19:31</dateChanged>
      <retired>false</retired>
    </org.openmrs.module.metadatasharing.Item>
    <org.openmrs.module.metadatasharing.Item id="39" uuid="de1f9d67-b73e-4e1b-90d0-036166fc6995">
      <id>6</id>
      <classname>org.openmrs.EncounterType</classname>
      <dateChanged id="40">2012-06-26 06:14:17</dateChanged>
      <retired>false</retired>
    </org.openmrs.module.metadatasharing.Item>
    <org.openmrs.module.metadatasharing.Item id="41" uuid="9f144a34-3a4a-44a9-8486-6b7af6cc64f6">
      <id>2</id>
      <classname>org.openmrs.Program</classname>
      <dateChanged id="42">2012-09-13 01:03:07</dateChanged>
      <retired>false</retired>
    </org.openmrs.module.metadatasharing.Item>
    <org.openmrs.module.metadatasharing.Item id="43" uuid="dfdc6d40-2f2f-463d-ba90-cc97350441a8">
      <id>1</id>
      <classname>org.openmrs.Program</classname>
      <dateChanged id="44">2012-08-08 02:05:40</dateChanged>
      <retired>false</retired>
    </org.openmrs.module.metadatasharing.Item>
    <org.openmrs.module.metadatasharing.Item id="45" uuid="ae01b8ff-a4cc-4012-bcf7-72359e852e14">
      <id>2</id>
      <classname>org.openmrs.Provider</classname>
      <dateChanged id="46">2012-08-08 23:40:58</dateChanged>
      <retired>false</retired>
    </org.openmrs.module.metadatasharing.Item>
  </items>
  <relatedItems class="linked-hash-set" id="47">
    <org.openmrs.module.metadatasharing.Item id="48" uuid="160541AAAAAAAAAAAAAAAAAAAAAAAAAAAAAA">
      <id>160541</id>
      <classname>org.openmrs.Concept</classname>
      <dateChanged id="49">2012-06-15 14:16:18</dateChanged>
      <retired>false</retired>
    </org.openmrs.module.metadatasharing.Item>
    <org.openmrs.module.metadatasharing.Item id="50" uuid="144621ABBBBBBBBBBBBBBBBBBBBBBBBBBBBB">
      <id>144621</id>
      <classname>org.openmrs.ConceptMap</classname>
      <dateChanged id="51">2012-06-14 16:17:34</dateChanged>
    </org.openmrs.module.metadatasharing.Item>
    <org.openmrs.module.metadatasharing.Item id="52" uuid="9b87ca0e-af71-3794-b312-7d5337cad9cf">
      <id>144621</id>
      <classname>org.openmrs.ConceptReferenceTerm</classname>
      <dateChanged id="53">2012-06-14 00:00:00</dateChanged>
      <retired>false</retired>
    </org.openmrs.module.metadatasharing.Item>
    <org.openmrs.module.metadatasharing.Item id="54" uuid="2ADDDDDDDDDDDDDDDDDDDDDDDDDDDDDDDDDD">
      <id>2</id>
      <classname>org.openmrs.ConceptSource</classname>
      <dateChanged id="55">2010-04-25 11:12:44</dateChanged>
      <retired>false</retired>
    </org.openmrs.module.metadatasharing.Item>
    <org.openmrs.module.metadatasharing.Item id="56" uuid="43ac5109-7d8c-11e1-909d-c80aa9edcf4e">
      <id>2</id>
      <classname>org.openmrs.ConceptMapType</classname>
      <dateChanged id="57">2013-01-15 00:00:00</dateChanged>
      <retired>false</retired>
    </org.openmrs.module.metadatasharing.Item>
    <org.openmrs.module.metadatasharing.Item id="58" uuid="144620ABBBBBBBBBBBBBBBBBBBBBBBBBBBBB">
      <id>144620</id>
      <classname>org.openmrs.ConceptMap</classname>
      <dateChanged id="59">2012-06-14 16:17:34</dateChanged>
    </org.openmrs.module.metadatasharing.Item>
    <org.openmrs.module.metadatasharing.Item id="60" uuid="8ffc08c5-017e-373e-85a2-fec0ec7be865">
      <id>144620</id>
      <classname>org.openmrs.ConceptReferenceTerm</classname>
      <dateChanged id="61">2012-06-14 00:00:00</dateChanged>
      <retired>false</retired>
    </org.openmrs.module.metadatasharing.Item>
    <org.openmrs.module.metadatasharing.Item id="62" uuid="1ADDDDDDDDDDDDDDDDDDDDDDDDDDDDDDDDDD">
      <id>1</id>
      <classname>org.openmrs.ConceptSource</classname>
      <dateChanged id="63">2009-11-19 20:19:16</dateChanged>
      <retired>false</retired>
    </org.openmrs.module.metadatasharing.Item>
    <org.openmrs.module.metadatasharing.Item id="64" uuid="35543629-7d8c-11e1-909d-c80aa9edcf4e">
      <id>1</id>
      <classname>org.openmrs.ConceptMapType</classname>
      <dateChanged id="65">2013-01-15 00:00:00</dateChanged>
      <retired>false</retired>
    </org.openmrs.module.metadatasharing.Item>
    <org.openmrs.module.metadatasharing.Item id="66" uuid="8d492774-c2cc-11de-8d13-0010c6dffd0f">
      <id>11</id>
      <classname>org.openmrs.ConceptClass</classname>
      <dateChanged id="67">2004-03-02 00:00:00</dateChanged>
      <retired>false</retired>
    </org.openmrs.module.metadatasharing.Item>
    <org.openmrs.module.metadatasharing.Item id="68" uuid="8d4a4c94-c2cc-11de-8d13-0010c6dffd0f">
      <id>4</id>
      <classname>org.openmrs.ConceptDatatype</classname>
      <dateChanged id="69">2004-02-02 00:00:00</dateChanged>
      <retired>false</retired>
    </org.openmrs.module.metadatasharing.Item>
    <org.openmrs.module.metadatasharing.Item id="70" uuid="108876BBBBBBBBBBBBBBBBBBBBBBBBBBBBBB">
      <id>108876</id>
      <classname>org.openmrs.ConceptName</classname>
      <dateChanged id="71">2012-06-14 16:17:34</dateChanged>
    </org.openmrs.module.metadatasharing.Item>
    <org.openmrs.module.metadatasharing.Item id="72" uuid="108877BBBBBBBBBBBBBBBBBBBBBBBBBBBBBB">
      <id>108877</id>
      <classname>org.openmrs.ConceptName</classname>
      <dateChanged id="73">2012-06-14 16:17:34</dateChanged>
    </org.openmrs.module.metadatasharing.Item>
    <org.openmrs.module.metadatasharing.Item id="74" uuid="108980BBBBBBBBBBBBBBBBBBBBBBBBBBBBBB">
      <id>108980</id>
      <classname>org.openmrs.ConceptName</classname>
      <dateChanged id="75">2012-06-15 14:16:18</dateChanged>
    </org.openmrs.module.metadatasharing.Item>
    <org.openmrs.module.metadatasharing.Item id="76" uuid="160038AAAAAAAAAAAAAAAAAAAAAAAAAAAAAA">
      <id>160038</id>
      <classname>org.openmrs.Concept</classname>
      <dateChanged id="77">2011-01-17 21:01:10</dateChanged>
      <retired>false</retired>
    </org.openmrs.module.metadatasharing.Item>
    <org.openmrs.module.metadatasharing.Item id="78" uuid="582AEEEEEEEEEEEEEEEEEEEEEEEEEEEEEEEE">
      <id>582</id>
      <classname>org.openmrs.ConceptSet</classname>
      <dateChanged id="79">2011-01-17 21:01:10</dateChanged>
    </org.openmrs.module.metadatasharing.Item>
    <org.openmrs.module.metadatasharing.Item id="80" uuid="159791AAAAAAAAAAAAAAAAAAAAAAAAAAAAAA">
      <id>159791</id>
      <classname>org.openmrs.Concept</classname>
      <dateChanged id="81">2011-05-22 17:48:53</dateChanged>
      <retired>false</retired>
    </org.openmrs.module.metadatasharing.Item>
    <org.openmrs.module.metadatasharing.Item id="82" uuid="136700ABBBBBBBBBBBBBBBBBBBBBBBBBBBBB">
      <id>136700</id>
      <classname>org.openmrs.ConceptMap</classname>
      <dateChanged id="83">2010-11-12 18:15:51</dateChanged>
    </org.openmrs.module.metadatasharing.Item>
    <org.openmrs.module.metadatasharing.Item id="84" uuid="f79e5775-bd22-32a8-ab9b-1acc161f0a4b">
      <id>136700</id>
      <classname>org.openmrs.ConceptReferenceTerm</classname>
      <dateChanged id="85">2010-11-12 00:00:00</dateChanged>
      <retired>false</retired>
    </org.openmrs.module.metadatasharing.Item>
    <org.openmrs.module.metadatasharing.Item id="86" uuid="13ADDDDDDDDDDDDDDDDDDDDDDDDDDDDDDDDD">
      <id>13</id>
      <classname>org.openmrs.ConceptSource</classname>
      <dateChanged id="87">2010-10-24 17:02:38</dateChanged>
      <retired>false</retired>
    </org.openmrs.module.metadatasharing.Item>
    <org.openmrs.module.metadatasharing.Item id="88" uuid="143636ABBBBBBBBBBBBBBBBBBBBBBBBBBBBB">
      <id>143636</id>
      <classname>org.openmrs.ConceptMap</classname>
      <dateChanged id="89">2011-05-22 17:48:53</dateChanged>
    </org.openmrs.module.metadatasharing.Item>
    <org.openmrs.module.metadatasharing.Item id="90" uuid="5a08c64d-12a2-3149-aa0d-b4f42be4b8b0">
      <id>143636</id>
      <classname>org.openmrs.ConceptReferenceTerm</classname>
      <dateChanged id="91">2011-05-22 00:00:00</dateChanged>
      <retired>false</retired>
    </org.openmrs.module.metadatasharing.Item>
    <org.openmrs.module.metadatasharing.Item id="92" uuid="fb9aaaf1-65e2-4c18-b53c-16b575f2f385">
      <id>11</id>
      <classname>org.openmrs.ConceptSource</classname>
      <dateChanged id="93">2010-08-03 01:50:49</dateChanged>
      <retired>false</retired>
    </org.openmrs.module.metadatasharing.Item>
    <org.openmrs.module.metadatasharing.Item id="94" uuid="136699ABBBBBBBBBBBBBBBBBBBBBBBBBBBBB">
      <id>136699</id>
      <classname>org.openmrs.ConceptMap</classname>
      <dateChanged id="95">2010-11-12 18:15:51</dateChanged>
    </org.openmrs.module.metadatasharing.Item>
    <org.openmrs.module.metadatasharing.Item id="96" uuid="46c3c888-5158-30c0-bb9e-b7b27bf25bf2">
      <id>136699</id>
      <classname>org.openmrs.ConceptReferenceTerm</classname>
      <dateChanged id="97">2010-11-12 00:00:00</dateChanged>
      <retired>false</retired>
    </org.openmrs.module.metadatasharing.Item>
    <org.openmrs.module.metadatasharing.Item id="98" uuid="137923ABBBBBBBBBBBBBBBBBBBBBBBBBBBBB">
      <id>137923</id>
      <classname>org.openmrs.ConceptMap</classname>
      <dateChanged id="99">2011-01-17 20:50:45</dateChanged>
    </org.openmrs.module.metadatasharing.Item>
    <org.openmrs.module.metadatasharing.Item id="100" uuid="8bab0046-1c7f-3195-9c0a-49e76ab38169">
      <id>137923</id>
      <classname>org.openmrs.ConceptReferenceTerm</classname>
      <dateChanged id="101">2011-01-17 00:00:00</dateChanged>
      <retired>false</retired>
    </org.openmrs.module.metadatasharing.Item>
    <org.openmrs.module.metadatasharing.Item id="102" uuid="ddb6b595-0b85-4a80-9243-efe4ba404eef">
      <id>15</id>
      <classname>org.openmrs.ConceptSource</classname>
      <dateChanged id="103">2010-12-15 14:00:37</dateChanged>
      <retired>false</retired>
    </org.openmrs.module.metadatasharing.Item>
    <org.openmrs.module.metadatasharing.Item id="104" uuid="8d4918b0-c2cc-11de-8d13-0010c6dffd0f">
      <id>4</id>
      <classname>org.openmrs.ConceptClass</classname>
      <dateChanged id="105">2004-02-02 00:00:00</dateChanged>
      <retired>false</retired>
    </org.openmrs.module.metadatasharing.Item>
    <org.openmrs.module.metadatasharing.Item id="106" uuid="107263BBBBBBBBBBBBBBBBBBBBBBBBBBBBBB">
      <id>107263</id>
      <classname>org.openmrs.ConceptName</classname>
      <dateChanged id="107">2010-11-12 18:15:51</dateChanged>
    </org.openmrs.module.metadatasharing.Item>
    <org.openmrs.module.metadatasharing.Item id="108" uuid="107380BBBBBBBBBBBBBBBBBBBBBBBBBBBBBB">
      <id>107380</id>
      <classname>org.openmrs.ConceptName</classname>
      <dateChanged id="109">2010-11-23 18:34:39</dateChanged>
    </org.openmrs.module.metadatasharing.Item>
    <org.openmrs.module.metadatasharing.Item id="110" uuid="107381BBBBBBBBBBBBBBBBBBBBBBBBBBBBBB">
      <id>107381</id>
      <classname>org.openmrs.ConceptName</classname>
      <dateChanged id="111">2010-11-23 18:34:39</dateChanged>
    </org.openmrs.module.metadatasharing.Item>
    <org.openmrs.module.metadatasharing.Item id="112" uuid="16387FFFFFFFFFFFFFFFFFFFFFFFFFFFFFFF">
      <id>16387</id>
      <classname>org.openmrs.ConceptDescription</classname>
      <dateChanged id="113">2010-11-12 18:15:51</dateChanged>
    </org.openmrs.module.metadatasharing.Item>
    <org.openmrs.module.metadatasharing.Item id="114" uuid="623AEEEEEEEEEEEEEEEEEEEEEEEEEEEEEEEE">
      <id>623</id>
      <classname>org.openmrs.ConceptSet</classname>
      <dateChanged id="115">2011-01-17 21:01:10</dateChanged>
    </org.openmrs.module.metadatasharing.Item>
    <org.openmrs.module.metadatasharing.Item id="116" uuid="160031AAAAAAAAAAAAAAAAAAAAAAAAAAAAAA">
      <id>160031</id>
      <classname>org.openmrs.Concept</classname>
      <dateChanged id="117">2011-01-17 20:43:11</dateChanged>
      <retired>false</retired>
    </org.openmrs.module.metadatasharing.Item>
    <org.openmrs.module.metadatasharing.Item id="118" uuid="137917ABBBBBBBBBBBBBBBBBBBBBBBBBBBBB">
      <id>137917</id>
      <classname>org.openmrs.ConceptMap</classname>
      <dateChanged id="119">2011-01-17 20:43:11</dateChanged>
    </org.openmrs.module.metadatasharing.Item>
    <org.openmrs.module.metadatasharing.Item id="120" uuid="ac53128b-3ca3-3fbc-973e-369699331cc7">
      <id>137917</id>
      <classname>org.openmrs.ConceptReferenceTerm</classname>
      <dateChanged id="121">2011-01-17 00:00:00</dateChanged>
      <retired>false</retired>
    </org.openmrs.module.metadatasharing.Item>
    <org.openmrs.module.metadatasharing.Item id="122" uuid="137918ABBBBBBBBBBBBBBBBBBBBBBBBBBBBB">
      <id>137918</id>
      <classname>org.openmrs.ConceptMap</classname>
      <dateChanged id="123">2011-01-17 20:43:11</dateChanged>
    </org.openmrs.module.metadatasharing.Item>
    <org.openmrs.module.metadatasharing.Item id="124" uuid="4205192b-5557-35cb-bea3-c62c65335ed8">
      <id>137918</id>
      <classname>org.openmrs.ConceptReferenceTerm</classname>
      <dateChanged id="125">2011-01-17 00:00:00</dateChanged>
      <retired>false</retired>
    </org.openmrs.module.metadatasharing.Item>
    <org.openmrs.module.metadatasharing.Item id="126" uuid="1edca23c-768a-102f-83f4-12313b04a615">
      <id>17</id>
      <classname>org.openmrs.ConceptClass</classname>
      <dateChanged id="127">2011-01-17 15:44:10</dateChanged>
      <retired>false</retired>
    </org.openmrs.module.metadatasharing.Item>
    <org.openmrs.module.metadatasharing.Item id="128" uuid="107689BBBBBBBBBBBBBBBBBBBBBBBBBBBBBB">
      <id>107689</id>
      <classname>org.openmrs.ConceptName</classname>
      <dateChanged id="129">2011-01-17 20:43:11</dateChanged>
    </org.openmrs.module.metadatasharing.Item>
    <org.openmrs.module.metadatasharing.Item id="130" uuid="624AEEEEEEEEEEEEEEEEEEEEEEEEEEEEEEEE">
      <id>624</id>
      <classname>org.openmrs.ConceptSet</classname>
      <dateChanged id="131">2011-01-17 21:01:10</dateChanged>
    </org.openmrs.module.metadatasharing.Item>
    <org.openmrs.module.metadatasharing.Item id="132" uuid="160034AAAAAAAAAAAAAAAAAAAAAAAAAAAAAA">
      <id>160034</id>
      <classname>org.openmrs.Concept</classname>
      <dateChanged id="133">2011-01-17 20:53:23</dateChanged>
      <retired>false</retired>
    </org.openmrs.module.metadatasharing.Item>
    <org.openmrs.module.metadatasharing.Item id="134" uuid="137924ABBBBBBBBBBBBBBBBBBBBBBBBBBBBB">
      <id>137924</id>
      <classname>org.openmrs.ConceptMap</classname>
      <dateChanged id="135">2011-01-17 20:51:42</dateChanged>
    </org.openmrs.module.metadatasharing.Item>
    <org.openmrs.module.metadatasharing.Item id="136" uuid="e84336dd-72b7-32e9-aced-e27dc74212ad">
      <id>137924</id>
      <classname>org.openmrs.ConceptReferenceTerm</classname>
      <dateChanged id="137">2011-01-17 00:00:00</dateChanged>
      <retired>false</retired>
    </org.openmrs.module.metadatasharing.Item>
    <org.openmrs.module.metadatasharing.Item id="138" uuid="137927ABBBBBBBBBBBBBBBBBBBBBBBBBBBBB">
      <id>137927</id>
      <classname>org.openmrs.ConceptMap</classname>
      <dateChanged id="139">2011-01-17 20:53:23</dateChanged>
    </org.openmrs.module.metadatasharing.Item>
    <org.openmrs.module.metadatasharing.Item id="140" uuid="7d45de87-1519-3fba-9941-05dab01b8da1">
      <id>137046</id>
      <classname>org.openmrs.ConceptReferenceTerm</classname>
      <dateChanged id="141">2010-12-05 00:00:00</dateChanged>
      <retired>false</retired>
    </org.openmrs.module.metadatasharing.Item>
    <org.openmrs.module.metadatasharing.Item id="142" uuid="107693BBBBBBBBBBBBBBBBBBBBBBBBBBBBBB">
      <id>107693</id>
      <classname>org.openmrs.ConceptName</classname>
      <dateChanged id="143">2011-01-17 20:51:42</dateChanged>
    </org.openmrs.module.metadatasharing.Item>
    <org.openmrs.module.metadatasharing.Item id="144" uuid="625AEEEEEEEEEEEEEEEEEEEEEEEEEEEEEEEE">
      <id>625</id>
      <classname>org.openmrs.ConceptSet</classname>
      <dateChanged id="145">2011-01-17 21:01:10</dateChanged>
    </org.openmrs.module.metadatasharing.Item>
    <org.openmrs.module.metadatasharing.Item id="146" uuid="160035AAAAAAAAAAAAAAAAAAAAAAAAAAAAAA">
      <id>160035</id>
      <classname>org.openmrs.Concept</classname>
      <dateChanged id="147">2011-01-17 20:52:47</dateChanged>
      <retired>false</retired>
    </org.openmrs.module.metadatasharing.Item>
    <org.openmrs.module.metadatasharing.Item id="148" uuid="137925ABBBBBBBBBBBBBBBBBBBBBBBBBBBBB">
      <id>137925</id>
      <classname>org.openmrs.ConceptMap</classname>
      <dateChanged id="149">2011-01-17 20:52:18</dateChanged>
    </org.openmrs.module.metadatasharing.Item>
    <org.openmrs.module.metadatasharing.Item id="150" uuid="dea34ad2-c7e7-33ad-b5cf-99f491bebc5e">
      <id>137925</id>
      <classname>org.openmrs.ConceptReferenceTerm</classname>
      <dateChanged id="151">2011-01-17 00:00:00</dateChanged>
      <retired>false</retired>
    </org.openmrs.module.metadatasharing.Item>
    <org.openmrs.module.metadatasharing.Item id="152" uuid="137926ABBBBBBBBBBBBBBBBBBBBBBBBBBBBB">
      <id>137926</id>
      <classname>org.openmrs.ConceptMap</classname>
      <dateChanged id="153">2011-01-17 20:52:47</dateChanged>
    </org.openmrs.module.metadatasharing.Item>
    <org.openmrs.module.metadatasharing.Item id="154" uuid="64f7c3bc-0b98-33a7-bad0-a0ca69d4f858">
      <id>137519</id>
      <classname>org.openmrs.ConceptReferenceTerm</classname>
      <dateChanged id="155">2010-12-30 00:00:00</dateChanged>
      <retired>false</retired>
    </org.openmrs.module.metadatasharing.Item>
    <org.openmrs.module.metadatasharing.Item id="156" uuid="107694BBBBBBBBBBBBBBBBBBBBBBBBBBBBBB">
      <id>107694</id>
      <classname>org.openmrs.ConceptName</classname>
      <dateChanged id="157">2011-01-17 20:52:18</dateChanged>
    </org.openmrs.module.metadatasharing.Item>
    <org.openmrs.module.metadatasharing.Item id="158" uuid="626AEEEEEEEEEEEEEEEEEEEEEEEEEEEEEEEE">
      <id>626</id>
      <classname>org.openmrs.ConceptSet</classname>
      <dateChanged id="159">2011-01-17 21:01:10</dateChanged>
    </org.openmrs.module.metadatasharing.Item>
    <org.openmrs.module.metadatasharing.Item id="160" uuid="160036AAAAAAAAAAAAAAAAAAAAAAAAAAAAAA">
      <id>160036</id>
      <classname>org.openmrs.Concept</classname>
      <dateChanged id="161">2011-01-17 20:55:51</dateChanged>
      <retired>false</retired>
    </org.openmrs.module.metadatasharing.Item>
    <org.openmrs.module.metadatasharing.Item id="162" uuid="137928ABBBBBBBBBBBBBBBBBBBBBBBBBBBBB">
      <id>137928</id>
      <classname>org.openmrs.ConceptMap</classname>
      <dateChanged id="163">2011-01-17 20:55:51</dateChanged>
    </org.openmrs.module.metadatasharing.Item>
    <org.openmrs.module.metadatasharing.Item id="164" uuid="3d82145d-44a5-315f-98e1-8a65af8c2a66">
      <id>137928</id>
      <classname>org.openmrs.ConceptReferenceTerm</classname>
      <dateChanged id="165">2011-01-17 00:00:00</dateChanged>
      <retired>false</retired>
    </org.openmrs.module.metadatasharing.Item>
    <org.openmrs.module.metadatasharing.Item id="166" uuid="137929ABBBBBBBBBBBBBBBBBBBBBBBBBBBBB">
      <id>137929</id>
      <classname>org.openmrs.ConceptMap</classname>
      <dateChanged id="167">2011-01-17 20:55:51</dateChanged>
    </org.openmrs.module.metadatasharing.Item>
    <org.openmrs.module.metadatasharing.Item id="168" uuid="1ca55422-f98d-3bea-a89a-2ba1edb9d206">
      <id>137929</id>
      <classname>org.openmrs.ConceptReferenceTerm</classname>
      <dateChanged id="169">2011-01-17 00:00:00</dateChanged>
      <retired>false</retired>
    </org.openmrs.module.metadatasharing.Item>
    <org.openmrs.module.metadatasharing.Item id="170" uuid="107695BBBBBBBBBBBBBBBBBBBBBBBBBBBBBB">
      <id>107695</id>
      <classname>org.openmrs.ConceptName</classname>
      <dateChanged id="171">2011-01-17 20:55:51</dateChanged>
    </org.openmrs.module.metadatasharing.Item>
    <org.openmrs.module.metadatasharing.Item id="172" uuid="627AEEEEEEEEEEEEEEEEEEEEEEEEEEEEEEEE">
      <id>627</id>
      <classname>org.openmrs.ConceptSet</classname>
      <dateChanged id="173">2011-01-17 21:01:10</dateChanged>
    </org.openmrs.module.metadatasharing.Item>
    <org.openmrs.module.metadatasharing.Item id="174" uuid="160037AAAAAAAAAAAAAAAAAAAAAAAAAAAAAA">
      <id>160037</id>
      <classname>org.openmrs.Concept</classname>
      <dateChanged id="175">2011-01-17 20:59:35</dateChanged>
      <retired>false</retired>
    </org.openmrs.module.metadatasharing.Item>
    <org.openmrs.module.metadatasharing.Item id="176" uuid="137930ABBBBBBBBBBBBBBBBBBBBBBBBBBBBB">
      <id>137930</id>
      <classname>org.openmrs.ConceptMap</classname>
      <dateChanged id="177">2011-01-17 20:59:10</dateChanged>
    </org.openmrs.module.metadatasharing.Item>
    <org.openmrs.module.metadatasharing.Item id="178" uuid="5a354c6e-e47f-3717-b166-055e7f562122">
      <id>137930</id>
      <classname>org.openmrs.ConceptReferenceTerm</classname>
      <dateChanged id="179">2011-01-17 00:00:00</dateChanged>
      <retired>false</retired>
    </org.openmrs.module.metadatasharing.Item>
    <org.openmrs.module.metadatasharing.Item id="180" uuid="137931ABBBBBBBBBBBBBBBBBBBBBBBBBBBBB">
      <id>137931</id>
      <classname>org.openmrs.ConceptMap</classname>
      <dateChanged id="181">2011-01-17 20:59:10</dateChanged>
    </org.openmrs.module.metadatasharing.Item>
    <org.openmrs.module.metadatasharing.Item id="182" uuid="150aa442-956e-3865-acf6-23f87a675332">
      <id>137931</id>
      <classname>org.openmrs.ConceptReferenceTerm</classname>
      <dateChanged id="183">2011-01-17 00:00:00</dateChanged>
      <retired>false</retired>
    </org.openmrs.module.metadatasharing.Item>
    <org.openmrs.module.metadatasharing.Item id="184" uuid="107696BBBBBBBBBBBBBBBBBBBBBBBBBBBBBB">
      <id>107696</id>
      <classname>org.openmrs.ConceptName</classname>
      <dateChanged id="185">2011-01-17 20:59:10</dateChanged>
    </org.openmrs.module.metadatasharing.Item>
    <org.openmrs.module.metadatasharing.Item id="186" uuid="99AEEEEEEEEEEEEEEEEEEEEEEEEEEEEEEEEE">
      <id>99</id>
      <classname>org.openmrs.ConceptSet</classname>
      <dateChanged id="187">2011-01-17 21:01:10</dateChanged>
    </org.openmrs.module.metadatasharing.Item>
    <org.openmrs.module.metadatasharing.Item id="188" uuid="843AAAAAAAAAAAAAAAAAAAAAAAAAAAAAAAAA">
      <id>843</id>
      <classname>org.openmrs.Concept</classname>
      <dateChanged id="189">2011-06-21 13:51:09</dateChanged>
      <retired>false</retired>
    </org.openmrs.module.metadatasharing.Item>
    <org.openmrs.module.metadatasharing.Item id="190" uuid="144075ABBBBBBBBBBBBBBBBBBBBBBBBBBBBB">
      <id>144075</id>
      <classname>org.openmrs.ConceptMap</classname>
      <dateChanged id="191">2011-06-21 13:51:09</dateChanged>
    </org.openmrs.module.metadatasharing.Item>
    <org.openmrs.module.metadatasharing.Item id="192" uuid="d889f147-bf55-323b-9cc2-33c1a443ec3a">
      <id>144075</id>
      <classname>org.openmrs.ConceptReferenceTerm</classname>
      <dateChanged id="193">2011-06-21 00:00:00</dateChanged>
      <retired>false</retired>
    </org.openmrs.module.metadatasharing.Item>
    <org.openmrs.module.metadatasharing.Item id="194" uuid="134523ABBBBBBBBBBBBBBBBBBBBBBBBBBBBB">
      <id>134523</id>
      <classname>org.openmrs.ConceptMap</classname>
      <dateChanged id="195">2010-10-24 13:09:59</dateChanged>
    </org.openmrs.module.metadatasharing.Item>
    <org.openmrs.module.metadatasharing.Item id="196" uuid="e444ab91-872f-382c-a90b-4a5f51d5c92b">
      <id>134523</id>
      <classname>org.openmrs.ConceptReferenceTerm</classname>
      <dateChanged id="197">2010-10-24 00:00:00</dateChanged>
      <retired>false</retired>
    </org.openmrs.module.metadatasharing.Item>
    <org.openmrs.module.metadatasharing.Item id="198" uuid="132413ABBBBBBBBBBBBBBBBBBBBBBBBBBBBB">
      <id>132413</id>
      <classname>org.openmrs.ConceptMap</classname>
      <dateChanged id="199">2010-05-30 20:58:27</dateChanged>
    </org.openmrs.module.metadatasharing.Item>
    <org.openmrs.module.metadatasharing.Item id="200" uuid="5ef2d6b3-7216-3c57-9039-97906791caa3">
      <id>132413</id>
      <classname>org.openmrs.ConceptReferenceTerm</classname>
      <dateChanged id="201">2010-05-30 00:00:00</dateChanged>
      <retired>false</retired>
    </org.openmrs.module.metadatasharing.Item>
    <org.openmrs.module.metadatasharing.Item id="202" uuid="136254ABBBBBBBBBBBBBBBBBBBBBBBBBBBBB">
      <id>136254</id>
      <classname>org.openmrs.ConceptMap</classname>
      <dateChanged id="203">2010-10-25 15:49:30</dateChanged>
    </org.openmrs.module.metadatasharing.Item>
    <org.openmrs.module.metadatasharing.Item id="204" uuid="bbd546c9-3205-3eb4-b163-355c2aa28433">
      <id>136254</id>
      <classname>org.openmrs.ConceptReferenceTerm</classname>
      <dateChanged id="205">2010-10-25 00:00:00</dateChanged>
      <retired>false</retired>
    </org.openmrs.module.metadatasharing.Item>
    <org.openmrs.module.metadatasharing.Item id="206" uuid="8d491a9a-c2cc-11de-8d13-0010c6dffd0f">
      <id>5</id>
      <classname>org.openmrs.ConceptClass</classname>
      <dateChanged id="207">2004-03-02 00:00:00</dateChanged>
      <retired>false</retired>
    </org.openmrs.module.metadatasharing.Item>
    <org.openmrs.module.metadatasharing.Item id="208" uuid="883BBBBBBBBBBBBBBBBBBBBBBBBBBBBBBBBB">
      <id>883</id>
      <classname>org.openmrs.ConceptName</classname>
      <dateChanged id="209">2004-05-04 00:00:00</dateChanged>
    </org.openmrs.module.metadatasharing.Item>
    <org.openmrs.module.metadatasharing.Item id="210" uuid="106133BBBBBBBBBBBBBBBBBBBBBBBBBBBBBB">
      <id>106133</id>
      <classname>org.openmrs.ConceptName</classname>
      <dateChanged id="211">2010-05-03 17:11:19</dateChanged>
    </org.openmrs.module.metadatasharing.Item>
    <org.openmrs.module.metadatasharing.Item id="212" uuid="843FFFFFFFFFFFFFFFFFFFFFFFFFFFFFFFFF">
      <id>843</id>
      <classname>org.openmrs.ConceptDescription</classname>
      <dateChanged id="213">2004-05-04 00:00:00</dateChanged>
    </org.openmrs.module.metadatasharing.Item>
    <org.openmrs.module.metadatasharing.Item id="214" uuid="137932ABBBBBBBBBBBBBBBBBBBBBBBBBBBBB">
      <id>137932</id>
      <classname>org.openmrs.ConceptMap</classname>
      <dateChanged id="215">2011-01-17 21:01:10</dateChanged>
    </org.openmrs.module.metadatasharing.Item>
    <org.openmrs.module.metadatasharing.Item id="216" uuid="75e4b421-8168-3ff6-a3fb-241eb928563a">
      <id>137932</id>
      <classname>org.openmrs.ConceptReferenceTerm</classname>
      <dateChanged id="217">2011-01-17 00:00:00</dateChanged>
      <retired>false</retired>
    </org.openmrs.module.metadatasharing.Item>
    <org.openmrs.module.metadatasharing.Item id="218" uuid="1edca11a-768a-102f-83f4-12313b04a615">
      <id>16</id>
      <classname>org.openmrs.ConceptClass</classname>
      <dateChanged id="219">2011-01-17 15:27:43</dateChanged>
      <retired>false</retired>
    </org.openmrs.module.metadatasharing.Item>
    <org.openmrs.module.metadatasharing.Item id="220" uuid="107697BBBBBBBBBBBBBBBBBBBBBBBBBBBBBB">
      <id>107697</id>
      <classname>org.openmrs.ConceptName</classname>
      <dateChanged id="221">2011-01-17 21:01:10</dateChanged>
    </org.openmrs.module.metadatasharing.Item>
    <org.openmrs.module.metadatasharing.Item id="222" uuid="160631AAAAAAAAAAAAAAAAAAAAAAAAAAAAAA">
      <id>160631</id>
      <classname>org.openmrs.Concept</classname>
      <dateChanged id="223">2012-06-23 14:33:42</dateChanged>
      <retired>false</retired>
    </org.openmrs.module.metadatasharing.Item>
    <org.openmrs.module.metadatasharing.Item id="224" uuid="144745ABBBBBBBBBBBBBBBBBBBBBBBBBBBBB">
      <id>144745</id>
      <classname>org.openmrs.ConceptMap</classname>
      <dateChanged id="225">2012-06-23 14:33:42</dateChanged>
    </org.openmrs.module.metadatasharing.Item>
    <org.openmrs.module.metadatasharing.Item id="226" uuid="88d9d46d-29c3-3708-b504-8a0b8ef76670">
      <id>144745</id>
      <classname>org.openmrs.ConceptReferenceTerm</classname>
      <dateChanged id="227">2012-06-23 00:00:00</dateChanged>
      <retired>false</retired>
    </org.openmrs.module.metadatasharing.Item>
    <org.openmrs.module.metadatasharing.Item id="228" uuid="144744ABBBBBBBBBBBBBBBBBBBBBBBBBBBBB">
      <id>144744</id>
      <classname>org.openmrs.ConceptMap</classname>
      <dateChanged id="229">2012-06-23 14:33:42</dateChanged>
    </org.openmrs.module.metadatasharing.Item>
    <org.openmrs.module.metadatasharing.Item id="230" uuid="1edca368-768a-102f-83f4-12313b04a615">
      <id>18</id>
      <classname>org.openmrs.ConceptClass</classname>
      <dateChanged id="231">2011-01-18 01:53:56</dateChanged>
      <retired>false</retired>
    </org.openmrs.module.metadatasharing.Item>
    <org.openmrs.module.metadatasharing.Item id="232" uuid="109079BBBBBBBBBBBBBBBBBBBBBBBBBBBBBB">
      <id>109079</id>
      <classname>org.openmrs.ConceptName</classname>
      <dateChanged id="233">2012-06-23 14:33:42</dateChanged>
    </org.openmrs.module.metadatasharing.Item>
    <org.openmrs.module.metadatasharing.Item id="234" uuid="1695AAAAAAAAAAAAAAAAAAAAAAAAAAAAAAAA">
      <id>1695</id>
      <classname>org.openmrs.Concept</classname>
      <dateChanged id="235">2010-12-30 19:41:02</dateChanged>
      <retired>false</retired>
    </org.openmrs.module.metadatasharing.Item>
    <org.openmrs.module.metadatasharing.Item id="236" uuid="1482CCCCCCCCCCCCCCCCCCCCCCCCCCCCCCCC">
      <id>1482</id>
      <classname>org.openmrs.ConceptAnswer</classname>
      <dateChanged id="237">2009-05-13 12:34:56</dateChanged>
    </org.openmrs.module.metadatasharing.Item>
    <org.openmrs.module.metadatasharing.Item id="238" uuid="1694AAAAAAAAAAAAAAAAAAAAAAAAAAAAAAAA">
      <id>1694</id>
      <classname>org.openmrs.Concept</classname>
      <dateChanged id="239">2010-12-30 19:37:50</dateChanged>
      <retired>false</retired>
    </org.openmrs.module.metadatasharing.Item>
    <org.openmrs.module.metadatasharing.Item id="240" uuid="137532ABBBBBBBBBBBBBBBBBBBBBBBBBBBBB">
      <id>137532</id>
      <classname>org.openmrs.ConceptMap</classname>
      <dateChanged id="241">2010-12-30 19:37:50</dateChanged>
    </org.openmrs.module.metadatasharing.Item>
    <org.openmrs.module.metadatasharing.Item id="242" uuid="2549e903-25a0-3738-844d-fe896e63cb0d">
      <id>137532</id>
      <classname>org.openmrs.ConceptReferenceTerm</classname>
      <dateChanged id="243">2010-12-30 00:00:00</dateChanged>
      <retired>false</retired>
    </org.openmrs.module.metadatasharing.Item>
    <org.openmrs.module.metadatasharing.Item id="244" uuid="8d4a5cca-c2cc-11de-8d13-0010c6dffd0f">
      <id>10</id>
      <classname>org.openmrs.ConceptDatatype</classname>
      <dateChanged id="245">2004-08-26 00:00:00</dateChanged>
      <retired>false</retired>
    </org.openmrs.module.metadatasharing.Item>
    <org.openmrs.module.metadatasharing.Item id="246" uuid="105998BBBBBBBBBBBBBBBBBBBBBBBBBBBBBB">
      <id>105998</id>
      <classname>org.openmrs.ConceptName</classname>
      <dateChanged id="247">2010-05-03 17:11:17</dateChanged>
    </org.openmrs.module.metadatasharing.Item>
    <org.openmrs.module.metadatasharing.Item id="248" uuid="86977BBBBBBBBBBBBBBBBBBBBBBBBBBBBBBB">
      <id>86977</id>
      <classname>org.openmrs.ConceptName</classname>
      <dateChanged id="249">2009-05-13 12:33:09</dateChanged>
    </org.openmrs.module.metadatasharing.Item>
    <org.openmrs.module.metadatasharing.Item id="250" uuid="97940BBBBBBBBBBBBBBBBBBBBBBBBBBBBBBB">
      <id>97940</id>
      <classname>org.openmrs.ConceptName</classname>
      <dateChanged id="251">2009-05-13 12:33:09</dateChanged>
    </org.openmrs.module.metadatasharing.Item>
    <org.openmrs.module.metadatasharing.Item id="252" uuid="1974BBBBBBBBBBBBBBBBBBBBBBBBBBBBBBBB">
      <id>1974</id>
      <classname>org.openmrs.ConceptName</classname>
      <dateChanged id="253">2009-05-13 12:33:09</dateChanged>
    </org.openmrs.module.metadatasharing.Item>
    <org.openmrs.module.metadatasharing.Item id="254" uuid="93887BBBBBBBBBBBBBBBBBBBBBBBBBBBBBBB">
      <id>93887</id>
      <classname>org.openmrs.ConceptName</classname>
      <dateChanged id="255">2009-05-13 12:33:09</dateChanged>
    </org.openmrs.module.metadatasharing.Item>
    <org.openmrs.module.metadatasharing.Item id="256" uuid="1483CCCCCCCCCCCCCCCCCCCCCCCCCCCCCCCC">
      <id>1483</id>
      <classname>org.openmrs.ConceptAnswer</classname>
      <dateChanged id="257">2009-05-13 12:34:56</dateChanged>
    </org.openmrs.module.metadatasharing.Item>
    <org.openmrs.module.metadatasharing.Item id="258" uuid="1693AAAAAAAAAAAAAAAAAAAAAAAAAAAAAAAA">
      <id>1693</id>
      <classname>org.openmrs.Concept</classname>
      <dateChanged id="259">2011-02-04 20:58:22</dateChanged>
      <retired>false</retired>
    </org.openmrs.module.metadatasharing.Item>
    <org.openmrs.module.metadatasharing.Item id="260" uuid="137531ABBBBBBBBBBBBBBBBBBBBBBBBBBBBB">
      <id>137531</id>
      <classname>org.openmrs.ConceptMap</classname>
      <dateChanged id="261">2010-12-30 19:34:43</dateChanged>
    </org.openmrs.module.metadatasharing.Item>
    <org.openmrs.module.metadatasharing.Item id="262" uuid="71bb768c-4d3d-3a7a-afd4-e06988f0146f">
      <id>137531</id>
      <classname>org.openmrs.ConceptReferenceTerm</classname>
      <dateChanged id="263">2010-12-30 00:00:00</dateChanged>
      <retired>false</retired>
    </org.openmrs.module.metadatasharing.Item>
    <org.openmrs.module.metadatasharing.Item id="264" uuid="132706ABBBBBBBBBBBBBBBBBBBBBBBBBBBBB">
      <id>132706</id>
      <classname>org.openmrs.ConceptMap</classname>
      <dateChanged id="265">2010-08-23 15:49:10</dateChanged>
    </org.openmrs.module.metadatasharing.Item>
    <org.openmrs.module.metadatasharing.Item id="266" uuid="82331ac0-721e-3f2b-a456-6387d25c6b7d">
      <id>132706</id>
      <classname>org.openmrs.ConceptReferenceTerm</classname>
      <dateChanged id="267">2010-08-23 00:00:00</dateChanged>
      <retired>false</retired>
    </org.openmrs.module.metadatasharing.Item>
    <org.openmrs.module.metadatasharing.Item id="268" uuid="132639ABBBBBBBBBBBBBBBBBBBBBBBBBBBBB">
      <id>132639</id>
      <classname>org.openmrs.ConceptMap</classname>
      <dateChanged id="269">2010-08-23 15:49:10</dateChanged>
    </org.openmrs.module.metadatasharing.Item>
    <org.openmrs.module.metadatasharing.Item id="270" uuid="0eced425-8304-32e9-af97-fbcecc91dc2a">
      <id>132639</id>
      <classname>org.openmrs.ConceptReferenceTerm</classname>
      <dateChanged id="271">2010-08-23 00:00:00</dateChanged>
      <retired>false</retired>
    </org.openmrs.module.metadatasharing.Item>
    <org.openmrs.module.metadatasharing.Item id="272" uuid="137922ABBBBBBBBBBBBBBBBBBBBBBBBBBBBB">
      <id>137922</id>
      <classname>org.openmrs.ConceptMap</classname>
      <dateChanged id="273">2011-01-17 20:47:18</dateChanged>
    </org.openmrs.module.metadatasharing.Item>
    <org.openmrs.module.metadatasharing.Item id="274" uuid="d6164341-f1fb-3e45-b82d-94c2ae65e3d0">
      <id>137922</id>
      <classname>org.openmrs.ConceptReferenceTerm</classname>
      <dateChanged id="275">2011-01-17 00:00:00</dateChanged>
      <retired>false</retired>
    </org.openmrs.module.metadatasharing.Item>
    <org.openmrs.module.metadatasharing.Item id="276" uuid="141569ABBBBBBBBBBBBBBBBBBBBBBBBBBBBB">
      <id>141569</id>
      <classname>org.openmrs.ConceptMap</classname>
      <dateChanged id="277">2011-02-04 20:58:22</dateChanged>
    </org.openmrs.module.metadatasharing.Item>
    <org.openmrs.module.metadatasharing.Item id="278" uuid="b3f7133c-ee98-34ec-a8da-6200b36a5cd8">
      <id>141569</id>
      <classname>org.openmrs.ConceptReferenceTerm</classname>
      <dateChanged id="279">2011-02-04 00:00:00</dateChanged>
      <retired>false</retired>
    </org.openmrs.module.metadatasharing.Item>
    <org.openmrs.module.metadatasharing.Item id="280" uuid="14ADDDDDDDDDDDDDDDDDDDDDDDDDDDDDDDDD">
      <id>14</id>
      <classname>org.openmrs.ConceptSource</classname>
      <dateChanged id="281">2010-12-03 18:18:39</dateChanged>
      <retired>false</retired>
    </org.openmrs.module.metadatasharing.Item>
    <org.openmrs.module.metadatasharing.Item id="282" uuid="1973BBBBBBBBBBBBBBBBBBBBBBBBBBBBBBBB">
      <id>1973</id>
      <classname>org.openmrs.ConceptName</classname>
      <dateChanged id="283">2009-05-13 12:32:19</dateChanged>
    </org.openmrs.module.metadatasharing.Item>
    <org.openmrs.module.metadatasharing.Item id="284" uuid="106177BBBBBBBBBBBBBBBBBBBBBBBBBBBBBB">
      <id>106177</id>
      <classname>org.openmrs.ConceptName</classname>
      <dateChanged id="285">2010-05-03 17:11:20</dateChanged>
    </org.openmrs.module.metadatasharing.Item>
    <org.openmrs.module.metadatasharing.Item id="286" uuid="86976BBBBBBBBBBBBBBBBBBBBBBBBBBBBBBB">
      <id>86976</id>
      <classname>org.openmrs.ConceptName</classname>
      <dateChanged id="287">2009-05-13 12:32:19</dateChanged>
    </org.openmrs.module.metadatasharing.Item>
    <org.openmrs.module.metadatasharing.Item id="288" uuid="1484CCCCCCCCCCCCCCCCCCCCCCCCCCCCCCCC">
      <id>1484</id>
      <classname>org.openmrs.ConceptAnswer</classname>
      <dateChanged id="289">2009-05-13 12:34:56</dateChanged>
    </org.openmrs.module.metadatasharing.Item>
    <org.openmrs.module.metadatasharing.Item id="290" uuid="1692AAAAAAAAAAAAAAAAAAAAAAAAAAAAAAAA">
      <id>1692</id>
      <classname>org.openmrs.Concept</classname>
      <dateChanged id="291">2010-09-23 12:54:09</dateChanged>
      <retired>false</retired>
    </org.openmrs.module.metadatasharing.Item>
    <org.openmrs.module.metadatasharing.Item id="292" uuid="132726ABBBBBBBBBBBBBBBBBBBBBBBBBBBBB">
      <id>132726</id>
      <classname>org.openmrs.ConceptMap</classname>
      <dateChanged id="293">2010-08-23 15:49:10</dateChanged>
    </org.openmrs.module.metadatasharing.Item>
    <org.openmrs.module.metadatasharing.Item id="294" uuid="fc81d755-a94c-34aa-8440-9980df0cb6a3">
      <id>132726</id>
      <classname>org.openmrs.ConceptReferenceTerm</classname>
      <dateChanged id="295">2010-08-23 00:00:00</dateChanged>
      <retired>false</retired>
    </org.openmrs.module.metadatasharing.Item>
    <org.openmrs.module.metadatasharing.Item id="296" uuid="133415ABBBBBBBBBBBBBBBBBBBBBBBBBBBBB">
      <id>133415</id>
      <classname>org.openmrs.ConceptMap</classname>
      <dateChanged id="297">2010-09-20 17:27:10</dateChanged>
    </org.openmrs.module.metadatasharing.Item>
    <org.openmrs.module.metadatasharing.Item id="298" uuid="c3cff5e9-e759-3bbf-8a39-6e8adb497f1d">
      <id>133415</id>
      <classname>org.openmrs.ConceptReferenceTerm</classname>
      <dateChanged id="299">2010-09-20 00:00:00</dateChanged>
      <retired>false</retired>
    </org.openmrs.module.metadatasharing.Item>
    <org.openmrs.module.metadatasharing.Item id="300" uuid="86975BBBBBBBBBBBBBBBBBBBBBBBBBBBBBBB">
      <id>86975</id>
      <classname>org.openmrs.ConceptName</classname>
      <dateChanged id="301">2009-05-13 12:31:43</dateChanged>
    </org.openmrs.module.metadatasharing.Item>
    <org.openmrs.module.metadatasharing.Item id="302" uuid="105886BBBBBBBBBBBBBBBBBBBBBBBBBBBBBB">
      <id>105886</id>
      <classname>org.openmrs.ConceptName</classname>
      <dateChanged id="303">2010-05-03 17:07:47</dateChanged>
    </org.openmrs.module.metadatasharing.Item>
    <org.openmrs.module.metadatasharing.Item id="304" uuid="1972BBBBBBBBBBBBBBBBBBBBBBBBBBBBBBBB">
      <id>1972</id>
      <classname>org.openmrs.ConceptName</classname>
      <dateChanged id="305">2009-05-13 12:31:43</dateChanged>
    </org.openmrs.module.metadatasharing.Item>
    <org.openmrs.module.metadatasharing.Item id="306" uuid="1485CCCCCCCCCCCCCCCCCCCCCCCCCCCCCCCC">
      <id>1485</id>
      <classname>org.openmrs.ConceptAnswer</classname>
      <dateChanged id="307">2009-05-13 12:34:56</dateChanged>
    </org.openmrs.module.metadatasharing.Item>
    <org.openmrs.module.metadatasharing.Item id="308" uuid="5622AAAAAAAAAAAAAAAAAAAAAAAAAAAAAAAA">
      <id>5622</id>
      <classname>org.openmrs.Concept</classname>
      <dateChanged id="309">2012-12-16 19:03:55</dateChanged>
      <retired>false</retired>
    </org.openmrs.module.metadatasharing.Item>
    <org.openmrs.module.metadatasharing.Item id="310" uuid="144395ABBBBBBBBBBBBBBBBBBBBBBBBBBBBB">
      <id>144395</id>
      <classname>org.openmrs.ConceptMap</classname>
      <dateChanged id="311">2012-06-03 19:58:40</dateChanged>
    </org.openmrs.module.metadatasharing.Item>
    <org.openmrs.module.metadatasharing.Item id="312" uuid="49fd39a2-2b4a-38c2-8f0e-0cb9a7e0fe22">
      <id>144395</id>
      <classname>org.openmrs.ConceptReferenceTerm</classname>
      <dateChanged id="313">2012-06-03 00:00:00</dateChanged>
      <retired>false</retired>
    </org.openmrs.module.metadatasharing.Item>
    <org.openmrs.module.metadatasharing.Item id="314" uuid="12ADDDDDDDDDDDDDDDDDDDDDDDDDDDDDDDDD">
      <id>12</id>
      <classname>org.openmrs.ConceptSource</classname>
      <dateChanged id="315">2010-10-24 17:02:20</dateChanged>
      <retired>false</retired>
    </org.openmrs.module.metadatasharing.Item>
    <org.openmrs.module.metadatasharing.Item id="316" uuid="135771ABBBBBBBBBBBBBBBBBBBBBBBBBBBBB">
      <id>135771</id>
      <classname>org.openmrs.ConceptMap</classname>
      <dateChanged id="317">2010-10-24 13:09:59</dateChanged>
    </org.openmrs.module.metadatasharing.Item>
    <org.openmrs.module.metadatasharing.Item id="318" uuid="de4dbf4f-b5ee-3d32-9ce6-ca2e15c2e1b3">
      <id>135771</id>
      <classname>org.openmrs.ConceptReferenceTerm</classname>
      <dateChanged id="319">2010-10-24 00:00:00</dateChanged>
      <retired>false</retired>
    </org.openmrs.module.metadatasharing.Item>
    <org.openmrs.module.metadatasharing.Item id="320" uuid="143666ABBBBBBBBBBBBBBBBBBBBBBBBBBBBB">
      <id>143666</id>
      <classname>org.openmrs.ConceptMap</classname>
      <dateChanged id="321">2011-05-27 14:13:52</dateChanged>
    </org.openmrs.module.metadatasharing.Item>
    <org.openmrs.module.metadatasharing.Item id="322" uuid="142f78e3-31a5-3969-a405-286a699f711f">
      <id>143663</id>
      <classname>org.openmrs.ConceptReferenceTerm</classname>
      <dateChanged id="323">2011-05-27 00:00:00</dateChanged>
      <retired>false</retired>
    </org.openmrs.module.metadatasharing.Item>
    <org.openmrs.module.metadatasharing.Item id="324" uuid="141670ABBBBBBBBBBBBBBBBBBBBBBBBBBBBB">
      <id>141670</id>
      <classname>org.openmrs.ConceptMap</classname>
      <dateChanged id="325">2011-02-10 16:54:39</dateChanged>
    </org.openmrs.module.metadatasharing.Item>
    <org.openmrs.module.metadatasharing.Item id="326" uuid="cd9bed8e-d47a-38bd-a677-695644801d87">
      <id>141670</id>
      <classname>org.openmrs.ConceptReferenceTerm</classname>
      <dateChanged id="327">2011-02-10 00:00:00</dateChanged>
      <retired>false</retired>
    </org.openmrs.module.metadatasharing.Item>
    <org.openmrs.module.metadatasharing.Item id="328" uuid="137766ABBBBBBBBBBBBBBBBBBBBBBBBBBBBB">
      <id>137766</id>
      <classname>org.openmrs.ConceptMap</classname>
      <dateChanged id="329">2011-01-15 13:27:39</dateChanged>
    </org.openmrs.module.metadatasharing.Item>
    <org.openmrs.module.metadatasharing.Item id="330" uuid="17744715-bb7d-3022-96d3-2e2144a778d4">
      <id>137766</id>
      <classname>org.openmrs.ConceptReferenceTerm</classname>
      <dateChanged id="331">2011-01-15 00:00:00</dateChanged>
      <retired>false</retired>
    </org.openmrs.module.metadatasharing.Item>
    <org.openmrs.module.metadatasharing.Item id="332" uuid="137878ABBBBBBBBBBBBBBBBBBBBBBBBBBBBB">
      <id>137878</id>
      <classname>org.openmrs.ConceptMap</classname>
      <dateChanged id="333">2011-01-17 15:43:23</dateChanged>
    </org.openmrs.module.metadatasharing.Item>
    <org.openmrs.module.metadatasharing.Item id="334" uuid="a4138b87-50d9-30b1-aea4-9fc620570cc6">
      <id>137878</id>
      <classname>org.openmrs.ConceptReferenceTerm</classname>
      <dateChanged id="335">2011-01-17 00:00:00</dateChanged>
      <retired>false</retired>
    </org.openmrs.module.metadatasharing.Item>
    <org.openmrs.module.metadatasharing.Item id="336" uuid="110860BBBBBBBBBBBBBBBBBBBBBBBBBBBBBB">
      <id>110860</id>
      <classname>org.openmrs.ConceptName</classname>
      <dateChanged id="337">2012-12-16 19:03:55</dateChanged>
    </org.openmrs.module.metadatasharing.Item>
    <org.openmrs.module.metadatasharing.Item id="338" uuid="110113BBBBBBBBBBBBBBBBBBBBBBBBBBBBBB">
      <id>110113</id>
      <classname>org.openmrs.ConceptName</classname>
      <dateChanged id="339">2012-08-10 19:17:27</dateChanged>
    </org.openmrs.module.metadatasharing.Item>
    <org.openmrs.module.metadatasharing.Item id="340" uuid="2761BBBBBBBBBBBBBBBBBBBBBBBBBBBBBBBB">
      <id>2761</id>
      <classname>org.openmrs.ConceptName</classname>
      <dateChanged id="341">2004-08-12 00:00:00</dateChanged>
    </org.openmrs.module.metadatasharing.Item>
    <org.openmrs.module.metadatasharing.Item id="342" uuid="105802BBBBBBBBBBBBBBBBBBBBBBBBBBBBBB">
      <id>105802</id>
      <classname>org.openmrs.ConceptName</classname>
      <dateChanged id="343">2010-05-03 16:52:33</dateChanged>
    </org.openmrs.module.metadatasharing.Item>
    <org.openmrs.module.metadatasharing.Item id="344" uuid="2253FFFFFFFFFFFFFFFFFFFFFFFFFFFFFFFF">
      <id>2253</id>
      <classname>org.openmrs.ConceptDescription</classname>
      <dateChanged id="345">2012-12-16 19:03:55</dateChanged>
    </org.openmrs.module.metadatasharing.Item>
    <org.openmrs.module.metadatasharing.Item id="346" uuid="1486CCCCCCCCCCCCCCCCCCCCCCCCCCCCCCCC">
      <id>1486</id>
      <classname>org.openmrs.ConceptAnswer</classname>
      <dateChanged id="347">2009-05-13 12:34:56</dateChanged>
    </org.openmrs.module.metadatasharing.Item>
    <org.openmrs.module.metadatasharing.Item id="348" uuid="159AAAAAAAAAAAAAAAAAAAAAAAAAAAAAAAAA">
      <id>159</id>
      <classname>org.openmrs.Concept</classname>
      <dateChanged id="349">2012-10-09 22:02:18</dateChanged>
      <retired>false</retired>
    </org.openmrs.module.metadatasharing.Item>
    <org.openmrs.module.metadatasharing.Item id="350" uuid="134021ABBBBBBBBBBBBBBBBBBBBBBBBBBBBB">
      <id>134021</id>
      <classname>org.openmrs.ConceptMap</classname>
      <dateChanged id="351">2010-10-24 13:09:59</dateChanged>
    </org.openmrs.module.metadatasharing.Item>
    <org.openmrs.module.metadatasharing.Item id="352" uuid="6e2ddd50-b700-35f1-8a0c-63edb766eb6a">
      <id>134021</id>
      <classname>org.openmrs.ConceptReferenceTerm</classname>
      <dateChanged id="353">2010-10-24 00:00:00</dateChanged>
      <retired>false</retired>
    </org.openmrs.module.metadatasharing.Item>
    <org.openmrs.module.metadatasharing.Item id="354" uuid="145925ABBBBBBBBBBBBBBBBBBBBBBBBBBBBB">
      <id>145925</id>
      <classname>org.openmrs.ConceptMap</classname>
      <dateChanged id="355">2012-10-09 22:02:18</dateChanged>
    </org.openmrs.module.metadatasharing.Item>
    <org.openmrs.module.metadatasharing.Item id="356" uuid="e71e93a5-d1cd-36ff-ba1e-7a76aa439bf0">
      <id>117231</id>
      <classname>org.openmrs.ConceptReferenceTerm</classname>
      <dateChanged id="357">2010-04-25 00:00:00</dateChanged>
      <retired>false</retired>
    </org.openmrs.module.metadatasharing.Item>
    <org.openmrs.module.metadatasharing.Item id="358" uuid="3f65bd34-26fe-102b-80cb-0017a47871b2">
      <id>3</id>
      <classname>org.openmrs.ConceptSource</classname>
      <dateChanged id="359">2010-04-25 11:13:15</dateChanged>
      <retired>false</retired>
    </org.openmrs.module.metadatasharing.Item>
    <org.openmrs.module.metadatasharing.Item id="360" uuid="137046ABBBBBBBBBBBBBBBBBBBBBBBBBBBBB">
      <id>137046</id>
      <classname>org.openmrs.ConceptMap</classname>
      <dateChanged id="361">2010-12-05 17:51:52</dateChanged>
    </org.openmrs.module.metadatasharing.Item>
    <org.openmrs.module.metadatasharing.Item id="362" uuid="181BBBBBBBBBBBBBBBBBBBBBBBBBBBBBBBBB">
      <id>181</id>
      <classname>org.openmrs.ConceptName</classname>
      <dateChanged id="363">2007-08-17 12:32:24</dateChanged>
    </org.openmrs.module.metadatasharing.Item>
    <org.openmrs.module.metadatasharing.Item id="364" uuid="180BBBBBBBBBBBBBBBBBBBBBBBBBBBBBBBBB">
      <id>180</id>
      <classname>org.openmrs.ConceptName</classname>
      <dateChanged id="365">2004-01-01 00:00:00</dateChanged>
    </org.openmrs.module.metadatasharing.Item>
    <org.openmrs.module.metadatasharing.Item id="366" uuid="182BBBBBBBBBBBBBBBBBBBBBBBBBBBBBBBBB">
      <id>182</id>
      <classname>org.openmrs.ConceptName</classname>
      <dateChanged id="367">2007-12-11 21:28:21</dateChanged>
    </org.openmrs.module.metadatasharing.Item>
    <org.openmrs.module.metadatasharing.Item id="368" uuid="158FFFFFFFFFFFFFFFFFFFFFFFFFFFFFFFFF">
      <id>158</id>
      <classname>org.openmrs.ConceptDescription</classname>
      <dateChanged id="369">2012-10-09 22:02:18</dateChanged>
    </org.openmrs.module.metadatasharing.Item>
    <org.openmrs.module.metadatasharing.Item id="370" uuid="159FFFFFFFFFFFFFFFFFFFFFFFFFFFFFFFFF">
      <id>159</id>
      <classname>org.openmrs.ConceptDescription</classname>
      <dateChanged id="371">2012-10-09 22:02:18</dateChanged>
    </org.openmrs.module.metadatasharing.Item>
    <org.openmrs.module.metadatasharing.Item id="372" uuid="137533ABBBBBBBBBBBBBBBBBBBBBBBBBBBBB">
      <id>137533</id>
      <classname>org.openmrs.ConceptMap</classname>
      <dateChanged id="373">2010-12-30 19:41:02</dateChanged>
    </org.openmrs.module.metadatasharing.Item>
    <org.openmrs.module.metadatasharing.Item id="374" uuid="a595264f-9d6f-36f2-9ae6-141f1f0efdd7">
      <id>137533</id>
      <classname>org.openmrs.ConceptReferenceTerm</classname>
      <dateChanged id="375">2010-12-30 00:00:00</dateChanged>
      <retired>false</retired>
    </org.openmrs.module.metadatasharing.Item>
    <org.openmrs.module.metadatasharing.Item id="376" uuid="8d4a48b6-c2cc-11de-8d13-0010c6dffd0f">
      <id>2</id>
      <classname>org.openmrs.ConceptDatatype</classname>
      <dateChanged id="377">2004-02-02 00:00:00</dateChanged>
      <retired>false</retired>
    </org.openmrs.module.metadatasharing.Item>
    <org.openmrs.module.metadatasharing.Item id="378" uuid="86978BBBBBBBBBBBBBBBBBBBBBBBBBBBBBBB">
      <id>86978</id>
      <classname>org.openmrs.ConceptName</classname>
      <dateChanged id="379">2009-05-13 12:34:56</dateChanged>
    </org.openmrs.module.metadatasharing.Item>
    <org.openmrs.module.metadatasharing.Item id="380" uuid="1975BBBBBBBBBBBBBBBBBBBBBBBBBBBBBBBB">
      <id>1975</id>
      <classname>org.openmrs.ConceptName</classname>
      <dateChanged id="381">2009-05-13 12:34:56</dateChanged>
    </org.openmrs.module.metadatasharing.Item>
    <org.openmrs.module.metadatasharing.Item id="382" uuid="105885BBBBBBBBBBBBBBBBBBBBBBBBBBBBBB">
      <id>105885</id>
      <classname>org.openmrs.ConceptName</classname>
      <dateChanged id="383">2010-05-03 17:07:47</dateChanged>
    </org.openmrs.module.metadatasharing.Item>
    <org.openmrs.module.metadatasharing.Item id="384" uuid="1529FFFFFFFFFFFFFFFFFFFFFFFFFFFFFFFF">
      <id>1529</id>
      <classname>org.openmrs.ConceptDescription</classname>
      <dateChanged id="385">2009-05-13 12:34:56</dateChanged>
    </org.openmrs.module.metadatasharing.Item>
    <org.openmrs.module.metadatasharing.Item id="386" uuid="1cc7dc79-ad09-4897-8a1d-0b3d3226e9ee">
      <id>9</id>
      <classname>org.openmrs.Person</classname>
    </org.openmrs.module.metadatasharing.Item>
    <org.openmrs.module.metadatasharing.Item id="387" uuid="02d1c5a1-ee17-4b0b-ad7a-5f37766d020e">
      <id>9</id>
      <classname>org.openmrs.PersonName</classname>
      <dateChanged id="388">2012-08-08 23:40:16</dateChanged>
    </org.openmrs.module.metadatasharing.Item>
  </relatedItems>
  <incrementalVersion>false</incrementalVersion>
</package>
