<?xml version="1.0" encoding="UTF-8"?>
<list id="1">
  <org.openmrs.PatientIdentifierType id="2" uuid="05ee9cf4-7242-4a17-b4d4-00f707265c8a">
    <name>Unique Patient Number</name>
    <description>Assigned to every HIV patient, from the facility code (from the master facility list) and a sequential number</description>
    <creator/>
    <dateCreated id="3">2012-06-25 01:43:42</dateCreated>
    <retired>false</retired>
    <patientIdentifierTypeId>3</patientIdentifierTypeId>
    <format>\d+</format>
    <required>false</required>
    <formatDescription>facility code, followed by sequential number</formatDescription>
    <checkDigit>false</checkDigit>
    <locationBehavior>NOT_USED</locationBehavior>
  </org.openmrs.PatientIdentifierType>
  <org.openmrs.PatientIdentifierType id="4" uuid="dfacd928-0370-4315-99d7-6ec1c9f7ae76">
    <name>OpenMRS ID</name>
    <description>Medical Record Number, generated by OpenMRS for every patient record</description>
    <creator/>
    <dateCreated id="5">2012-06-25 01:44:50</dateCreated>
    <retired>false</retired>
    <patientIdentifierTypeId>4</patientIdentifierTypeId>
    <required>true</required>
    <checkDigit>true</checkDigit>
    <validator>org.openmrs.module.idgen.validator.LuhnMod25IdentifierValidator</validator>
    <locationBehavior>REQUIRED</locationBehavior>
  </org.openmrs.PatientIdentifierType>
  <org.openmrs.PatientIdentifierType id="6" uuid="b4d66522-11fc-45c7-83e3-39a1af21ae0d">
    <name>Patient Clinic Number</name>
    <description>Identifier assigned to the patient at a clinic service. (Not necessarily unique.)</description>
    <creator/>
    <dateCreated id="7">2012-06-25 02:35:39</dateCreated>
    <retired>false</retired>
    <patientIdentifierTypeId>5</patientIdentifierTypeId>
    <required>false</required>
    <checkDigit>false</checkDigit>
    <locationBehavior>REQUIRED</locationBehavior>
  </org.openmrs.PatientIdentifierType>
  <org.openmrs.VisitType id="8" uuid="3371a4d4-f66f-4454-a86d-92c7b3da990c">
    <name>Outpatient</name>
    <description>Visit where the patient is not admitted to the hospital.</description>
    <creator/>
    <dateCreated id="9">2012-06-25 01:38:30</dateCreated>
    <retired>false</retired>
    <visitTypeId>4</visitTypeId>
  </org.openmrs.VisitType>
  <org.openmrs.PersonAttributeType id="10" uuid="b2c38640-2603-4629-aebd-3b54f33f1e3a">
    <name>Telephone Contact</name>
    <description>Telephone number the patient can be contacted at</description>
    <creator/>
    <dateCreated id="11">2012-06-26 06:50:58</dateCreated>
    <retired>false</retired>
    <personAttributeTypeId>8</personAttributeTypeId>
    <format>java.lang.String</format>
    <sortWeight>1.0</sortWeight>
    <searchable>false</searchable>
  </org.openmrs.PersonAttributeType>
  <org.openmrs.PersonAttributeType id="12" uuid="342a1d39-c541-4b29-8818-930916f4c2dc">
    <name>Next of Kin contact</name>
    <description>The contact of next of kin</description>
    <creator/>
    <dateCreated id="13">2012-11-22 07:39:00</dateCreated>
    <retired>false</retired>
    <personAttributeTypeId>11</personAttributeTypeId>
    <format>java.lang.String</format>
    <sortWeight>4.0</sortWeight>
    <searchable>false</searchable>
  </org.openmrs.PersonAttributeType>
  <org.openmrs.PersonAttributeType id="14" uuid="d0aa9fd1-2ac5-45d8-9c5e-4317c622c8f5">
    <name>Next of Kin relationship</name>
    <description>Next of kin relationship to the patient</description>
    <creator/>
    <dateCreated id="15">2012-11-22 07:41:05</dateCreated>
    <changedBy/>
    <dateChanged id="16">2012-12-09 09:31:23</dateChanged>
    <retired>false</retired>
    <personAttributeTypeId>12</personAttributeTypeId>
    <format>java.lang.String</format>
    <foreignKey>1530</foreignKey>
    <sortWeight>5.0</sortWeight>
    <searchable>false</searchable>
  </org.openmrs.PersonAttributeType>
  <org.openmrs.PersonAttributeType id="17" uuid="7cf22bec-d90a-46ad-9f48-035952261294">
    <name>Next of Kin address</name>
    <description>The address of the next of kin</description>
    <creator/>
    <dateCreated id="18">2012-11-22 07:42:58</dateCreated>
    <retired>false</retired>
    <personAttributeTypeId>13</personAttributeTypeId>
    <format>java.lang.String</format>
    <sortWeight>6.0</sortWeight>
    <searchable>false</searchable>
  </org.openmrs.PersonAttributeType>
  <org.openmrs.PersonAttributeType id="19" uuid="73d34479-2f9e-4de3-a5e6-1f79a17459bb">
    <name>National Id Number</name>
    <description>This represent the national Identity number for patients</description>
    <creator/>
    <dateCreated id="20">2012-11-20 11:34:51</dateCreated>
    <changedBy/>
    <dateChanged id="21">2012-11-20 13:16:20</dateChanged>
    <retired>false</retired>
    <personAttributeTypeId>9</personAttributeTypeId>
    <format>java.lang.String</format>
    <sortWeight>2.0</sortWeight>
    <searchable>false</searchable>
  </org.openmrs.PersonAttributeType>
  <org.openmrs.PersonAttributeType id="22" uuid="830bef6d-b01f-449d-9f8d-ac0fede8dbd3">
    <name>Name of Next of Kin</name>
    <description>This attribute will hold the name of next of kin</description>
    <creator/>
    <dateCreated id="23">2012-11-22 07:38:11</dateCreated>
    <retired>false</retired>
    <personAttributeTypeId>10</personAttributeTypeId>
    <format>java.lang.String</format>
    <sortWeight>3.0</sortWeight>
    <searchable>false</searchable>
  </org.openmrs.PersonAttributeType>
  <org.openmrs.EncounterType id="24" uuid="abfb143c-5b49-41e5-9ead-f47ee4cc57cf">
    <name>Check out</name>
    <description>Recording data as the patient completes a visit.</description>
    <creator/>
    <dateCreated id="25">2012-06-26 06:16:59</dateCreated>
    <retired>false</retired>
    <encounterTypeId>9</encounterTypeId>
  </org.openmrs.EncounterType>
  <org.openmrs.EncounterType id="26" uuid="d1059fb9-a079-4feb-a749-eedd709ae542">
    <name>Triage</name>
    <description>Collection of limited patient data, prior to a more thorough examination</description>
    <creator/>
    <dateCreated id="27">2012-06-26 06:15:56</dateCreated>
    <retired>false</retired>
    <encounterTypeId>8</encounterTypeId>
  </org.openmrs.EncounterType>
  <org.openmrs.EncounterType id="28" uuid="de78a6be-bfc5-4634-adc3-5f1a280455cc">
    <name>HIV Registration</name>
    <description>Initial data collection for the HIV program</description>
    <creator/>
    <dateCreated id="29">2012-06-26 06:15:01</dateCreated>
    <retired>false</retired>
    <encounterTypeId>7</encounterTypeId>
  </org.openmrs.EncounterType>
  <org.openmrs.EncounterType id="30" uuid="a0034eee-1940-4e35-847f-97537a35d05e">
    <name>HIV Consultation</name>
    <description>Collection of HIV-specific data during the main consultation</description>
    <creator/>
    <dateCreated id="31">2012-06-26 06:20:28</dateCreated>
    <retired>false</retired>
    <encounterTypeId>11</encounterTypeId>
  </org.openmrs.EncounterType>
  <org.openmrs.EncounterType id="32" uuid="94af1829-2f76-41d4-baf6-3f21dec66ae7">
    <name>HIV Retrospective Summary</name>
    <description>HIV visit summary entered retrospectively</description>
    <creator/>
    <dateCreated id="33">2013-01-14 21:52:18</dateCreated>
    <retired>false</retired>
    <encounterTypeId>13</encounterTypeId>
  </org.openmrs.EncounterType>
  <org.openmrs.EncounterType id="34" uuid="17a381d1-7e29-406a-b782-aa903b963c28">
    <name>Lab Results</name>
    <description>Report of laboratory results</description>
    <creator/>
    <dateCreated id="35">2012-06-26 06:44:26</dateCreated>
    <retired>false</retired>
    <encounterTypeId>12</encounterTypeId>
  </org.openmrs.EncounterType>
  <org.openmrs.EncounterType id="36" uuid="465a92f2-baf8-42e9-9612-53064be868e8">
    <name>Consultation</name>
    <description>Collection of clinical data during the main consultation</description>
    <creator/>
    <dateCreated id="37">2012-06-26 06:19:31</dateCreated>
    <retired>false</retired>
    <encounterTypeId>10</encounterTypeId>
  </org.openmrs.EncounterType>
  <org.openmrs.EncounterType id="38" uuid="de1f9d67-b73e-4e1b-90d0-036166fc6995">
    <name>Registration</name>
    <description>Initial data collection for a patient, not specific to any program.</description>
    <creator/>
    <dateCreated id="39">2012-06-26 06:14:17</dateCreated>
    <retired>false</retired>
    <encounterTypeId>6</encounterTypeId>
  </org.openmrs.EncounterType>
  <org.openmrs.Program id="40" uuid="9f144a34-3a4a-44a9-8486-6b7af6cc64f6">
    <name>TB Program</name>
    <description>TB Treatment Program</description>
    <creator/>
    <dateCreated id="41">2012-09-13 01:03:07</dateCreated>
    <retired>false</retired>
    <programId>2</programId>
    <concept id="42" uuid="160541AAAAAAAAAAAAAAAAAAAAAAAAAAAAAA">
      <conceptId>160541</conceptId>
      <retired>false</retired>
      <retiredBy/>
      <datatype id="43" uuid="8d4a4c94-c2cc-11de-8d13-0010c6dffd0f">
        <name>N/A</name>
        <description>Not associated with a datatype (e.g., term answers, sets)</description>
        <creator/>
        <dateCreated id="44">2004-02-02 00:00:00</dateCreated>
        <retired>false</retired>
        <retiredBy/>
        <conceptDatatypeId>4</conceptDatatypeId>
        <hl7Abbreviation>ZZ</hl7Abbreviation>
      </datatype>
      <conceptClass id="45" uuid="8d492774-c2cc-11de-8d13-0010c6dffd0f">
        <name>Misc</name>
        <description>Terms which don&apos;t fit other categories</description>
        <creator/>
        <dateCreated id="46">2004-03-02 00:00:00</dateCreated>
        <retired>false</retired>
        <retiredBy/>
        <conceptClassId>11</conceptClassId>
      </conceptClass>
      <set>false</set>
      <version></version>
      <creator/>
      <dateCreated id="47">2012-06-14 16:17:34</dateCreated>
      <changedBy/>
      <dateChanged id="48">2012-06-15 14:16:18</dateChanged>
      <names class="set" id="49">
        <org.openmrs.ConceptName id="50" uuid="108876BBBBBBBBBBBBBBBBBBBBBBBBBBBBBB">
          <conceptNameId>108876</conceptNameId>
          <concept reference="42"/>
          <name>Tuberculosis treatment program</name>
          <locale id="51">en</locale>
          <creator/>
          <dateCreated id="52">2012-06-14 16:17:34</dateCreated>
          <voided>false</voided>
          <voidedBy/>
          <tags class="set" id="53"/>
          <conceptNameType>FULLY_SPECIFIED</conceptNameType>
          <localePreferred>false</localePreferred>
        </org.openmrs.ConceptName>
        <org.openmrs.ConceptName id="54" uuid="108877BBBBBBBBBBBBBBBBBBBBBBBBBBBBBB">
          <conceptNameId>108877</conceptNameId>
          <concept reference="42"/>
          <name>TB Program</name>
          <locale id="55">en</locale>
          <creator/>
          <dateCreated id="56">2012-06-14 16:17:34</dateCreated>
          <voided>false</voided>
          <voidedBy/>
          <tags class="set" id="57"/>
          <conceptNameType>SHORT</conceptNameType>
          <localePreferred>false</localePreferred>
        </org.openmrs.ConceptName>
        <org.openmrs.ConceptName id="58" uuid="108980BBBBBBBBBBBBBBBBBBBBBBBBBBBBBB">
          <conceptNameId>108980</conceptNameId>
          <concept reference="42"/>
          <name>PROGRAMME DE LA TUBERCULOSE</name>
          <locale id="59">fr</locale>
          <creator/>
          <dateCreated id="60">2012-06-15 14:16:18</dateCreated>
          <voided>false</voided>
          <voidedBy/>
          <tags class="set" id="61"/>
          <conceptNameType>FULLY_SPECIFIED</conceptNameType>
          <localePreferred>false</localePreferred>
        </org.openmrs.ConceptName>
      </names>
      <answers class="set" id="62"/>
      <conceptSets class="set" id="63"/>
      <descriptions class="set" id="64"/>
      <conceptMappings class="set" id="65">
        <org.openmrs.ConceptMap id="66" uuid="144621ABBBBBBBBBBBBBBBBBBBBBBBBBBBBB">
          <conceptMapType id="67" uuid="43ac5109-7d8c-11e1-909d-c80aa9edcf4e">
            <name>NARROWER-THAN</name>
            <creator/>
            <dateCreated id="68">2013-01-15 00:00:00</dateCreated>
            <changedBy/>
            <retired>false</retired>
            <retiredBy/>
            <conceptMapTypeId>2</conceptMapTypeId>
            <isHidden>false</isHidden>
          </conceptMapType>
          <creator/>
          <changedBy/>
          <dateCreated id="69">2012-06-14 16:17:34</dateCreated>
          <conceptMapId>144621</conceptMapId>
          <concept reference="42"/>
          <conceptReferenceTerm id="70" uuid="9b87ca0e-af71-3794-b312-7d5337cad9cf">
            <creator/>
            <dateCreated id="71">2012-06-14 00:00:00</dateCreated>
            <changedBy/>
            <retired>false</retired>
            <retiredBy/>
            <conceptReferenceTermId>144621</conceptReferenceTermId>
            <conceptSource id="72" uuid="2ADDDDDDDDDDDDDDDDDDDDDDDDDDDDDDDDDD">
              <name>SNOMED NP</name>
              <description>Non-preferred SNOMED CT mappings</description>
              <creator/>
              <dateCreated id="73">2010-04-25 11:12:44</dateCreated>
              <retired>false</retired>
              <retiredBy/>
              <conceptSourceId>2</conceptSourceId>
            </conceptSource>
            <code>401173007</code>
            <conceptReferenceTermMaps id="74"/>
          </conceptReferenceTerm>
        </org.openmrs.ConceptMap>
        <org.openmrs.ConceptMap id="75" uuid="144620ABBBBBBBBBBBBBBBBBBBBBBBBBBBBB">
          <conceptMapType id="76" uuid="35543629-7d8c-11e1-909d-c80aa9edcf4e">
            <name>SAME-AS</name>
            <creator/>
            <dateCreated id="77">2013-01-15 00:00:00</dateCreated>
            <changedBy/>
            <retired>false</retired>
            <retiredBy/>
            <conceptMapTypeId>1</conceptMapTypeId>
            <isHidden>false</isHidden>
          </conceptMapType>
          <creator/>
          <changedBy/>
          <dateCreated id="78">2012-06-14 16:17:34</dateCreated>
          <conceptMapId>144620</conceptMapId>
          <concept reference="42"/>
          <conceptReferenceTerm id="79" uuid="8ffc08c5-017e-373e-85a2-fec0ec7be865">
            <creator/>
            <dateCreated id="80">2012-06-14 00:00:00</dateCreated>
            <changedBy/>
            <retired>false</retired>
            <retiredBy/>
            <conceptReferenceTermId>144620</conceptReferenceTermId>
            <conceptSource id="81" uuid="1ADDDDDDDDDDDDDDDDDDDDDDDDDDDDDDDDDD">
              <name>SNOMED CT</name>
              <description>SNOMED Preferred mapping</description>
              <creator/>
              <dateCreated id="82">2009-11-19 20:19:16</dateCreated>
              <retired>false</retired>
              <retiredBy/>
              <conceptSourceId>1</conceptSourceId>
            </conceptSource>
            <code>1648</code>
            <conceptReferenceTermMaps id="83"/>
          </conceptReferenceTerm>
        </org.openmrs.ConceptMap>
      </conceptMappings>
    </concept>
    <outcomesConcept id="84" uuid="160038AAAAAAAAAAAAAAAAAAAAAAAAAAAAAA">
      <conceptId>160038</conceptId>
      <retired>false</retired>
      <retiredBy/>
      <datatype reference="43"/>
      <conceptClass id="85" uuid="1edca11a-768a-102f-83f4-12313b04a615">
        <name>Workflow</name>
        <description>Workflow class</description>
        <creator/>
        <dateCreated id="86">2011-01-17 15:27:43</dateCreated>
        <retired>false</retired>
        <retiredBy/>
        <conceptClassId>16</conceptClassId>
      </conceptClass>
      <set>true</set>
      <version></version>
      <creator/>
      <dateCreated id="87">2011-01-17 21:01:10</dateCreated>
      <changedBy/>
      <names class="set" id="88">
        <org.openmrs.ConceptName id="89" uuid="107697BBBBBBBBBBBBBBBBBBBBBBBBBBBBBB">
          <conceptNameId>107697</conceptNameId>
          <concept reference="84"/>
          <name>MULTI-DRUG RESISTANT TUBERCULOSIS TREATMENT OUTCOME</name>
          <locale id="90">en</locale>
          <creator/>
          <dateCreated id="91">2011-01-17 21:01:10</dateCreated>
          <voided>false</voided>
          <voidedBy/>
          <tags class="set" id="92"/>
          <conceptNameType>FULLY_SPECIFIED</conceptNameType>
          <localePreferred>false</localePreferred>
        </org.openmrs.ConceptName>
      </names>
      <answers class="set" id="93"/>
      <conceptSets class="set" id="94">
        <org.openmrs.ConceptSet id="95" uuid="624AEEEEEEEEEEEEEEEEEEEEEEEEEEEEEEEE">
          <conceptSetId>624</conceptSetId>
          <concept id="96" uuid="160034AAAAAAAAAAAAAAAAAAAAAAAAAAAAAA">
            <conceptId>160034</conceptId>
            <retired>false</retired>
            <retiredBy/>
            <datatype reference="43"/>
            <conceptClass id="97" uuid="1edca23c-768a-102f-83f4-12313b04a615">
              <name>State</name>
              <description>Workflow state</description>
              <creator/>
              <dateCreated id="98">2011-01-17 15:44:10</dateCreated>
              <retired>false</retired>
              <retiredBy/>
              <conceptClassId>17</conceptClassId>
            </conceptClass>
            <set>false</set>
            <version></version>
            <creator/>
            <dateCreated id="99">2011-01-17 20:51:42</dateCreated>
            <changedBy/>
            <dateChanged id="100">2011-01-17 20:53:23</dateChanged>
            <names class="set" id="101">
              <org.openmrs.ConceptName id="102" uuid="107693BBBBBBBBBBBBBBBBBBBBBBBBBBBBBB">
                <conceptNameId>107693</conceptNameId>
                <concept reference="96"/>
                <name>Died</name>
                <locale id="103">en</locale>
                <creator/>
                <dateCreated id="104">2011-01-17 20:51:42</dateCreated>
                <voided>false</voided>
                <voidedBy/>
                <tags class="set" id="105"/>
                <conceptNameType>FULLY_SPECIFIED</conceptNameType>
                <localePreferred>false</localePreferred>
              </org.openmrs.ConceptName>
            </names>
            <answers class="set" id="106"/>
            <conceptSets class="set" id="107"/>
            <descriptions class="set" id="108"/>
            <conceptMappings class="set" id="109">
              <org.openmrs.ConceptMap id="110" uuid="137924ABBBBBBBBBBBBBBBBBBBBBBBBBBBBB">
                <conceptMapType reference="76"/>
                <creator/>
                <changedBy/>
                <dateCreated id="111">2011-01-17 20:51:42</dateCreated>
                <conceptMapId>137924</conceptMapId>
                <concept reference="96"/>
                <conceptReferenceTerm id="112" uuid="e84336dd-72b7-32e9-aced-e27dc74212ad">
                  <creator/>
                  <dateCreated id="113">2011-01-17 00:00:00</dateCreated>
                  <changedBy/>
                  <retired>false</retired>
                  <retiredBy/>
                  <conceptReferenceTermId>137924</conceptReferenceTermId>
                  <conceptSource id="114" uuid="ddb6b595-0b85-4a80-9243-efe4ba404eef">
                    <name>org.openmrs.module.mdrtb</name>
                    <description>The required concepts for the MDR-TB module</description>
                    <creator/>
                    <dateCreated id="115">2010-12-15 14:00:37</dateCreated>
                    <retired>false</retired>
                    <retiredBy/>
                    <conceptSourceId>15</conceptSourceId>
                  </conceptSource>
                  <code>DIED</code>
                  <conceptReferenceTermMaps id="116"/>
                </conceptReferenceTerm>
              </org.openmrs.ConceptMap>
              <org.openmrs.ConceptMap id="117" uuid="137927ABBBBBBBBBBBBBBBBBBBBBBBBBBBBB">
                <conceptMapType reference="76"/>
                <creator/>
                <changedBy/>
                <dateCreated id="118">2011-01-17 20:53:23</dateCreated>
                <conceptMapId>137927</conceptMapId>
                <concept reference="96"/>
                <conceptReferenceTerm id="119" uuid="7d45de87-1519-3fba-9941-05dab01b8da1">
                  <creator/>
                  <dateCreated id="120">2010-12-05 00:00:00</dateCreated>
                  <changedBy/>
                  <retired>false</retired>
                  <retiredBy/>
                  <conceptReferenceTermId>137046</conceptReferenceTermId>
                  <conceptSource reference="81"/>
                  <code>397709008</code>
                  <conceptReferenceTermMaps id="121"/>
                </conceptReferenceTerm>
              </org.openmrs.ConceptMap>
            </conceptMappings>
          </concept>
          <conceptSet reference="84"/>
          <sortWeight>2.0</sortWeight>
          <creator/>
          <dateCreated id="122">2011-01-17 21:01:10</dateCreated>
        </org.openmrs.ConceptSet>
        <org.openmrs.ConceptSet id="123" uuid="623AEEEEEEEEEEEEEEEEEEEEEEEEEEEEEEEE">
          <conceptSetId>623</conceptSetId>
          <concept id="124" uuid="160031AAAAAAAAAAAAAAAAAAAAAAAAAAAAAA">
            <conceptId>160031</conceptId>
            <retired>false</retired>
            <retiredBy/>
            <datatype reference="43"/>
            <conceptClass reference="97"/>
            <set>false</set>
            <version></version>
            <creator/>
            <dateCreated id="125">2011-01-17 20:43:11</dateCreated>
            <changedBy/>
            <names class="set" id="126">
              <org.openmrs.ConceptName id="127" uuid="107689BBBBBBBBBBBBBBBBBBBBBBBBBBBBBB">
                <conceptNameId>107689</conceptNameId>
                <concept reference="124"/>
                <name>DEFAULTED</name>
                <locale id="128">en</locale>
                <creator/>
                <dateCreated id="129">2011-01-17 20:43:11</dateCreated>
                <voided>false</voided>
                <voidedBy/>
                <tags class="set" id="130"/>
                <conceptNameType>FULLY_SPECIFIED</conceptNameType>
                <localePreferred>false</localePreferred>
              </org.openmrs.ConceptName>
            </names>
            <answers class="set" id="131"/>
            <conceptSets class="set" id="132"/>
            <descriptions class="set" id="133"/>
            <conceptMappings class="set" id="134">
              <org.openmrs.ConceptMap id="135" uuid="137917ABBBBBBBBBBBBBBBBBBBBBBBBBBBBB">
                <conceptMapType reference="76"/>
                <creator/>
                <changedBy/>
                <dateCreated id="136">2011-01-17 20:43:11</dateCreated>
                <conceptMapId>137917</conceptMapId>
                <concept reference="124"/>
                <conceptReferenceTerm id="137" uuid="ac53128b-3ca3-3fbc-973e-369699331cc7">
                  <creator/>
                  <dateCreated id="138">2011-01-17 00:00:00</dateCreated>
                  <changedBy/>
                  <retired>false</retired>
                  <retiredBy/>
                  <conceptReferenceTermId>137917</conceptReferenceTermId>
                  <conceptSource reference="81"/>
                  <code>275694009</code>
                  <conceptReferenceTermMaps id="139"/>
                </conceptReferenceTerm>
              </org.openmrs.ConceptMap>
              <org.openmrs.ConceptMap id="140" uuid="137918ABBBBBBBBBBBBBBBBBBBBBBBBBBBBB">
                <conceptMapType reference="76"/>
                <creator/>
                <changedBy/>
                <dateCreated id="141">2011-01-17 20:43:11</dateCreated>
                <conceptMapId>137918</conceptMapId>
                <concept reference="124"/>
                <conceptReferenceTerm id="142" uuid="4205192b-5557-35cb-bea3-c62c65335ed8">
                  <creator/>
                  <dateCreated id="143">2011-01-17 00:00:00</dateCreated>
                  <changedBy/>
                  <retired>false</retired>
                  <retiredBy/>
                  <conceptReferenceTermId>137918</conceptReferenceTermId>
                  <conceptSource reference="114"/>
                  <code>DEFAULTED</code>
                  <conceptReferenceTermMaps id="144"/>
                </conceptReferenceTerm>
              </org.openmrs.ConceptMap>
            </conceptMappings>
          </concept>
          <conceptSet reference="84"/>
          <sortWeight>1.0</sortWeight>
          <creator/>
          <dateCreated id="145">2011-01-17 21:01:10</dateCreated>
        </org.openmrs.ConceptSet>
        <org.openmrs.ConceptSet id="146" uuid="582AEEEEEEEEEEEEEEEEEEEEEEEEEEEEEEEE">
          <conceptSetId>582</conceptSetId>
          <concept id="147" uuid="159791AAAAAAAAAAAAAAAAAAAAAAAAAAAAAA">
            <conceptId>159791</conceptId>
            <retired>false</retired>
            <retiredBy/>
            <datatype reference="43"/>
            <conceptClass id="148" uuid="8d4918b0-c2cc-11de-8d13-0010c6dffd0f">
              <name>Diagnosis</name>
              <description>Conclusion drawn through findings</description>
              <creator/>
              <dateCreated id="149">2004-02-02 00:00:00</dateCreated>
              <retired>false</retired>
              <retiredBy/>
              <conceptClassId>4</conceptClassId>
            </conceptClass>
            <set>false</set>
            <version></version>
            <creator/>
            <dateCreated id="150">2010-11-12 18:15:51</dateCreated>
            <changedBy/>
            <dateChanged id="151">2011-05-22 17:48:53</dateChanged>
            <names class="set" id="152">
              <org.openmrs.ConceptName id="153" uuid="107263BBBBBBBBBBBBBBBBBBBBBBBBBBBBBB">
                <conceptNameId>107263</conceptNameId>
                <concept reference="147"/>
                <name>cure, outcome</name>
                <locale id="154">en</locale>
                <creator/>
                <dateCreated id="155">2010-11-12 18:15:51</dateCreated>
                <voided>false</voided>
                <voidedBy/>
                <tags class="set" id="156"/>
                <conceptNameType>FULLY_SPECIFIED</conceptNameType>
                <localePreferred>false</localePreferred>
              </org.openmrs.ConceptName>
              <org.openmrs.ConceptName id="157" uuid="107380BBBBBBBBBBBBBBBBBBBBBBBBBBBBBB">
                <conceptNameId>107380</conceptNameId>
                <concept reference="147"/>
                <name>cure</name>
                <locale id="158">en</locale>
                <creator/>
                <dateCreated id="159">2010-11-23 18:34:39</dateCreated>
                <voided>false</voided>
                <voidedBy/>
                <tags class="set" id="160"/>
                <conceptNameType>SHORT</conceptNameType>
                <localePreferred>false</localePreferred>
              </org.openmrs.ConceptName>
              <org.openmrs.ConceptName id="161" uuid="107381BBBBBBBBBBBBBBBBBBBBBBBBBBBBBB">
                <conceptNameId>107381</conceptNameId>
                <concept reference="147"/>
                <name>cured</name>
                <locale id="162">en</locale>
                <creator/>
                <dateCreated id="163">2010-11-23 18:34:39</dateCreated>
                <voided>false</voided>
                <voidedBy/>
                <tags class="set" id="164"/>
                <localePreferred>false</localePreferred>
              </org.openmrs.ConceptName>
            </names>
            <answers class="set" id="165"/>
            <conceptSets class="set" id="166"/>
            <descriptions class="set" id="167">
              <org.openmrs.ConceptDescription id="168" uuid="16387FFFFFFFFFFFFFFFFFFFFFFFFFFFFFFF">
                <conceptDescriptionId>16387</conceptDescriptionId>
                <concept reference="147"/>
                <description>treatment of the disease successfully terminated the problem. Can be generalized to all the diseases as a outcome of the treatment.</description>
                <locale id="169">en</locale>
                <creator/>
                <dateCreated id="170">2010-11-12 18:15:51</dateCreated>
                <changedBy/>
              </org.openmrs.ConceptDescription>
            </descriptions>
            <conceptMappings class="set" id="171">
              <org.openmrs.ConceptMap id="172" uuid="136700ABBBBBBBBBBBBBBBBBBBBBBBBBBBBB">
                <conceptMapType reference="67"/>
                <creator/>
                <changedBy/>
                <dateCreated id="173">2010-11-12 18:15:51</dateCreated>
                <conceptMapId>136700</conceptMapId>
                <concept reference="147"/>
                <conceptReferenceTerm id="174" uuid="f79e5775-bd22-32a8-ab9b-1acc161f0a4b">
                  <creator/>
                  <dateCreated id="175">2010-11-12 00:00:00</dateCreated>
                  <changedBy/>
                  <retired>false</retired>
                  <retiredBy/>
                  <conceptReferenceTermId>136700</conceptReferenceTermId>
                  <conceptSource id="176" uuid="13ADDDDDDDDDDDDDDDDDDDDDDDDDDDDDDDDD">
                    <name>AMPATH</name>
                    <description>AMPATH concept dictionary</description>
                    <creator/>
                    <dateCreated id="177">2010-10-24 17:02:38</dateCreated>
                    <retired>false</retired>
                    <retiredBy/>
                    <conceptSourceId>13</conceptSourceId>
                  </conceptSource>
                  <code>6202</code>
                  <conceptReferenceTermMaps id="178"/>
                </conceptReferenceTerm>
              </org.openmrs.ConceptMap>
              <org.openmrs.ConceptMap id="179" uuid="143636ABBBBBBBBBBBBBBBBBBBBBBBBBBBBB">
                <conceptMapType reference="76"/>
                <creator/>
                <changedBy/>
                <dateCreated id="180">2011-05-22 17:48:53</dateCreated>
                <conceptMapId>143636</conceptMapId>
                <concept reference="147"/>
                <conceptReferenceTerm id="181" uuid="5a08c64d-12a2-3149-aa0d-b4f42be4b8b0">
                  <creator/>
                  <dateCreated id="182">2011-05-22 00:00:00</dateCreated>
                  <changedBy/>
                  <retired>false</retired>
                  <retiredBy/>
                  <conceptReferenceTermId>143636</conceptReferenceTermId>
                  <conceptSource id="183" uuid="fb9aaaf1-65e2-4c18-b53c-16b575f2f385">
                    <name>PIH</name>
                    <description>Equivalent concept ID in Master Partners-in-Health Concept dictionary</description>
                    <creator/>
                    <dateCreated id="184">2010-08-03 01:50:49</dateCreated>
                    <retired>false</retired>
                    <retiredBy/>
                    <conceptSourceId>11</conceptSourceId>
                  </conceptSource>
                  <code>159</code>
                  <conceptReferenceTermMaps id="185"/>
                </conceptReferenceTerm>
              </org.openmrs.ConceptMap>
              <org.openmrs.ConceptMap id="186" uuid="136699ABBBBBBBBBBBBBBBBBBBBBBBBBBBBB">
                <conceptMapType reference="76"/>
                <creator/>
                <changedBy/>
                <dateCreated id="187">2010-11-12 18:15:51</dateCreated>
                <conceptMapId>136699</conceptMapId>
                <concept reference="147"/>
                <conceptReferenceTerm id="188" uuid="46c3c888-5158-30c0-bb9e-b7b27bf25bf2">
                  <creator/>
                  <dateCreated id="189">2010-11-12 00:00:00</dateCreated>
                  <changedBy/>
                  <retired>false</retired>
                  <retiredBy/>
                  <conceptReferenceTermId>136699</conceptReferenceTermId>
                  <conceptSource reference="81"/>
                  <code>371001000</code>
                  <conceptReferenceTermMaps id="190"/>
                </conceptReferenceTerm>
              </org.openmrs.ConceptMap>
              <org.openmrs.ConceptMap id="191" uuid="137923ABBBBBBBBBBBBBBBBBBBBBBBBBBBBB">
                <conceptMapType reference="76"/>
                <creator/>
                <changedBy/>
                <dateCreated id="192">2011-01-17 20:50:45</dateCreated>
                <conceptMapId>137923</conceptMapId>
                <concept reference="147"/>
                <conceptReferenceTerm id="193" uuid="8bab0046-1c7f-3195-9c0a-49e76ab38169">
                  <creator/>
                  <dateCreated id="194">2011-01-17 00:00:00</dateCreated>
                  <changedBy/>
                  <retired>false</retired>
                  <retiredBy/>
                  <conceptReferenceTermId>137923</conceptReferenceTermId>
                  <conceptSource reference="114"/>
                  <code>CURED</code>
                  <conceptReferenceTermMaps id="195"/>
                </conceptReferenceTerm>
              </org.openmrs.ConceptMap>
            </conceptMappings>
          </concept>
          <conceptSet reference="84"/>
          <sortWeight>0.0</sortWeight>
          <creator/>
          <dateCreated id="196">2011-01-17 21:01:10</dateCreated>
        </org.openmrs.ConceptSet>
        <org.openmrs.ConceptSet id="197" uuid="626AEEEEEEEEEEEEEEEEEEEEEEEEEEEEEEEE">
          <conceptSetId>626</conceptSetId>
          <concept id="198" uuid="160036AAAAAAAAAAAAAAAAAAAAAAAAAAAAAA">
            <conceptId>160036</conceptId>
            <retired>false</retired>
            <retiredBy/>
            <datatype reference="43"/>
            <conceptClass reference="97"/>
            <set>false</set>
            <version></version>
            <creator/>
            <dateCreated id="199">2011-01-17 20:55:51</dateCreated>
            <changedBy/>
            <names class="set" id="200">
              <org.openmrs.ConceptName id="201" uuid="107695BBBBBBBBBBBBBBBBBBBBBBBBBBBBBB">
                <conceptNameId>107695</conceptNameId>
                <concept reference="198"/>
                <name>PATIENT TRANSFERRED OUT</name>
                <locale id="202">en</locale>
                <creator/>
                <dateCreated id="203">2011-01-17 20:55:51</dateCreated>
                <voided>false</voided>
                <voidedBy/>
                <tags class="set" id="204"/>
                <conceptNameType>FULLY_SPECIFIED</conceptNameType>
                <localePreferred>false</localePreferred>
              </org.openmrs.ConceptName>
            </names>
            <answers class="set" id="205"/>
            <conceptSets class="set" id="206"/>
            <descriptions class="set" id="207"/>
            <conceptMappings class="set" id="208">
              <org.openmrs.ConceptMap id="209" uuid="137928ABBBBBBBBBBBBBBBBBBBBBBBBBBBBB">
                <conceptMapType reference="76"/>
                <creator/>
                <changedBy/>
                <dateCreated id="210">2011-01-17 20:55:51</dateCreated>
                <conceptMapId>137928</conceptMapId>
                <concept reference="198"/>
                <conceptReferenceTerm id="211" uuid="3d82145d-44a5-315f-98e1-8a65af8c2a66">
                  <creator/>
                  <dateCreated id="212">2011-01-17 00:00:00</dateCreated>
                  <changedBy/>
                  <retired>false</retired>
                  <retiredBy/>
                  <conceptReferenceTermId>137928</conceptReferenceTermId>
                  <conceptSource reference="114"/>
                  <code>PATIENT TRANSFERRED OUT</code>
                  <conceptReferenceTermMaps id="213"/>
                </conceptReferenceTerm>
              </org.openmrs.ConceptMap>
              <org.openmrs.ConceptMap id="214" uuid="137929ABBBBBBBBBBBBBBBBBBBBBBBBBBBBB">
                <conceptMapType reference="67"/>
                <creator/>
                <changedBy/>
                <dateCreated id="215">2011-01-17 20:55:51</dateCreated>
                <conceptMapId>137929</conceptMapId>
                <concept reference="198"/>
                <conceptReferenceTerm id="216" uuid="1ca55422-f98d-3bea-a89a-2ba1edb9d206">
                  <creator/>
                  <dateCreated id="217">2011-01-17 00:00:00</dateCreated>
                  <changedBy/>
                  <retired>false</retired>
                  <retiredBy/>
                  <conceptReferenceTermId>137929</conceptReferenceTermId>
                  <conceptSource reference="72"/>
                  <code>309037001</code>
                  <conceptReferenceTermMaps id="218"/>
                </conceptReferenceTerm>
              </org.openmrs.ConceptMap>
            </conceptMappings>
          </concept>
          <conceptSet reference="84"/>
          <sortWeight>4.0</sortWeight>
          <creator/>
          <dateCreated id="219">2011-01-17 21:01:10</dateCreated>
        </org.openmrs.ConceptSet>
        <org.openmrs.ConceptSet id="220" uuid="99AEEEEEEEEEEEEEEEEEEEEEEEEEEEEEEEEE">
          <conceptSetId>99</conceptSetId>
          <concept id="221" uuid="843AAAAAAAAAAAAAAAAAAAAAAAAAAAAAAAAA">
            <conceptId>843</conceptId>
            <retired>false</retired>
            <retiredBy/>
            <datatype reference="43"/>
            <conceptClass id="222" uuid="8d491a9a-c2cc-11de-8d13-0010c6dffd0f">
              <name>Finding</name>
              <description>Practitioner observation/finding</description>
              <creator/>
              <dateCreated id="223">2004-03-02 00:00:00</dateCreated>
              <retired>false</retired>
              <retiredBy/>
              <conceptClassId>5</conceptClassId>
            </conceptClass>
            <set>false</set>
            <version></version>
            <creator/>
            <dateCreated id="224">2004-05-04 00:00:00</dateCreated>
            <changedBy/>
            <dateChanged id="225">2011-06-21 13:51:09</dateChanged>
            <names class="set" id="226">
              <org.openmrs.ConceptName id="227" uuid="883BBBBBBBBBBBBBBBBBBBBBBBBBBBBBBBBB">
                <conceptNameId>883</conceptNameId>
                <concept reference="221"/>
                <name>REGIMEN FAILURE</name>
                <locale id="228">en</locale>
                <creator/>
                <dateCreated id="229">2004-05-04 00:00:00</dateCreated>
                <voided>false</voided>
                <voidedBy/>
                <tags class="set" id="230"/>
                <conceptNameType>FULLY_SPECIFIED</conceptNameType>
                <localePreferred>false</localePreferred>
              </org.openmrs.ConceptName>
              <org.openmrs.ConceptName id="231" uuid="106133BBBBBBBBBBBBBBBBBBBBBBBBBBBBBB">
                <conceptNameId>106133</conceptNameId>
                <concept reference="221"/>
                <name>ÉCHEC DU TRAITEMENT</name>
                <locale id="232">fr</locale>
                <creator/>
                <dateCreated id="233">2010-05-03 17:11:19</dateCreated>
                <voided>false</voided>
                <voidedBy/>
                <tags class="set" id="234"/>
                <conceptNameType>FULLY_SPECIFIED</conceptNameType>
                <localePreferred>false</localePreferred>
              </org.openmrs.ConceptName>
            </names>
            <answers class="set" id="235"/>
            <conceptSets class="set" id="236"/>
            <descriptions class="set" id="237">
              <org.openmrs.ConceptDescription id="238" uuid="843FFFFFFFFFFFFFFFFFFFFFFFFFFFFFFFFF">
                <conceptDescriptionId>843</conceptDescriptionId>
                <concept reference="221"/>
                <description>Failure of a therapy or treatment to achieve its end points.</description>
                <locale id="239">en</locale>
                <creator/>
                <dateCreated id="240">2004-05-04 00:00:00</dateCreated>
                <changedBy/>
              </org.openmrs.ConceptDescription>
            </descriptions>
            <conceptMappings class="set" id="241">
              <org.openmrs.ConceptMap id="242" uuid="144075ABBBBBBBBBBBBBBBBBBBBBBBBBBBBB">
                <conceptMapType reference="76"/>
                <creator/>
                <changedBy/>
                <dateCreated id="243">2011-06-21 13:51:09</dateCreated>
                <conceptMapId>144075</conceptMapId>
                <concept reference="221"/>
                <conceptReferenceTerm id="244" uuid="d889f147-bf55-323b-9cc2-33c1a443ec3a">
                  <creator/>
                  <dateCreated id="245">2011-06-21 00:00:00</dateCreated>
                  <changedBy/>
                  <retired>false</retired>
                  <retiredBy/>
                  <conceptReferenceTermId>144075</conceptReferenceTermId>
                  <conceptSource reference="114"/>
                  <code>FAILED</code>
                  <conceptReferenceTermMaps id="246"/>
                </conceptReferenceTerm>
              </org.openmrs.ConceptMap>
              <org.openmrs.ConceptMap id="247" uuid="134523ABBBBBBBBBBBBBBBBBBBBBBBBBBBBB">
                <conceptMapType reference="76"/>
                <creator/>
                <changedBy/>
                <dateCreated id="248">2010-10-24 13:09:59</dateCreated>
                <conceptMapId>134523</conceptMapId>
                <concept reference="221"/>
                <conceptReferenceTerm id="249" uuid="e444ab91-872f-382c-a90b-4a5f51d5c92b">
                  <creator/>
                  <dateCreated id="250">2010-10-24 00:00:00</dateCreated>
                  <changedBy/>
                  <retired>false</retired>
                  <retiredBy/>
                  <conceptReferenceTermId>134523</conceptReferenceTermId>
                  <conceptSource reference="176"/>
                  <code>843</code>
                  <conceptReferenceTermMaps id="251"/>
                </conceptReferenceTerm>
              </org.openmrs.ConceptMap>
              <org.openmrs.ConceptMap id="252" uuid="132413ABBBBBBBBBBBBBBBBBBBBBBBBBBBBB">
                <conceptMapType reference="76"/>
                <creator/>
                <changedBy/>
                <dateCreated id="253">2010-05-30 20:58:27</dateCreated>
                <conceptMapId>132413</conceptMapId>
                <concept reference="221"/>
                <conceptReferenceTerm id="254" uuid="5ef2d6b3-7216-3c57-9039-97906791caa3">
                  <creator/>
                  <dateCreated id="255">2010-05-30 00:00:00</dateCreated>
                  <changedBy/>
                  <retired>false</retired>
                  <retiredBy/>
                  <conceptReferenceTermId>132413</conceptReferenceTermId>
                  <conceptSource reference="81"/>
                  <code>266721009</code>
                  <conceptReferenceTermMaps id="256"/>
                </conceptReferenceTerm>
              </org.openmrs.ConceptMap>
              <org.openmrs.ConceptMap id="257" uuid="136254ABBBBBBBBBBBBBBBBBBBBBBBBBBBBB">
                <conceptMapType reference="76"/>
                <creator/>
                <changedBy/>
                <dateCreated id="258">2010-10-25 15:49:30</dateCreated>
                <conceptMapId>136254</conceptMapId>
                <concept reference="221"/>
                <conceptReferenceTerm id="259" uuid="bbd546c9-3205-3eb4-b163-355c2aa28433">
                  <creator/>
                  <dateCreated id="260">2010-10-25 00:00:00</dateCreated>
                  <changedBy/>
                  <retired>false</retired>
                  <retiredBy/>
                  <conceptReferenceTermId>136254</conceptReferenceTermId>
                  <conceptSource reference="183"/>
                  <code>843</code>
                  <conceptReferenceTermMaps id="261"/>
                </conceptReferenceTerm>
              </org.openmrs.ConceptMap>
            </conceptMappings>
          </concept>
          <conceptSet reference="84"/>
          <sortWeight>6.0</sortWeight>
          <creator/>
          <dateCreated id="262">2011-01-17 21:01:10</dateCreated>
        </org.openmrs.ConceptSet>
        <org.openmrs.ConceptSet id="263" uuid="625AEEEEEEEEEEEEEEEEEEEEEEEEEEEEEEEE">
          <conceptSetId>625</conceptSetId>
          <concept id="264" uuid="160035AAAAAAAAAAAAAAAAAAAAAAAAAAAAAA">
            <conceptId>160035</conceptId>
            <retired>false</retired>
            <retiredBy/>
            <datatype reference="43"/>
            <conceptClass reference="97"/>
            <set>false</set>
            <version></version>
            <creator/>
            <dateCreated id="265">2011-01-17 20:52:18</dateCreated>
            <changedBy/>
            <dateChanged id="266">2011-01-17 20:52:47</dateChanged>
            <names class="set" id="267">
              <org.openmrs.ConceptName id="268" uuid="107694BBBBBBBBBBBBBBBBBBBBBBBBBBBBBB">
                <conceptNameId>107694</conceptNameId>
                <concept reference="264"/>
                <name>Treatment Complete</name>
                <locale id="269">en</locale>
                <creator/>
                <dateCreated id="270">2011-01-17 20:52:18</dateCreated>
                <voided>false</voided>
                <voidedBy/>
                <tags class="set" id="271"/>
                <conceptNameType>FULLY_SPECIFIED</conceptNameType>
                <localePreferred>false</localePreferred>
              </org.openmrs.ConceptName>
            </names>
            <answers class="set" id="272"/>
            <conceptSets class="set" id="273"/>
            <descriptions class="set" id="274"/>
            <conceptMappings class="set" id="275">
              <org.openmrs.ConceptMap id="276" uuid="137925ABBBBBBBBBBBBBBBBBBBBBBBBBBBBB">
                <conceptMapType reference="76"/>
                <creator/>
                <changedBy/>
                <dateCreated id="277">2011-01-17 20:52:18</dateCreated>
                <conceptMapId>137925</conceptMapId>
                <concept reference="264"/>
                <conceptReferenceTerm id="278" uuid="dea34ad2-c7e7-33ad-b5cf-99f491bebc5e">
                  <creator/>
                  <dateCreated id="279">2011-01-17 00:00:00</dateCreated>
                  <changedBy/>
                  <retired>false</retired>
                  <retiredBy/>
                  <conceptReferenceTermId>137925</conceptReferenceTermId>
                  <conceptSource reference="114"/>
                  <code>TREATMENT COMPLETE</code>
                  <conceptReferenceTermMaps id="280"/>
                </conceptReferenceTerm>
              </org.openmrs.ConceptMap>
              <org.openmrs.ConceptMap id="281" uuid="137926ABBBBBBBBBBBBBBBBBBBBBBBBBBBBB">
                <conceptMapType reference="76"/>
                <creator/>
                <changedBy/>
                <dateCreated id="282">2011-01-17 20:52:47</dateCreated>
                <conceptMapId>137926</conceptMapId>
                <concept reference="264"/>
                <conceptReferenceTerm id="283" uuid="64f7c3bc-0b98-33a7-bad0-a0ca69d4f858">
                  <creator/>
                  <dateCreated id="284">2010-12-30 00:00:00</dateCreated>
                  <changedBy/>
                  <retired>false</retired>
                  <retiredBy/>
                  <conceptReferenceTermId>137519</conceptReferenceTermId>
                  <conceptSource reference="81"/>
                  <code>182992009</code>
                  <conceptReferenceTermMaps id="285"/>
                </conceptReferenceTerm>
              </org.openmrs.ConceptMap>
            </conceptMappings>
          </concept>
          <conceptSet reference="84"/>
          <sortWeight>3.0</sortWeight>
          <creator/>
          <dateCreated id="286">2011-01-17 21:01:10</dateCreated>
        </org.openmrs.ConceptSet>
        <org.openmrs.ConceptSet id="287" uuid="627AEEEEEEEEEEEEEEEEEEEEEEEEEEEEEEEE">
          <conceptSetId>627</conceptSetId>
          <concept id="288" uuid="160037AAAAAAAAAAAAAAAAAAAAAAAAAAAAAA">
            <conceptId>160037</conceptId>
            <retired>false</retired>
            <retiredBy/>
            <datatype reference="43"/>
            <conceptClass reference="97"/>
            <set>false</set>
            <version></version>
            <creator/>
            <dateCreated id="289">2011-01-17 20:59:10</dateCreated>
            <changedBy/>
            <dateChanged id="290">2011-01-17 20:59:35</dateChanged>
            <names class="set" id="291">
              <org.openmrs.ConceptName id="292" uuid="107696BBBBBBBBBBBBBBBBBBBBBBBBBBBBBB">
                <conceptNameId>107696</conceptNameId>
                <concept reference="288"/>
                <name>STILL ON TREATMENT</name>
                <locale id="293">en</locale>
                <creator/>
                <dateCreated id="294">2011-01-17 20:59:10</dateCreated>
                <voided>false</voided>
                <voidedBy/>
                <tags class="set" id="295"/>
                <conceptNameType>FULLY_SPECIFIED</conceptNameType>
                <localePreferred>false</localePreferred>
              </org.openmrs.ConceptName>
            </names>
            <answers class="set" id="296"/>
            <conceptSets class="set" id="297"/>
            <descriptions class="set" id="298"/>
            <conceptMappings class="set" id="299">
              <org.openmrs.ConceptMap id="300" uuid="137930ABBBBBBBBBBBBBBBBBBBBBBBBBBBBB">
                <conceptMapType reference="76"/>
                <creator/>
                <changedBy/>
                <dateCreated id="301">2011-01-17 20:59:10</dateCreated>
                <conceptMapId>137930</conceptMapId>
                <concept reference="288"/>
                <conceptReferenceTerm id="302" uuid="5a354c6e-e47f-3717-b166-055e7f562122">
                  <creator/>
                  <dateCreated id="303">2011-01-17 00:00:00</dateCreated>
                  <changedBy/>
                  <retired>false</retired>
                  <retiredBy/>
                  <conceptReferenceTermId>137930</conceptReferenceTermId>
                  <conceptSource reference="114"/>
                  <code>STILL ON TREATMENT</code>
                  <conceptReferenceTermMaps id="304"/>
                </conceptReferenceTerm>
              </org.openmrs.ConceptMap>
              <org.openmrs.ConceptMap id="305" uuid="137931ABBBBBBBBBBBBBBBBBBBBBBBBBBBBB">
                <conceptMapType reference="67"/>
                <creator/>
                <changedBy/>
                <dateCreated id="306">2011-01-17 20:59:10</dateCreated>
                <conceptMapId>137931</conceptMapId>
                <concept reference="288"/>
                <conceptReferenceTerm id="307" uuid="150aa442-956e-3865-acf6-23f87a675332">
                  <creator/>
                  <dateCreated id="308">2011-01-17 00:00:00</dateCreated>
                  <changedBy/>
                  <retired>false</retired>
                  <retiredBy/>
                  <conceptReferenceTermId>137931</conceptReferenceTermId>
                  <conceptSource reference="72"/>
                  <code>410684002</code>
                  <conceptReferenceTermMaps id="309"/>
                </conceptReferenceTerm>
              </org.openmrs.ConceptMap>
            </conceptMappings>
          </concept>
          <conceptSet reference="84"/>
          <sortWeight>5.0</sortWeight>
          <creator/>
          <dateCreated id="310">2011-01-17 21:01:10</dateCreated>
        </org.openmrs.ConceptSet>
      </conceptSets>
      <descriptions class="set" id="311"/>
      <conceptMappings class="set" id="312">
        <org.openmrs.ConceptMap id="313" uuid="137932ABBBBBBBBBBBBBBBBBBBBBBBBBBBBB">
          <conceptMapType reference="76"/>
          <creator/>
          <changedBy/>
          <dateCreated id="314">2011-01-17 21:01:10</dateCreated>
          <conceptMapId>137932</conceptMapId>
          <concept reference="84"/>
          <conceptReferenceTerm id="315" uuid="75e4b421-8168-3ff6-a3fb-241eb928563a">
            <creator/>
            <dateCreated id="316">2011-01-17 00:00:00</dateCreated>
            <changedBy/>
            <retired>false</retired>
            <retiredBy/>
            <conceptReferenceTermId>137932</conceptReferenceTermId>
            <conceptSource reference="114"/>
            <code>MULTI-DRUG RESISTANT TUBERCULOSIS TREATMENT OUTCOME</code>
            <conceptReferenceTermMaps id="317"/>
          </conceptReferenceTerm>
        </org.openmrs.ConceptMap>
      </conceptMappings>
    </outcomesConcept>
    <allWorkflows id="318"/>
  </org.openmrs.Program>
  <org.openmrs.Program id="319" uuid="dfdc6d40-2f2f-463d-ba90-cc97350441a8">
    <name>HIV Program</name>
    <description>Program for following or treating HIV-positive patients</description>
    <creator/>
    <dateCreated id="320">2012-06-23 04:13:06</dateCreated>
    <changedBy/>
    <dateChanged id="321">2012-08-08 02:05:40</dateChanged>
    <retired>false</retired>
    <programId>1</programId>
    <concept id="322" uuid="160631AAAAAAAAAAAAAAAAAAAAAAAAAAAAAA">
      <conceptId>160631</conceptId>
      <retired>false</retired>
      <retiredBy/>
      <datatype reference="43"/>
      <conceptClass id="323" uuid="1edca368-768a-102f-83f4-12313b04a615">
        <name>Program</name>
        <description>Program concept</description>
        <creator/>
        <dateCreated id="324">2011-01-18 01:53:56</dateCreated>
        <retired>false</retired>
        <retiredBy/>
        <conceptClassId>18</conceptClassId>
      </conceptClass>
      <set>false</set>
      <version></version>
      <creator/>
      <dateCreated id="325">2012-06-23 14:33:42</dateCreated>
      <changedBy/>
      <names class="set" id="326">
        <org.openmrs.ConceptName id="327" uuid="109079BBBBBBBBBBBBBBBBBBBBBBBBBBBBBB">
          <conceptNameId>109079</conceptNameId>
          <concept reference="322"/>
          <name>HIV Program</name>
          <locale id="328">en</locale>
          <creator/>
          <dateCreated id="329">2012-06-23 14:33:42</dateCreated>
          <voided>false</voided>
          <voidedBy/>
          <tags class="set" id="330"/>
          <conceptNameType>FULLY_SPECIFIED</conceptNameType>
          <localePreferred>false</localePreferred>
        </org.openmrs.ConceptName>
      </names>
      <answers class="set" id="331"/>
      <conceptSets class="set" id="332"/>
      <descriptions class="set" id="333"/>
      <conceptMappings class="set" id="334">
        <org.openmrs.ConceptMap id="335" uuid="144745ABBBBBBBBBBBBBBBBBBBBBBBBBBBBB">
          <conceptMapType reference="76"/>
          <creator/>
          <changedBy/>
          <dateCreated id="336">2012-06-23 14:33:42</dateCreated>
          <conceptMapId>144745</conceptMapId>
          <concept reference="322"/>
          <conceptReferenceTerm id="337" uuid="88d9d46d-29c3-3708-b504-8a0b8ef76670">
            <creator/>
            <dateCreated id="338">2012-06-23 00:00:00</dateCreated>
            <changedBy/>
            <retired>false</retired>
            <retiredBy/>
            <conceptReferenceTermId>144745</conceptReferenceTermId>
            <conceptSource reference="183"/>
            <code>1482</code>
            <conceptReferenceTermMaps id="339"/>
          </conceptReferenceTerm>
        </org.openmrs.ConceptMap>
        <org.openmrs.ConceptMap id="340" uuid="144744ABBBBBBBBBBBBBBBBBBBBBBBBBBBBB">
          <conceptMapType reference="67"/>
          <creator/>
          <changedBy/>
          <dateCreated id="341">2012-06-23 14:33:42</dateCreated>
          <conceptMapId>144744</conceptMapId>
          <concept reference="322"/>
          <conceptReferenceTerm reference="70"/>
        </org.openmrs.ConceptMap>
      </conceptMappings>
    </concept>
    <outcomesConcept id="342" uuid="1695AAAAAAAAAAAAAAAAAAAAAAAAAAAAAAAA">
      <conceptId>1695</conceptId>
      <retired>false</retired>
      <retiredBy/>
      <datatype id="343" uuid="8d4a48b6-c2cc-11de-8d13-0010c6dffd0f">
        <name>Coded</name>
        <description>Value determined by term dictionary lookup (i.e., term identifier)</description>
        <creator/>
        <dateCreated id="344">2004-02-02 00:00:00</dateCreated>
        <retired>false</retired>
        <retiredBy/>
        <conceptDatatypeId>2</conceptDatatypeId>
        <hl7Abbreviation>CWE</hl7Abbreviation>
      </datatype>
      <conceptClass reference="222"/>
      <set>false</set>
      <version></version>
      <creator/>
      <dateCreated id="345">2009-05-13 12:34:56</dateCreated>
      <changedBy/>
      <dateChanged id="346">2010-12-30 19:41:02</dateChanged>
      <names class="set" id="347">
        <org.openmrs.ConceptName id="348" uuid="86978BBBBBBBBBBBBBBBBBBBBBBBBBBBBBBB">
          <conceptNameId>86978</conceptNameId>
          <concept reference="342"/>
          <name>discharge status</name>
          <locale id="349">en</locale>
          <creator/>
          <dateCreated id="350">2009-05-13 12:34:56</dateCreated>
          <voided>false</voided>
          <voidedBy/>
          <tags class="set" id="351"/>
          <conceptNameType>SHORT</conceptNameType>
          <localePreferred>false</localePreferred>
        </org.openmrs.ConceptName>
        <org.openmrs.ConceptName id="352" uuid="1975BBBBBBBBBBBBBBBBBBBBBBBBBBBBBBBB">
          <conceptNameId>1975</conceptNameId>
          <concept reference="342"/>
          <name>DISCHARGE STATUS</name>
          <locale id="353">en</locale>
          <creator/>
          <dateCreated id="354">2009-05-13 12:34:56</dateCreated>
          <voided>false</voided>
          <voidedBy/>
          <tags class="set" id="355"/>
          <conceptNameType>FULLY_SPECIFIED</conceptNameType>
          <localePreferred>false</localePreferred>
        </org.openmrs.ConceptName>
        <org.openmrs.ConceptName id="356" uuid="105885BBBBBBBBBBBBBBBBBBBBBBBBBBBBBB">
          <conceptNameId>105885</conceptNameId>
          <concept reference="342"/>
          <name>CONDITION DU PATIENT À SA DÉCHARGE</name>
          <locale id="357">fr</locale>
          <creator/>
          <dateCreated id="358">2010-05-03 17:07:47</dateCreated>
          <voided>false</voided>
          <voidedBy/>
          <tags class="set" id="359"/>
          <conceptNameType>FULLY_SPECIFIED</conceptNameType>
          <localePreferred>false</localePreferred>
        </org.openmrs.ConceptName>
      </names>
      <answers class="set" id="360">
        <org.openmrs.ConceptAnswer id="361" uuid="1485CCCCCCCCCCCCCCCCCCCCCCCCCCCCCCCC">
          <conceptAnswerId>1485</conceptAnswerId>
          <concept reference="342"/>
          <answerConcept id="362" uuid="5622AAAAAAAAAAAAAAAAAAAAAAAAAAAAAAAA">
            <conceptId>5622</conceptId>
            <retired>false</retired>
            <retiredBy/>
            <datatype reference="43"/>
            <conceptClass reference="45"/>
            <set>false</set>
            <version></version>
            <creator/>
            <dateCreated id="363">2004-08-12 00:00:00</dateCreated>
            <changedBy/>
            <dateChanged id="364">2012-12-16 19:03:55</dateChanged>
            <names class="set" id="365">
              <org.openmrs.ConceptName id="366" uuid="110860BBBBBBBBBBBBBBBBBBBBBBBBBBBBBB">
                <conceptNameId>110860</conceptNameId>
                <concept reference="362"/>
                <name>Otro no codificado </name>
                <locale id="367">es</locale>
                <creator/>
                <dateCreated id="368">2012-12-16 19:03:55</dateCreated>
                <voided>false</voided>
                <voidedBy/>
                <tags class="set" id="369"/>
                <conceptNameType>FULLY_SPECIFIED</conceptNameType>
                <localePreferred>false</localePreferred>
              </org.openmrs.ConceptName>
              <org.openmrs.ConceptName id="370" uuid="110113BBBBBBBBBBBBBBBBBBBBBBBBBBBBBB">
                <conceptNameId>110113</conceptNameId>
                <concept reference="362"/>
                <name>Nyinginezo</name>
                <locale id="371">sw</locale>
                <creator/>
                <dateCreated id="372">2012-08-10 19:17:27</dateCreated>
                <voided>false</voided>
                <voidedBy/>
                <tags class="set" id="373"/>
                <conceptNameType>FULLY_SPECIFIED</conceptNameType>
                <localePreferred>false</localePreferred>
              </org.openmrs.ConceptName>
              <org.openmrs.ConceptName id="374" uuid="2761BBBBBBBBBBBBBBBBBBBBBBBBBBBBBBBB">
                <conceptNameId>2761</conceptNameId>
                <concept reference="362"/>
                <name>OTHER NON-CODED</name>
                <locale id="375">en</locale>
                <creator/>
                <dateCreated id="376">2004-08-12 00:00:00</dateCreated>
                <voided>false</voided>
                <voidedBy/>
                <tags class="set" id="377"/>
                <conceptNameType>FULLY_SPECIFIED</conceptNameType>
                <localePreferred>false</localePreferred>
              </org.openmrs.ConceptName>
              <org.openmrs.ConceptName id="378" uuid="105802BBBBBBBBBBBBBBBBBBBBBBBBBBBBBB">
                <conceptNameId>105802</conceptNameId>
                <concept reference="362"/>
                <name>Autre et non codé</name>
                <locale id="379">fr</locale>
                <creator/>
                <dateCreated id="380">2010-05-03 16:52:33</dateCreated>
                <voided>false</voided>
                <voidedBy/>
                <tags class="set" id="381"/>
                <conceptNameType>FULLY_SPECIFIED</conceptNameType>
                <localePreferred>false</localePreferred>
              </org.openmrs.ConceptName>
            </names>
            <answers class="set" id="382"/>
            <conceptSets class="set" id="383"/>
            <descriptions class="set" id="384">
              <org.openmrs.ConceptDescription id="385" uuid="2253FFFFFFFFFFFFFFFFFFFFFFFFFFFFFFFF">
                <conceptDescriptionId>2253</conceptDescriptionId>
                <concept reference="362"/>
                <description>A generic, descriptive answer which is a handwritten, non-coded response to a question.</description>
                <locale id="386">en</locale>
                <creator/>
                <dateCreated id="387">2004-08-12 00:00:00</dateCreated>
                <changedBy/>
                <dateChanged id="388">2012-12-16 19:03:55</dateChanged>
              </org.openmrs.ConceptDescription>
            </descriptions>
            <conceptMappings class="set" id="389">
              <org.openmrs.ConceptMap id="390" uuid="135771ABBBBBBBBBBBBBBBBBBBBBBBBBBBBB">
                <conceptMapType reference="76"/>
                <creator/>
                <changedBy/>
                <dateCreated id="391">2010-10-24 13:09:59</dateCreated>
                <conceptMapId>135771</conceptMapId>
                <concept reference="362"/>
                <conceptReferenceTerm id="392" uuid="de4dbf4f-b5ee-3d32-9ce6-ca2e15c2e1b3">
                  <creator/>
                  <dateCreated id="393">2010-10-24 00:00:00</dateCreated>
                  <changedBy/>
                  <retired>false</retired>
                  <retiredBy/>
                  <conceptReferenceTermId>135771</conceptReferenceTermId>
                  <conceptSource reference="176"/>
                  <code>5622</code>
                  <conceptReferenceTermMaps id="394"/>
                </conceptReferenceTerm>
              </org.openmrs.ConceptMap>
              <org.openmrs.ConceptMap id="395" uuid="144395ABBBBBBBBBBBBBBBBBBBBBBBBBBBBB">
                <conceptMapType reference="76"/>
                <creator/>
                <changedBy/>
                <dateCreated id="396">2012-06-03 19:58:40</dateCreated>
                <conceptMapId>144395</conceptMapId>
                <concept reference="362"/>
                <conceptReferenceTerm id="397" uuid="49fd39a2-2b4a-38c2-8f0e-0cb9a7e0fe22">
                  <creator/>
                  <dateCreated id="398">2012-06-03 00:00:00</dateCreated>
                  <changedBy/>
                  <retired>false</retired>
                  <retiredBy/>
                  <conceptReferenceTermId>144395</conceptReferenceTermId>
                  <conceptSource id="399" uuid="12ADDDDDDDDDDDDDDDDDDDDDDDDDDDDDDDDD">
                    <name>PIH Malawi</name>
                    <description>Partners in Health Malawi concept dictionary</description>
                    <creator/>
                    <dateCreated id="400">2010-10-24 17:02:20</dateCreated>
                    <retired>false</retired>
                    <retiredBy/>
                    <conceptSourceId>12</conceptSourceId>
                  </conceptSource>
                  <code>6408</code>
                  <conceptReferenceTermMaps id="401"/>
                </conceptReferenceTerm>
              </org.openmrs.ConceptMap>
              <org.openmrs.ConceptMap id="402" uuid="143666ABBBBBBBBBBBBBBBBBBBBBBBBBBBBB">
                <conceptMapType reference="76"/>
                <creator/>
                <changedBy/>
                <dateCreated id="403">2011-05-27 14:13:52</dateCreated>
                <conceptMapId>143666</conceptMapId>
                <concept reference="362"/>
                <conceptReferenceTerm id="404" uuid="142f78e3-31a5-3969-a405-286a699f711f">
                  <creator/>
                  <dateCreated id="405">2011-05-27 00:00:00</dateCreated>
                  <changedBy/>
                  <retired>false</retired>
                  <retiredBy/>
                  <conceptReferenceTermId>143663</conceptReferenceTermId>
                  <conceptSource reference="183"/>
                  <code>5622</code>
                  <conceptReferenceTermMaps id="406"/>
                </conceptReferenceTerm>
              </org.openmrs.ConceptMap>
              <org.openmrs.ConceptMap id="407" uuid="141670ABBBBBBBBBBBBBBBBBBBBBBBBBBBBB">
                <conceptMapType reference="76"/>
                <creator/>
                <changedBy/>
                <dateCreated id="408">2011-02-10 16:54:39</dateCreated>
                <conceptMapId>141670</conceptMapId>
                <concept reference="362"/>
                <conceptReferenceTerm id="409" uuid="cd9bed8e-d47a-38bd-a677-695644801d87">
                  <creator/>
                  <dateCreated id="410">2011-02-10 00:00:00</dateCreated>
                  <changedBy/>
                  <retired>false</retired>
                  <retiredBy/>
                  <conceptReferenceTermId>141670</conceptReferenceTermId>
                  <conceptSource id="411" uuid="14ADDDDDDDDDDDDDDDDDDDDDDDDDDDDDDDDD">
                    <name>SNOMED MVP</name>
                    <description>MVP Namespace Identifier extensions to SNOMED CT</description>
                    <creator/>
                    <dateCreated id="412">2010-12-03 18:18:39</dateCreated>
                    <retired>false</retired>
                    <retiredBy/>
                    <conceptSourceId>14</conceptSourceId>
                  </conceptSource>
                  <code>56221000105001</code>
                  <conceptReferenceTermMaps id="413"/>
                </conceptReferenceTerm>
              </org.openmrs.ConceptMap>
              <org.openmrs.ConceptMap id="414" uuid="137766ABBBBBBBBBBBBBBBBBBBBBBBBBBBBB">
                <conceptMapType reference="67"/>
                <creator/>
                <changedBy/>
                <dateCreated id="415">2011-01-15 13:27:39</dateCreated>
                <conceptMapId>137766</conceptMapId>
                <concept reference="362"/>
                <conceptReferenceTerm id="416" uuid="17744715-bb7d-3022-96d3-2e2144a778d4">
                  <creator/>
                  <dateCreated id="417">2011-01-15 00:00:00</dateCreated>
                  <changedBy/>
                  <retired>false</retired>
                  <retiredBy/>
                  <conceptReferenceTermId>137766</conceptReferenceTermId>
                  <conceptSource reference="72"/>
                  <code>74964007</code>
                  <conceptReferenceTermMaps id="418"/>
                </conceptReferenceTerm>
              </org.openmrs.ConceptMap>
              <org.openmrs.ConceptMap id="419" uuid="137878ABBBBBBBBBBBBBBBBBBBBBBBBBBBBB">
                <conceptMapType reference="76"/>
                <creator/>
                <changedBy/>
                <dateCreated id="420">2011-01-17 15:43:23</dateCreated>
                <conceptMapId>137878</conceptMapId>
                <concept reference="362"/>
                <conceptReferenceTerm id="421" uuid="a4138b87-50d9-30b1-aea4-9fc620570cc6">
                  <creator/>
                  <dateCreated id="422">2011-01-17 00:00:00</dateCreated>
                  <changedBy/>
                  <retired>false</retired>
                  <retiredBy/>
                  <conceptReferenceTermId>137878</conceptReferenceTermId>
                  <conceptSource reference="114"/>
                  <code>OTHER</code>
                  <conceptReferenceTermMaps id="423"/>
                </conceptReferenceTerm>
              </org.openmrs.ConceptMap>
            </conceptMappings>
          </answerConcept>
          <creator/>
          <dateCreated id="424">2009-05-13 12:34:56</dateCreated>
          <sortWeight>1485.0</sortWeight>
        </org.openmrs.ConceptAnswer>
        <org.openmrs.ConceptAnswer id="425" uuid="1483CCCCCCCCCCCCCCCCCCCCCCCCCCCCCCCC">
          <conceptAnswerId>1483</conceptAnswerId>
          <concept reference="342"/>
          <answerConcept id="426" uuid="1693AAAAAAAAAAAAAAAAAAAAAAAAAAAAAAAA">
            <conceptId>1693</conceptId>
            <retired>false</retired>
            <retiredBy/>
            <datatype id="427" uuid="8d4a5cca-c2cc-11de-8d13-0010c6dffd0f">
              <name>Boolean</name>
              <description>Boolean value (yes/no, true/false)</description>
              <creator/>
              <dateCreated id="428">2004-08-26 00:00:00</dateCreated>
              <retired>false</retired>
              <retiredBy/>
              <conceptDatatypeId>10</conceptDatatypeId>
              <hl7Abbreviation>BIT</hl7Abbreviation>
            </datatype>
            <conceptClass reference="222"/>
            <set>false</set>
            <version></version>
            <creator/>
            <dateCreated id="429">2009-05-13 12:32:19</dateCreated>
            <changedBy/>
            <dateChanged id="430">2011-02-04 20:58:22</dateChanged>
            <names class="set" id="431">
              <org.openmrs.ConceptName id="432" uuid="1973BBBBBBBBBBBBBBBBBBBBBBBBBBBBBBBB">
                <conceptNameId>1973</conceptNameId>
                <concept reference="426"/>
                <name>TRANSFERRED</name>
                <locale id="433">en</locale>
                <creator/>
                <dateCreated id="434">2009-05-13 12:32:19</dateCreated>
                <voided>false</voided>
                <voidedBy/>
                <tags class="set" id="435"/>
                <conceptNameType>FULLY_SPECIFIED</conceptNameType>
                <localePreferred>false</localePreferred>
              </org.openmrs.ConceptName>
              <org.openmrs.ConceptName id="436" uuid="106177BBBBBBBBBBBBBBBBBBBBBBBBBBBBBB">
                <conceptNameId>106177</conceptNameId>
                <concept reference="426"/>
                <name>TRANSFERT</name>
                <locale id="437">fr</locale>
                <creator/>
                <dateCreated id="438">2010-05-03 17:11:20</dateCreated>
                <voided>false</voided>
                <voidedBy/>
                <tags class="set" id="439"/>
                <conceptNameType>FULLY_SPECIFIED</conceptNameType>
                <localePreferred>false</localePreferred>
              </org.openmrs.ConceptName>
              <org.openmrs.ConceptName id="440" uuid="86976BBBBBBBBBBBBBBBBBBBBBBBBBBBBBBB">
                <conceptNameId>86976</conceptNameId>
                <concept reference="426"/>
                <name>transferred</name>
                <locale id="441">en</locale>
                <creator/>
                <dateCreated id="442">2009-05-13 12:32:19</dateCreated>
                <voided>false</voided>
                <voidedBy/>
                <tags class="set" id="443"/>
                <conceptNameType>SHORT</conceptNameType>
                <localePreferred>false</localePreferred>
              </org.openmrs.ConceptName>
            </names>
            <answers class="set" id="444"/>
            <conceptSets class="set" id="445"/>
            <descriptions class="set" id="446"/>
            <conceptMappings class="set" id="447">
              <org.openmrs.ConceptMap id="448" uuid="132706ABBBBBBBBBBBBBBBBBBBBBBBBBBBBB">
                <conceptMapType reference="76"/>
                <creator/>
                <changedBy/>
                <dateCreated id="449">2010-08-23 15:49:10</dateCreated>
                <conceptMapId>132706</conceptMapId>
                <concept reference="426"/>
                <conceptReferenceTerm id="450" uuid="82331ac0-721e-3f2b-a456-6387d25c6b7d">
                  <creator/>
                  <dateCreated id="451">2010-08-23 00:00:00</dateCreated>
                  <changedBy/>
                  <retired>false</retired>
                  <retiredBy/>
                  <conceptReferenceTermId>132706</conceptReferenceTermId>
                  <conceptSource reference="183"/>
                  <code>3000</code>
                  <conceptReferenceTermMaps id="452"/>
                </conceptReferenceTerm>
              </org.openmrs.ConceptMap>
              <org.openmrs.ConceptMap id="453" uuid="137531ABBBBBBBBBBBBBBBBBBBBBBBBBBBBB">
                <conceptMapType reference="67"/>
                <creator/>
                <changedBy/>
                <dateCreated id="454">2010-12-30 19:34:43</dateCreated>
                <conceptMapId>137531</conceptMapId>
                <concept reference="426"/>
                <conceptReferenceTerm id="455" uuid="71bb768c-4d3d-3a7a-afd4-e06988f0146f">
                  <creator/>
                  <dateCreated id="456">2010-12-30 00:00:00</dateCreated>
                  <changedBy/>
                  <retired>false</retired>
                  <retiredBy/>
                  <conceptReferenceTermId>137531</conceptReferenceTermId>
                  <conceptSource reference="72"/>
                  <code>266751003</code>
                  <conceptReferenceTermMaps id="457"/>
                </conceptReferenceTerm>
              </org.openmrs.ConceptMap>
              <org.openmrs.ConceptMap id="458" uuid="132639ABBBBBBBBBBBBBBBBBBBBBBBBBBBBB">
                <conceptMapType reference="76"/>
                <creator/>
                <changedBy/>
                <dateCreated id="459">2010-08-23 15:49:10</dateCreated>
                <conceptMapId>132639</conceptMapId>
                <concept reference="426"/>
                <conceptReferenceTerm id="460" uuid="0eced425-8304-32e9-af97-fbcecc91dc2a">
                  <creator/>
                  <dateCreated id="461">2010-08-23 00:00:00</dateCreated>
                  <changedBy/>
                  <retired>false</retired>
                  <retiredBy/>
                  <conceptReferenceTermId>132639</conceptReferenceTermId>
                  <conceptSource reference="183"/>
                  <code>1744</code>
                  <conceptReferenceTermMaps id="462"/>
                </conceptReferenceTerm>
              </org.openmrs.ConceptMap>
              <org.openmrs.ConceptMap id="463" uuid="137922ABBBBBBBBBBBBBBBBBBBBBBBBBBBBB">
                <conceptMapType reference="76"/>
                <creator/>
                <changedBy/>
                <dateCreated id="464">2011-01-17 20:47:18</dateCreated>
                <conceptMapId>137922</conceptMapId>
                <concept reference="426"/>
                <conceptReferenceTerm id="465" uuid="d6164341-f1fb-3e45-b82d-94c2ae65e3d0">
                  <creator/>
                  <dateCreated id="466">2011-01-17 00:00:00</dateCreated>
                  <changedBy/>
                  <retired>false</retired>
                  <retiredBy/>
                  <conceptReferenceTermId>137922</conceptReferenceTermId>
                  <conceptSource reference="114"/>
                  <code>TRANSFER</code>
                  <conceptReferenceTermMaps id="467"/>
                </conceptReferenceTerm>
              </org.openmrs.ConceptMap>
              <org.openmrs.ConceptMap id="468" uuid="141569ABBBBBBBBBBBBBBBBBBBBBBBBBBBBB">
                <conceptMapType reference="76"/>
                <creator/>
                <changedBy/>
                <dateCreated id="469">2011-02-04 20:58:22</dateCreated>
                <conceptMapId>141569</conceptMapId>
                <concept reference="426"/>
                <conceptReferenceTerm id="470" uuid="b3f7133c-ee98-34ec-a8da-6200b36a5cd8">
                  <creator/>
                  <dateCreated id="471">2011-02-04 00:00:00</dateCreated>
                  <changedBy/>
                  <retired>false</retired>
                  <retiredBy/>
                  <conceptReferenceTermId>141569</conceptReferenceTermId>
                  <conceptSource reference="411"/>
                  <code>16931000105000</code>
                  <conceptReferenceTermMaps id="472"/>
                </conceptReferenceTerm>
              </org.openmrs.ConceptMap>
            </conceptMappings>
          </answerConcept>
          <creator/>
          <dateCreated id="473">2009-05-13 12:34:56</dateCreated>
          <sortWeight>1483.0</sortWeight>
        </org.openmrs.ConceptAnswer>
        <org.openmrs.ConceptAnswer id="474" uuid="1486CCCCCCCCCCCCCCCCCCCCCCCCCCCCCCCC">
          <conceptAnswerId>1486</conceptAnswerId>
          <concept reference="342"/>
          <answerConcept id="475" uuid="159AAAAAAAAAAAAAAAAAAAAAAAAAAAAAAAAA">
            <conceptId>159</conceptId>
            <retired>false</retired>
            <retiredBy/>
            <datatype reference="43"/>
            <conceptClass reference="148"/>
            <set>false</set>
            <version></version>
            <creator/>
            <dateCreated id="476">2004-01-01 00:00:00</dateCreated>
            <changedBy/>
            <dateChanged id="477">2012-10-09 22:02:18</dateChanged>
            <names class="set" id="478">
              <org.openmrs.ConceptName id="479" uuid="181BBBBBBBBBBBBBBBBBBBBBBBBBBBBBBBBB">
                <conceptNameId>181</conceptNameId>
                <concept reference="475"/>
                <name>DÉCÉDÉ</name>
                <locale id="480">fr</locale>
                <creator/>
                <dateCreated id="481">2007-08-17 12:32:24</dateCreated>
                <voided>false</voided>
                <voidedBy/>
                <tags class="set" id="482"/>
                <conceptNameType>FULLY_SPECIFIED</conceptNameType>
                <localePreferred>false</localePreferred>
              </org.openmrs.ConceptName>
              <org.openmrs.ConceptName id="483" uuid="180BBBBBBBBBBBBBBBBBBBBBBBBBBBBBBBBB">
                <conceptNameId>180</conceptNameId>
                <concept reference="475"/>
                <name>DECEASED</name>
                <locale id="484">en</locale>
                <creator/>
                <dateCreated id="485">2004-01-01 00:00:00</dateCreated>
                <voided>false</voided>
                <voidedBy/>
                <tags class="set" id="486"/>
                <conceptNameType>FULLY_SPECIFIED</conceptNameType>
                <localePreferred>false</localePreferred>
              </org.openmrs.ConceptName>
              <org.openmrs.ConceptName id="487" uuid="182BBBBBBBBBBBBBBBBBBBBBBBBBBBBBBBBB">
                <conceptNameId>182</conceptNameId>
                <concept reference="475"/>
                <name>Mfiwa</name>
                <locale id="488">sw</locale>
                <creator/>
                <dateCreated id="489">2007-12-11 21:28:21</dateCreated>
                <voided>false</voided>
                <voidedBy/>
                <tags class="set" id="490"/>
                <conceptNameType>FULLY_SPECIFIED</conceptNameType>
                <localePreferred>false</localePreferred>
              </org.openmrs.ConceptName>
            </names>
            <answers class="set" id="491"/>
            <conceptSets class="set" id="492"/>
            <descriptions class="set" id="493">
              <org.openmrs.ConceptDescription id="494" uuid="159FFFFFFFFFFFFFFFFFFFFFFFFFFFFFFFFF">
                <conceptDescriptionId>159</conceptDescriptionId>
                <concept reference="475"/>
                <description>aliyefiwa au mfiwa</description>
                <locale id="495">sw</locale>
                <creator/>
                <dateCreated id="496">2007-12-11 21:28:21</dateCreated>
                <changedBy/>
                <dateChanged id="497">2012-10-09 22:02:18</dateChanged>
              </org.openmrs.ConceptDescription>
              <org.openmrs.ConceptDescription id="498" uuid="158FFFFFFFFFFFFFFFFFFFFFFFFFFFFFFFFF">
                <conceptDescriptionId>158</conceptDescriptionId>
                <concept reference="475"/>
                <description>Patient died.</description>
                <locale id="499">en</locale>
                <creator/>
                <dateCreated id="500">2004-01-01 00:00:00</dateCreated>
                <changedBy/>
                <dateChanged id="501">2012-10-09 22:02:18</dateChanged>
              </org.openmrs.ConceptDescription>
            </descriptions>
            <conceptMappings class="set" id="502">
              <org.openmrs.ConceptMap id="503" uuid="134021ABBBBBBBBBBBBBBBBBBBBBBBBBBBBB">
                <conceptMapType reference="76"/>
                <creator/>
                <changedBy/>
                <dateCreated id="504">2010-10-24 13:09:59</dateCreated>
                <conceptMapId>134021</conceptMapId>
                <concept reference="475"/>
                <conceptReferenceTerm id="505" uuid="6e2ddd50-b700-35f1-8a0c-63edb766eb6a">
                  <creator/>
                  <dateCreated id="506">2010-10-24 00:00:00</dateCreated>
                  <changedBy/>
                  <retired>false</retired>
                  <retiredBy/>
                  <conceptReferenceTermId>134021</conceptReferenceTermId>
                  <conceptSource reference="176"/>
                  <code>159</code>
                  <conceptReferenceTermMaps id="507"/>
                </conceptReferenceTerm>
              </org.openmrs.ConceptMap>
              <org.openmrs.ConceptMap id="508" uuid="145925ABBBBBBBBBBBBBBBBBBBBBBBBBBBBB">
                <conceptMapType reference="67"/>
                <creator/>
                <changedBy/>
                <dateCreated id="509">2012-10-09 22:02:18</dateCreated>
                <conceptMapId>145925</conceptMapId>
                <concept reference="475"/>
                <conceptReferenceTerm id="510" uuid="e71e93a5-d1cd-36ff-ba1e-7a76aa439bf0">
                  <creator/>
                  <dateCreated id="511">2010-04-25 00:00:00</dateCreated>
                  <changedBy/>
                  <retired>false</retired>
                  <retiredBy/>
                  <conceptReferenceTermId>117231</conceptReferenceTermId>
                  <conceptSource id="512" uuid="3f65bd34-26fe-102b-80cb-0017a47871b2">
                    <name>ICD-10-WHO</name>
                    <description>ICD-10 WHO Version</description>
                    <creator/>
                    <dateCreated id="513">2010-04-25 11:13:15</dateCreated>
                    <retired>false</retired>
                    <retiredBy/>
                    <conceptSourceId>3</conceptSourceId>
                  </conceptSource>
                  <code>R69</code>
                  <conceptReferenceTermMaps id="514"/>
                </conceptReferenceTerm>
              </org.openmrs.ConceptMap>
              <org.openmrs.ConceptMap id="515" uuid="137046ABBBBBBBBBBBBBBBBBBBBBBBBBBBBB">
                <conceptMapType reference="76"/>
                <creator/>
                <changedBy/>
                <dateCreated id="516">2010-12-05 17:51:52</dateCreated>
                <conceptMapId>137046</conceptMapId>
                <concept reference="475"/>
                <conceptReferenceTerm reference="119"/>
              </org.openmrs.ConceptMap>
            </conceptMappings>
          </answerConcept>
          <creator/>
          <dateCreated id="517">2009-05-13 12:34:56</dateCreated>
          <sortWeight>1486.0</sortWeight>
        </org.openmrs.ConceptAnswer>
        <org.openmrs.ConceptAnswer id="518" uuid="1482CCCCCCCCCCCCCCCCCCCCCCCCCCCCCCCC">
          <conceptAnswerId>1482</conceptAnswerId>
          <concept reference="342"/>
          <answerConcept id="519" uuid="1694AAAAAAAAAAAAAAAAAAAAAAAAAAAAAAAA">
            <conceptId>1694</conceptId>
            <retired>false</retired>
            <retiredBy/>
            <datatype reference="427"/>
            <conceptClass reference="222"/>
            <set>false</set>
            <version></version>
            <creator/>
            <dateCreated id="520">2009-05-13 12:33:09</dateCreated>
            <changedBy/>
            <dateChanged id="521">2010-12-30 19:37:50</dateChanged>
            <names class="set" id="522">
              <org.openmrs.ConceptName id="523" uuid="105998BBBBBBBBBBBBBBBBBBBBBBBBBBBBBB">
                <conceptNameId>105998</conceptNameId>
                <concept reference="519"/>
                <name>SORTIE CONTRE AVIS MÉDICAL</name>
                <locale id="524">fr</locale>
                <creator/>
                <dateCreated id="525">2010-05-03 17:11:17</dateCreated>
                <voided>false</voided>
                <voidedBy/>
                <tags class="set" id="526"/>
                <conceptNameType>FULLY_SPECIFIED</conceptNameType>
                <localePreferred>false</localePreferred>
              </org.openmrs.ConceptName>
              <org.openmrs.ConceptName id="527" uuid="86977BBBBBBBBBBBBBBBBBBBBBBBBBBBBBBB">
                <conceptNameId>86977</conceptNameId>
                <concept reference="519"/>
                <name>left AMA</name>
                <locale id="528">en</locale>
                <creator/>
                <dateCreated id="529">2009-05-13 12:33:09</dateCreated>
                <voided>false</voided>
                <voidedBy/>
                <tags class="set" id="530"/>
                <conceptNameType>SHORT</conceptNameType>
                <localePreferred>false</localePreferred>
              </org.openmrs.ConceptName>
              <org.openmrs.ConceptName id="531" uuid="97940BBBBBBBBBBBBBBBBBBBBBBBBBBBBBBB">
                <conceptNameId>97940</conceptNameId>
                <concept reference="519"/>
                <name>SELF-DISCHARGED</name>
                <locale id="532">en</locale>
                <creator/>
                <dateCreated id="533">2009-05-13 12:33:09</dateCreated>
                <voided>false</voided>
                <voidedBy/>
                <tags class="set" id="534"/>
                <localePreferred>false</localePreferred>
              </org.openmrs.ConceptName>
              <org.openmrs.ConceptName id="535" uuid="1974BBBBBBBBBBBBBBBBBBBBBBBBBBBBBBBB">
                <conceptNameId>1974</conceptNameId>
                <concept reference="519"/>
                <name>LEFT AGAINST MEDICAL ADVICE</name>
                <locale id="536">en</locale>
                <creator/>
                <dateCreated id="537">2009-05-13 12:33:09</dateCreated>
                <voided>false</voided>
                <voidedBy/>
                <tags class="set" id="538"/>
                <conceptNameType>FULLY_SPECIFIED</conceptNameType>
                <localePreferred>false</localePreferred>
              </org.openmrs.ConceptName>
              <org.openmrs.ConceptName id="539" uuid="93887BBBBBBBBBBBBBBBBBBBBBBBBBBBBBBB">
                <conceptNameId>93887</conceptNameId>
                <concept reference="519"/>
                <name>LEFT AMA</name>
                <locale id="540">en</locale>
                <creator/>
                <dateCreated id="541">2009-05-13 12:33:09</dateCreated>
                <voided>false</voided>
                <voidedBy/>
                <tags class="set" id="542"/>
                <localePreferred>false</localePreferred>
              </org.openmrs.ConceptName>
            </names>
            <answers class="set" id="543"/>
            <conceptSets class="set" id="544"/>
            <descriptions class="set" id="545"/>
            <conceptMappings class="set" id="546">
              <org.openmrs.ConceptMap id="547" uuid="137532ABBBBBBBBBBBBBBBBBBBBBBBBBBBBB">
                <conceptMapType reference="76"/>
                <creator/>
                <changedBy/>
                <dateCreated id="548">2010-12-30 19:37:50</dateCreated>
                <conceptMapId>137532</conceptMapId>
                <concept reference="519"/>
                <conceptReferenceTerm id="549" uuid="2549e903-25a0-3738-844d-fe896e63cb0d">
                  <creator/>
                  <dateCreated id="550">2010-12-30 00:00:00</dateCreated>
                  <changedBy/>
                  <retired>false</retired>
                  <retiredBy/>
                  <conceptReferenceTermId>137532</conceptReferenceTermId>
                  <conceptSource reference="81"/>
                  <code>445060000</code>
                  <conceptReferenceTermMaps id="551"/>
                </conceptReferenceTerm>
              </org.openmrs.ConceptMap>
            </conceptMappings>
          </answerConcept>
          <creator/>
          <dateCreated id="552">2009-05-13 12:34:56</dateCreated>
          <sortWeight>1482.0</sortWeight>
        </org.openmrs.ConceptAnswer>
        <org.openmrs.ConceptAnswer id="553" uuid="1484CCCCCCCCCCCCCCCCCCCCCCCCCCCCCCCC">
          <conceptAnswerId>1484</conceptAnswerId>
          <concept reference="342"/>
          <answerConcept id="554" uuid="1692AAAAAAAAAAAAAAAAAAAAAAAAAAAAAAAA">
            <conceptId>1692</conceptId>
            <retired>false</retired>
            <retiredBy/>
            <datatype reference="427"/>
            <conceptClass reference="222"/>
            <set>false</set>
            <version></version>
            <creator/>
            <dateCreated id="555">2009-05-13 12:31:43</dateCreated>
            <changedBy/>
            <dateChanged id="556">2010-09-23 12:54:09</dateChanged>
            <names class="set" id="557">
              <org.openmrs.ConceptName id="558" uuid="86975BBBBBBBBBBBBBBBBBBBBBBBBBBBBBBB">
                <conceptNameId>86975</conceptNameId>
                <concept reference="554"/>
                <name>discharged</name>
                <locale id="559">en</locale>
                <creator/>
                <dateCreated id="560">2009-05-13 12:31:43</dateCreated>
                <voided>false</voided>
                <voidedBy/>
                <tags class="set" id="561"/>
                <conceptNameType>SHORT</conceptNameType>
                <localePreferred>false</localePreferred>
              </org.openmrs.ConceptName>
              <org.openmrs.ConceptName id="562" uuid="105886BBBBBBBBBBBBBBBBBBBBBBBBBBBBBB">
                <conceptNameId>105886</conceptNameId>
                <concept reference="554"/>
                <name>DÉCHARGE SIGNÉE</name>
                <locale id="563">fr</locale>
                <creator/>
                <dateCreated id="564">2010-05-03 17:07:47</dateCreated>
                <voided>false</voided>
                <voidedBy/>
                <tags class="set" id="565"/>
                <conceptNameType>FULLY_SPECIFIED</conceptNameType>
                <localePreferred>false</localePreferred>
              </org.openmrs.ConceptName>
              <org.openmrs.ConceptName id="566" uuid="1972BBBBBBBBBBBBBBBBBBBBBBBBBBBBBBBB">
                <conceptNameId>1972</conceptNameId>
                <concept reference="554"/>
                <name>DISCHARGED</name>
                <locale id="567">en</locale>
                <creator/>
                <dateCreated id="568">2009-05-13 12:31:43</dateCreated>
                <voided>false</voided>
                <voidedBy/>
                <tags class="set" id="569"/>
                <conceptNameType>FULLY_SPECIFIED</conceptNameType>
                <localePreferred>false</localePreferred>
              </org.openmrs.ConceptName>
            </names>
            <answers class="set" id="570"/>
            <conceptSets class="set" id="571"/>
            <descriptions class="set" id="572"/>
            <conceptMappings class="set" id="573">
              <org.openmrs.ConceptMap id="574" uuid="132726ABBBBBBBBBBBBBBBBBBBBBBBBBBBBB">
                <conceptMapType reference="76"/>
                <creator/>
                <changedBy/>
                <dateCreated id="575">2010-08-23 15:49:10</dateCreated>
                <conceptMapId>132726</conceptMapId>
                <concept reference="554"/>
                <conceptReferenceTerm id="576" uuid="fc81d755-a94c-34aa-8440-9980df0cb6a3">
                  <creator/>
                  <dateCreated id="577">2010-08-23 00:00:00</dateCreated>
                  <changedBy/>
                  <retired>false</retired>
                  <retiredBy/>
                  <conceptReferenceTermId>132726</conceptReferenceTermId>
                  <conceptSource reference="81"/>
                  <code>183665006</code>
                  <conceptReferenceTermMaps id="578"/>
                </conceptReferenceTerm>
              </org.openmrs.ConceptMap>
              <org.openmrs.ConceptMap id="579" uuid="133415ABBBBBBBBBBBBBBBBBBBBBBBBBBBBB">
                <conceptMapType reference="76"/>
                <creator/>
                <changedBy/>
                <dateCreated id="580">2010-09-20 17:27:10</dateCreated>
                <conceptMapId>133415</conceptMapId>
                <concept reference="554"/>
                <conceptReferenceTerm id="581" uuid="c3cff5e9-e759-3bbf-8a39-6e8adb497f1d">
                  <creator/>
                  <dateCreated id="582">2010-09-20 00:00:00</dateCreated>
                  <changedBy/>
                  <retired>false</retired>
                  <retiredBy/>
                  <conceptReferenceTermId>133415</conceptReferenceTermId>
                  <conceptSource reference="183"/>
                  <code>3626</code>
                  <conceptReferenceTermMaps id="583"/>
                </conceptReferenceTerm>
              </org.openmrs.ConceptMap>
            </conceptMappings>
          </answerConcept>
          <creator/>
          <dateCreated id="584">2009-05-13 12:34:56</dateCreated>
          <sortWeight>1484.0</sortWeight>
        </org.openmrs.ConceptAnswer>
      </answers>
      <conceptSets class="set" id="585"/>
      <descriptions class="set" id="586">
        <org.openmrs.ConceptDescription id="587" uuid="1529FFFFFFFFFFFFFFFFFFFFFFFFFFFFFFFF">
          <conceptDescriptionId>1529</conceptDescriptionId>
          <concept reference="342"/>
          <description>Status of patient on discharge.</description>
          <locale id="588">en</locale>
          <creator/>
          <dateCreated id="589">2009-05-13 12:34:56</dateCreated>
          <changedBy/>
        </org.openmrs.ConceptDescription>
      </descriptions>
      <conceptMappings class="set" id="590">
        <org.openmrs.ConceptMap id="591" uuid="137533ABBBBBBBBBBBBBBBBBBBBBBBBBBBBB">
          <conceptMapType reference="76"/>
          <creator/>
          <changedBy/>
          <dateCreated id="592">2010-12-30 19:41:02</dateCreated>
          <conceptMapId>137533</conceptMapId>
          <concept reference="342"/>
          <conceptReferenceTerm id="593" uuid="a595264f-9d6f-36f2-9ae6-141f1f0efdd7">
            <creator/>
            <dateCreated id="594">2010-12-30 00:00:00</dateCreated>
            <changedBy/>
            <retired>false</retired>
            <retiredBy/>
            <conceptReferenceTermId>137533</conceptReferenceTermId>
            <conceptSource reference="81"/>
            <code>309039003</code>
            <conceptReferenceTermMaps id="595"/>
          </conceptReferenceTerm>
        </org.openmrs.ConceptMap>
      </conceptMappings>
    </outcomesConcept>
    <allWorkflows id="596"/>
  </org.openmrs.Program>
  <org.openmrs.Provider id="597" uuid="ae01b8ff-a4cc-4012-bcf7-72359e852e14">
    <creator/>
    <dateCreated id="598">2012-08-08 23:40:58</dateCreated>
    <retired>false</retired>
    <attributes id="599"/>
    <log class="org.apache.commons.logging.impl.SLF4JLocationAwareLog" id="600">
      <name>org.openmrs.Provider</name>
    </log>
    <providerId>2</providerId>
    <person id="601" uuid="1cc7dc79-ad09-4897-8a1d-0b3d3226e9ee">
      <voided>false</voided>
      <personId>9</personId>
      <addresses class="tree-set" id="602">
        <no-comparator/>
      </addresses>
      <names class="tree-set" id="603">
        <no-comparator/>
        <org.openmrs.PersonName id="604" uuid="02d1c5a1-ee17-4b0b-ad7a-5f37766d020e">
          <creator/>
          <dateCreated id="605">2012-08-08 23:40:16</dateCreated>
          <voided>false</voided>
          <personNameId>9</personNameId>
          <person reference="601"/>
          <preferred>false</preferred>
          <givenName>Unknown</givenName>
          <familyName>Provider</familyName>
        </org.openmrs.PersonName>
      </names>
      <attributes class="tree-set" id="606">
        <no-comparator/>
      </attributes>
      <gender>F</gender>
      <birthdateEstimated>false</birthdateEstimated>
      <dead>false</dead>
      <personCreator/>
      <personDateCreated id="607">2012-08-08 23:40:16</personDateCreated>
      <personVoided>false</personVoided>
      <isPatient>false</isPatient>
    </person>
    <identifier>UNKNOWN</identifier>
  </org.openmrs.Provider>
</list>
