<?xml version="1.0" encoding="UTF-8"?>
<package id="1" uuid="57117661-5173-40ad-8c50-e861d8e9272f">
  <dateCreated id="2">2013-08-14 11:51:19</dateCreated>
  <name>Kenya EMR Forms</name>
  <description>Forms for the Kenya EMR</description>
  <openmrsVersion>1.9.3  Build f535e9</openmrsVersion>
  <version>22</version>
  <groupUuid>eb6791b2-fab4-4915-ab73-4fee8ec84ca6</groupUuid>
  <modules id="3">
    <entry>
      <string>groovy</string>
      <string>2.2.4</string>
    </entry>
    <entry>
      <string>metadatamapping</string>
      <string>1.0.1</string>
    </entry>
    <entry>
      <string>metadatasharing</string>
      <string>1.1.8</string>
    </entry>
    <entry>
      <string>logic</string>
      <string>0.5.2</string>
    </entry>
    <entry>
      <string>kenyamflsync</string>
      <string>1.1</string>
    </entry>
    <entry>
      <string>serialization.xstream</string>
      <string>0.2.7</string>
    </entry>
  </modules>
  <items class="linked-hash-set" id="4">
    <org.openmrs.module.metadatasharing.Item id="5" uuid="8e4e1abf-7c08-4ba8-b6d8-19a9f1ccb6c9">
      <id>24</id>
      <classname>org.openmrs.Form</classname>
      <dateChanged id="6">2013-01-31 09:11:24</dateChanged>
      <retired>false</retired>
    </org.openmrs.module.metadatasharing.Item>
    <org.openmrs.module.metadatasharing.Item id="7" uuid="59ed8e62-7f1f-40ae-a2e3-eabe350277ce">
      <id>19</id>
      <classname>org.openmrs.Form</classname>
      <dateChanged id="8">2013-04-18 16:57:08</dateChanged>
      <retired>false</retired>
    </org.openmrs.module.metadatasharing.Item>
    <org.openmrs.module.metadatasharing.Item id="9" uuid="37f6bd8d-586a-4169-95fa-5781f987fe62">
      <id>17</id>
      <classname>org.openmrs.Form</classname>
      <dateChanged id="10">2013-01-31 09:11:24</dateChanged>
      <retired>false</retired>
    </org.openmrs.module.metadatasharing.Item>
    <org.openmrs.module.metadatasharing.Item id="11" uuid="7e603909-9ed5-4d0c-a688-26ecb05d8b6e">
      <id>20</id>
      <classname>org.openmrs.Form</classname>
      <dateChanged id="12">2013-02-11 15:39:52</dateChanged>
      <retired>false</retired>
    </org.openmrs.module.metadatasharing.Item>
    <org.openmrs.module.metadatasharing.Item id="13" uuid="e3237ede-fa70-451f-9e6c-0908bc39f8b9">
      <id>27</id>
      <classname>org.openmrs.Form</classname>
      <dateChanged id="14">2013-04-30 11:56:05</dateChanged>
      <retired>false</retired>
    </org.openmrs.module.metadatasharing.Item>
    <org.openmrs.module.metadatasharing.Item id="15" uuid="89994550-9939-40f3-afa6-173bce445c79">
      <id>23</id>
      <classname>org.openmrs.Form</classname>
      <dateChanged id="16">2013-04-18 16:56:07</dateChanged>
      <retired>false</retired>
    </org.openmrs.module.metadatasharing.Item>
    <org.openmrs.module.metadatasharing.Item id="17" uuid="d4ff8ad1-19f8-484f-9395-04c755de9a47">
      <id>26</id>
      <classname>org.openmrs.Form</classname>
      <dateChanged id="18">2013-01-31 09:11:25</dateChanged>
      <retired>false</retired>
    </org.openmrs.module.metadatasharing.Item>
    <org.openmrs.module.metadatasharing.Item id="19" uuid="0038a296-62f8-4099-80e5-c9ea7590c157">
      <id>13</id>
      <classname>org.openmrs.Form</classname>
      <dateChanged id="20">2013-01-31 09:11:25</dateChanged>
      <retired>false</retired>
    </org.openmrs.module.metadatasharing.Item>
    <org.openmrs.module.metadatasharing.Item id="21" uuid="4b296dd0-f6be-4007-9eb8-d0fd4e94fb3a">
      <id>18</id>
      <classname>org.openmrs.Form</classname>
      <dateChanged id="22">2013-04-18 16:55:38</dateChanged>
      <retired>false</retired>
    </org.openmrs.module.metadatasharing.Item>
    <org.openmrs.module.metadatasharing.Item id="23" uuid="2daabb77-7ad6-4952-864b-8d23e109c69d">
      <id>16</id>
      <classname>org.openmrs.Form</classname>
      <dateChanged id="24">2013-04-18 16:56:37</dateChanged>
      <retired>false</retired>
    </org.openmrs.module.metadatasharing.Item>
    <org.openmrs.module.metadatasharing.Item id="25" uuid="23b4ebbd-29ad-455e-be0e-04aa6bc30798">
      <id>15</id>
      <classname>org.openmrs.Form</classname>
      <dateChanged id="26">2013-04-18 16:55:03</dateChanged>
      <retired>false</retired>
    </org.openmrs.module.metadatasharing.Item>
    <org.openmrs.module.metadatasharing.Item id="27" uuid="755b59e6-acbb-4853-abaf-be302039f902">
      <id>31</id>
      <classname>org.openmrs.Form</classname>
      <dateChanged id="28">2013-08-14 07:57:16</dateChanged>
      <retired>false</retired>
    </org.openmrs.module.metadatasharing.Item>
    <org.openmrs.module.metadatasharing.Item id="29" uuid="e958f902-64df-4819-afd4-7fb061f59308">
      <id>29</id>
      <classname>org.openmrs.Form</classname>
      <dateChanged id="30">2013-01-31 09:11:25</dateChanged>
      <retired>false</retired>
    </org.openmrs.module.metadatasharing.Item>
    <org.openmrs.module.metadatasharing.Item id="31" uuid="b4f3859e-861c-4a63-bdff-eb7392030d47">
      <id>30</id>
      <classname>org.openmrs.Form</classname>
      <dateChanged id="32">2013-08-14 07:59:10</dateChanged>
      <retired>false</retired>
    </org.openmrs.module.metadatasharing.Item>
    <org.openmrs.module.metadatasharing.Item id="33" uuid="7efa0ee0-6617-4cd7-8310-9f95dfee7a82">
      <id>21</id>
      <classname>org.openmrs.Form</classname>
      <dateChanged id="34">2013-01-31 09:11:25</dateChanged>
      <retired>false</retired>
    </org.openmrs.module.metadatasharing.Item>
    <org.openmrs.module.metadatasharing.Item id="35" uuid="e4b506c1-7379-42b6-a374-284469cba8da">
      <id>28</id>
      <classname>org.openmrs.Form</classname>
      <dateChanged id="36">2013-01-31 09:11:25</dateChanged>
      <retired>false</retired>
    </org.openmrs.module.metadatasharing.Item>
    <org.openmrs.module.metadatasharing.Item id="37" uuid="bd598114-4ef4-47b1-a746-a616180ccfc0">
      <id>25</id>
      <classname>org.openmrs.Form</classname>
      <dateChanged id="38">2013-02-13 09:41:21</dateChanged>
      <retired>false</retired>
    </org.openmrs.module.metadatasharing.Item>
    <org.openmrs.module.metadatasharing.Item id="39" uuid="8553d869-bdc8-4287-8505-910c7c998aff">
      <id>22</id>
      <classname>org.openmrs.Form</classname>
      <dateChanged id="40">2013-08-14 07:50:02</dateChanged>
      <retired>false</retired>
    </org.openmrs.module.metadatasharing.Item>
    <org.openmrs.module.metadatasharing.Item id="41" uuid="1dd02c43-904b-4206-8378-7b1a8414c326">
      <id>14</id>
      <classname>org.openmrs.Form</classname>
      <dateChanged id="42">2013-08-14 07:49:41</dateChanged>
      <retired>false</retired>
    </org.openmrs.module.metadatasharing.Item>
  </items>
  <relatedItems class="linked-hash-set" id="43">
    <org.openmrs.module.metadatasharing.Item id="44" uuid="465a92f2-baf8-42e9-9612-53064be868e8">
      <id>10</id>
      <classname>org.openmrs.EncounterType</classname>
      <dateChanged id="45">2012-06-26 06:19:31</dateChanged>
      <retired>false</retired>
    </org.openmrs.module.metadatasharing.Item>
    <org.openmrs.module.metadatasharing.Item id="46" uuid="ed6dacc9-0827-4c82-86be-53c0d8c449be">
      <id>14</id>
      <classname>org.openmrs.EncounterType</classname>
      <dateChanged id="47">2013-03-06 08:04:31</dateChanged>
      <retired>false</retired>
    </org.openmrs.module.metadatasharing.Item>
    <org.openmrs.module.metadatasharing.Item id="48" uuid="d1059fb9-a079-4feb-a749-eedd709ae542">
      <id>8</id>
      <classname>org.openmrs.EncounterType</classname>
      <dateChanged id="49">2012-06-26 06:15:56</dateChanged>
      <retired>false</retired>
    </org.openmrs.module.metadatasharing.Item>
    <org.openmrs.module.metadatasharing.Item id="50" uuid="2bdada65-4c72-4a48-8730-859890e25cee">
      <id>16</id>
      <classname>org.openmrs.EncounterType</classname>
      <dateChanged id="51">2013-04-18 07:59:38</dateChanged>
      <retired>false</retired>
    </org.openmrs.module.metadatasharing.Item>
    <org.openmrs.module.metadatasharing.Item id="52" uuid="9d8498a4-372d-4dc4-a809-513a2434621e">
      <id>15</id>
      <classname>org.openmrs.EncounterType</classname>
      <dateChanged id="53">2013-04-18 07:51:20</dateChanged>
      <retired>false</retired>
    </org.openmrs.module.metadatasharing.Item>
    <org.openmrs.module.metadatasharing.Item id="54" uuid="d3e3d723-7458-4b4e-8998-408e8a551a84">
      <id>17</id>
      <classname>org.openmrs.EncounterType</classname>
      <dateChanged id="55">2013-04-18 08:01:09</dateChanged>
      <retired>false</retired>
    </org.openmrs.module.metadatasharing.Item>
    <org.openmrs.module.metadatasharing.Item id="56" uuid="fbf0bfce-e9f4-45bb-935a-59195d8a0e35">
      <id>18</id>
      <classname>org.openmrs.EncounterType</classname>
      <dateChanged id="57">2013-04-18 09:10:26</dateChanged>
      <retired>false</retired>
    </org.openmrs.module.metadatasharing.Item>
    <org.openmrs.module.metadatasharing.Item id="58" uuid="a0034eee-1940-4e35-847f-97537a35d05e">
      <id>11</id>
      <classname>org.openmrs.EncounterType</classname>
      <dateChanged id="59">2012-06-26 06:20:28</dateChanged>
      <retired>false</retired>
    </org.openmrs.module.metadatasharing.Item>
    <org.openmrs.module.metadatasharing.Item id="60" uuid="bcc6da85-72f2-4291-b206-789b8186a021">
      <id>21</id>
      <classname>org.openmrs.EncounterType</classname>
      <dateChanged id="61">2013-08-14 07:47:02</dateChanged>
      <retired>false</retired>
    </org.openmrs.module.metadatasharing.Item>
    <org.openmrs.module.metadatasharing.Item id="62" uuid="82169b8d-c945-4c41-be62-433dfd9d6c86">
      <id>22</id>
      <classname>org.openmrs.EncounterType</classname>
      <dateChanged id="63">2013-08-14 07:58:50</dateChanged>
      <retired>false</retired>
    </org.openmrs.module.metadatasharing.Item>
    <org.openmrs.module.metadatasharing.Item id="64" uuid="de1f9d67-b73e-4e1b-90d0-036166fc6995">
      <id>6</id>
      <classname>org.openmrs.EncounterType</classname>
      <dateChanged id="65">2012-06-26 06:14:17</dateChanged>
      <retired>false</retired>
    </org.openmrs.module.metadatasharing.Item>
    <org.openmrs.module.metadatasharing.Item id="66" uuid="de78a6be-bfc5-4634-adc3-5f1a280455cc">
      <id>7</id>
      <classname>org.openmrs.EncounterType</classname>
      <dateChanged id="67">2012-06-26 06:15:01</dateChanged>
      <retired>false</retired>
    </org.openmrs.module.metadatasharing.Item>
    <org.openmrs.module.metadatasharing.Item id="68" uuid="415f5136-ca4a-49a8-8db3-f994187c3af6">
      <id>19</id>
      <classname>org.openmrs.EncounterType</classname>
      <dateChanged id="69">2013-08-14 07:44:33</dateChanged>
      <retired>false</retired>
    </org.openmrs.module.metadatasharing.Item>
    <org.openmrs.module.metadatasharing.Item id="70" uuid="5feee3f1-aa16-4513-8bd0-5d9b27ef1208">
      <id>20</id>
      <classname>org.openmrs.EncounterType</classname>
      <dateChanged id="71">2013-08-14 07:45:51</dateChanged>
      <retired>false</retired>
    </org.openmrs.module.metadatasharing.Item>
  </relatedItems>
  <incrementalVersion>false</incrementalVersion>
</package>
