<?xml version="1.0" encoding="UTF-8"?>
<list id="1">
  <org.openmrs.LocationAttributeType id="2" uuid="8a845a89-6aa5-4111-81d3-0af31c45c002">
    <name>Master Facility Code</name>
    <description>Code for linking to the Ministry of Health&apos;s Master Facility List.&#xd;
(This is a sequential number allocated to each facility when it is added to the master list, allocated by the central database of the ministry.)</description>
    <creator/>
    <dateCreated id="3">2012-06-18 23:33:24</dateCreated>
    <changedBy/>
    <dateChanged id="4">2013-01-25 09:45:08</dateChanged>
    <retired>false</retired>
    <minOccurs>0</minOccurs>
    <maxOccurs>1</maxOccurs>
    <datatypeClassname>org.openmrs.customdatatype.datatype.RegexValidatedTextDatatype</datatypeClassname>
    <datatypeConfig>\d{5}</datatypeConfig>
    <locationAttributeTypeId>1</locationAttributeTypeId>
  </org.openmrs.LocationAttributeType>
  <org.openmrs.PatientIdentifierType id="5" uuid="05ee9cf4-7242-4a17-b4d4-00f707265c8a">
    <name>Unique Patient Number</name>
    <description>Assigned to every HIV patient, from the facility code (from the master facility list) and a sequential number</description>
    <creator/>
    <dateCreated id="6">2012-06-25 01:43:42</dateCreated>
    <retired>false</retired>
    <patientIdentifierTypeId>3</patientIdentifierTypeId>
    <format>\d+</format>
    <required>false</required>
    <formatDescription>facility code, followed by sequential number</formatDescription>
    <checkDigit>false</checkDigit>
    <locationBehavior>NOT_USED</locationBehavior>
  </org.openmrs.PatientIdentifierType>
  <org.openmrs.PatientIdentifierType id="7" uuid="d8ee3b8c-a8fc-4d6b-af6a-9423be5f8906">
    <name>District Registration Number</name>
    <description>Assigned to the patient at a TB clinic service to represent the district (not globally unique)</description>
    <creator/>
    <dateCreated id="8">2013-02-05 08:12:12</dateCreated>
    <retired>false</retired>
    <patientIdentifierTypeId>7</patientIdentifierTypeId>
    <required>false</required>
    <checkDigit>false</checkDigit>
    <locationBehavior>NOT_USED</locationBehavior>
  </org.openmrs.PatientIdentifierType>
  <org.openmrs.PatientIdentifierType id="9" uuid="c4e3caca-2dcc-4dc4-a8d9-513b6e63af91">
    <name>TB Treatment Number</name>
    <description>Assigned to the patient at a TB clinic service (not globally unique)</description>
    <creator/>
    <dateCreated id="10">2013-02-05 08:10:04</dateCreated>
    <retired>false</retired>
    <patientIdentifierTypeId>6</patientIdentifierTypeId>
    <required>false</required>
    <checkDigit>false</checkDigit>
    <locationBehavior>NOT_USED</locationBehavior>
  </org.openmrs.PatientIdentifierType>
  <org.openmrs.PatientIdentifierType id="11" uuid="0691f522-dd67-4eeb-92c8-af5083baf338">
    <name>HEI ID Number</name>
    <description>Assigned to a child patient when enrolling into HEI program</description>
    <creator/>
    <dateCreated id="12">2013-03-11 13:23:27</dateCreated>
    <retired>false</retired>
    <patientIdentifierTypeId>8</patientIdentifierTypeId>
    <required>false</required>
    <checkDigit>false</checkDigit>
    <locationBehavior>NOT_USED</locationBehavior>
  </org.openmrs.PatientIdentifierType>
  <org.openmrs.PatientIdentifierType id="13" uuid="dfacd928-0370-4315-99d7-6ec1c9f7ae76">
    <name>OpenMRS ID</name>
    <description>Medical Record Number, generated by OpenMRS for every patient record</description>
    <creator/>
    <dateCreated id="14">2012-06-25 01:44:50</dateCreated>
    <retired>false</retired>
    <patientIdentifierTypeId>4</patientIdentifierTypeId>
    <required>true</required>
    <checkDigit>true</checkDigit>
    <validator>org.openmrs.module.idgen.validator.LuhnMod25IdentifierValidator</validator>
    <locationBehavior>REQUIRED</locationBehavior>
  </org.openmrs.PatientIdentifierType>
  <org.openmrs.PatientIdentifierType id="15" uuid="b4d66522-11fc-45c7-83e3-39a1af21ae0d">
    <name>Patient Clinic Number</name>
    <description>Assigned to the patient at a clinic service (not globally unique)</description>
    <creator/>
    <dateCreated id="16">2012-06-25 02:35:39</dateCreated>
    <retired>false</retired>
    <patientIdentifierTypeId>5</patientIdentifierTypeId>
    <format>.{1,15}</format>
    <required>false</required>
    <formatDescription>At most 15 characters long</formatDescription>
    <checkDigit>false</checkDigit>
    <locationBehavior>REQUIRED</locationBehavior>
  </org.openmrs.PatientIdentifierType>
  <org.openmrs.PatientIdentifierType id="17" uuid="49af6cdc-7968-4abb-bf46-de10d7f4859f">
    <name>National ID</name>
    <description>Kenyan National Identity Card</description>
    <creator/>
    <dateCreated id="18">2013-08-28 06:44:27</dateCreated>
    <retired>false</retired>
    <patientIdentifierTypeId>9</patientIdentifierTypeId>
    <format>\d{5,10}</format>
    <required>false</required>
    <formatDescription>Between 5 and 10 consecutive digits</formatDescription>
    <checkDigit>false</checkDigit>
    <locationBehavior>NOT_USED</locationBehavior>
  </org.openmrs.PatientIdentifierType>
  <org.openmrs.PersonAttributeType id="19" uuid="b2c38640-2603-4629-aebd-3b54f33f1e3a">
    <name>Telephone contact</name>
    <description>Telephone number the patient can be contacted at</description>
    <creator/>
    <dateCreated id="20">2012-06-26 06:50:58</dateCreated>
    <changedBy/>
    <dateChanged id="21">2013-08-28 08:23:34</dateChanged>
    <retired>false</retired>
    <personAttributeTypeId>8</personAttributeTypeId>
    <format>java.lang.String</format>
    <sortWeight>1.0</sortWeight>
    <searchable>false</searchable>
  </org.openmrs.PersonAttributeType>
  <org.openmrs.PersonAttributeType id="22" uuid="342a1d39-c541-4b29-8818-930916f4c2dc">
    <name>Next of kin contact</name>
    <description>Telephone contact of patient&apos;s next of kin</description>
    <creator/>
    <dateCreated id="23">2012-11-22 07:39:00</dateCreated>
    <changedBy/>
    <dateChanged id="24">2013-08-28 08:22:32</dateChanged>
    <retired>false</retired>
    <personAttributeTypeId>11</personAttributeTypeId>
    <format>java.lang.String</format>
    <sortWeight>4.0</sortWeight>
    <searchable>false</searchable>
  </org.openmrs.PersonAttributeType>
  <org.openmrs.PersonAttributeType id="25" uuid="40fa0c9c-7415-43ff-a4eb-c7c73d7b1a7a">
    <name>SubChief&apos;s Name</name>
    <description>Allow us to capture the name of subchief or chief of an area</description>
    <creator/>
    <dateCreated id="26">2013-09-17 14:14:32</dateCreated>
    <retired>false</retired>
    <personAttributeTypeId>14</personAttributeTypeId>
    <format>java.lang.String</format>
    <sortWeight>7.0</sortWeight>
    <searchable>false</searchable>
  </org.openmrs.PersonAttributeType>
  <org.openmrs.PersonAttributeType id="27" uuid="d0aa9fd1-2ac5-45d8-9c5e-4317c622c8f5">
    <name>Next of kin relationship</name>
    <description>Next of kin relationship to the patient</description>
    <creator/>
    <dateCreated id="28">2012-11-22 07:41:05</dateCreated>
    <changedBy/>
    <dateChanged id="29">2013-08-28 08:22:57</dateChanged>
    <retired>false</retired>
    <personAttributeTypeId>12</personAttributeTypeId>
    <format>java.lang.String</format>
    <foreignKey>1530</foreignKey>
    <sortWeight>5.0</sortWeight>
    <searchable>false</searchable>
  </org.openmrs.PersonAttributeType>
  <org.openmrs.PersonAttributeType id="30" uuid="7cf22bec-d90a-46ad-9f48-035952261294">
    <name>Next of kin address</name>
    <description>Address of patient&apos;s next of kin</description>
    <creator/>
    <dateCreated id="31">2012-11-22 07:42:58</dateCreated>
    <changedBy/>
    <dateChanged id="32">2013-08-28 08:23:24</dateChanged>
    <retired>false</retired>
    <personAttributeTypeId>13</personAttributeTypeId>
    <format>java.lang.String</format>
    <sortWeight>6.0</sortWeight>
    <searchable>false</searchable>
  </org.openmrs.PersonAttributeType>
  <org.openmrs.PersonAttributeType id="33" uuid="830bef6d-b01f-449d-9f8d-ac0fede8dbd3">
    <name>Next of kin name</name>
    <description>Name of patient&apos;s next of kin</description>
    <creator/>
    <dateCreated id="34">2012-11-22 07:38:11</dateCreated>
    <changedBy/>
    <dateChanged id="35">2013-08-28 08:22:03</dateChanged>
    <retired>false</retired>
    <personAttributeTypeId>10</personAttributeTypeId>
    <format>java.lang.String</format>
    <sortWeight>3.0</sortWeight>
    <searchable>false</searchable>
  </org.openmrs.PersonAttributeType>
  <org.openmrs.OrderType id="36" uuid="8ab58c6f-0d07-4a80-bb60-895639c1e66e">
    <name>Lab Test</name>
    <description>An order for a laboratory test to be performed on a patient</description>
    <creator/>
    <dateCreated id="37">2013-08-09 06:28:10</dateCreated>
    <retired>false</retired>
    <orderTypeId>3</orderTypeId>
  </org.openmrs.OrderType>
  <org.openmrs.OrderType id="38" uuid="131168f4-15f5-102d-96e4-000c29c2a5d7">
    <name>Drug Order</name>
    <description>An order for a medication to be given to the patient</description>
    <creator/>
    <dateCreated id="39">2010-05-12 00:00:00</dateCreated>
    <retired>false</retired>
    <orderTypeId>2</orderTypeId>
  </org.openmrs.OrderType>
  <org.openmrs.VisitAttributeType id="40" uuid="8bfab185-6947-4958-b7ab-dfafae1a3e3d">
    <name>Source form</name>
    <description>The form whose submission created the visit</description>
    <creator/>
    <dateCreated id="41">2013-09-03 09:46:51</dateCreated>
    <changedBy/>
    <dateChanged id="42">2013-09-04 07:21:47</dateChanged>
    <retired>false</retired>
    <minOccurs>0</minOccurs>
    <maxOccurs>1</maxOccurs>
    <datatypeClassname>org.openmrs.module.kenyaemr.datatype.FormDatatype</datatypeClassname>
    <visitAttributeTypeId>1</visitAttributeTypeId>
  </org.openmrs.VisitAttributeType>
  <org.openmrs.Provider id="43" uuid="ae01b8ff-a4cc-4012-bcf7-72359e852e14">
    <creator/>
    <dateCreated id="44">2012-08-08 23:40:58</dateCreated>
    <retired>false</retired>
    <attributes id="45"/>
    <log class="org.apache.commons.logging.impl.SLF4JLocationAwareLog" id="46">
      <name>org.openmrs.Provider</name>
    </log>
    <providerId>2</providerId>
    <person id="47" resolves-to="org.openmrs.Person" uuid="1cc7dc79-ad09-4897-8a1d-0b3d3226e9ee">
      <voided>false</voided>
      <personId>9</personId>
      <addresses class="sorted-set" id="48"/>
      <names class="sorted-set" id="49">
        <org.openmrs.PersonName id="50" uuid="02d1c5a1-ee17-4b0b-ad7a-5f37766d020e">
          <creator/>
          <dateCreated id="51">2012-08-08 23:40:16</dateCreated>
          <voided>false</voided>
          <personNameId>9</personNameId>
          <person reference="47"/>
          <preferred>false</preferred>
          <givenName>Unknown</givenName>
          <familyName>Provider</familyName>
        </org.openmrs.PersonName>
      </names>
      <attributes class="sorted-set" id="52"/>
      <gender>F</gender>
      <birthdateEstimated>false</birthdateEstimated>
      <dead>false</dead>
      <personCreator/>
      <personDateCreated id="53">2012-08-08 23:40:16</personDateCreated>
      <personVoided>false</personVoided>
      <isPatient>false</isPatient>
    </person>
    <identifier>UNKNOWN</identifier>
  </org.openmrs.Provider>
</list>
