<?xml version="1.0" encoding="UTF-8"?>
<package id="1" uuid="18835671-f5fa-4e20-9938-51dc4d1794ad">
  <dateCreated id="2">2013-09-16 08:06:57</dateCreated>
  <name>KenyaEMR Core</name>
  <description>Core metadata for KenyaEMR</description>
  <openmrsVersion>1.9.3  Build f535e9</openmrsVersion>
  <version>36</version>
  <groupUuid>29177ba6-a634-42d5-9314-e12689856ff1</groupUuid>
  <modules id="3">
    <entry>
      <string>groovy</string>
      <string>2.2.4</string>
    </entry>
    <entry>
      <string>validation</string>
      <string>1.0.1</string>
    </entry>
    <entry>
      <string>kenyametadatatools</string>
      <string>1.3-SNAPSHOT</string>
    </entry>
    <entry>
      <string>metadatamapping</string>
      <string>1.0.1</string>
    </entry>
    <entry>
      <string>metadatasharing</string>
      <string>1.1.8</string>
    </entry>
    <entry>
      <string>logic</string>
      <string>0.5.2</string>
    </entry>
    <entry>
      <string>serialization.xstream</string>
      <string>0.2.7</string>
    </entry>
  </modules>
  <items class="linked-hash-set" id="4">
    <org.openmrs.module.metadatasharing.Item id="5" uuid="05ee9cf4-7242-4a17-b4d4-00f707265c8a">
      <id>3</id>
      <classname>org.openmrs.PatientIdentifierType</classname>
      <dateChanged id="6">2012-06-25 01:43:42</dateChanged>
      <retired>false</retired>
    </org.openmrs.module.metadatasharing.Item>
    <org.openmrs.module.metadatasharing.Item id="7" uuid="d8ee3b8c-a8fc-4d6b-af6a-9423be5f8906">
      <id>7</id>
      <classname>org.openmrs.PatientIdentifierType</classname>
      <dateChanged id="8">2013-02-05 08:12:12</dateChanged>
      <retired>false</retired>
    </org.openmrs.module.metadatasharing.Item>
    <org.openmrs.module.metadatasharing.Item id="9" uuid="c4e3caca-2dcc-4dc4-a8d9-513b6e63af91">
      <id>6</id>
      <classname>org.openmrs.PatientIdentifierType</classname>
      <dateChanged id="10">2013-02-05 08:10:04</dateChanged>
      <retired>false</retired>
    </org.openmrs.module.metadatasharing.Item>
    <org.openmrs.module.metadatasharing.Item id="11" uuid="0691f522-dd67-4eeb-92c8-af5083baf338">
      <id>8</id>
      <classname>org.openmrs.PatientIdentifierType</classname>
      <dateChanged id="12">2013-03-11 13:23:27</dateChanged>
      <retired>false</retired>
    </org.openmrs.module.metadatasharing.Item>
    <org.openmrs.module.metadatasharing.Item id="13" uuid="dfacd928-0370-4315-99d7-6ec1c9f7ae76">
      <id>4</id>
      <classname>org.openmrs.PatientIdentifierType</classname>
      <dateChanged id="14">2012-06-25 01:44:50</dateChanged>
      <retired>false</retired>
    </org.openmrs.module.metadatasharing.Item>
    <org.openmrs.module.metadatasharing.Item id="15" uuid="b4d66522-11fc-45c7-83e3-39a1af21ae0d">
      <id>5</id>
      <classname>org.openmrs.PatientIdentifierType</classname>
      <dateChanged id="16">2012-06-25 02:35:39</dateChanged>
      <retired>false</retired>
    </org.openmrs.module.metadatasharing.Item>
    <org.openmrs.module.metadatasharing.Item id="17" uuid="49af6cdc-7968-4abb-bf46-de10d7f4859f">
      <id>9</id>
      <classname>org.openmrs.PatientIdentifierType</classname>
      <dateChanged id="18">2013-08-28 06:44:27</dateChanged>
      <retired>false</retired>
    </org.openmrs.module.metadatasharing.Item>
    <org.openmrs.module.metadatasharing.Item id="19" uuid="8a845a89-6aa5-4111-81d3-0af31c45c002">
      <id>1</id>
      <classname>org.openmrs.LocationAttributeType</classname>
      <dateChanged id="20">2013-01-25 09:45:08</dateChanged>
      <retired>false</retired>
    </org.openmrs.module.metadatasharing.Item>
    <org.openmrs.module.metadatasharing.Item id="21" uuid="3371a4d4-f66f-4454-a86d-92c7b3da990c">
      <id>4</id>
      <classname>org.openmrs.VisitType</classname>
      <dateChanged id="22">2012-06-25 01:38:30</dateChanged>
      <retired>false</retired>
    </org.openmrs.module.metadatasharing.Item>
    <org.openmrs.module.metadatasharing.Item id="23" uuid="b2c38640-2603-4629-aebd-3b54f33f1e3a">
      <id>8</id>
      <classname>org.openmrs.PersonAttributeType</classname>
      <dateChanged id="24">2013-08-28 08:23:34</dateChanged>
      <retired>false</retired>
    </org.openmrs.module.metadatasharing.Item>
    <org.openmrs.module.metadatasharing.Item id="25" uuid="342a1d39-c541-4b29-8818-930916f4c2dc">
      <id>11</id>
      <classname>org.openmrs.PersonAttributeType</classname>
      <dateChanged id="26">2013-08-28 08:22:32</dateChanged>
      <retired>false</retired>
    </org.openmrs.module.metadatasharing.Item>
    <org.openmrs.module.metadatasharing.Item id="27" uuid="d0aa9fd1-2ac5-45d8-9c5e-4317c622c8f5">
      <id>12</id>
      <classname>org.openmrs.PersonAttributeType</classname>
      <dateChanged id="28">2013-08-28 08:22:57</dateChanged>
      <retired>false</retired>
    </org.openmrs.module.metadatasharing.Item>
    <org.openmrs.module.metadatasharing.Item id="29" uuid="7cf22bec-d90a-46ad-9f48-035952261294">
      <id>13</id>
      <classname>org.openmrs.PersonAttributeType</classname>
      <dateChanged id="30">2013-08-28 08:23:24</dateChanged>
      <retired>false</retired>
    </org.openmrs.module.metadatasharing.Item>
    <org.openmrs.module.metadatasharing.Item id="31" uuid="830bef6d-b01f-449d-9f8d-ac0fede8dbd3">
      <id>10</id>
      <classname>org.openmrs.PersonAttributeType</classname>
      <dateChanged id="32">2013-08-28 08:22:03</dateChanged>
      <retired>false</retired>
    </org.openmrs.module.metadatasharing.Item>
    <org.openmrs.module.metadatasharing.Item id="33" uuid="8ab58c6f-0d07-4a80-bb60-895639c1e66e">
      <id>3</id>
      <classname>org.openmrs.OrderType</classname>
      <dateChanged id="34">2013-08-09 06:28:10</dateChanged>
      <retired>false</retired>
    </org.openmrs.module.metadatasharing.Item>
    <org.openmrs.module.metadatasharing.Item id="35" uuid="131168f4-15f5-102d-96e4-000c29c2a5d7">
      <id>2</id>
      <classname>org.openmrs.OrderType</classname>
      <dateChanged id="36">2010-05-12 00:00:00</dateChanged>
      <retired>false</retired>
    </org.openmrs.module.metadatasharing.Item>
    <org.openmrs.module.metadatasharing.Item id="37" uuid="9f144a34-3a4a-44a9-8486-6b7af6cc64f6">
      <id>2</id>
      <classname>org.openmrs.Program</classname>
      <dateChanged id="38">2012-09-13 01:03:07</dateChanged>
      <retired>false</retired>
    </org.openmrs.module.metadatasharing.Item>
    <org.openmrs.module.metadatasharing.Item id="39" uuid="b5d9e05f-f5ab-4612-98dd-adb75438ed34">
      <id>3</id>
      <classname>org.openmrs.Program</classname>
      <dateChanged id="40">2013-08-20 12:21:26</dateChanged>
      <retired>false</retired>
    </org.openmrs.module.metadatasharing.Item>
    <org.openmrs.module.metadatasharing.Item id="41" uuid="c2ecdf11-97cd-432a-a971-cfd9bd296b83">
      <id>4</id>
      <classname>org.openmrs.Program</classname>
      <dateChanged id="42">2013-09-13 11:07:37</dateChanged>
      <retired>false</retired>
    </org.openmrs.module.metadatasharing.Item>
    <org.openmrs.module.metadatasharing.Item id="43" uuid="dfdc6d40-2f2f-463d-ba90-cc97350441a8">
      <id>1</id>
      <classname>org.openmrs.Program</classname>
      <dateChanged id="44">2012-08-08 02:05:40</dateChanged>
      <retired>false</retired>
    </org.openmrs.module.metadatasharing.Item>
    <org.openmrs.module.metadatasharing.Item id="45" uuid="8bfab185-6947-4958-b7ab-dfafae1a3e3d">
      <id>1</id>
      <classname>org.openmrs.VisitAttributeType</classname>
      <dateChanged id="46">2013-09-04 07:21:47</dateChanged>
      <retired>false</retired>
    </org.openmrs.module.metadatasharing.Item>
    <org.openmrs.module.metadatasharing.Item id="47" uuid="ae01b8ff-a4cc-4012-bcf7-72359e852e14">
      <id>2</id>
      <classname>org.openmrs.Provider</classname>
      <dateChanged id="48">2012-08-08 23:40:58</dateChanged>
      <retired>false</retired>
    </org.openmrs.module.metadatasharing.Item>
  </items>
  <relatedItems class="linked-hash-set" id="49">
    <org.openmrs.module.metadatasharing.Item id="50" uuid="160541AAAAAAAAAAAAAAAAAAAAAAAAAAAAAA">
      <id>160541</id>
      <classname>org.openmrs.Concept</classname>
      <dateChanged id="51">2012-06-15 14:16:18</dateChanged>
      <retired>false</retired>
    </org.openmrs.module.metadatasharing.Item>
    <org.openmrs.module.metadatasharing.Item id="52" uuid="8d4a4c94-c2cc-11de-8d13-0010c6dffd0f">
      <id>4</id>
      <classname>org.openmrs.ConceptDatatype</classname>
      <dateChanged id="53">2004-02-02 00:00:00</dateChanged>
      <retired>false</retired>
    </org.openmrs.module.metadatasharing.Item>
    <org.openmrs.module.metadatasharing.Item id="54" uuid="8d492774-c2cc-11de-8d13-0010c6dffd0f">
      <id>11</id>
      <classname>org.openmrs.ConceptClass</classname>
      <dateChanged id="55">2004-03-02 00:00:00</dateChanged>
      <retired>false</retired>
    </org.openmrs.module.metadatasharing.Item>
    <org.openmrs.module.metadatasharing.Item id="56" uuid="108876BBBBBBBBBBBBBBBBBBBBBBBBBBBBBB">
      <id>108876</id>
      <classname>org.openmrs.ConceptName</classname>
      <dateChanged id="57">2012-06-14 16:17:34</dateChanged>
    </org.openmrs.module.metadatasharing.Item>
    <org.openmrs.module.metadatasharing.Item id="58" uuid="108877BBBBBBBBBBBBBBBBBBBBBBBBBBBBBB">
      <id>108877</id>
      <classname>org.openmrs.ConceptName</classname>
      <dateChanged id="59">2012-06-14 16:17:34</dateChanged>
    </org.openmrs.module.metadatasharing.Item>
    <org.openmrs.module.metadatasharing.Item id="60" uuid="108980BBBBBBBBBBBBBBBBBBBBBBBBBBBBBB">
      <id>108980</id>
      <classname>org.openmrs.ConceptName</classname>
      <dateChanged id="61">2012-06-15 14:16:18</dateChanged>
    </org.openmrs.module.metadatasharing.Item>
    <org.openmrs.module.metadatasharing.Item id="62" uuid="217664ABBBBBBBBBBBBBBBBBBBBBBBBBBBBB">
      <id>217664</id>
      <classname>org.openmrs.ConceptMap</classname>
      <dateChanged id="63">2013-07-03 18:53:08</dateChanged>
    </org.openmrs.module.metadatasharing.Item>
    <org.openmrs.module.metadatasharing.Item id="64" uuid="35543629-7d8c-11e1-909d-c80aa9edcf4e">
      <id>1</id>
      <classname>org.openmrs.ConceptMapType</classname>
      <dateChanged id="65">2013-09-06 00:00:00</dateChanged>
      <retired>false</retired>
    </org.openmrs.module.metadatasharing.Item>
    <org.openmrs.module.metadatasharing.Item id="66" uuid="bb9d38eb-1738-3a45-82e4-068848a9e15d">
      <id>217664</id>
      <classname>org.openmrs.ConceptReferenceTerm</classname>
      <dateChanged id="67">2013-07-03 00:00:00</dateChanged>
      <retired>false</retired>
    </org.openmrs.module.metadatasharing.Item>
    <org.openmrs.module.metadatasharing.Item id="68" uuid="21ADDDDDDDDDDDDDDDDDDDDDDDDDDDDDDDDD">
      <id>21</id>
      <classname>org.openmrs.ConceptSource</classname>
      <dateChanged id="69">2013-07-03 15:55:03</dateChanged>
      <retired>false</retired>
    </org.openmrs.module.metadatasharing.Item>
    <org.openmrs.module.metadatasharing.Item id="70" uuid="144621ABBBBBBBBBBBBBBBBBBBBBBBBBBBBB">
      <id>144621</id>
      <classname>org.openmrs.ConceptMap</classname>
      <dateChanged id="71">2012-06-14 16:17:34</dateChanged>
    </org.openmrs.module.metadatasharing.Item>
    <org.openmrs.module.metadatasharing.Item id="72" uuid="43ac5109-7d8c-11e1-909d-c80aa9edcf4e">
      <id>2</id>
      <classname>org.openmrs.ConceptMapType</classname>
      <dateChanged id="73">2013-09-06 00:00:00</dateChanged>
      <retired>false</retired>
    </org.openmrs.module.metadatasharing.Item>
    <org.openmrs.module.metadatasharing.Item id="74" uuid="9b87ca0e-af71-3794-b312-7d5337cad9cf">
      <id>144621</id>
      <classname>org.openmrs.ConceptReferenceTerm</classname>
      <dateChanged id="75">2012-06-14 00:00:00</dateChanged>
      <retired>false</retired>
    </org.openmrs.module.metadatasharing.Item>
    <org.openmrs.module.metadatasharing.Item id="76" uuid="2ADDDDDDDDDDDDDDDDDDDDDDDDDDDDDDDDDD">
      <id>2</id>
      <classname>org.openmrs.ConceptSource</classname>
      <dateChanged id="77">2010-04-25 11:12:44</dateChanged>
      <retired>false</retired>
    </org.openmrs.module.metadatasharing.Item>
    <org.openmrs.module.metadatasharing.Item id="78" uuid="144620ABBBBBBBBBBBBBBBBBBBBBBBBBBBBB">
      <id>144620</id>
      <classname>org.openmrs.ConceptMap</classname>
      <dateChanged id="79">2012-06-14 16:17:34</dateChanged>
    </org.openmrs.module.metadatasharing.Item>
    <org.openmrs.module.metadatasharing.Item id="80" uuid="8ffc08c5-017e-373e-85a2-fec0ec7be865">
      <id>144620</id>
      <classname>org.openmrs.ConceptReferenceTerm</classname>
      <dateChanged id="81">2012-06-14 00:00:00</dateChanged>
      <retired>false</retired>
    </org.openmrs.module.metadatasharing.Item>
    <org.openmrs.module.metadatasharing.Item id="82" uuid="1ADDDDDDDDDDDDDDDDDDDDDDDDDDDDDDDDDD">
      <id>1</id>
      <classname>org.openmrs.ConceptSource</classname>
      <dateChanged id="83">2009-11-19 20:19:16</dateChanged>
      <retired>false</retired>
    </org.openmrs.module.metadatasharing.Item>
    <org.openmrs.module.metadatasharing.Item id="84" uuid="160038AAAAAAAAAAAAAAAAAAAAAAAAAAAAAA">
      <id>160038</id>
      <classname>org.openmrs.Concept</classname>
      <dateChanged id="85">2011-01-17 21:01:10</dateChanged>
      <retired>false</retired>
    </org.openmrs.module.metadatasharing.Item>
    <org.openmrs.module.metadatasharing.Item id="86" uuid="1edca11a-768a-102f-83f4-12313b04a615">
      <id>16</id>
      <classname>org.openmrs.ConceptClass</classname>
      <dateChanged id="87">2011-01-17 15:27:43</dateChanged>
      <retired>false</retired>
    </org.openmrs.module.metadatasharing.Item>
    <org.openmrs.module.metadatasharing.Item id="88" uuid="107697BBBBBBBBBBBBBBBBBBBBBBBBBBBBBB">
      <id>107697</id>
      <classname>org.openmrs.ConceptName</classname>
      <dateChanged id="89">2011-01-17 21:01:10</dateChanged>
    </org.openmrs.module.metadatasharing.Item>
    <org.openmrs.module.metadatasharing.Item id="90" uuid="582AEEEEEEEEEEEEEEEEEEEEEEEEEEEEEEEE">
      <id>582</id>
      <classname>org.openmrs.ConceptSet</classname>
      <dateChanged id="91">2011-01-17 21:01:10</dateChanged>
    </org.openmrs.module.metadatasharing.Item>
    <org.openmrs.module.metadatasharing.Item id="92" uuid="159791AAAAAAAAAAAAAAAAAAAAAAAAAAAAAA">
      <id>159791</id>
      <classname>org.openmrs.Concept</classname>
      <dateChanged id="93">2013-03-10 00:20:13</dateChanged>
      <retired>false</retired>
    </org.openmrs.module.metadatasharing.Item>
    <org.openmrs.module.metadatasharing.Item id="94" uuid="8d4918b0-c2cc-11de-8d13-0010c6dffd0f">
      <id>4</id>
      <classname>org.openmrs.ConceptClass</classname>
      <dateChanged id="95">2004-02-02 00:00:00</dateChanged>
      <retired>false</retired>
    </org.openmrs.module.metadatasharing.Item>
    <org.openmrs.module.metadatasharing.Item id="96" uuid="107263BBBBBBBBBBBBBBBBBBBBBBBBBBBBBB">
      <id>107263</id>
      <classname>org.openmrs.ConceptName</classname>
      <dateChanged id="97">2010-11-12 18:15:51</dateChanged>
    </org.openmrs.module.metadatasharing.Item>
    <org.openmrs.module.metadatasharing.Item id="98" uuid="123561BBBBBBBBBBBBBBBBBBBBBBBBBBBBBB">
      <id>123561</id>
      <classname>org.openmrs.ConceptName</classname>
      <dateChanged id="99">2013-03-10 00:20:13</dateChanged>
    </org.openmrs.module.metadatasharing.Item>
    <org.openmrs.module.metadatasharing.Item id="100" uuid="107380BBBBBBBBBBBBBBBBBBBBBBBBBBBBBB">
      <id>107380</id>
      <classname>org.openmrs.ConceptName</classname>
      <dateChanged id="101">2010-11-23 18:34:39</dateChanged>
    </org.openmrs.module.metadatasharing.Item>
    <org.openmrs.module.metadatasharing.Item id="102" uuid="107381BBBBBBBBBBBBBBBBBBBBBBBBBBBBBB">
      <id>107381</id>
      <classname>org.openmrs.ConceptName</classname>
      <dateChanged id="103">2010-11-23 18:34:39</dateChanged>
    </org.openmrs.module.metadatasharing.Item>
    <org.openmrs.module.metadatasharing.Item id="104" uuid="16387FFFFFFFFFFFFFFFFFFFFFFFFFFFFFFF">
      <id>16387</id>
      <classname>org.openmrs.ConceptDescription</classname>
      <dateChanged id="105">2013-03-10 00:20:13</dateChanged>
    </org.openmrs.module.metadatasharing.Item>
    <org.openmrs.module.metadatasharing.Item id="106" uuid="136700ABBBBBBBBBBBBBBBBBBBBBBBBBBBBB">
      <id>136700</id>
      <classname>org.openmrs.ConceptMap</classname>
      <dateChanged id="107">2010-11-12 18:15:51</dateChanged>
    </org.openmrs.module.metadatasharing.Item>
    <org.openmrs.module.metadatasharing.Item id="108" uuid="f79e5775-bd22-32a8-ab9b-1acc161f0a4b">
      <id>136700</id>
      <classname>org.openmrs.ConceptReferenceTerm</classname>
      <dateChanged id="109">2010-11-12 00:00:00</dateChanged>
      <retired>false</retired>
    </org.openmrs.module.metadatasharing.Item>
    <org.openmrs.module.metadatasharing.Item id="110" uuid="13ADDDDDDDDDDDDDDDDDDDDDDDDDDDDDDDDD">
      <id>13</id>
      <classname>org.openmrs.ConceptSource</classname>
      <dateChanged id="111">2010-10-24 17:02:38</dateChanged>
      <retired>false</retired>
    </org.openmrs.module.metadatasharing.Item>
    <org.openmrs.module.metadatasharing.Item id="112" uuid="143636ABBBBBBBBBBBBBBBBBBBBBBBBBBBBB">
      <id>143636</id>
      <classname>org.openmrs.ConceptMap</classname>
      <dateChanged id="113">2011-05-22 17:48:53</dateChanged>
    </org.openmrs.module.metadatasharing.Item>
    <org.openmrs.module.metadatasharing.Item id="114" uuid="5a08c64d-12a2-3149-aa0d-b4f42be4b8b0">
      <id>143636</id>
      <classname>org.openmrs.ConceptReferenceTerm</classname>
      <dateChanged id="115">2011-05-22 00:00:00</dateChanged>
      <retired>false</retired>
    </org.openmrs.module.metadatasharing.Item>
    <org.openmrs.module.metadatasharing.Item id="116" uuid="fb9aaaf1-65e2-4c18-b53c-16b575f2f385">
      <id>11</id>
      <classname>org.openmrs.ConceptSource</classname>
      <dateChanged id="117">2010-08-03 01:50:49</dateChanged>
      <retired>false</retired>
    </org.openmrs.module.metadatasharing.Item>
    <org.openmrs.module.metadatasharing.Item id="118" uuid="216933ABBBBBBBBBBBBBBBBBBBBBBBBBBBBB">
      <id>216933</id>
      <classname>org.openmrs.ConceptMap</classname>
      <dateChanged id="119">2013-07-03 18:53:08</dateChanged>
    </org.openmrs.module.metadatasharing.Item>
    <org.openmrs.module.metadatasharing.Item id="120" uuid="7e691697-c9bf-3237-9542-a4ce3bc11fe8">
      <id>216933</id>
      <classname>org.openmrs.ConceptReferenceTerm</classname>
      <dateChanged id="121">2013-07-03 00:00:00</dateChanged>
      <retired>false</retired>
    </org.openmrs.module.metadatasharing.Item>
    <org.openmrs.module.metadatasharing.Item id="122" uuid="136699ABBBBBBBBBBBBBBBBBBBBBBBBBBBBB">
      <id>136699</id>
      <classname>org.openmrs.ConceptMap</classname>
      <dateChanged id="123">2010-11-12 18:15:51</dateChanged>
    </org.openmrs.module.metadatasharing.Item>
    <org.openmrs.module.metadatasharing.Item id="124" uuid="46c3c888-5158-30c0-bb9e-b7b27bf25bf2">
      <id>136699</id>
      <classname>org.openmrs.ConceptReferenceTerm</classname>
      <dateChanged id="125">2010-11-12 00:00:00</dateChanged>
      <retired>false</retired>
    </org.openmrs.module.metadatasharing.Item>
    <org.openmrs.module.metadatasharing.Item id="126" uuid="137923ABBBBBBBBBBBBBBBBBBBBBBBBBBBBB">
      <id>137923</id>
      <classname>org.openmrs.ConceptMap</classname>
      <dateChanged id="127">2011-01-17 20:50:45</dateChanged>
    </org.openmrs.module.metadatasharing.Item>
    <org.openmrs.module.metadatasharing.Item id="128" uuid="8bab0046-1c7f-3195-9c0a-49e76ab38169">
      <id>137923</id>
      <classname>org.openmrs.ConceptReferenceTerm</classname>
      <dateChanged id="129">2011-01-17 00:00:00</dateChanged>
      <retired>false</retired>
    </org.openmrs.module.metadatasharing.Item>
    <org.openmrs.module.metadatasharing.Item id="130" uuid="ddb6b595-0b85-4a80-9243-efe4ba404eef">
      <id>15</id>
      <classname>org.openmrs.ConceptSource</classname>
      <dateChanged id="131">2010-12-15 14:00:37</dateChanged>
      <retired>false</retired>
    </org.openmrs.module.metadatasharing.Item>
    <org.openmrs.module.metadatasharing.Item id="132" uuid="623AEEEEEEEEEEEEEEEEEEEEEEEEEEEEEEEE">
      <id>623</id>
      <classname>org.openmrs.ConceptSet</classname>
      <dateChanged id="133">2011-01-17 21:01:10</dateChanged>
    </org.openmrs.module.metadatasharing.Item>
    <org.openmrs.module.metadatasharing.Item id="134" uuid="160031AAAAAAAAAAAAAAAAAAAAAAAAAAAAAA">
      <id>160031</id>
      <classname>org.openmrs.Concept</classname>
      <dateChanged id="135">2011-01-17 20:43:11</dateChanged>
      <retired>false</retired>
    </org.openmrs.module.metadatasharing.Item>
    <org.openmrs.module.metadatasharing.Item id="136" uuid="1edca23c-768a-102f-83f4-12313b04a615">
      <id>17</id>
      <classname>org.openmrs.ConceptClass</classname>
      <dateChanged id="137">2011-01-17 15:44:10</dateChanged>
      <retired>false</retired>
    </org.openmrs.module.metadatasharing.Item>
    <org.openmrs.module.metadatasharing.Item id="138" uuid="107689BBBBBBBBBBBBBBBBBBBBBBBBBBBBBB">
      <id>107689</id>
      <classname>org.openmrs.ConceptName</classname>
      <dateChanged id="139">2011-01-17 20:43:11</dateChanged>
    </org.openmrs.module.metadatasharing.Item>
    <org.openmrs.module.metadatasharing.Item id="140" uuid="137917ABBBBBBBBBBBBBBBBBBBBBBBBBBBBB">
      <id>137917</id>
      <classname>org.openmrs.ConceptMap</classname>
      <dateChanged id="141">2011-01-17 20:43:11</dateChanged>
    </org.openmrs.module.metadatasharing.Item>
    <org.openmrs.module.metadatasharing.Item id="142" uuid="ac53128b-3ca3-3fbc-973e-369699331cc7">
      <id>137917</id>
      <classname>org.openmrs.ConceptReferenceTerm</classname>
      <dateChanged id="143">2011-01-17 00:00:00</dateChanged>
      <retired>false</retired>
    </org.openmrs.module.metadatasharing.Item>
    <org.openmrs.module.metadatasharing.Item id="144" uuid="137918ABBBBBBBBBBBBBBBBBBBBBBBBBBBBB">
      <id>137918</id>
      <classname>org.openmrs.ConceptMap</classname>
      <dateChanged id="145">2011-01-17 20:43:11</dateChanged>
    </org.openmrs.module.metadatasharing.Item>
    <org.openmrs.module.metadatasharing.Item id="146" uuid="4205192b-5557-35cb-bea3-c62c65335ed8">
      <id>137918</id>
      <classname>org.openmrs.ConceptReferenceTerm</classname>
      <dateChanged id="147">2011-01-17 00:00:00</dateChanged>
      <retired>false</retired>
    </org.openmrs.module.metadatasharing.Item>
    <org.openmrs.module.metadatasharing.Item id="148" uuid="217168ABBBBBBBBBBBBBBBBBBBBBBBBBBBBB">
      <id>217168</id>
      <classname>org.openmrs.ConceptMap</classname>
      <dateChanged id="149">2013-07-03 18:53:08</dateChanged>
    </org.openmrs.module.metadatasharing.Item>
    <org.openmrs.module.metadatasharing.Item id="150" uuid="0ad91f01-cc3a-3b7f-82f2-28c13a234336">
      <id>217168</id>
      <classname>org.openmrs.ConceptReferenceTerm</classname>
      <dateChanged id="151">2013-07-03 00:00:00</dateChanged>
      <retired>false</retired>
    </org.openmrs.module.metadatasharing.Item>
    <org.openmrs.module.metadatasharing.Item id="152" uuid="624AEEEEEEEEEEEEEEEEEEEEEEEEEEEEEEEE">
      <id>624</id>
      <classname>org.openmrs.ConceptSet</classname>
      <dateChanged id="153">2011-01-17 21:01:10</dateChanged>
    </org.openmrs.module.metadatasharing.Item>
    <org.openmrs.module.metadatasharing.Item id="154" uuid="160034AAAAAAAAAAAAAAAAAAAAAAAAAAAAAA">
      <id>160034</id>
      <classname>org.openmrs.Concept</classname>
      <dateChanged id="155">2013-03-10 00:13:48</dateChanged>
      <retired>false</retired>
    </org.openmrs.module.metadatasharing.Item>
    <org.openmrs.module.metadatasharing.Item id="156" uuid="107693BBBBBBBBBBBBBBBBBBBBBBBBBBBBBB">
      <id>107693</id>
      <classname>org.openmrs.ConceptName</classname>
      <dateChanged id="157">2011-01-17 20:51:42</dateChanged>
    </org.openmrs.module.metadatasharing.Item>
    <org.openmrs.module.metadatasharing.Item id="158" uuid="123559BBBBBBBBBBBBBBBBBBBBBBBBBBBBBB">
      <id>123559</id>
      <classname>org.openmrs.ConceptName</classname>
      <dateChanged id="159">2013-03-10 00:13:48</dateChanged>
    </org.openmrs.module.metadatasharing.Item>
    <org.openmrs.module.metadatasharing.Item id="160" uuid="137924ABBBBBBBBBBBBBBBBBBBBBBBBBBBBB">
      <id>137924</id>
      <classname>org.openmrs.ConceptMap</classname>
      <dateChanged id="161">2011-01-17 20:51:42</dateChanged>
    </org.openmrs.module.metadatasharing.Item>
    <org.openmrs.module.metadatasharing.Item id="162" uuid="e84336dd-72b7-32e9-aced-e27dc74212ad">
      <id>137924</id>
      <classname>org.openmrs.ConceptReferenceTerm</classname>
      <dateChanged id="163">2011-01-17 00:00:00</dateChanged>
      <retired>false</retired>
    </org.openmrs.module.metadatasharing.Item>
    <org.openmrs.module.metadatasharing.Item id="164" uuid="217171ABBBBBBBBBBBBBBBBBBBBBBBBBBBBB">
      <id>217171</id>
      <classname>org.openmrs.ConceptMap</classname>
      <dateChanged id="165">2013-07-03 18:53:08</dateChanged>
    </org.openmrs.module.metadatasharing.Item>
    <org.openmrs.module.metadatasharing.Item id="166" uuid="805fa431-2528-3a75-a5c1-0036eb1ff0a9">
      <id>217171</id>
      <classname>org.openmrs.ConceptReferenceTerm</classname>
      <dateChanged id="167">2013-07-03 00:00:00</dateChanged>
      <retired>false</retired>
    </org.openmrs.module.metadatasharing.Item>
    <org.openmrs.module.metadatasharing.Item id="168" uuid="137927ABBBBBBBBBBBBBBBBBBBBBBBBBBBBB">
      <id>137927</id>
      <classname>org.openmrs.ConceptMap</classname>
      <dateChanged id="169">2011-01-17 20:53:23</dateChanged>
    </org.openmrs.module.metadatasharing.Item>
    <org.openmrs.module.metadatasharing.Item id="170" uuid="7d45de87-1519-3fba-9941-05dab01b8da1">
      <id>137046</id>
      <classname>org.openmrs.ConceptReferenceTerm</classname>
      <dateChanged id="171">2010-12-05 00:00:00</dateChanged>
      <retired>false</retired>
    </org.openmrs.module.metadatasharing.Item>
    <org.openmrs.module.metadatasharing.Item id="172" uuid="625AEEEEEEEEEEEEEEEEEEEEEEEEEEEEEEEE">
      <id>625</id>
      <classname>org.openmrs.ConceptSet</classname>
      <dateChanged id="173">2011-01-17 21:01:10</dateChanged>
    </org.openmrs.module.metadatasharing.Item>
    <org.openmrs.module.metadatasharing.Item id="174" uuid="160035AAAAAAAAAAAAAAAAAAAAAAAAAAAAAA">
      <id>160035</id>
      <classname>org.openmrs.Concept</classname>
      <dateChanged id="175">2013-03-10 00:13:23</dateChanged>
      <retired>false</retired>
    </org.openmrs.module.metadatasharing.Item>
    <org.openmrs.module.metadatasharing.Item id="176" uuid="123558BBBBBBBBBBBBBBBBBBBBBBBBBBBBBB">
      <id>123558</id>
      <classname>org.openmrs.ConceptName</classname>
      <dateChanged id="177">2013-03-10 00:13:23</dateChanged>
    </org.openmrs.module.metadatasharing.Item>
    <org.openmrs.module.metadatasharing.Item id="178" uuid="107694BBBBBBBBBBBBBBBBBBBBBBBBBBBBBB">
      <id>107694</id>
      <classname>org.openmrs.ConceptName</classname>
      <dateChanged id="179">2011-01-17 20:52:18</dateChanged>
    </org.openmrs.module.metadatasharing.Item>
    <org.openmrs.module.metadatasharing.Item id="180" uuid="137925ABBBBBBBBBBBBBBBBBBBBBBBBBBBBB">
      <id>137925</id>
      <classname>org.openmrs.ConceptMap</classname>
      <dateChanged id="181">2011-01-17 20:52:18</dateChanged>
    </org.openmrs.module.metadatasharing.Item>
    <org.openmrs.module.metadatasharing.Item id="182" uuid="dea34ad2-c7e7-33ad-b5cf-99f491bebc5e">
      <id>137925</id>
      <classname>org.openmrs.ConceptReferenceTerm</classname>
      <dateChanged id="183">2011-01-17 00:00:00</dateChanged>
      <retired>false</retired>
    </org.openmrs.module.metadatasharing.Item>
    <org.openmrs.module.metadatasharing.Item id="184" uuid="217172ABBBBBBBBBBBBBBBBBBBBBBBBBBBBB">
      <id>217172</id>
      <classname>org.openmrs.ConceptMap</classname>
      <dateChanged id="185">2013-07-03 18:53:08</dateChanged>
    </org.openmrs.module.metadatasharing.Item>
    <org.openmrs.module.metadatasharing.Item id="186" uuid="cad78501-25ed-3e63-b884-f7111c9cbd94">
      <id>217172</id>
      <classname>org.openmrs.ConceptReferenceTerm</classname>
      <dateChanged id="187">2013-07-03 00:00:00</dateChanged>
      <retired>false</retired>
    </org.openmrs.module.metadatasharing.Item>
    <org.openmrs.module.metadatasharing.Item id="188" uuid="137926ABBBBBBBBBBBBBBBBBBBBBBBBBBBBB">
      <id>137926</id>
      <classname>org.openmrs.ConceptMap</classname>
      <dateChanged id="189">2011-01-17 20:52:47</dateChanged>
    </org.openmrs.module.metadatasharing.Item>
    <org.openmrs.module.metadatasharing.Item id="190" uuid="64f7c3bc-0b98-33a7-bad0-a0ca69d4f858">
      <id>137519</id>
      <classname>org.openmrs.ConceptReferenceTerm</classname>
      <dateChanged id="191">2010-12-30 00:00:00</dateChanged>
      <retired>false</retired>
    </org.openmrs.module.metadatasharing.Item>
    <org.openmrs.module.metadatasharing.Item id="192" uuid="626AEEEEEEEEEEEEEEEEEEEEEEEEEEEEEEEE">
      <id>626</id>
      <classname>org.openmrs.ConceptSet</classname>
      <dateChanged id="193">2011-01-17 21:01:10</dateChanged>
    </org.openmrs.module.metadatasharing.Item>
    <org.openmrs.module.metadatasharing.Item id="194" uuid="160036AAAAAAAAAAAAAAAAAAAAAAAAAAAAAA">
      <id>160036</id>
      <classname>org.openmrs.Concept</classname>
      <dateChanged id="195">2013-03-10 00:14:12</dateChanged>
      <retired>false</retired>
    </org.openmrs.module.metadatasharing.Item>
    <org.openmrs.module.metadatasharing.Item id="196" uuid="107695BBBBBBBBBBBBBBBBBBBBBBBBBBBBBB">
      <id>107695</id>
      <classname>org.openmrs.ConceptName</classname>
      <dateChanged id="197">2011-01-17 20:55:51</dateChanged>
    </org.openmrs.module.metadatasharing.Item>
    <org.openmrs.module.metadatasharing.Item id="198" uuid="123560BBBBBBBBBBBBBBBBBBBBBBBBBBBBBB">
      <id>123560</id>
      <classname>org.openmrs.ConceptName</classname>
      <dateChanged id="199">2013-03-10 00:14:12</dateChanged>
    </org.openmrs.module.metadatasharing.Item>
    <org.openmrs.module.metadatasharing.Item id="200" uuid="137928ABBBBBBBBBBBBBBBBBBBBBBBBBBBBB">
      <id>137928</id>
      <classname>org.openmrs.ConceptMap</classname>
      <dateChanged id="201">2011-01-17 20:55:51</dateChanged>
    </org.openmrs.module.metadatasharing.Item>
    <org.openmrs.module.metadatasharing.Item id="202" uuid="3d82145d-44a5-315f-98e1-8a65af8c2a66">
      <id>137928</id>
      <classname>org.openmrs.ConceptReferenceTerm</classname>
      <dateChanged id="203">2011-01-17 00:00:00</dateChanged>
      <retired>false</retired>
    </org.openmrs.module.metadatasharing.Item>
    <org.openmrs.module.metadatasharing.Item id="204" uuid="217173ABBBBBBBBBBBBBBBBBBBBBBBBBBBBB">
      <id>217173</id>
      <classname>org.openmrs.ConceptMap</classname>
      <dateChanged id="205">2013-07-03 18:53:08</dateChanged>
    </org.openmrs.module.metadatasharing.Item>
    <org.openmrs.module.metadatasharing.Item id="206" uuid="500e2b26-eaa2-3b76-9f2e-0ea9154ccc61">
      <id>217173</id>
      <classname>org.openmrs.ConceptReferenceTerm</classname>
      <dateChanged id="207">2013-07-03 00:00:00</dateChanged>
      <retired>false</retired>
    </org.openmrs.module.metadatasharing.Item>
    <org.openmrs.module.metadatasharing.Item id="208" uuid="137929ABBBBBBBBBBBBBBBBBBBBBBBBBBBBB">
      <id>137929</id>
      <classname>org.openmrs.ConceptMap</classname>
      <dateChanged id="209">2011-01-17 20:55:51</dateChanged>
    </org.openmrs.module.metadatasharing.Item>
    <org.openmrs.module.metadatasharing.Item id="210" uuid="1ca55422-f98d-3bea-a89a-2ba1edb9d206">
      <id>137929</id>
      <classname>org.openmrs.ConceptReferenceTerm</classname>
      <dateChanged id="211">2011-01-17 00:00:00</dateChanged>
      <retired>false</retired>
    </org.openmrs.module.metadatasharing.Item>
    <org.openmrs.module.metadatasharing.Item id="212" uuid="627AEEEEEEEEEEEEEEEEEEEEEEEEEEEEEEEE">
      <id>627</id>
      <classname>org.openmrs.ConceptSet</classname>
      <dateChanged id="213">2011-01-17 21:01:10</dateChanged>
    </org.openmrs.module.metadatasharing.Item>
    <org.openmrs.module.metadatasharing.Item id="214" uuid="160037AAAAAAAAAAAAAAAAAAAAAAAAAAAAAA">
      <id>160037</id>
      <classname>org.openmrs.Concept</classname>
      <dateChanged id="215">2011-01-17 20:59:35</dateChanged>
      <retired>false</retired>
    </org.openmrs.module.metadatasharing.Item>
    <org.openmrs.module.metadatasharing.Item id="216" uuid="107696BBBBBBBBBBBBBBBBBBBBBBBBBBBBBB">
      <id>107696</id>
      <classname>org.openmrs.ConceptName</classname>
      <dateChanged id="217">2011-01-17 20:59:10</dateChanged>
    </org.openmrs.module.metadatasharing.Item>
    <org.openmrs.module.metadatasharing.Item id="218" uuid="137930ABBBBBBBBBBBBBBBBBBBBBBBBBBBBB">
      <id>137930</id>
      <classname>org.openmrs.ConceptMap</classname>
      <dateChanged id="219">2011-01-17 20:59:10</dateChanged>
    </org.openmrs.module.metadatasharing.Item>
    <org.openmrs.module.metadatasharing.Item id="220" uuid="5a354c6e-e47f-3717-b166-055e7f562122">
      <id>137930</id>
      <classname>org.openmrs.ConceptReferenceTerm</classname>
      <dateChanged id="221">2011-01-17 00:00:00</dateChanged>
      <retired>false</retired>
    </org.openmrs.module.metadatasharing.Item>
    <org.openmrs.module.metadatasharing.Item id="222" uuid="217174ABBBBBBBBBBBBBBBBBBBBBBBBBBBBB">
      <id>217174</id>
      <classname>org.openmrs.ConceptMap</classname>
      <dateChanged id="223">2013-07-03 18:53:08</dateChanged>
    </org.openmrs.module.metadatasharing.Item>
    <org.openmrs.module.metadatasharing.Item id="224" uuid="abf1dba0-80ac-3785-8dc7-a5acab90993a">
      <id>217174</id>
      <classname>org.openmrs.ConceptReferenceTerm</classname>
      <dateChanged id="225">2013-07-03 00:00:00</dateChanged>
      <retired>false</retired>
    </org.openmrs.module.metadatasharing.Item>
    <org.openmrs.module.metadatasharing.Item id="226" uuid="137931ABBBBBBBBBBBBBBBBBBBBBBBBBBBBB">
      <id>137931</id>
      <classname>org.openmrs.ConceptMap</classname>
      <dateChanged id="227">2011-01-17 20:59:10</dateChanged>
    </org.openmrs.module.metadatasharing.Item>
    <org.openmrs.module.metadatasharing.Item id="228" uuid="150aa442-956e-3865-acf6-23f87a675332">
      <id>137931</id>
      <classname>org.openmrs.ConceptReferenceTerm</classname>
      <dateChanged id="229">2011-01-17 00:00:00</dateChanged>
      <retired>false</retired>
    </org.openmrs.module.metadatasharing.Item>
    <org.openmrs.module.metadatasharing.Item id="230" uuid="99AEEEEEEEEEEEEEEEEEEEEEEEEEEEEEEEEE">
      <id>99</id>
      <classname>org.openmrs.ConceptSet</classname>
      <dateChanged id="231">2011-01-17 21:01:10</dateChanged>
    </org.openmrs.module.metadatasharing.Item>
    <org.openmrs.module.metadatasharing.Item id="232" uuid="843AAAAAAAAAAAAAAAAAAAAAAAAAAAAAAAAA">
      <id>843</id>
      <classname>org.openmrs.Concept</classname>
      <dateChanged id="233">2013-04-11 13:21:42</dateChanged>
      <retired>false</retired>
    </org.openmrs.module.metadatasharing.Item>
    <org.openmrs.module.metadatasharing.Item id="234" uuid="8d491a9a-c2cc-11de-8d13-0010c6dffd0f">
      <id>5</id>
      <classname>org.openmrs.ConceptClass</classname>
      <dateChanged id="235">2004-03-02 00:00:00</dateChanged>
      <retired>false</retired>
    </org.openmrs.module.metadatasharing.Item>
    <org.openmrs.module.metadatasharing.Item id="236" uuid="883BBBBBBBBBBBBBBBBBBBBBBBBBBBBBBBBB">
      <id>883</id>
      <classname>org.openmrs.ConceptName</classname>
      <dateChanged id="237">2004-05-04 00:00:00</dateChanged>
    </org.openmrs.module.metadatasharing.Item>
    <org.openmrs.module.metadatasharing.Item id="238" uuid="106133BBBBBBBBBBBBBBBBBBBBBBBBBBBBBB">
      <id>106133</id>
      <classname>org.openmrs.ConceptName</classname>
      <dateChanged id="239">2010-05-03 17:11:19</dateChanged>
    </org.openmrs.module.metadatasharing.Item>
    <org.openmrs.module.metadatasharing.Item id="240" uuid="123660BBBBBBBBBBBBBBBBBBBBBBBBBBBBBB">
      <id>123660</id>
      <classname>org.openmrs.ConceptName</classname>
      <dateChanged id="241">2013-04-11 13:21:42</dateChanged>
    </org.openmrs.module.metadatasharing.Item>
    <org.openmrs.module.metadatasharing.Item id="242" uuid="843FFFFFFFFFFFFFFFFFFFFFFFFFFFFFFFFF">
      <id>843</id>
      <classname>org.openmrs.ConceptDescription</classname>
      <dateChanged id="243">2013-04-11 13:21:42</dateChanged>
    </org.openmrs.module.metadatasharing.Item>
    <org.openmrs.module.metadatasharing.Item id="244" uuid="144075ABBBBBBBBBBBBBBBBBBBBBBBBBBBBB">
      <id>144075</id>
      <classname>org.openmrs.ConceptMap</classname>
      <dateChanged id="245">2011-06-21 13:51:09</dateChanged>
    </org.openmrs.module.metadatasharing.Item>
    <org.openmrs.module.metadatasharing.Item id="246" uuid="d889f147-bf55-323b-9cc2-33c1a443ec3a">
      <id>144075</id>
      <classname>org.openmrs.ConceptReferenceTerm</classname>
      <dateChanged id="247">2011-06-21 00:00:00</dateChanged>
      <retired>false</retired>
    </org.openmrs.module.metadatasharing.Item>
    <org.openmrs.module.metadatasharing.Item id="248" uuid="134523ABBBBBBBBBBBBBBBBBBBBBBBBBBBBB">
      <id>134523</id>
      <classname>org.openmrs.ConceptMap</classname>
      <dateChanged id="249">2010-10-24 13:09:59</dateChanged>
    </org.openmrs.module.metadatasharing.Item>
    <org.openmrs.module.metadatasharing.Item id="250" uuid="e444ab91-872f-382c-a90b-4a5f51d5c92b">
      <id>134523</id>
      <classname>org.openmrs.ConceptReferenceTerm</classname>
      <dateChanged id="251">2010-10-24 00:00:00</dateChanged>
      <retired>false</retired>
    </org.openmrs.module.metadatasharing.Item>
    <org.openmrs.module.metadatasharing.Item id="252" uuid="132413ABBBBBBBBBBBBBBBBBBBBBBBBBBBBB">
      <id>132413</id>
      <classname>org.openmrs.ConceptMap</classname>
      <dateChanged id="253">2010-05-30 20:58:27</dateChanged>
    </org.openmrs.module.metadatasharing.Item>
    <org.openmrs.module.metadatasharing.Item id="254" uuid="5ef2d6b3-7216-3c57-9039-97906791caa3">
      <id>132413</id>
      <classname>org.openmrs.ConceptReferenceTerm</classname>
      <dateChanged id="255">2010-05-30 00:00:00</dateChanged>
      <retired>false</retired>
    </org.openmrs.module.metadatasharing.Item>
    <org.openmrs.module.metadatasharing.Item id="256" uuid="136254ABBBBBBBBBBBBBBBBBBBBBBBBBBBBB">
      <id>136254</id>
      <classname>org.openmrs.ConceptMap</classname>
      <dateChanged id="257">2010-10-25 15:49:30</dateChanged>
    </org.openmrs.module.metadatasharing.Item>
    <org.openmrs.module.metadatasharing.Item id="258" uuid="bbd546c9-3205-3eb4-b163-355c2aa28433">
      <id>136254</id>
      <classname>org.openmrs.ConceptReferenceTerm</classname>
      <dateChanged id="259">2010-10-25 00:00:00</dateChanged>
      <retired>false</retired>
    </org.openmrs.module.metadatasharing.Item>
    <org.openmrs.module.metadatasharing.Item id="260" uuid="171188ABBBBBBBBBBBBBBBBBBBBBBBBBBBBB">
      <id>171188</id>
      <classname>org.openmrs.ConceptMap</classname>
      <dateChanged id="261">2013-07-03 18:53:08</dateChanged>
    </org.openmrs.module.metadatasharing.Item>
    <org.openmrs.module.metadatasharing.Item id="262" uuid="41073dd8-a3e2-322f-8b49-639fba488ecf">
      <id>171188</id>
      <classname>org.openmrs.ConceptReferenceTerm</classname>
      <dateChanged id="263">2013-07-03 00:00:00</dateChanged>
      <retired>false</retired>
    </org.openmrs.module.metadatasharing.Item>
    <org.openmrs.module.metadatasharing.Item id="264" uuid="217175ABBBBBBBBBBBBBBBBBBBBBBBBBBBBB">
      <id>217175</id>
      <classname>org.openmrs.ConceptMap</classname>
      <dateChanged id="265">2013-07-03 18:53:08</dateChanged>
    </org.openmrs.module.metadatasharing.Item>
    <org.openmrs.module.metadatasharing.Item id="266" uuid="2bb65e1a-a36e-38a1-b8bc-0b53132958d8">
      <id>217175</id>
      <classname>org.openmrs.ConceptReferenceTerm</classname>
      <dateChanged id="267">2013-07-03 00:00:00</dateChanged>
      <retired>false</retired>
    </org.openmrs.module.metadatasharing.Item>
    <org.openmrs.module.metadatasharing.Item id="268" uuid="137932ABBBBBBBBBBBBBBBBBBBBBBBBBBBBB">
      <id>137932</id>
      <classname>org.openmrs.ConceptMap</classname>
      <dateChanged id="269">2011-01-17 21:01:10</dateChanged>
    </org.openmrs.module.metadatasharing.Item>
    <org.openmrs.module.metadatasharing.Item id="270" uuid="75e4b421-8168-3ff6-a3fb-241eb928563a">
      <id>137932</id>
      <classname>org.openmrs.ConceptReferenceTerm</classname>
      <dateChanged id="271">2011-01-17 00:00:00</dateChanged>
      <retired>false</retired>
    </org.openmrs.module.metadatasharing.Item>
    <org.openmrs.module.metadatasharing.Item id="272" uuid="159937AAAAAAAAAAAAAAAAAAAAAAAAAAAAAA">
      <id>159937</id>
      <classname>org.openmrs.Concept</classname>
      <dateChanged id="273">2010-12-14 03:35:00</dateChanged>
      <retired>false</retired>
    </org.openmrs.module.metadatasharing.Item>
    <org.openmrs.module.metadatasharing.Item id="274" uuid="107483BBBBBBBBBBBBBBBBBBBBBBBBBBBBBB">
      <id>107483</id>
      <classname>org.openmrs.ConceptName</classname>
      <dateChanged id="275">2010-11-30 13:20:14</dateChanged>
    </org.openmrs.module.metadatasharing.Item>
    <org.openmrs.module.metadatasharing.Item id="276" uuid="107484BBBBBBBBBBBBBBBBBBBBBBBBBBBBBB">
      <id>107484</id>
      <classname>org.openmrs.ConceptName</classname>
      <dateChanged id="277">2010-11-30 13:20:14</dateChanged>
    </org.openmrs.module.metadatasharing.Item>
    <org.openmrs.module.metadatasharing.Item id="278" uuid="16467FFFFFFFFFFFFFFFFFFFFFFFFFFFFFFF">
      <id>16467</id>
      <classname>org.openmrs.ConceptDescription</classname>
      <dateChanged id="279">2010-11-30 13:20:14</dateChanged>
    </org.openmrs.module.metadatasharing.Item>
    <org.openmrs.module.metadatasharing.Item id="280" uuid="217078ABBBBBBBBBBBBBBBBBBBBBBBBBBBBB">
      <id>217078</id>
      <classname>org.openmrs.ConceptMap</classname>
      <dateChanged id="281">2013-07-03 18:53:08</dateChanged>
    </org.openmrs.module.metadatasharing.Item>
    <org.openmrs.module.metadatasharing.Item id="282" uuid="dbc3d6bb-ef07-3d6b-a27e-c0fb4ef34758">
      <id>217078</id>
      <classname>org.openmrs.ConceptReferenceTerm</classname>
      <dateChanged id="283">2013-07-03 00:00:00</dateChanged>
      <retired>false</retired>
    </org.openmrs.module.metadatasharing.Item>
    <org.openmrs.module.metadatasharing.Item id="284" uuid="137020ABBBBBBBBBBBBBBBBBBBBBBBBBBBBB">
      <id>137020</id>
      <classname>org.openmrs.ConceptMap</classname>
      <dateChanged id="285">2010-11-30 13:20:14</dateChanged>
    </org.openmrs.module.metadatasharing.Item>
    <org.openmrs.module.metadatasharing.Item id="286" uuid="c0450187-3c44-3b49-b678-281a416a328b">
      <id>137020</id>
      <classname>org.openmrs.ConceptReferenceTerm</classname>
      <dateChanged id="287">2010-11-30 00:00:00</dateChanged>
      <retired>false</retired>
    </org.openmrs.module.metadatasharing.Item>
    <org.openmrs.module.metadatasharing.Item id="288" uuid="1695AAAAAAAAAAAAAAAAAAAAAAAAAAAAAAAA">
      <id>1695</id>
      <classname>org.openmrs.Concept</classname>
      <dateChanged id="289">2010-12-30 19:41:02</dateChanged>
      <retired>false</retired>
    </org.openmrs.module.metadatasharing.Item>
    <org.openmrs.module.metadatasharing.Item id="290" uuid="8d4a48b6-c2cc-11de-8d13-0010c6dffd0f">
      <id>2</id>
      <classname>org.openmrs.ConceptDatatype</classname>
      <dateChanged id="291">2004-02-02 00:00:00</dateChanged>
      <retired>false</retired>
    </org.openmrs.module.metadatasharing.Item>
    <org.openmrs.module.metadatasharing.Item id="292" uuid="86978BBBBBBBBBBBBBBBBBBBBBBBBBBBBBBB">
      <id>86978</id>
      <classname>org.openmrs.ConceptName</classname>
      <dateChanged id="293">2009-05-13 12:34:56</dateChanged>
    </org.openmrs.module.metadatasharing.Item>
    <org.openmrs.module.metadatasharing.Item id="294" uuid="1975BBBBBBBBBBBBBBBBBBBBBBBBBBBBBBBB">
      <id>1975</id>
      <classname>org.openmrs.ConceptName</classname>
      <dateChanged id="295">2009-05-13 12:34:56</dateChanged>
    </org.openmrs.module.metadatasharing.Item>
    <org.openmrs.module.metadatasharing.Item id="296" uuid="105885BBBBBBBBBBBBBBBBBBBBBBBBBBBBBB">
      <id>105885</id>
      <classname>org.openmrs.ConceptName</classname>
      <dateChanged id="297">2010-05-03 17:07:47</dateChanged>
    </org.openmrs.module.metadatasharing.Item>
    <org.openmrs.module.metadatasharing.Item id="298" uuid="1482CCCCCCCCCCCCCCCCCCCCCCCCCCCCCCCC">
      <id>1482</id>
      <classname>org.openmrs.ConceptAnswer</classname>
      <dateChanged id="299">2009-05-13 12:34:56</dateChanged>
    </org.openmrs.module.metadatasharing.Item>
    <org.openmrs.module.metadatasharing.Item id="300" uuid="1694AAAAAAAAAAAAAAAAAAAAAAAAAAAAAAAA">
      <id>1694</id>
      <classname>org.openmrs.Concept</classname>
      <dateChanged id="301">2010-12-30 19:37:50</dateChanged>
      <retired>false</retired>
    </org.openmrs.module.metadatasharing.Item>
    <org.openmrs.module.metadatasharing.Item id="302" uuid="8d4a5cca-c2cc-11de-8d13-0010c6dffd0f">
      <id>10</id>
      <classname>org.openmrs.ConceptDatatype</classname>
      <dateChanged id="303">2004-08-26 00:00:00</dateChanged>
      <retired>false</retired>
    </org.openmrs.module.metadatasharing.Item>
    <org.openmrs.module.metadatasharing.Item id="304" uuid="105998BBBBBBBBBBBBBBBBBBBBBBBBBBBBBB">
      <id>105998</id>
      <classname>org.openmrs.ConceptName</classname>
      <dateChanged id="305">2010-05-03 17:11:17</dateChanged>
    </org.openmrs.module.metadatasharing.Item>
    <org.openmrs.module.metadatasharing.Item id="306" uuid="86977BBBBBBBBBBBBBBBBBBBBBBBBBBBBBBB">
      <id>86977</id>
      <classname>org.openmrs.ConceptName</classname>
      <dateChanged id="307">2009-05-13 12:33:09</dateChanged>
    </org.openmrs.module.metadatasharing.Item>
    <org.openmrs.module.metadatasharing.Item id="308" uuid="97940BBBBBBBBBBBBBBBBBBBBBBBBBBBBBBB">
      <id>97940</id>
      <classname>org.openmrs.ConceptName</classname>
      <dateChanged id="309">2009-05-13 12:33:09</dateChanged>
    </org.openmrs.module.metadatasharing.Item>
    <org.openmrs.module.metadatasharing.Item id="310" uuid="1974BBBBBBBBBBBBBBBBBBBBBBBBBBBBBBBB">
      <id>1974</id>
      <classname>org.openmrs.ConceptName</classname>
      <dateChanged id="311">2009-05-13 12:33:09</dateChanged>
    </org.openmrs.module.metadatasharing.Item>
    <org.openmrs.module.metadatasharing.Item id="312" uuid="93887BBBBBBBBBBBBBBBBBBBBBBBBBBBBBBB">
      <id>93887</id>
      <classname>org.openmrs.ConceptName</classname>
      <dateChanged id="313">2009-05-13 12:33:09</dateChanged>
    </org.openmrs.module.metadatasharing.Item>
    <org.openmrs.module.metadatasharing.Item id="314" uuid="171933ABBBBBBBBBBBBBBBBBBBBBBBBBBBBB">
      <id>171933</id>
      <classname>org.openmrs.ConceptMap</classname>
      <dateChanged id="315">2013-07-03 18:53:08</dateChanged>
    </org.openmrs.module.metadatasharing.Item>
    <org.openmrs.module.metadatasharing.Item id="316" uuid="41f9f17a-9981-3c73-9764-e1bf10dfc9f0">
      <id>171933</id>
      <classname>org.openmrs.ConceptReferenceTerm</classname>
      <dateChanged id="317">2013-07-03 00:00:00</dateChanged>
      <retired>false</retired>
    </org.openmrs.module.metadatasharing.Item>
    <org.openmrs.module.metadatasharing.Item id="318" uuid="137532ABBBBBBBBBBBBBBBBBBBBBBBBBBBBB">
      <id>137532</id>
      <classname>org.openmrs.ConceptMap</classname>
      <dateChanged id="319">2010-12-30 19:37:50</dateChanged>
    </org.openmrs.module.metadatasharing.Item>
    <org.openmrs.module.metadatasharing.Item id="320" uuid="2549e903-25a0-3738-844d-fe896e63cb0d">
      <id>137532</id>
      <classname>org.openmrs.ConceptReferenceTerm</classname>
      <dateChanged id="321">2010-12-30 00:00:00</dateChanged>
      <retired>false</retired>
    </org.openmrs.module.metadatasharing.Item>
    <org.openmrs.module.metadatasharing.Item id="322" uuid="1483CCCCCCCCCCCCCCCCCCCCCCCCCCCCCCCC">
      <id>1483</id>
      <classname>org.openmrs.ConceptAnswer</classname>
      <dateChanged id="323">2009-05-13 12:34:56</dateChanged>
    </org.openmrs.module.metadatasharing.Item>
    <org.openmrs.module.metadatasharing.Item id="324" uuid="1693AAAAAAAAAAAAAAAAAAAAAAAAAAAAAAAA">
      <id>1693</id>
      <classname>org.openmrs.Concept</classname>
      <dateChanged id="325">2011-02-04 20:58:22</dateChanged>
      <retired>false</retired>
    </org.openmrs.module.metadatasharing.Item>
    <org.openmrs.module.metadatasharing.Item id="326" uuid="1973BBBBBBBBBBBBBBBBBBBBBBBBBBBBBBBB">
      <id>1973</id>
      <classname>org.openmrs.ConceptName</classname>
      <dateChanged id="327">2009-05-13 12:32:19</dateChanged>
    </org.openmrs.module.metadatasharing.Item>
    <org.openmrs.module.metadatasharing.Item id="328" uuid="106177BBBBBBBBBBBBBBBBBBBBBBBBBBBBBB">
      <id>106177</id>
      <classname>org.openmrs.ConceptName</classname>
      <dateChanged id="329">2010-05-03 17:11:20</dateChanged>
    </org.openmrs.module.metadatasharing.Item>
    <org.openmrs.module.metadatasharing.Item id="330" uuid="86976BBBBBBBBBBBBBBBBBBBBBBBBBBBBBBB">
      <id>86976</id>
      <classname>org.openmrs.ConceptName</classname>
      <dateChanged id="331">2009-05-13 12:32:19</dateChanged>
    </org.openmrs.module.metadatasharing.Item>
    <org.openmrs.module.metadatasharing.Item id="332" uuid="137531ABBBBBBBBBBBBBBBBBBBBBBBBBBBBB">
      <id>137531</id>
      <classname>org.openmrs.ConceptMap</classname>
      <dateChanged id="333">2010-12-30 19:34:43</dateChanged>
    </org.openmrs.module.metadatasharing.Item>
    <org.openmrs.module.metadatasharing.Item id="334" uuid="71bb768c-4d3d-3a7a-afd4-e06988f0146f">
      <id>137531</id>
      <classname>org.openmrs.ConceptReferenceTerm</classname>
      <dateChanged id="335">2010-12-30 00:00:00</dateChanged>
      <retired>false</retired>
    </org.openmrs.module.metadatasharing.Item>
    <org.openmrs.module.metadatasharing.Item id="336" uuid="132706ABBBBBBBBBBBBBBBBBBBBBBBBBBBBB">
      <id>132706</id>
      <classname>org.openmrs.ConceptMap</classname>
      <dateChanged id="337">2010-08-23 15:49:10</dateChanged>
    </org.openmrs.module.metadatasharing.Item>
    <org.openmrs.module.metadatasharing.Item id="338" uuid="82331ac0-721e-3f2b-a456-6387d25c6b7d">
      <id>132706</id>
      <classname>org.openmrs.ConceptReferenceTerm</classname>
      <dateChanged id="339">2010-08-23 00:00:00</dateChanged>
      <retired>false</retired>
    </org.openmrs.module.metadatasharing.Item>
    <org.openmrs.module.metadatasharing.Item id="340" uuid="132639ABBBBBBBBBBBBBBBBBBBBBBBBBBBBB">
      <id>132639</id>
      <classname>org.openmrs.ConceptMap</classname>
      <dateChanged id="341">2010-08-23 15:49:10</dateChanged>
    </org.openmrs.module.metadatasharing.Item>
    <org.openmrs.module.metadatasharing.Item id="342" uuid="0eced425-8304-32e9-af97-fbcecc91dc2a">
      <id>132639</id>
      <classname>org.openmrs.ConceptReferenceTerm</classname>
      <dateChanged id="343">2010-08-23 00:00:00</dateChanged>
      <retired>false</retired>
    </org.openmrs.module.metadatasharing.Item>
    <org.openmrs.module.metadatasharing.Item id="344" uuid="171932ABBBBBBBBBBBBBBBBBBBBBBBBBBBBB">
      <id>171932</id>
      <classname>org.openmrs.ConceptMap</classname>
      <dateChanged id="345">2013-07-03 18:53:08</dateChanged>
    </org.openmrs.module.metadatasharing.Item>
    <org.openmrs.module.metadatasharing.Item id="346" uuid="0e591d25-7612-3676-8587-3a059a9cdc5e">
      <id>171932</id>
      <classname>org.openmrs.ConceptReferenceTerm</classname>
      <dateChanged id="347">2013-07-03 00:00:00</dateChanged>
      <retired>false</retired>
    </org.openmrs.module.metadatasharing.Item>
    <org.openmrs.module.metadatasharing.Item id="348" uuid="137922ABBBBBBBBBBBBBBBBBBBBBBBBBBBBB">
      <id>137922</id>
      <classname>org.openmrs.ConceptMap</classname>
      <dateChanged id="349">2011-01-17 20:47:18</dateChanged>
    </org.openmrs.module.metadatasharing.Item>
    <org.openmrs.module.metadatasharing.Item id="350" uuid="d6164341-f1fb-3e45-b82d-94c2ae65e3d0">
      <id>137922</id>
      <classname>org.openmrs.ConceptReferenceTerm</classname>
      <dateChanged id="351">2011-01-17 00:00:00</dateChanged>
      <retired>false</retired>
    </org.openmrs.module.metadatasharing.Item>
    <org.openmrs.module.metadatasharing.Item id="352" uuid="141569ABBBBBBBBBBBBBBBBBBBBBBBBBBBBB">
      <id>141569</id>
      <classname>org.openmrs.ConceptMap</classname>
      <dateChanged id="353">2011-02-04 20:58:22</dateChanged>
    </org.openmrs.module.metadatasharing.Item>
    <org.openmrs.module.metadatasharing.Item id="354" uuid="b3f7133c-ee98-34ec-a8da-6200b36a5cd8">
      <id>141569</id>
      <classname>org.openmrs.ConceptReferenceTerm</classname>
      <dateChanged id="355">2011-02-04 00:00:00</dateChanged>
      <retired>false</retired>
    </org.openmrs.module.metadatasharing.Item>
    <org.openmrs.module.metadatasharing.Item id="356" uuid="14ADDDDDDDDDDDDDDDDDDDDDDDDDDDDDDDDD">
      <id>14</id>
      <classname>org.openmrs.ConceptSource</classname>
      <dateChanged id="357">2010-12-03 18:18:39</dateChanged>
      <retired>false</retired>
    </org.openmrs.module.metadatasharing.Item>
    <org.openmrs.module.metadatasharing.Item id="358" uuid="1484CCCCCCCCCCCCCCCCCCCCCCCCCCCCCCCC">
      <id>1484</id>
      <classname>org.openmrs.ConceptAnswer</classname>
      <dateChanged id="359">2009-05-13 12:34:56</dateChanged>
    </org.openmrs.module.metadatasharing.Item>
    <org.openmrs.module.metadatasharing.Item id="360" uuid="1692AAAAAAAAAAAAAAAAAAAAAAAAAAAAAAAA">
      <id>1692</id>
      <classname>org.openmrs.Concept</classname>
      <dateChanged id="361">2010-09-23 12:54:09</dateChanged>
      <retired>false</retired>
    </org.openmrs.module.metadatasharing.Item>
    <org.openmrs.module.metadatasharing.Item id="362" uuid="86975BBBBBBBBBBBBBBBBBBBBBBBBBBBBBBB">
      <id>86975</id>
      <classname>org.openmrs.ConceptName</classname>
      <dateChanged id="363">2009-05-13 12:31:43</dateChanged>
    </org.openmrs.module.metadatasharing.Item>
    <org.openmrs.module.metadatasharing.Item id="364" uuid="105886BBBBBBBBBBBBBBBBBBBBBBBBBBBBBB">
      <id>105886</id>
      <classname>org.openmrs.ConceptName</classname>
      <dateChanged id="365">2010-05-03 17:07:47</dateChanged>
    </org.openmrs.module.metadatasharing.Item>
    <org.openmrs.module.metadatasharing.Item id="366" uuid="1972BBBBBBBBBBBBBBBBBBBBBBBBBBBBBBBB">
      <id>1972</id>
      <classname>org.openmrs.ConceptName</classname>
      <dateChanged id="367">2009-05-13 12:31:43</dateChanged>
    </org.openmrs.module.metadatasharing.Item>
    <org.openmrs.module.metadatasharing.Item id="368" uuid="171931ABBBBBBBBBBBBBBBBBBBBBBBBBBBBB">
      <id>171931</id>
      <classname>org.openmrs.ConceptMap</classname>
      <dateChanged id="369">2013-07-03 18:53:08</dateChanged>
    </org.openmrs.module.metadatasharing.Item>
    <org.openmrs.module.metadatasharing.Item id="370" uuid="d534cdf7-2cd4-30a7-be2d-b6cb550f791a">
      <id>171931</id>
      <classname>org.openmrs.ConceptReferenceTerm</classname>
      <dateChanged id="371">2013-07-03 00:00:00</dateChanged>
      <retired>false</retired>
    </org.openmrs.module.metadatasharing.Item>
    <org.openmrs.module.metadatasharing.Item id="372" uuid="132726ABBBBBBBBBBBBBBBBBBBBBBBBBBBBB">
      <id>132726</id>
      <classname>org.openmrs.ConceptMap</classname>
      <dateChanged id="373">2010-08-23 15:49:10</dateChanged>
    </org.openmrs.module.metadatasharing.Item>
    <org.openmrs.module.metadatasharing.Item id="374" uuid="fc81d755-a94c-34aa-8440-9980df0cb6a3">
      <id>132726</id>
      <classname>org.openmrs.ConceptReferenceTerm</classname>
      <dateChanged id="375">2010-08-23 00:00:00</dateChanged>
      <retired>false</retired>
    </org.openmrs.module.metadatasharing.Item>
    <org.openmrs.module.metadatasharing.Item id="376" uuid="133415ABBBBBBBBBBBBBBBBBBBBBBBBBBBBB">
      <id>133415</id>
      <classname>org.openmrs.ConceptMap</classname>
      <dateChanged id="377">2010-09-20 17:27:10</dateChanged>
    </org.openmrs.module.metadatasharing.Item>
    <org.openmrs.module.metadatasharing.Item id="378" uuid="c3cff5e9-e759-3bbf-8a39-6e8adb497f1d">
      <id>133415</id>
      <classname>org.openmrs.ConceptReferenceTerm</classname>
      <dateChanged id="379">2010-09-20 00:00:00</dateChanged>
      <retired>false</retired>
    </org.openmrs.module.metadatasharing.Item>
    <org.openmrs.module.metadatasharing.Item id="380" uuid="1485CCCCCCCCCCCCCCCCCCCCCCCCCCCCCCCC">
      <id>1485</id>
      <classname>org.openmrs.ConceptAnswer</classname>
      <dateChanged id="381">2009-05-13 12:34:56</dateChanged>
    </org.openmrs.module.metadatasharing.Item>
    <org.openmrs.module.metadatasharing.Item id="382" uuid="5622AAAAAAAAAAAAAAAAAAAAAAAAAAAAAAAA">
      <id>5622</id>
      <classname>org.openmrs.Concept</classname>
      <dateChanged id="383">2012-12-16 19:03:55</dateChanged>
      <retired>false</retired>
    </org.openmrs.module.metadatasharing.Item>
    <org.openmrs.module.metadatasharing.Item id="384" uuid="110860BBBBBBBBBBBBBBBBBBBBBBBBBBBBBB">
      <id>110860</id>
      <classname>org.openmrs.ConceptName</classname>
      <dateChanged id="385">2012-12-16 19:03:55</dateChanged>
    </org.openmrs.module.metadatasharing.Item>
    <org.openmrs.module.metadatasharing.Item id="386" uuid="110113BBBBBBBBBBBBBBBBBBBBBBBBBBBBBB">
      <id>110113</id>
      <classname>org.openmrs.ConceptName</classname>
      <dateChanged id="387">2012-08-10 19:17:27</dateChanged>
    </org.openmrs.module.metadatasharing.Item>
    <org.openmrs.module.metadatasharing.Item id="388" uuid="2761BBBBBBBBBBBBBBBBBBBBBBBBBBBBBBBB">
      <id>2761</id>
      <classname>org.openmrs.ConceptName</classname>
      <dateChanged id="389">2004-08-12 00:00:00</dateChanged>
    </org.openmrs.module.metadatasharing.Item>
    <org.openmrs.module.metadatasharing.Item id="390" uuid="105802BBBBBBBBBBBBBBBBBBBBBBBBBBBBBB">
      <id>105802</id>
      <classname>org.openmrs.ConceptName</classname>
      <dateChanged id="391">2010-05-03 16:52:33</dateChanged>
    </org.openmrs.module.metadatasharing.Item>
    <org.openmrs.module.metadatasharing.Item id="392" uuid="2253FFFFFFFFFFFFFFFFFFFFFFFFFFFFFFFF">
      <id>2253</id>
      <classname>org.openmrs.ConceptDescription</classname>
      <dateChanged id="393">2012-12-16 19:03:55</dateChanged>
    </org.openmrs.module.metadatasharing.Item>
    <org.openmrs.module.metadatasharing.Item id="394" uuid="144395ABBBBBBBBBBBBBBBBBBBBBBBBBBBBB">
      <id>144395</id>
      <classname>org.openmrs.ConceptMap</classname>
      <dateChanged id="395">2012-06-03 19:58:40</dateChanged>
    </org.openmrs.module.metadatasharing.Item>
    <org.openmrs.module.metadatasharing.Item id="396" uuid="49fd39a2-2b4a-38c2-8f0e-0cb9a7e0fe22">
      <id>144395</id>
      <classname>org.openmrs.ConceptReferenceTerm</classname>
      <dateChanged id="397">2012-06-03 00:00:00</dateChanged>
      <retired>false</retired>
    </org.openmrs.module.metadatasharing.Item>
    <org.openmrs.module.metadatasharing.Item id="398" uuid="12ADDDDDDDDDDDDDDDDDDDDDDDDDDDDDDDDD">
      <id>12</id>
      <classname>org.openmrs.ConceptSource</classname>
      <dateChanged id="399">2010-10-24 17:02:20</dateChanged>
      <retired>false</retired>
    </org.openmrs.module.metadatasharing.Item>
    <org.openmrs.module.metadatasharing.Item id="400" uuid="135771ABBBBBBBBBBBBBBBBBBBBBBBBBBBBB">
      <id>135771</id>
      <classname>org.openmrs.ConceptMap</classname>
      <dateChanged id="401">2010-10-24 13:09:59</dateChanged>
    </org.openmrs.module.metadatasharing.Item>
    <org.openmrs.module.metadatasharing.Item id="402" uuid="de4dbf4f-b5ee-3d32-9ce6-ca2e15c2e1b3">
      <id>135771</id>
      <classname>org.openmrs.ConceptReferenceTerm</classname>
      <dateChanged id="403">2010-10-24 00:00:00</dateChanged>
      <retired>false</retired>
    </org.openmrs.module.metadatasharing.Item>
    <org.openmrs.module.metadatasharing.Item id="404" uuid="143666ABBBBBBBBBBBBBBBBBBBBBBBBBBBBB">
      <id>143666</id>
      <classname>org.openmrs.ConceptMap</classname>
      <dateChanged id="405">2011-05-27 14:13:52</dateChanged>
    </org.openmrs.module.metadatasharing.Item>
    <org.openmrs.module.metadatasharing.Item id="406" uuid="142f78e3-31a5-3969-a405-286a699f711f">
      <id>143663</id>
      <classname>org.openmrs.ConceptReferenceTerm</classname>
      <dateChanged id="407">2011-05-27 00:00:00</dateChanged>
      <retired>false</retired>
    </org.openmrs.module.metadatasharing.Item>
    <org.openmrs.module.metadatasharing.Item id="408" uuid="141670ABBBBBBBBBBBBBBBBBBBBBBBBBBBBB">
      <id>141670</id>
      <classname>org.openmrs.ConceptMap</classname>
      <dateChanged id="409">2011-02-10 16:54:39</dateChanged>
    </org.openmrs.module.metadatasharing.Item>
    <org.openmrs.module.metadatasharing.Item id="410" uuid="cd9bed8e-d47a-38bd-a677-695644801d87">
      <id>141670</id>
      <classname>org.openmrs.ConceptReferenceTerm</classname>
      <dateChanged id="411">2011-02-10 00:00:00</dateChanged>
      <retired>false</retired>
    </org.openmrs.module.metadatasharing.Item>
    <org.openmrs.module.metadatasharing.Item id="412" uuid="172381ABBBBBBBBBBBBBBBBBBBBBBBBBBBBB">
      <id>172381</id>
      <classname>org.openmrs.ConceptMap</classname>
      <dateChanged id="413">2013-07-03 18:53:08</dateChanged>
    </org.openmrs.module.metadatasharing.Item>
    <org.openmrs.module.metadatasharing.Item id="414" uuid="77ae1072-f97e-3c41-ad82-8746ad6f9c26">
      <id>172381</id>
      <classname>org.openmrs.ConceptReferenceTerm</classname>
      <dateChanged id="415">2013-07-03 00:00:00</dateChanged>
      <retired>false</retired>
    </org.openmrs.module.metadatasharing.Item>
    <org.openmrs.module.metadatasharing.Item id="416" uuid="137766ABBBBBBBBBBBBBBBBBBBBBBBBBBBBB">
      <id>137766</id>
      <classname>org.openmrs.ConceptMap</classname>
      <dateChanged id="417">2011-01-15 13:27:39</dateChanged>
    </org.openmrs.module.metadatasharing.Item>
    <org.openmrs.module.metadatasharing.Item id="418" uuid="17744715-bb7d-3022-96d3-2e2144a778d4">
      <id>137766</id>
      <classname>org.openmrs.ConceptReferenceTerm</classname>
      <dateChanged id="419">2011-01-15 00:00:00</dateChanged>
      <retired>false</retired>
    </org.openmrs.module.metadatasharing.Item>
    <org.openmrs.module.metadatasharing.Item id="420" uuid="137878ABBBBBBBBBBBBBBBBBBBBBBBBBBBBB">
      <id>137878</id>
      <classname>org.openmrs.ConceptMap</classname>
      <dateChanged id="421">2011-01-17 15:43:23</dateChanged>
    </org.openmrs.module.metadatasharing.Item>
    <org.openmrs.module.metadatasharing.Item id="422" uuid="a4138b87-50d9-30b1-aea4-9fc620570cc6">
      <id>137878</id>
      <classname>org.openmrs.ConceptReferenceTerm</classname>
      <dateChanged id="423">2011-01-17 00:00:00</dateChanged>
      <retired>false</retired>
    </org.openmrs.module.metadatasharing.Item>
    <org.openmrs.module.metadatasharing.Item id="424" uuid="1486CCCCCCCCCCCCCCCCCCCCCCCCCCCCCCCC">
      <id>1486</id>
      <classname>org.openmrs.ConceptAnswer</classname>
      <dateChanged id="425">2009-05-13 12:34:56</dateChanged>
    </org.openmrs.module.metadatasharing.Item>
    <org.openmrs.module.metadatasharing.Item id="426" uuid="159AAAAAAAAAAAAAAAAAAAAAAAAAAAAAAAAA">
      <id>159</id>
      <classname>org.openmrs.Concept</classname>
      <dateChanged id="427">2012-10-09 22:02:18</dateChanged>
      <retired>false</retired>
    </org.openmrs.module.metadatasharing.Item>
    <org.openmrs.module.metadatasharing.Item id="428" uuid="181BBBBBBBBBBBBBBBBBBBBBBBBBBBBBBBBB">
      <id>181</id>
      <classname>org.openmrs.ConceptName</classname>
      <dateChanged id="429">2007-08-17 12:32:24</dateChanged>
    </org.openmrs.module.metadatasharing.Item>
    <org.openmrs.module.metadatasharing.Item id="430" uuid="180BBBBBBBBBBBBBBBBBBBBBBBBBBBBBBBBB">
      <id>180</id>
      <classname>org.openmrs.ConceptName</classname>
      <dateChanged id="431">2004-01-01 00:00:00</dateChanged>
    </org.openmrs.module.metadatasharing.Item>
    <org.openmrs.module.metadatasharing.Item id="432" uuid="182BBBBBBBBBBBBBBBBBBBBBBBBBBBBBBBBB">
      <id>182</id>
      <classname>org.openmrs.ConceptName</classname>
      <dateChanged id="433">2007-12-11 21:28:21</dateChanged>
    </org.openmrs.module.metadatasharing.Item>
    <org.openmrs.module.metadatasharing.Item id="434" uuid="158FFFFFFFFFFFFFFFFFFFFFFFFFFFFFFFFF">
      <id>158</id>
      <classname>org.openmrs.ConceptDescription</classname>
      <dateChanged id="435">2012-10-09 22:02:18</dateChanged>
    </org.openmrs.module.metadatasharing.Item>
    <org.openmrs.module.metadatasharing.Item id="436" uuid="159FFFFFFFFFFFFFFFFFFFFFFFFFFFFFFFFF">
      <id>159</id>
      <classname>org.openmrs.ConceptDescription</classname>
      <dateChanged id="437">2012-10-09 22:02:18</dateChanged>
    </org.openmrs.module.metadatasharing.Item>
    <org.openmrs.module.metadatasharing.Item id="438" uuid="134021ABBBBBBBBBBBBBBBBBBBBBBBBBBBBB">
      <id>134021</id>
      <classname>org.openmrs.ConceptMap</classname>
      <dateChanged id="439">2010-10-24 13:09:59</dateChanged>
    </org.openmrs.module.metadatasharing.Item>
    <org.openmrs.module.metadatasharing.Item id="440" uuid="6e2ddd50-b700-35f1-8a0c-63edb766eb6a">
      <id>134021</id>
      <classname>org.openmrs.ConceptReferenceTerm</classname>
      <dateChanged id="441">2010-10-24 00:00:00</dateChanged>
      <retired>false</retired>
    </org.openmrs.module.metadatasharing.Item>
    <org.openmrs.module.metadatasharing.Item id="442" uuid="145925ABBBBBBBBBBBBBBBBBBBBBBBBBBBBB">
      <id>145925</id>
      <classname>org.openmrs.ConceptMap</classname>
      <dateChanged id="443">2012-10-09 22:02:18</dateChanged>
    </org.openmrs.module.metadatasharing.Item>
    <org.openmrs.module.metadatasharing.Item id="444" uuid="e71e93a5-d1cd-36ff-ba1e-7a76aa439bf0">
      <id>117231</id>
      <classname>org.openmrs.ConceptReferenceTerm</classname>
      <dateChanged id="445">2010-04-25 00:00:00</dateChanged>
      <retired>false</retired>
    </org.openmrs.module.metadatasharing.Item>
    <org.openmrs.module.metadatasharing.Item id="446" uuid="3f65bd34-26fe-102b-80cb-0017a47871b2">
      <id>3</id>
      <classname>org.openmrs.ConceptSource</classname>
      <dateChanged id="447">2010-04-25 11:13:15</dateChanged>
      <retired>false</retired>
    </org.openmrs.module.metadatasharing.Item>
    <org.openmrs.module.metadatasharing.Item id="448" uuid="171027ABBBBBBBBBBBBBBBBBBBBBBBBBBBBB">
      <id>171027</id>
      <classname>org.openmrs.ConceptMap</classname>
      <dateChanged id="449">2013-07-03 18:53:08</dateChanged>
    </org.openmrs.module.metadatasharing.Item>
    <org.openmrs.module.metadatasharing.Item id="450" uuid="e62f5724-9d1a-3119-9872-2784b405abc7">
      <id>171027</id>
      <classname>org.openmrs.ConceptReferenceTerm</classname>
      <dateChanged id="451">2013-07-03 00:00:00</dateChanged>
      <retired>false</retired>
    </org.openmrs.module.metadatasharing.Item>
    <org.openmrs.module.metadatasharing.Item id="452" uuid="137046ABBBBBBBBBBBBBBBBBBBBBBBBBBBBB">
      <id>137046</id>
      <classname>org.openmrs.ConceptMap</classname>
      <dateChanged id="453">2010-12-05 17:51:52</dateChanged>
    </org.openmrs.module.metadatasharing.Item>
    <org.openmrs.module.metadatasharing.Item id="454" uuid="1529FFFFFFFFFFFFFFFFFFFFFFFFFFFFFFFF">
      <id>1529</id>
      <classname>org.openmrs.ConceptDescription</classname>
      <dateChanged id="455">2009-05-13 12:34:56</dateChanged>
    </org.openmrs.module.metadatasharing.Item>
    <org.openmrs.module.metadatasharing.Item id="456" uuid="171934ABBBBBBBBBBBBBBBBBBBBBBBBBBBBB">
      <id>171934</id>
      <classname>org.openmrs.ConceptMap</classname>
      <dateChanged id="457">2013-07-03 18:53:08</dateChanged>
    </org.openmrs.module.metadatasharing.Item>
    <org.openmrs.module.metadatasharing.Item id="458" uuid="f3a2b17b-ac69-39fd-bc21-05b196518f7d">
      <id>171934</id>
      <classname>org.openmrs.ConceptReferenceTerm</classname>
      <dateChanged id="459">2013-07-03 00:00:00</dateChanged>
      <retired>false</retired>
    </org.openmrs.module.metadatasharing.Item>
    <org.openmrs.module.metadatasharing.Item id="460" uuid="137533ABBBBBBBBBBBBBBBBBBBBBBBBBBBBB">
      <id>137533</id>
      <classname>org.openmrs.ConceptMap</classname>
      <dateChanged id="461">2010-12-30 19:41:02</dateChanged>
    </org.openmrs.module.metadatasharing.Item>
    <org.openmrs.module.metadatasharing.Item id="462" uuid="a595264f-9d6f-36f2-9ae6-141f1f0efdd7">
      <id>137533</id>
      <classname>org.openmrs.ConceptReferenceTerm</classname>
      <dateChanged id="463">2010-12-30 00:00:00</dateChanged>
      <retired>false</retired>
    </org.openmrs.module.metadatasharing.Item>
    <org.openmrs.module.metadatasharing.Item id="464" uuid="160631AAAAAAAAAAAAAAAAAAAAAAAAAAAAAA">
      <id>160631</id>
      <classname>org.openmrs.Concept</classname>
      <dateChanged id="465">2012-06-23 14:33:42</dateChanged>
      <retired>false</retired>
    </org.openmrs.module.metadatasharing.Item>
    <org.openmrs.module.metadatasharing.Item id="466" uuid="1edca368-768a-102f-83f4-12313b04a615">
      <id>18</id>
      <classname>org.openmrs.ConceptClass</classname>
      <dateChanged id="467">2011-01-18 01:53:56</dateChanged>
      <retired>false</retired>
    </org.openmrs.module.metadatasharing.Item>
    <org.openmrs.module.metadatasharing.Item id="468" uuid="109079BBBBBBBBBBBBBBBBBBBBBBBBBBBBBB">
      <id>109079</id>
      <classname>org.openmrs.ConceptName</classname>
      <dateChanged id="469">2012-06-23 14:33:42</dateChanged>
    </org.openmrs.module.metadatasharing.Item>
    <org.openmrs.module.metadatasharing.Item id="470" uuid="217754ABBBBBBBBBBBBBBBBBBBBBBBBBBBBB">
      <id>217754</id>
      <classname>org.openmrs.ConceptMap</classname>
      <dateChanged id="471">2013-07-03 18:53:08</dateChanged>
    </org.openmrs.module.metadatasharing.Item>
    <org.openmrs.module.metadatasharing.Item id="472" uuid="a30f3815-3a41-324a-8e9e-75965189ce82">
      <id>217754</id>
      <classname>org.openmrs.ConceptReferenceTerm</classname>
      <dateChanged id="473">2013-07-03 00:00:00</dateChanged>
      <retired>false</retired>
    </org.openmrs.module.metadatasharing.Item>
    <org.openmrs.module.metadatasharing.Item id="474" uuid="144745ABBBBBBBBBBBBBBBBBBBBBBBBBBBBB">
      <id>144745</id>
      <classname>org.openmrs.ConceptMap</classname>
      <dateChanged id="475">2012-06-23 14:33:42</dateChanged>
    </org.openmrs.module.metadatasharing.Item>
    <org.openmrs.module.metadatasharing.Item id="476" uuid="88d9d46d-29c3-3708-b504-8a0b8ef76670">
      <id>144745</id>
      <classname>org.openmrs.ConceptReferenceTerm</classname>
      <dateChanged id="477">2012-06-23 00:00:00</dateChanged>
      <retired>false</retired>
    </org.openmrs.module.metadatasharing.Item>
    <org.openmrs.module.metadatasharing.Item id="478" uuid="144744ABBBBBBBBBBBBBBBBBBBBBBBBBBBBB">
      <id>144744</id>
      <classname>org.openmrs.ConceptMap</classname>
      <dateChanged id="479">2012-06-23 14:33:42</dateChanged>
    </org.openmrs.module.metadatasharing.Item>
    <org.openmrs.module.metadatasharing.Item id="480" uuid="1cc7dc79-ad09-4897-8a1d-0b3d3226e9ee">
      <id>9</id>
      <classname>org.openmrs.Person</classname>
    </org.openmrs.module.metadatasharing.Item>
    <org.openmrs.module.metadatasharing.Item id="481" uuid="02d1c5a1-ee17-4b0b-ad7a-5f37766d020e">
      <id>9</id>
      <classname>org.openmrs.PersonName</classname>
      <dateChanged id="482">2012-08-08 23:40:16</dateChanged>
    </org.openmrs.module.metadatasharing.Item>
  </relatedItems>
  <incrementalVersion>false</incrementalVersion>
</package>
