<?xml version="1.0" encoding="UTF-8"?>
<package id="1" uuid="07c07b97-b04b-491f-8eb1-3753ea575ee5">
  <dateCreated id="2">2012-08-08 23:44:38</dateCreated>
  <name>Kenya EMR Core Metadata</name>
  <description>Core metadata for the Kenya OpenMRS EMR. (Does not include forms or locations.)</description>
  <openmrsVersion>1.9.1 SNAPSHOT Build 28506</openmrsVersion>
  <version>7</version>
  <groupUuid>29177ba6-a634-42d5-9314-e12689856ff1</groupUuid>
  <modules id="3">
    <entry>
      <string>moduledistro</string>
      <string>1.2-SNAPSHOT</string>
    </entry>
    <entry>
      <string>groovy</string>
      <string>2.0.4</string>
    </entry>
    <entry>
      <string>htmlformentry</string>
      <string>1.9.4</string>
    </entry>
    <entry>
      <string>idgen</string>
      <string>2.1</string>
    </entry>
    <entry>
      <string>metadatasharing</string>
      <string>1.0.8</string>
    </entry>
    <entry>
      <string>logic</string>
      <string>0.5.2</string>
    </entry>
  </modules>
  <items class="linked-hash-set" id="4">
    <org.openmrs.module.metadatasharing.Item id="5" uuid="8a845a89-6aa5-4111-81d3-0af31c45c002">
      <id>1</id>
      <classname>org.openmrs.LocationAttributeType</classname>
      <dateChanged id="6">2012-06-18 23:33:24</dateChanged>
      <retired>false</retired>
    </org.openmrs.module.metadatasharing.Item>
    <org.openmrs.module.metadatasharing.Item id="7" uuid="05ee9cf4-7242-4a17-b4d4-00f707265c8a">
      <id>3</id>
      <classname>org.openmrs.PatientIdentifierType</classname>
      <dateChanged id="8">2012-06-25 01:43:42</dateChanged>
      <retired>false</retired>
    </org.openmrs.module.metadatasharing.Item>
    <org.openmrs.module.metadatasharing.Item id="9" uuid="dfacd928-0370-4315-99d7-6ec1c9f7ae76">
      <id>4</id>
      <classname>org.openmrs.PatientIdentifierType</classname>
      <dateChanged id="10">2012-06-25 01:44:50</dateChanged>
      <retired>false</retired>
    </org.openmrs.module.metadatasharing.Item>
    <org.openmrs.module.metadatasharing.Item id="11" uuid="b4d66522-11fc-45c7-83e3-39a1af21ae0d">
      <id>5</id>
      <classname>org.openmrs.PatientIdentifierType</classname>
      <dateChanged id="12">2012-06-25 02:35:39</dateChanged>
      <retired>false</retired>
    </org.openmrs.module.metadatasharing.Item>
    <org.openmrs.module.metadatasharing.Item id="13" uuid="3371a4d4-f66f-4454-a86d-92c7b3da990c">
      <id>4</id>
      <classname>org.openmrs.VisitType</classname>
      <dateChanged id="14">2012-06-25 01:38:30</dateChanged>
      <retired>false</retired>
    </org.openmrs.module.metadatasharing.Item>
    <org.openmrs.module.metadatasharing.Item id="15" uuid="b2c38640-2603-4629-aebd-3b54f33f1e3a">
      <id>8</id>
      <classname>org.openmrs.PersonAttributeType</classname>
      <dateChanged id="16">2012-06-26 06:50:58</dateChanged>
      <retired>false</retired>
    </org.openmrs.module.metadatasharing.Item>
    <org.openmrs.module.metadatasharing.Item id="17" uuid="de78a6be-bfc5-4634-adc3-5f1a280455cc">
      <id>7</id>
      <classname>org.openmrs.EncounterType</classname>
      <dateChanged id="18">2012-06-26 06:15:01</dateChanged>
      <retired>false</retired>
    </org.openmrs.module.metadatasharing.Item>
    <org.openmrs.module.metadatasharing.Item id="19" uuid="d1059fb9-a079-4feb-a749-eedd709ae542">
      <id>8</id>
      <classname>org.openmrs.EncounterType</classname>
      <dateChanged id="20">2012-06-26 06:15:56</dateChanged>
      <retired>false</retired>
    </org.openmrs.module.metadatasharing.Item>
    <org.openmrs.module.metadatasharing.Item id="21" uuid="abfb143c-5b49-41e5-9ead-f47ee4cc57cf">
      <id>9</id>
      <classname>org.openmrs.EncounterType</classname>
      <dateChanged id="22">2012-06-26 06:16:59</dateChanged>
      <retired>false</retired>
    </org.openmrs.module.metadatasharing.Item>
    <org.openmrs.module.metadatasharing.Item id="23" uuid="a0034eee-1940-4e35-847f-97537a35d05e">
      <id>11</id>
      <classname>org.openmrs.EncounterType</classname>
      <dateChanged id="24">2012-06-26 06:20:28</dateChanged>
      <retired>false</retired>
    </org.openmrs.module.metadatasharing.Item>
    <org.openmrs.module.metadatasharing.Item id="25" uuid="17a381d1-7e29-406a-b782-aa903b963c28">
      <id>12</id>
      <classname>org.openmrs.EncounterType</classname>
      <dateChanged id="26">2012-06-26 06:44:26</dateChanged>
      <retired>false</retired>
    </org.openmrs.module.metadatasharing.Item>
    <org.openmrs.module.metadatasharing.Item id="27" uuid="de1f9d67-b73e-4e1b-90d0-036166fc6995">
      <id>6</id>
      <classname>org.openmrs.EncounterType</classname>
      <dateChanged id="28">2012-06-26 06:14:17</dateChanged>
      <retired>false</retired>
    </org.openmrs.module.metadatasharing.Item>
    <org.openmrs.module.metadatasharing.Item id="29" uuid="465a92f2-baf8-42e9-9612-53064be868e8">
      <id>10</id>
      <classname>org.openmrs.EncounterType</classname>
      <dateChanged id="30">2012-06-26 06:19:31</dateChanged>
      <retired>false</retired>
    </org.openmrs.module.metadatasharing.Item>
    <org.openmrs.module.metadatasharing.Item id="31" uuid="dfdc6d40-2f2f-463d-ba90-cc97350441a8">
      <id>1</id>
      <classname>org.openmrs.Program</classname>
      <dateChanged id="32">2012-08-08 02:05:40</dateChanged>
      <retired>false</retired>
    </org.openmrs.module.metadatasharing.Item>
    <org.openmrs.module.metadatasharing.Item id="33" uuid="ae01b8ff-a4cc-4012-bcf7-72359e852e14">
      <id>2</id>
      <classname>org.openmrs.Provider</classname>
      <dateChanged id="34">2012-08-08 23:40:58</dateChanged>
      <retired>false</retired>
    </org.openmrs.module.metadatasharing.Item>
  </items>
  <relatedItems class="linked-hash-set" id="35">
    <org.openmrs.module.metadatasharing.Item id="36" uuid="160631AAAAAAAAAAAAAAAAAAAAAAAAAAAAAA">
      <id>160631</id>
      <classname>org.openmrs.Concept</classname>
      <dateChanged id="37">2012-06-23 14:33:42</dateChanged>
      <retired>false</retired>
    </org.openmrs.module.metadatasharing.Item>
    <org.openmrs.module.metadatasharing.Item id="38" uuid="8d4a4c94-c2cc-11de-8d13-0010c6dffd0f">
      <id>4</id>
      <classname>org.openmrs.ConceptDatatype</classname>
      <dateChanged id="39">2004-02-02 00:00:00</dateChanged>
      <retired>false</retired>
    </org.openmrs.module.metadatasharing.Item>
    <org.openmrs.module.metadatasharing.Item id="40" uuid="1edca368-768a-102f-83f4-12313b04a615">
      <id>18</id>
      <classname>org.openmrs.ConceptClass</classname>
      <dateChanged id="41">2011-01-18 01:53:56</dateChanged>
      <retired>false</retired>
    </org.openmrs.module.metadatasharing.Item>
    <org.openmrs.module.metadatasharing.Item id="42" uuid="109079BBBBBBBBBBBBBBBBBBBBBBBBBBBBBB">
      <id>109079</id>
      <classname>org.openmrs.ConceptName</classname>
      <dateChanged id="43">2012-06-23 14:33:42</dateChanged>
    </org.openmrs.module.metadatasharing.Item>
    <org.openmrs.module.metadatasharing.Item id="44" uuid="144745ABBBBBBBBBBBBBBBBBBBBBBBBBBBBB">
      <id>144745</id>
      <classname>org.openmrs.ConceptMap</classname>
      <dateChanged id="45">2012-06-23 14:33:42</dateChanged>
    </org.openmrs.module.metadatasharing.Item>
    <org.openmrs.module.metadatasharing.Item id="46" uuid="35543629-7d8c-11e1-909d-c80aa9edcf4e">
      <id>1</id>
      <classname>org.openmrs.ConceptMapType</classname>
      <dateChanged id="47">2012-07-10 00:00:00</dateChanged>
      <retired>false</retired>
    </org.openmrs.module.metadatasharing.Item>
    <org.openmrs.module.metadatasharing.Item id="48" uuid="88d9d46d-29c3-3708-b504-8a0b8ef76670">
      <id>144745</id>
      <classname>org.openmrs.ConceptReferenceTerm</classname>
      <dateChanged id="49">2012-06-23 00:00:00</dateChanged>
      <retired>false</retired>
    </org.openmrs.module.metadatasharing.Item>
    <org.openmrs.module.metadatasharing.Item id="50" uuid="fb9aaaf1-65e2-4c18-b53c-16b575f2f385">
      <id>11</id>
      <classname>org.openmrs.ConceptSource</classname>
      <dateChanged id="51">2010-08-03 01:50:49</dateChanged>
      <retired>false</retired>
    </org.openmrs.module.metadatasharing.Item>
    <org.openmrs.module.metadatasharing.Item id="52" uuid="144744ABBBBBBBBBBBBBBBBBBBBBBBBBBBBB">
      <id>144744</id>
      <classname>org.openmrs.ConceptMap</classname>
      <dateChanged id="53">2012-06-23 14:33:42</dateChanged>
    </org.openmrs.module.metadatasharing.Item>
    <org.openmrs.module.metadatasharing.Item id="54" uuid="43ac5109-7d8c-11e1-909d-c80aa9edcf4e">
      <id>2</id>
      <classname>org.openmrs.ConceptMapType</classname>
      <dateChanged id="55">2012-07-10 00:00:00</dateChanged>
      <retired>false</retired>
    </org.openmrs.module.metadatasharing.Item>
    <org.openmrs.module.metadatasharing.Item id="56" uuid="9b87ca0e-af71-3794-b312-7d5337cad9cf">
      <id>144621</id>
      <classname>org.openmrs.ConceptReferenceTerm</classname>
      <dateChanged id="57">2012-06-14 00:00:00</dateChanged>
      <retired>false</retired>
    </org.openmrs.module.metadatasharing.Item>
    <org.openmrs.module.metadatasharing.Item id="58" uuid="2ADDDDDDDDDDDDDDDDDDDDDDDDDDDDDDDDDD">
      <id>2</id>
      <classname>org.openmrs.ConceptSource</classname>
      <dateChanged id="59">2010-04-25 11:12:44</dateChanged>
      <retired>false</retired>
    </org.openmrs.module.metadatasharing.Item>
    <org.openmrs.module.metadatasharing.Item id="60" uuid="1695AAAAAAAAAAAAAAAAAAAAAAAAAAAAAAAA">
      <id>1695</id>
      <classname>org.openmrs.Concept</classname>
      <dateChanged id="61">2010-12-30 19:41:02</dateChanged>
      <retired>false</retired>
    </org.openmrs.module.metadatasharing.Item>
    <org.openmrs.module.metadatasharing.Item id="62" uuid="8d4a48b6-c2cc-11de-8d13-0010c6dffd0f">
      <id>2</id>
      <classname>org.openmrs.ConceptDatatype</classname>
      <dateChanged id="63">2004-02-02 00:00:00</dateChanged>
      <retired>false</retired>
    </org.openmrs.module.metadatasharing.Item>
    <org.openmrs.module.metadatasharing.Item id="64" uuid="8d491a9a-c2cc-11de-8d13-0010c6dffd0f">
      <id>5</id>
      <classname>org.openmrs.ConceptClass</classname>
      <dateChanged id="65">2004-03-02 00:00:00</dateChanged>
      <retired>false</retired>
    </org.openmrs.module.metadatasharing.Item>
    <org.openmrs.module.metadatasharing.Item id="66" uuid="86978BBBBBBBBBBBBBBBBBBBBBBBBBBBBBBB">
      <id>86978</id>
      <classname>org.openmrs.ConceptName</classname>
      <dateChanged id="67">2009-05-13 12:34:56</dateChanged>
    </org.openmrs.module.metadatasharing.Item>
    <org.openmrs.module.metadatasharing.Item id="68" uuid="1975BBBBBBBBBBBBBBBBBBBBBBBBBBBBBBBB">
      <id>1975</id>
      <classname>org.openmrs.ConceptName</classname>
      <dateChanged id="69">2009-05-13 12:34:56</dateChanged>
    </org.openmrs.module.metadatasharing.Item>
    <org.openmrs.module.metadatasharing.Item id="70" uuid="105885BBBBBBBBBBBBBBBBBBBBBBBBBBBBBB">
      <id>105885</id>
      <classname>org.openmrs.ConceptName</classname>
      <dateChanged id="71">2010-05-03 17:07:47</dateChanged>
    </org.openmrs.module.metadatasharing.Item>
    <org.openmrs.module.metadatasharing.Item id="72" uuid="1482CCCCCCCCCCCCCCCCCCCCCCCCCCCCCCCC">
      <id>1482</id>
      <classname>org.openmrs.ConceptAnswer</classname>
      <dateChanged id="73">2009-05-13 12:34:56</dateChanged>
    </org.openmrs.module.metadatasharing.Item>
    <org.openmrs.module.metadatasharing.Item id="74" uuid="1694AAAAAAAAAAAAAAAAAAAAAAAAAAAAAAAA">
      <id>1694</id>
      <classname>org.openmrs.Concept</classname>
      <dateChanged id="75">2010-12-30 19:37:50</dateChanged>
      <retired>false</retired>
    </org.openmrs.module.metadatasharing.Item>
    <org.openmrs.module.metadatasharing.Item id="76" uuid="8d4a5cca-c2cc-11de-8d13-0010c6dffd0f">
      <id>10</id>
      <classname>org.openmrs.ConceptDatatype</classname>
      <dateChanged id="77">2004-08-26 00:00:00</dateChanged>
      <retired>false</retired>
    </org.openmrs.module.metadatasharing.Item>
    <org.openmrs.module.metadatasharing.Item id="78" uuid="105998BBBBBBBBBBBBBBBBBBBBBBBBBBBBBB">
      <id>105998</id>
      <classname>org.openmrs.ConceptName</classname>
      <dateChanged id="79">2010-05-03 17:11:17</dateChanged>
    </org.openmrs.module.metadatasharing.Item>
    <org.openmrs.module.metadatasharing.Item id="80" uuid="86977BBBBBBBBBBBBBBBBBBBBBBBBBBBBBBB">
      <id>86977</id>
      <classname>org.openmrs.ConceptName</classname>
      <dateChanged id="81">2009-05-13 12:33:09</dateChanged>
    </org.openmrs.module.metadatasharing.Item>
    <org.openmrs.module.metadatasharing.Item id="82" uuid="97940BBBBBBBBBBBBBBBBBBBBBBBBBBBBBBB">
      <id>97940</id>
      <classname>org.openmrs.ConceptName</classname>
      <dateChanged id="83">2009-05-13 12:33:09</dateChanged>
    </org.openmrs.module.metadatasharing.Item>
    <org.openmrs.module.metadatasharing.Item id="84" uuid="1974BBBBBBBBBBBBBBBBBBBBBBBBBBBBBBBB">
      <id>1974</id>
      <classname>org.openmrs.ConceptName</classname>
      <dateChanged id="85">2009-05-13 12:33:09</dateChanged>
    </org.openmrs.module.metadatasharing.Item>
    <org.openmrs.module.metadatasharing.Item id="86" uuid="93887BBBBBBBBBBBBBBBBBBBBBBBBBBBBBBB">
      <id>93887</id>
      <classname>org.openmrs.ConceptName</classname>
      <dateChanged id="87">2009-05-13 12:33:09</dateChanged>
    </org.openmrs.module.metadatasharing.Item>
    <org.openmrs.module.metadatasharing.Item id="88" uuid="137532ABBBBBBBBBBBBBBBBBBBBBBBBBBBBB">
      <id>137532</id>
      <classname>org.openmrs.ConceptMap</classname>
      <dateChanged id="89">2010-12-30 19:37:50</dateChanged>
    </org.openmrs.module.metadatasharing.Item>
    <org.openmrs.module.metadatasharing.Item id="90" uuid="2549e903-25a0-3738-844d-fe896e63cb0d">
      <id>137532</id>
      <classname>org.openmrs.ConceptReferenceTerm</classname>
      <dateChanged id="91">2010-12-30 00:00:00</dateChanged>
      <retired>false</retired>
    </org.openmrs.module.metadatasharing.Item>
    <org.openmrs.module.metadatasharing.Item id="92" uuid="1ADDDDDDDDDDDDDDDDDDDDDDDDDDDDDDDDDD">
      <id>1</id>
      <classname>org.openmrs.ConceptSource</classname>
      <dateChanged id="93">2009-11-19 20:19:16</dateChanged>
      <retired>false</retired>
    </org.openmrs.module.metadatasharing.Item>
    <org.openmrs.module.metadatasharing.Item id="94" uuid="1483CCCCCCCCCCCCCCCCCCCCCCCCCCCCCCCC">
      <id>1483</id>
      <classname>org.openmrs.ConceptAnswer</classname>
      <dateChanged id="95">2009-05-13 12:34:56</dateChanged>
    </org.openmrs.module.metadatasharing.Item>
    <org.openmrs.module.metadatasharing.Item id="96" uuid="1693AAAAAAAAAAAAAAAAAAAAAAAAAAAAAAAA">
      <id>1693</id>
      <classname>org.openmrs.Concept</classname>
      <dateChanged id="97">2011-02-04 20:58:22</dateChanged>
      <retired>false</retired>
    </org.openmrs.module.metadatasharing.Item>
    <org.openmrs.module.metadatasharing.Item id="98" uuid="1973BBBBBBBBBBBBBBBBBBBBBBBBBBBBBBBB">
      <id>1973</id>
      <classname>org.openmrs.ConceptName</classname>
      <dateChanged id="99">2009-05-13 12:32:19</dateChanged>
    </org.openmrs.module.metadatasharing.Item>
    <org.openmrs.module.metadatasharing.Item id="100" uuid="106177BBBBBBBBBBBBBBBBBBBBBBBBBBBBBB">
      <id>106177</id>
      <classname>org.openmrs.ConceptName</classname>
      <dateChanged id="101">2010-05-03 17:11:20</dateChanged>
    </org.openmrs.module.metadatasharing.Item>
    <org.openmrs.module.metadatasharing.Item id="102" uuid="86976BBBBBBBBBBBBBBBBBBBBBBBBBBBBBBB">
      <id>86976</id>
      <classname>org.openmrs.ConceptName</classname>
      <dateChanged id="103">2009-05-13 12:32:19</dateChanged>
    </org.openmrs.module.metadatasharing.Item>
    <org.openmrs.module.metadatasharing.Item id="104" uuid="137531ABBBBBBBBBBBBBBBBBBBBBBBBBBBBB">
      <id>137531</id>
      <classname>org.openmrs.ConceptMap</classname>
      <dateChanged id="105">2010-12-30 19:34:43</dateChanged>
    </org.openmrs.module.metadatasharing.Item>
    <org.openmrs.module.metadatasharing.Item id="106" uuid="71bb768c-4d3d-3a7a-afd4-e06988f0146f">
      <id>137531</id>
      <classname>org.openmrs.ConceptReferenceTerm</classname>
      <dateChanged id="107">2010-12-30 00:00:00</dateChanged>
      <retired>false</retired>
    </org.openmrs.module.metadatasharing.Item>
    <org.openmrs.module.metadatasharing.Item id="108" uuid="132706ABBBBBBBBBBBBBBBBBBBBBBBBBBBBB">
      <id>132706</id>
      <classname>org.openmrs.ConceptMap</classname>
      <dateChanged id="109">2010-08-23 15:49:10</dateChanged>
    </org.openmrs.module.metadatasharing.Item>
    <org.openmrs.module.metadatasharing.Item id="110" uuid="82331ac0-721e-3f2b-a456-6387d25c6b7d">
      <id>132706</id>
      <classname>org.openmrs.ConceptReferenceTerm</classname>
      <dateChanged id="111">2010-08-23 00:00:00</dateChanged>
      <retired>false</retired>
    </org.openmrs.module.metadatasharing.Item>
    <org.openmrs.module.metadatasharing.Item id="112" uuid="132639ABBBBBBBBBBBBBBBBBBBBBBBBBBBBB">
      <id>132639</id>
      <classname>org.openmrs.ConceptMap</classname>
      <dateChanged id="113">2010-08-23 15:49:10</dateChanged>
    </org.openmrs.module.metadatasharing.Item>
    <org.openmrs.module.metadatasharing.Item id="114" uuid="0eced425-8304-32e9-af97-fbcecc91dc2a">
      <id>132639</id>
      <classname>org.openmrs.ConceptReferenceTerm</classname>
      <dateChanged id="115">2010-08-23 00:00:00</dateChanged>
      <retired>false</retired>
    </org.openmrs.module.metadatasharing.Item>
    <org.openmrs.module.metadatasharing.Item id="116" uuid="137922ABBBBBBBBBBBBBBBBBBBBBBBBBBBBB">
      <id>137922</id>
      <classname>org.openmrs.ConceptMap</classname>
      <dateChanged id="117">2011-01-17 20:47:18</dateChanged>
    </org.openmrs.module.metadatasharing.Item>
    <org.openmrs.module.metadatasharing.Item id="118" uuid="d6164341-f1fb-3e45-b82d-94c2ae65e3d0">
      <id>137922</id>
      <classname>org.openmrs.ConceptReferenceTerm</classname>
      <dateChanged id="119">2011-01-17 00:00:00</dateChanged>
      <retired>false</retired>
    </org.openmrs.module.metadatasharing.Item>
    <org.openmrs.module.metadatasharing.Item id="120" uuid="ddb6b595-0b85-4a80-9243-efe4ba404eef">
      <id>15</id>
      <classname>org.openmrs.ConceptSource</classname>
      <dateChanged id="121">2010-12-15 14:00:37</dateChanged>
      <retired>false</retired>
    </org.openmrs.module.metadatasharing.Item>
    <org.openmrs.module.metadatasharing.Item id="122" uuid="141569ABBBBBBBBBBBBBBBBBBBBBBBBBBBBB">
      <id>141569</id>
      <classname>org.openmrs.ConceptMap</classname>
      <dateChanged id="123">2011-02-04 20:58:22</dateChanged>
    </org.openmrs.module.metadatasharing.Item>
    <org.openmrs.module.metadatasharing.Item id="124" uuid="b3f7133c-ee98-34ec-a8da-6200b36a5cd8">
      <id>141569</id>
      <classname>org.openmrs.ConceptReferenceTerm</classname>
      <dateChanged id="125">2011-02-04 00:00:00</dateChanged>
      <retired>false</retired>
    </org.openmrs.module.metadatasharing.Item>
    <org.openmrs.module.metadatasharing.Item id="126" uuid="14ADDDDDDDDDDDDDDDDDDDDDDDDDDDDDDDDD">
      <id>14</id>
      <classname>org.openmrs.ConceptSource</classname>
      <dateChanged id="127">2010-12-03 18:18:39</dateChanged>
      <retired>false</retired>
    </org.openmrs.module.metadatasharing.Item>
    <org.openmrs.module.metadatasharing.Item id="128" uuid="1484CCCCCCCCCCCCCCCCCCCCCCCCCCCCCCCC">
      <id>1484</id>
      <classname>org.openmrs.ConceptAnswer</classname>
      <dateChanged id="129">2009-05-13 12:34:56</dateChanged>
    </org.openmrs.module.metadatasharing.Item>
    <org.openmrs.module.metadatasharing.Item id="130" uuid="1692AAAAAAAAAAAAAAAAAAAAAAAAAAAAAAAA">
      <id>1692</id>
      <classname>org.openmrs.Concept</classname>
      <dateChanged id="131">2010-09-23 12:54:09</dateChanged>
      <retired>false</retired>
    </org.openmrs.module.metadatasharing.Item>
    <org.openmrs.module.metadatasharing.Item id="132" uuid="86975BBBBBBBBBBBBBBBBBBBBBBBBBBBBBBB">
      <id>86975</id>
      <classname>org.openmrs.ConceptName</classname>
      <dateChanged id="133">2009-05-13 12:31:43</dateChanged>
    </org.openmrs.module.metadatasharing.Item>
    <org.openmrs.module.metadatasharing.Item id="134" uuid="105886BBBBBBBBBBBBBBBBBBBBBBBBBBBBBB">
      <id>105886</id>
      <classname>org.openmrs.ConceptName</classname>
      <dateChanged id="135">2010-05-03 17:07:47</dateChanged>
    </org.openmrs.module.metadatasharing.Item>
    <org.openmrs.module.metadatasharing.Item id="136" uuid="1972BBBBBBBBBBBBBBBBBBBBBBBBBBBBBBBB">
      <id>1972</id>
      <classname>org.openmrs.ConceptName</classname>
      <dateChanged id="137">2009-05-13 12:31:43</dateChanged>
    </org.openmrs.module.metadatasharing.Item>
    <org.openmrs.module.metadatasharing.Item id="138" uuid="132726ABBBBBBBBBBBBBBBBBBBBBBBBBBBBB">
      <id>132726</id>
      <classname>org.openmrs.ConceptMap</classname>
      <dateChanged id="139">2010-08-23 15:49:10</dateChanged>
    </org.openmrs.module.metadatasharing.Item>
    <org.openmrs.module.metadatasharing.Item id="140" uuid="fc81d755-a94c-34aa-8440-9980df0cb6a3">
      <id>132726</id>
      <classname>org.openmrs.ConceptReferenceTerm</classname>
      <dateChanged id="141">2010-08-23 00:00:00</dateChanged>
      <retired>false</retired>
    </org.openmrs.module.metadatasharing.Item>
    <org.openmrs.module.metadatasharing.Item id="142" uuid="133415ABBBBBBBBBBBBBBBBBBBBBBBBBBBBB">
      <id>133415</id>
      <classname>org.openmrs.ConceptMap</classname>
      <dateChanged id="143">2010-09-20 17:27:10</dateChanged>
    </org.openmrs.module.metadatasharing.Item>
    <org.openmrs.module.metadatasharing.Item id="144" uuid="c3cff5e9-e759-3bbf-8a39-6e8adb497f1d">
      <id>133415</id>
      <classname>org.openmrs.ConceptReferenceTerm</classname>
      <dateChanged id="145">2010-09-20 00:00:00</dateChanged>
      <retired>false</retired>
    </org.openmrs.module.metadatasharing.Item>
    <org.openmrs.module.metadatasharing.Item id="146" uuid="1485CCCCCCCCCCCCCCCCCCCCCCCCCCCCCCCC">
      <id>1485</id>
      <classname>org.openmrs.ConceptAnswer</classname>
      <dateChanged id="147">2009-05-13 12:34:56</dateChanged>
    </org.openmrs.module.metadatasharing.Item>
    <org.openmrs.module.metadatasharing.Item id="148" uuid="5622AAAAAAAAAAAAAAAAAAAAAAAAAAAAAAAA">
      <id>5622</id>
      <classname>org.openmrs.Concept</classname>
      <dateChanged id="149">2012-06-03 19:58:40</dateChanged>
      <retired>false</retired>
    </org.openmrs.module.metadatasharing.Item>
    <org.openmrs.module.metadatasharing.Item id="150" uuid="8d492774-c2cc-11de-8d13-0010c6dffd0f">
      <id>11</id>
      <classname>org.openmrs.ConceptClass</classname>
      <dateChanged id="151">2004-03-02 00:00:00</dateChanged>
      <retired>false</retired>
    </org.openmrs.module.metadatasharing.Item>
    <org.openmrs.module.metadatasharing.Item id="152" uuid="2761BBBBBBBBBBBBBBBBBBBBBBBBBBBBBBBB">
      <id>2761</id>
      <classname>org.openmrs.ConceptName</classname>
      <dateChanged id="153">2004-08-12 00:00:00</dateChanged>
    </org.openmrs.module.metadatasharing.Item>
    <org.openmrs.module.metadatasharing.Item id="154" uuid="105802BBBBBBBBBBBBBBBBBBBBBBBBBBBBBB">
      <id>105802</id>
      <classname>org.openmrs.ConceptName</classname>
      <dateChanged id="155">2010-05-03 16:52:33</dateChanged>
    </org.openmrs.module.metadatasharing.Item>
    <org.openmrs.module.metadatasharing.Item id="156" uuid="2253FFFFFFFFFFFFFFFFFFFFFFFFFFFFFFFF">
      <id>2253</id>
      <classname>org.openmrs.ConceptDescription</classname>
      <dateChanged id="157">2012-06-03 19:58:40</dateChanged>
    </org.openmrs.module.metadatasharing.Item>
    <org.openmrs.module.metadatasharing.Item id="158" uuid="144395ABBBBBBBBBBBBBBBBBBBBBBBBBBBBB">
      <id>144395</id>
      <classname>org.openmrs.ConceptMap</classname>
      <dateChanged id="159">2012-06-03 19:58:40</dateChanged>
    </org.openmrs.module.metadatasharing.Item>
    <org.openmrs.module.metadatasharing.Item id="160" uuid="49fd39a2-2b4a-38c2-8f0e-0cb9a7e0fe22">
      <id>144395</id>
      <classname>org.openmrs.ConceptReferenceTerm</classname>
      <dateChanged id="161">2012-06-03 00:00:00</dateChanged>
      <retired>false</retired>
    </org.openmrs.module.metadatasharing.Item>
    <org.openmrs.module.metadatasharing.Item id="162" uuid="12ADDDDDDDDDDDDDDDDDDDDDDDDDDDDDDDDD">
      <id>12</id>
      <classname>org.openmrs.ConceptSource</classname>
      <dateChanged id="163">2010-10-24 17:02:20</dateChanged>
      <retired>false</retired>
    </org.openmrs.module.metadatasharing.Item>
    <org.openmrs.module.metadatasharing.Item id="164" uuid="135771ABBBBBBBBBBBBBBBBBBBBBBBBBBBBB">
      <id>135771</id>
      <classname>org.openmrs.ConceptMap</classname>
      <dateChanged id="165">2010-10-24 13:09:59</dateChanged>
    </org.openmrs.module.metadatasharing.Item>
    <org.openmrs.module.metadatasharing.Item id="166" uuid="de4dbf4f-b5ee-3d32-9ce6-ca2e15c2e1b3">
      <id>135771</id>
      <classname>org.openmrs.ConceptReferenceTerm</classname>
      <dateChanged id="167">2010-10-24 00:00:00</dateChanged>
      <retired>false</retired>
    </org.openmrs.module.metadatasharing.Item>
    <org.openmrs.module.metadatasharing.Item id="168" uuid="13ADDDDDDDDDDDDDDDDDDDDDDDDDDDDDDDDD">
      <id>13</id>
      <classname>org.openmrs.ConceptSource</classname>
      <dateChanged id="169">2010-10-24 17:02:38</dateChanged>
      <retired>false</retired>
    </org.openmrs.module.metadatasharing.Item>
    <org.openmrs.module.metadatasharing.Item id="170" uuid="143666ABBBBBBBBBBBBBBBBBBBBBBBBBBBBB">
      <id>143666</id>
      <classname>org.openmrs.ConceptMap</classname>
      <dateChanged id="171">2011-05-27 14:13:52</dateChanged>
    </org.openmrs.module.metadatasharing.Item>
    <org.openmrs.module.metadatasharing.Item id="172" uuid="142f78e3-31a5-3969-a405-286a699f711f">
      <id>143663</id>
      <classname>org.openmrs.ConceptReferenceTerm</classname>
      <dateChanged id="173">2011-05-27 00:00:00</dateChanged>
      <retired>false</retired>
    </org.openmrs.module.metadatasharing.Item>
    <org.openmrs.module.metadatasharing.Item id="174" uuid="141670ABBBBBBBBBBBBBBBBBBBBBBBBBBBBB">
      <id>141670</id>
      <classname>org.openmrs.ConceptMap</classname>
      <dateChanged id="175">2011-02-10 16:54:39</dateChanged>
    </org.openmrs.module.metadatasharing.Item>
    <org.openmrs.module.metadatasharing.Item id="176" uuid="cd9bed8e-d47a-38bd-a677-695644801d87">
      <id>141670</id>
      <classname>org.openmrs.ConceptReferenceTerm</classname>
      <dateChanged id="177">2011-02-10 00:00:00</dateChanged>
      <retired>false</retired>
    </org.openmrs.module.metadatasharing.Item>
    <org.openmrs.module.metadatasharing.Item id="178" uuid="137766ABBBBBBBBBBBBBBBBBBBBBBBBBBBBB">
      <id>137766</id>
      <classname>org.openmrs.ConceptMap</classname>
      <dateChanged id="179">2011-01-15 13:27:39</dateChanged>
    </org.openmrs.module.metadatasharing.Item>
    <org.openmrs.module.metadatasharing.Item id="180" uuid="17744715-bb7d-3022-96d3-2e2144a778d4">
      <id>137766</id>
      <classname>org.openmrs.ConceptReferenceTerm</classname>
      <dateChanged id="181">2011-01-15 00:00:00</dateChanged>
      <retired>false</retired>
    </org.openmrs.module.metadatasharing.Item>
    <org.openmrs.module.metadatasharing.Item id="182" uuid="137878ABBBBBBBBBBBBBBBBBBBBBBBBBBBBB">
      <id>137878</id>
      <classname>org.openmrs.ConceptMap</classname>
      <dateChanged id="183">2011-01-17 15:43:23</dateChanged>
    </org.openmrs.module.metadatasharing.Item>
    <org.openmrs.module.metadatasharing.Item id="184" uuid="a4138b87-50d9-30b1-aea4-9fc620570cc6">
      <id>137878</id>
      <classname>org.openmrs.ConceptReferenceTerm</classname>
      <dateChanged id="185">2011-01-17 00:00:00</dateChanged>
      <retired>false</retired>
    </org.openmrs.module.metadatasharing.Item>
    <org.openmrs.module.metadatasharing.Item id="186" uuid="1486CCCCCCCCCCCCCCCCCCCCCCCCCCCCCCCC">
      <id>1486</id>
      <classname>org.openmrs.ConceptAnswer</classname>
      <dateChanged id="187">2009-05-13 12:34:56</dateChanged>
    </org.openmrs.module.metadatasharing.Item>
    <org.openmrs.module.metadatasharing.Item id="188" uuid="159AAAAAAAAAAAAAAAAAAAAAAAAAAAAAAAAA">
      <id>159</id>
      <classname>org.openmrs.Concept</classname>
      <dateChanged id="189">2010-12-05 17:51:52</dateChanged>
      <retired>false</retired>
    </org.openmrs.module.metadatasharing.Item>
    <org.openmrs.module.metadatasharing.Item id="190" uuid="8d4918b0-c2cc-11de-8d13-0010c6dffd0f">
      <id>4</id>
      <classname>org.openmrs.ConceptClass</classname>
      <dateChanged id="191">2004-02-02 00:00:00</dateChanged>
      <retired>false</retired>
    </org.openmrs.module.metadatasharing.Item>
    <org.openmrs.module.metadatasharing.Item id="192" uuid="181BBBBBBBBBBBBBBBBBBBBBBBBBBBBBBBBB">
      <id>181</id>
      <classname>org.openmrs.ConceptName</classname>
      <dateChanged id="193">2007-08-17 12:32:24</dateChanged>
    </org.openmrs.module.metadatasharing.Item>
    <org.openmrs.module.metadatasharing.Item id="194" uuid="180BBBBBBBBBBBBBBBBBBBBBBBBBBBBBBBBB">
      <id>180</id>
      <classname>org.openmrs.ConceptName</classname>
      <dateChanged id="195">2004-01-01 00:00:00</dateChanged>
    </org.openmrs.module.metadatasharing.Item>
    <org.openmrs.module.metadatasharing.Item id="196" uuid="182BBBBBBBBBBBBBBBBBBBBBBBBBBBBBBBBB">
      <id>182</id>
      <classname>org.openmrs.ConceptName</classname>
      <dateChanged id="197">2007-12-11 21:28:21</dateChanged>
    </org.openmrs.module.metadatasharing.Item>
    <org.openmrs.module.metadatasharing.Item id="198" uuid="158FFFFFFFFFFFFFFFFFFFFFFFFFFFFFFFFF">
      <id>158</id>
      <classname>org.openmrs.ConceptDescription</classname>
      <dateChanged id="199">2004-01-01 00:00:00</dateChanged>
    </org.openmrs.module.metadatasharing.Item>
    <org.openmrs.module.metadatasharing.Item id="200" uuid="159FFFFFFFFFFFFFFFFFFFFFFFFFFFFFFFFF">
      <id>159</id>
      <classname>org.openmrs.ConceptDescription</classname>
      <dateChanged id="201">2007-12-11 21:28:21</dateChanged>
    </org.openmrs.module.metadatasharing.Item>
    <org.openmrs.module.metadatasharing.Item id="202" uuid="134021ABBBBBBBBBBBBBBBBBBBBBBBBBBBBB">
      <id>134021</id>
      <classname>org.openmrs.ConceptMap</classname>
      <dateChanged id="203">2010-10-24 13:09:59</dateChanged>
    </org.openmrs.module.metadatasharing.Item>
    <org.openmrs.module.metadatasharing.Item id="204" uuid="6e2ddd50-b700-35f1-8a0c-63edb766eb6a">
      <id>134021</id>
      <classname>org.openmrs.ConceptReferenceTerm</classname>
      <dateChanged id="205">2010-10-24 00:00:00</dateChanged>
      <retired>false</retired>
    </org.openmrs.module.metadatasharing.Item>
    <org.openmrs.module.metadatasharing.Item id="206" uuid="137046ABBBBBBBBBBBBBBBBBBBBBBBBBBBBB">
      <id>137046</id>
      <classname>org.openmrs.ConceptMap</classname>
      <dateChanged id="207">2010-12-05 17:51:52</dateChanged>
    </org.openmrs.module.metadatasharing.Item>
    <org.openmrs.module.metadatasharing.Item id="208" uuid="7d45de87-1519-3fba-9941-05dab01b8da1">
      <id>137046</id>
      <classname>org.openmrs.ConceptReferenceTerm</classname>
      <dateChanged id="209">2010-12-05 00:00:00</dateChanged>
      <retired>false</retired>
    </org.openmrs.module.metadatasharing.Item>
    <org.openmrs.module.metadatasharing.Item id="210" uuid="1529FFFFFFFFFFFFFFFFFFFFFFFFFFFFFFFF">
      <id>1529</id>
      <classname>org.openmrs.ConceptDescription</classname>
      <dateChanged id="211">2009-05-13 12:34:56</dateChanged>
    </org.openmrs.module.metadatasharing.Item>
    <org.openmrs.module.metadatasharing.Item id="212" uuid="137533ABBBBBBBBBBBBBBBBBBBBBBBBBBBBB">
      <id>137533</id>
      <classname>org.openmrs.ConceptMap</classname>
      <dateChanged id="213">2010-12-30 19:41:02</dateChanged>
    </org.openmrs.module.metadatasharing.Item>
    <org.openmrs.module.metadatasharing.Item id="214" uuid="a595264f-9d6f-36f2-9ae6-141f1f0efdd7">
      <id>137533</id>
      <classname>org.openmrs.ConceptReferenceTerm</classname>
      <dateChanged id="215">2010-12-30 00:00:00</dateChanged>
      <retired>false</retired>
    </org.openmrs.module.metadatasharing.Item>
    <org.openmrs.module.metadatasharing.Item id="216" uuid="1cc7dc79-ad09-4897-8a1d-0b3d3226e9ee">
      <id>9</id>
      <classname>org.openmrs.Person</classname>
    </org.openmrs.module.metadatasharing.Item>
    <org.openmrs.module.metadatasharing.Item id="217" uuid="02d1c5a1-ee17-4b0b-ad7a-5f37766d020e">
      <id>9</id>
      <classname>org.openmrs.PersonName</classname>
      <dateChanged id="218">2012-08-08 23:40:16</dateChanged>
    </org.openmrs.module.metadatasharing.Item>
  </relatedItems>
</package>
