<?xml version="1.0" encoding="UTF-8"?>
<list id="1">
  <org.openmrs.LocationAttributeType id="2" uuid="8a845a89-6aa5-4111-81d3-0af31c45c002">
    <name>Master Facility Code</name>
    <description>Code for linking to the Ministry of Health&apos;s Master Facility List.&#xd;
(This is a sequential number allocated to each facility when it is added to the master list, allocated by the central database of the ministry.)</description>
    <creator/>
    <dateCreated id="3">2012-06-18 23:33:24</dateCreated>
    <retired>false</retired>
    <minOccurs>0</minOccurs>
    <maxOccurs>1</maxOccurs>
    <datatypeClassname>org.openmrs.customdatatype.datatype.RegexValidatedTextDatatype</datatypeClassname>
    <datatypeConfig>\d{5}</datatypeConfig>
    <locationAttributeTypeId>1</locationAttributeTypeId>
  </org.openmrs.LocationAttributeType>
  <org.openmrs.PatientIdentifierType id="4" uuid="05ee9cf4-7242-4a17-b4d4-00f707265c8a">
    <name>Unique Patient Number</name>
    <description>Assigned to every HIV patient, from the facility code (from the master facility list) and a sequential number</description>
    <creator/>
    <dateCreated id="5">2012-06-25 01:43:42</dateCreated>
    <retired>false</retired>
    <patientIdentifierTypeId>3</patientIdentifierTypeId>
    <format>\d+</format>
    <required>false</required>
    <formatDescription>facility code, followed by sequential number</formatDescription>
    <checkDigit>false</checkDigit>
    <locationBehavior>NOT_USED</locationBehavior>
  </org.openmrs.PatientIdentifierType>
  <org.openmrs.PatientIdentifierType id="6" uuid="dfacd928-0370-4315-99d7-6ec1c9f7ae76">
    <name>OpenMRS ID</name>
    <description>Medical Record Number, generated by OpenMRS for every patient record</description>
    <creator/>
    <dateCreated id="7">2012-06-25 01:44:50</dateCreated>
    <retired>false</retired>
    <patientIdentifierTypeId>4</patientIdentifierTypeId>
    <required>true</required>
    <checkDigit>true</checkDigit>
    <validator>org.openmrs.module.idgen.validator.LuhnMod25IdentifierValidator</validator>
    <locationBehavior>REQUIRED</locationBehavior>
  </org.openmrs.PatientIdentifierType>
  <org.openmrs.PatientIdentifierType id="8" uuid="b4d66522-11fc-45c7-83e3-39a1af21ae0d">
    <name>Patient Clinic Number</name>
    <description>Identifier assigned to the patient at a clinic service. (Not necessarily unique.)</description>
    <creator/>
    <dateCreated id="9">2012-06-25 02:35:39</dateCreated>
    <retired>false</retired>
    <patientIdentifierTypeId>5</patientIdentifierTypeId>
    <required>false</required>
    <checkDigit>false</checkDigit>
    <locationBehavior>REQUIRED</locationBehavior>
  </org.openmrs.PatientIdentifierType>
  <org.openmrs.VisitType id="10" uuid="3371a4d4-f66f-4454-a86d-92c7b3da990c">
    <name>Outpatient</name>
    <description>Visit where the patient is not admitted to the hospital.</description>
    <creator/>
    <dateCreated id="11">2012-06-25 01:38:30</dateCreated>
    <retired>false</retired>
    <visitTypeId>4</visitTypeId>
  </org.openmrs.VisitType>
  <org.openmrs.PersonAttributeType id="12" uuid="b2c38640-2603-4629-aebd-3b54f33f1e3a">
    <name>Telephone Contact</name>
    <description>Telephone number the patient can be contacted at</description>
    <creator/>
    <dateCreated id="13">2012-06-26 06:50:58</dateCreated>
    <retired>false</retired>
    <personAttributeTypeId>8</personAttributeTypeId>
    <format>java.lang.String</format>
    <sortWeight>1.0</sortWeight>
    <searchable>false</searchable>
  </org.openmrs.PersonAttributeType>
  <org.openmrs.EncounterType id="14" uuid="de78a6be-bfc5-4634-adc3-5f1a280455cc">
    <name>HIV Registration</name>
    <description>Initial data collection for the HIV program</description>
    <creator/>
    <dateCreated id="15">2012-06-26 06:15:01</dateCreated>
    <retired>false</retired>
    <encounterTypeId>7</encounterTypeId>
  </org.openmrs.EncounterType>
  <org.openmrs.EncounterType id="16" uuid="d1059fb9-a079-4feb-a749-eedd709ae542">
    <name>Triage</name>
    <description>Collection of limited patient data, prior to a more thorough examination</description>
    <creator/>
    <dateCreated id="17">2012-06-26 06:15:56</dateCreated>
    <retired>false</retired>
    <encounterTypeId>8</encounterTypeId>
  </org.openmrs.EncounterType>
  <org.openmrs.EncounterType id="18" uuid="abfb143c-5b49-41e5-9ead-f47ee4cc57cf">
    <name>Check out</name>
    <description>Recording data as the patient completes a visit.</description>
    <creator/>
    <dateCreated id="19">2012-06-26 06:16:59</dateCreated>
    <retired>false</retired>
    <encounterTypeId>9</encounterTypeId>
  </org.openmrs.EncounterType>
  <org.openmrs.EncounterType id="20" uuid="a0034eee-1940-4e35-847f-97537a35d05e">
    <name>HIV Consultation</name>
    <description>Collection of HIV-specific data during the main consultation</description>
    <creator/>
    <dateCreated id="21">2012-06-26 06:20:28</dateCreated>
    <retired>false</retired>
    <encounterTypeId>11</encounterTypeId>
  </org.openmrs.EncounterType>
  <org.openmrs.EncounterType id="22" uuid="17a381d1-7e29-406a-b782-aa903b963c28">
    <name>Lab Results</name>
    <description>Report of laboratory results</description>
    <creator/>
    <dateCreated id="23">2012-06-26 06:44:26</dateCreated>
    <retired>false</retired>
    <encounterTypeId>12</encounterTypeId>
  </org.openmrs.EncounterType>
  <org.openmrs.EncounterType id="24" uuid="de1f9d67-b73e-4e1b-90d0-036166fc6995">
    <name>Registration</name>
    <description>Initial data collection for a patient, not specific to any program.</description>
    <creator/>
    <dateCreated id="25">2012-06-26 06:14:17</dateCreated>
    <retired>false</retired>
    <encounterTypeId>6</encounterTypeId>
  </org.openmrs.EncounterType>
  <org.openmrs.EncounterType id="26" uuid="465a92f2-baf8-42e9-9612-53064be868e8">
    <name>Consultation</name>
    <description>Collection of clinical data during the main consultation</description>
    <creator/>
    <dateCreated id="27">2012-06-26 06:19:31</dateCreated>
    <retired>false</retired>
    <encounterTypeId>10</encounterTypeId>
  </org.openmrs.EncounterType>
  <org.openmrs.Program id="28" uuid="dfdc6d40-2f2f-463d-ba90-cc97350441a8">
    <name>HIV Program</name>
    <description>Program for following or treating HIV-positive patients</description>
    <creator/>
    <dateCreated id="29">2012-06-23 04:13:06</dateCreated>
    <changedBy/>
    <dateChanged id="30">2012-08-08 02:05:40</dateChanged>
    <retired>false</retired>
    <programId>1</programId>
    <concept id="31" resolves-to="org.openmrs.Concept" uuid="160631AAAAAAAAAAAAAAAAAAAAAAAAAAAAAA">
      <conceptId>160631</conceptId>
      <retired>false</retired>
      <retiredBy/>
      <datatype id="33" resolves-to="org.openmrs.ConceptDatatype" uuid="8d4a4c94-c2cc-11de-8d13-0010c6dffd0f">
        <name>N/A</name>
        <description>Not associated with a datatype (e.g., term answers, sets)</description>
        <creator/>
        <dateCreated id="35">2004-02-02 00:00:00</dateCreated>
        <retired>false</retired>
        <retiredBy/>
        <conceptDatatypeId>4</conceptDatatypeId>
        <hl7Abbreviation>ZZ</hl7Abbreviation>
      </datatype>
      <conceptClass id="36" resolves-to="org.openmrs.ConceptClass" uuid="1edca368-768a-102f-83f4-12313b04a615">
        <name>Program</name>
        <description>Program concept</description>
        <creator/>
        <dateCreated id="38">2011-01-18 01:53:56</dateCreated>
        <retired>false</retired>
        <retiredBy/>
        <conceptClassId>18</conceptClassId>
      </conceptClass>
      <set>false</set>
      <version></version>
      <creator/>
      <dateCreated id="39">2012-06-23 14:33:42</dateCreated>
      <changedBy/>
      <names class="set" id="40">
        <org.openmrs.ConceptName id="41" uuid="109079BBBBBBBBBBBBBBBBBBBBBBBBBBBBBB">
          <conceptNameId>109079</conceptNameId>
          <concept reference="31"/>
          <name>HIV Program</name>
          <locale id="42">en</locale>
          <creator/>
          <dateCreated id="43">2012-06-23 14:33:42</dateCreated>
          <voided>false</voided>
          <voidedBy/>
          <tags class="set" id="44"/>
          <conceptNameType>FULLY_SPECIFIED</conceptNameType>
          <localePreferred>false</localePreferred>
        </org.openmrs.ConceptName>
      </names>
      <answers class="set" id="45"/>
      <conceptSets class="set" id="46"/>
      <descriptions class="set" id="47"/>
      <conceptMappings class="set" id="48">
        <org.openmrs.ConceptMap id="49" uuid="144745ABBBBBBBBBBBBBBBBBBBBBBBBBBBBB">
          <conceptMapType id="50" resolves-to="org.openmrs.ConceptMapType" uuid="35543629-7d8c-11e1-909d-c80aa9edcf4e">
            <name>SAME-AS</name>
            <creator/>
            <dateCreated id="52">2012-07-10 00:00:00</dateCreated>
            <changedBy/>
            <retired>false</retired>
            <retiredBy/>
            <conceptMapTypeId>1</conceptMapTypeId>
            <isHidden>false</isHidden>
          </conceptMapType>
          <creator/>
          <changedBy/>
          <dateCreated id="53">2012-06-23 14:33:42</dateCreated>
          <conceptMapId>144745</conceptMapId>
          <concept reference="31"/>
          <conceptReferenceTerm id="54" resolves-to="org.openmrs.ConceptReferenceTerm" uuid="88d9d46d-29c3-3708-b504-8a0b8ef76670">
            <creator/>
            <dateCreated id="56">2012-06-23 00:00:00</dateCreated>
            <changedBy/>
            <retired>false</retired>
            <retiredBy/>
            <conceptReferenceTermId>144745</conceptReferenceTermId>
            <conceptSource id="57" resolves-to="org.openmrs.ConceptSource" uuid="fb9aaaf1-65e2-4c18-b53c-16b575f2f385">
              <name>PIH</name>
              <description>Equivalent concept ID in Master Partners-in-Health Concept dictionary</description>
              <creator/>
              <dateCreated id="59">2010-08-03 01:50:49</dateCreated>
              <retired>false</retired>
              <retiredBy/>
              <conceptSourceId>11</conceptSourceId>
            </conceptSource>
            <code>1482</code>
            <conceptReferenceTermMaps id="60"/>
          </conceptReferenceTerm>
        </org.openmrs.ConceptMap>
        <org.openmrs.ConceptMap id="61" uuid="144744ABBBBBBBBBBBBBBBBBBBBBBBBBBBBB">
          <conceptMapType id="62" resolves-to="org.openmrs.ConceptMapType" uuid="43ac5109-7d8c-11e1-909d-c80aa9edcf4e">
            <name>NARROWER-THAN</name>
            <creator/>
            <dateCreated id="64">2012-07-10 00:00:00</dateCreated>
            <changedBy/>
            <retired>false</retired>
            <retiredBy/>
            <conceptMapTypeId>2</conceptMapTypeId>
            <isHidden>false</isHidden>
          </conceptMapType>
          <creator/>
          <changedBy/>
          <dateCreated id="65">2012-06-23 14:33:42</dateCreated>
          <conceptMapId>144744</conceptMapId>
          <concept reference="31"/>
          <conceptReferenceTerm id="66" resolves-to="org.openmrs.ConceptReferenceTerm" uuid="9b87ca0e-af71-3794-b312-7d5337cad9cf">
            <creator/>
            <dateCreated id="68">2012-06-14 00:00:00</dateCreated>
            <changedBy/>
            <retired>false</retired>
            <retiredBy/>
            <conceptReferenceTermId>144621</conceptReferenceTermId>
            <conceptSource id="69" resolves-to="org.openmrs.ConceptSource" uuid="2ADDDDDDDDDDDDDDDDDDDDDDDDDDDDDDDDDD">
              <name>SNOMED NP</name>
              <description>Non-preferred SNOMED CT mappings</description>
              <creator/>
              <dateCreated id="71">2010-04-25 11:12:44</dateCreated>
              <retired>false</retired>
              <retiredBy/>
              <conceptSourceId>2</conceptSourceId>
            </conceptSource>
            <code>401173007</code>
            <conceptReferenceTermMaps id="72"/>
          </conceptReferenceTerm>
        </org.openmrs.ConceptMap>
      </conceptMappings>
    </concept>
    <outcomesConcept id="73" resolves-to="org.openmrs.Concept" uuid="1695AAAAAAAAAAAAAAAAAAAAAAAAAAAAAAAA">
      <conceptId>1695</conceptId>
      <retired>false</retired>
      <retiredBy/>
      <datatype id="75" resolves-to="org.openmrs.ConceptDatatype" uuid="8d4a48b6-c2cc-11de-8d13-0010c6dffd0f">
        <name>Coded</name>
        <description>Value determined by term dictionary lookup (i.e., term identifier)</description>
        <creator/>
        <dateCreated id="77">2004-02-02 00:00:00</dateCreated>
        <retired>false</retired>
        <retiredBy/>
        <conceptDatatypeId>2</conceptDatatypeId>
        <hl7Abbreviation>CWE</hl7Abbreviation>
      </datatype>
      <conceptClass id="78" resolves-to="org.openmrs.ConceptClass" uuid="8d491a9a-c2cc-11de-8d13-0010c6dffd0f">
        <name>Finding</name>
        <description>Practitioner observation/finding</description>
        <creator/>
        <dateCreated id="80">2004-03-02 00:00:00</dateCreated>
        <retired>false</retired>
        <retiredBy/>
        <conceptClassId>5</conceptClassId>
      </conceptClass>
      <set>false</set>
      <version></version>
      <creator/>
      <dateCreated id="81">2009-05-13 12:34:56</dateCreated>
      <changedBy/>
      <dateChanged id="82">2010-12-30 19:41:02</dateChanged>
      <names class="set" id="83">
        <org.openmrs.ConceptName id="84" uuid="86978BBBBBBBBBBBBBBBBBBBBBBBBBBBBBBB">
          <conceptNameId>86978</conceptNameId>
          <concept reference="73"/>
          <name>discharge status</name>
          <locale id="85">en</locale>
          <creator/>
          <dateCreated id="86">2009-05-13 12:34:56</dateCreated>
          <voided>false</voided>
          <voidedBy/>
          <tags class="set" id="87"/>
          <conceptNameType>SHORT</conceptNameType>
          <localePreferred>false</localePreferred>
        </org.openmrs.ConceptName>
        <org.openmrs.ConceptName id="88" uuid="1975BBBBBBBBBBBBBBBBBBBBBBBBBBBBBBBB">
          <conceptNameId>1975</conceptNameId>
          <concept reference="73"/>
          <name>DISCHARGE STATUS</name>
          <locale id="89">en</locale>
          <creator/>
          <dateCreated id="90">2009-05-13 12:34:56</dateCreated>
          <voided>false</voided>
          <voidedBy/>
          <tags class="set" id="91"/>
          <conceptNameType>FULLY_SPECIFIED</conceptNameType>
          <localePreferred>false</localePreferred>
        </org.openmrs.ConceptName>
        <org.openmrs.ConceptName id="92" uuid="105885BBBBBBBBBBBBBBBBBBBBBBBBBBBBBB">
          <conceptNameId>105885</conceptNameId>
          <concept reference="73"/>
          <name>CONDITION DU PATIENT À SA DÉCHARGE</name>
          <locale id="93">fr</locale>
          <creator/>
          <dateCreated id="94">2010-05-03 17:07:47</dateCreated>
          <voided>false</voided>
          <voidedBy/>
          <tags class="set" id="95"/>
          <conceptNameType>FULLY_SPECIFIED</conceptNameType>
          <localePreferred>false</localePreferred>
        </org.openmrs.ConceptName>
      </names>
      <answers class="set" id="96">
        <org.openmrs.ConceptAnswer id="97" uuid="1485CCCCCCCCCCCCCCCCCCCCCCCCCCCCCCCC">
          <conceptAnswerId>1485</conceptAnswerId>
          <concept reference="73"/>
          <answerConcept id="98" resolves-to="org.openmrs.Concept" uuid="5622AAAAAAAAAAAAAAAAAAAAAAAAAAAAAAAA">
            <conceptId>5622</conceptId>
            <retired>false</retired>
            <retiredBy/>
            <datatype reference="33"/>
            <conceptClass id="100" resolves-to="org.openmrs.ConceptClass" uuid="8d492774-c2cc-11de-8d13-0010c6dffd0f">
              <name>Misc</name>
              <description>Terms which don&apos;t fit other categories</description>
              <creator/>
              <dateCreated id="102">2004-03-02 00:00:00</dateCreated>
              <retired>false</retired>
              <retiredBy/>
              <conceptClassId>11</conceptClassId>
            </conceptClass>
            <set>false</set>
            <version></version>
            <creator/>
            <dateCreated id="103">2004-08-12 00:00:00</dateCreated>
            <changedBy/>
            <dateChanged id="104">2012-06-03 19:58:40</dateChanged>
            <names class="set" id="105">
              <org.openmrs.ConceptName id="106" uuid="2761BBBBBBBBBBBBBBBBBBBBBBBBBBBBBBBB">
                <conceptNameId>2761</conceptNameId>
                <concept reference="98"/>
                <name>OTHER NON-CODED</name>
                <locale id="107">en</locale>
                <creator/>
                <dateCreated id="108">2004-08-12 00:00:00</dateCreated>
                <voided>false</voided>
                <voidedBy/>
                <tags class="set" id="109"/>
                <conceptNameType>FULLY_SPECIFIED</conceptNameType>
                <localePreferred>false</localePreferred>
              </org.openmrs.ConceptName>
              <org.openmrs.ConceptName id="110" uuid="105802BBBBBBBBBBBBBBBBBBBBBBBBBBBBBB">
                <conceptNameId>105802</conceptNameId>
                <concept reference="98"/>
                <name>Autre et non codé</name>
                <locale id="111">fr</locale>
                <creator/>
                <dateCreated id="112">2010-05-03 16:52:33</dateCreated>
                <voided>false</voided>
                <voidedBy/>
                <tags class="set" id="113"/>
                <conceptNameType>FULLY_SPECIFIED</conceptNameType>
                <localePreferred>false</localePreferred>
              </org.openmrs.ConceptName>
            </names>
            <answers class="set" id="114"/>
            <conceptSets class="set" id="115"/>
            <descriptions class="set" id="116">
              <org.openmrs.ConceptDescription id="117" uuid="2253FFFFFFFFFFFFFFFFFFFFFFFFFFFFFFFF">
                <conceptDescriptionId>2253</conceptDescriptionId>
                <concept reference="98"/>
                <description>A generic, descriptive answer which is a handwritten, non-coded response to a question.</description>
                <locale id="118">en</locale>
                <creator/>
                <dateCreated id="119">2004-08-12 00:00:00</dateCreated>
                <changedBy/>
                <dateChanged id="120">2012-06-03 19:58:40</dateChanged>
              </org.openmrs.ConceptDescription>
            </descriptions>
            <conceptMappings class="set" id="121">
              <org.openmrs.ConceptMap id="122" uuid="135771ABBBBBBBBBBBBBBBBBBBBBBBBBBBBB">
                <conceptMapType reference="50"/>
                <creator/>
                <changedBy/>
                <dateCreated id="123">2010-10-24 13:09:59</dateCreated>
                <conceptMapId>135771</conceptMapId>
                <concept reference="98"/>
                <conceptReferenceTerm id="124" resolves-to="org.openmrs.ConceptReferenceTerm" uuid="de4dbf4f-b5ee-3d32-9ce6-ca2e15c2e1b3">
                  <creator/>
                  <dateCreated id="126">2010-10-24 00:00:00</dateCreated>
                  <changedBy/>
                  <retired>false</retired>
                  <retiredBy/>
                  <conceptReferenceTermId>135771</conceptReferenceTermId>
                  <conceptSource id="127" resolves-to="org.openmrs.ConceptSource" uuid="13ADDDDDDDDDDDDDDDDDDDDDDDDDDDDDDDDD">
                    <name>AMPATH</name>
                    <description>AMPATH concept dictionary</description>
                    <creator/>
                    <dateCreated id="129">2010-10-24 17:02:38</dateCreated>
                    <retired>false</retired>
                    <retiredBy/>
                    <conceptSourceId>13</conceptSourceId>
                  </conceptSource>
                  <code>5622</code>
                  <conceptReferenceTermMaps id="130"/>
                </conceptReferenceTerm>
              </org.openmrs.ConceptMap>
              <org.openmrs.ConceptMap id="131" uuid="144395ABBBBBBBBBBBBBBBBBBBBBBBBBBBBB">
                <conceptMapType reference="50"/>
                <creator/>
                <changedBy/>
                <dateCreated id="132">2012-06-03 19:58:40</dateCreated>
                <conceptMapId>144395</conceptMapId>
                <concept reference="98"/>
                <conceptReferenceTerm id="133" resolves-to="org.openmrs.ConceptReferenceTerm" uuid="49fd39a2-2b4a-38c2-8f0e-0cb9a7e0fe22">
                  <creator/>
                  <dateCreated id="135">2012-06-03 00:00:00</dateCreated>
                  <changedBy/>
                  <retired>false</retired>
                  <retiredBy/>
                  <conceptReferenceTermId>144395</conceptReferenceTermId>
                  <conceptSource id="136" resolves-to="org.openmrs.ConceptSource" uuid="12ADDDDDDDDDDDDDDDDDDDDDDDDDDDDDDDDD">
                    <name>PIH Malawi</name>
                    <description>Partners in Health Malawi concept dictionary</description>
                    <creator/>
                    <dateCreated id="138">2010-10-24 17:02:20</dateCreated>
                    <retired>false</retired>
                    <retiredBy/>
                    <conceptSourceId>12</conceptSourceId>
                  </conceptSource>
                  <code>6408</code>
                  <conceptReferenceTermMaps id="139"/>
                </conceptReferenceTerm>
              </org.openmrs.ConceptMap>
              <org.openmrs.ConceptMap id="140" uuid="143666ABBBBBBBBBBBBBBBBBBBBBBBBBBBBB">
                <conceptMapType reference="50"/>
                <creator/>
                <changedBy/>
                <dateCreated id="141">2011-05-27 14:13:52</dateCreated>
                <conceptMapId>143666</conceptMapId>
                <concept reference="98"/>
                <conceptReferenceTerm id="142" resolves-to="org.openmrs.ConceptReferenceTerm" uuid="142f78e3-31a5-3969-a405-286a699f711f">
                  <creator/>
                  <dateCreated id="144">2011-05-27 00:00:00</dateCreated>
                  <changedBy/>
                  <retired>false</retired>
                  <retiredBy/>
                  <conceptReferenceTermId>143663</conceptReferenceTermId>
                  <conceptSource reference="57"/>
                  <code>5622</code>
                  <conceptReferenceTermMaps id="145"/>
                </conceptReferenceTerm>
              </org.openmrs.ConceptMap>
              <org.openmrs.ConceptMap id="146" uuid="141670ABBBBBBBBBBBBBBBBBBBBBBBBBBBBB">
                <conceptMapType reference="50"/>
                <creator/>
                <changedBy/>
                <dateCreated id="147">2011-02-10 16:54:39</dateCreated>
                <conceptMapId>141670</conceptMapId>
                <concept reference="98"/>
                <conceptReferenceTerm id="148" resolves-to="org.openmrs.ConceptReferenceTerm" uuid="cd9bed8e-d47a-38bd-a677-695644801d87">
                  <creator/>
                  <dateCreated id="150">2011-02-10 00:00:00</dateCreated>
                  <changedBy/>
                  <retired>false</retired>
                  <retiredBy/>
                  <conceptReferenceTermId>141670</conceptReferenceTermId>
                  <conceptSource id="151" resolves-to="org.openmrs.ConceptSource" uuid="14ADDDDDDDDDDDDDDDDDDDDDDDDDDDDDDDDD">
                    <name>SNOMED MVP</name>
                    <description>MVP Namespace Identifier extensions to SNOMED CT</description>
                    <creator/>
                    <dateCreated id="153">2010-12-03 18:18:39</dateCreated>
                    <retired>false</retired>
                    <retiredBy/>
                    <conceptSourceId>14</conceptSourceId>
                  </conceptSource>
                  <code>56221000105001</code>
                  <conceptReferenceTermMaps id="154"/>
                </conceptReferenceTerm>
              </org.openmrs.ConceptMap>
              <org.openmrs.ConceptMap id="155" uuid="137766ABBBBBBBBBBBBBBBBBBBBBBBBBBBBB">
                <conceptMapType reference="62"/>
                <creator/>
                <changedBy/>
                <dateCreated id="156">2011-01-15 13:27:39</dateCreated>
                <conceptMapId>137766</conceptMapId>
                <concept reference="98"/>
                <conceptReferenceTerm id="157" resolves-to="org.openmrs.ConceptReferenceTerm" uuid="17744715-bb7d-3022-96d3-2e2144a778d4">
                  <creator/>
                  <dateCreated id="159">2011-01-15 00:00:00</dateCreated>
                  <changedBy/>
                  <retired>false</retired>
                  <retiredBy/>
                  <conceptReferenceTermId>137766</conceptReferenceTermId>
                  <conceptSource reference="69"/>
                  <code>74964007</code>
                  <conceptReferenceTermMaps id="160"/>
                </conceptReferenceTerm>
              </org.openmrs.ConceptMap>
              <org.openmrs.ConceptMap id="161" uuid="137878ABBBBBBBBBBBBBBBBBBBBBBBBBBBBB">
                <conceptMapType reference="50"/>
                <creator/>
                <changedBy/>
                <dateCreated id="162">2011-01-17 15:43:23</dateCreated>
                <conceptMapId>137878</conceptMapId>
                <concept reference="98"/>
                <conceptReferenceTerm id="163" resolves-to="org.openmrs.ConceptReferenceTerm" uuid="a4138b87-50d9-30b1-aea4-9fc620570cc6">
                  <creator/>
                  <dateCreated id="165">2011-01-17 00:00:00</dateCreated>
                  <changedBy/>
                  <retired>false</retired>
                  <retiredBy/>
                  <conceptReferenceTermId>137878</conceptReferenceTermId>
                  <conceptSource id="166" resolves-to="org.openmrs.ConceptSource" uuid="ddb6b595-0b85-4a80-9243-efe4ba404eef">
                    <name>org.openmrs.module.mdrtb</name>
                    <description>The required concepts for the MDR-TB module</description>
                    <creator/>
                    <dateCreated id="168">2010-12-15 14:00:37</dateCreated>
                    <retired>false</retired>
                    <retiredBy/>
                    <conceptSourceId>15</conceptSourceId>
                  </conceptSource>
                  <code>OTHER</code>
                  <conceptReferenceTermMaps id="169"/>
                </conceptReferenceTerm>
              </org.openmrs.ConceptMap>
            </conceptMappings>
          </answerConcept>
          <creator/>
          <dateCreated id="170">2009-05-13 12:34:56</dateCreated>
          <sortWeight>1485.0</sortWeight>
        </org.openmrs.ConceptAnswer>
        <org.openmrs.ConceptAnswer id="171" uuid="1483CCCCCCCCCCCCCCCCCCCCCCCCCCCCCCCC">
          <conceptAnswerId>1483</conceptAnswerId>
          <concept reference="73"/>
          <answerConcept id="172" resolves-to="org.openmrs.Concept" uuid="1693AAAAAAAAAAAAAAAAAAAAAAAAAAAAAAAA">
            <conceptId>1693</conceptId>
            <retired>false</retired>
            <retiredBy/>
            <datatype id="174" resolves-to="org.openmrs.ConceptDatatype" uuid="8d4a5cca-c2cc-11de-8d13-0010c6dffd0f">
              <name>Boolean</name>
              <description>Boolean value (yes/no, true/false)</description>
              <creator/>
              <dateCreated id="176">2004-08-26 00:00:00</dateCreated>
              <retired>false</retired>
              <retiredBy/>
              <conceptDatatypeId>10</conceptDatatypeId>
              <hl7Abbreviation>BIT</hl7Abbreviation>
            </datatype>
            <conceptClass reference="78"/>
            <set>false</set>
            <version></version>
            <creator/>
            <dateCreated id="177">2009-05-13 12:32:19</dateCreated>
            <changedBy/>
            <dateChanged id="178">2011-02-04 20:58:22</dateChanged>
            <names class="set" id="179">
              <org.openmrs.ConceptName id="180" uuid="1973BBBBBBBBBBBBBBBBBBBBBBBBBBBBBBBB">
                <conceptNameId>1973</conceptNameId>
                <concept reference="172"/>
                <name>TRANSFERRED</name>
                <locale id="181">en</locale>
                <creator/>
                <dateCreated id="182">2009-05-13 12:32:19</dateCreated>
                <voided>false</voided>
                <voidedBy/>
                <tags class="set" id="183"/>
                <conceptNameType>FULLY_SPECIFIED</conceptNameType>
                <localePreferred>false</localePreferred>
              </org.openmrs.ConceptName>
              <org.openmrs.ConceptName id="184" uuid="106177BBBBBBBBBBBBBBBBBBBBBBBBBBBBBB">
                <conceptNameId>106177</conceptNameId>
                <concept reference="172"/>
                <name>TRANSFERT</name>
                <locale id="185">fr</locale>
                <creator/>
                <dateCreated id="186">2010-05-03 17:11:20</dateCreated>
                <voided>false</voided>
                <voidedBy/>
                <tags class="set" id="187"/>
                <conceptNameType>FULLY_SPECIFIED</conceptNameType>
                <localePreferred>false</localePreferred>
              </org.openmrs.ConceptName>
              <org.openmrs.ConceptName id="188" uuid="86976BBBBBBBBBBBBBBBBBBBBBBBBBBBBBBB">
                <conceptNameId>86976</conceptNameId>
                <concept reference="172"/>
                <name>transferred</name>
                <locale id="189">en</locale>
                <creator/>
                <dateCreated id="190">2009-05-13 12:32:19</dateCreated>
                <voided>false</voided>
                <voidedBy/>
                <tags class="set" id="191"/>
                <conceptNameType>SHORT</conceptNameType>
                <localePreferred>false</localePreferred>
              </org.openmrs.ConceptName>
            </names>
            <answers class="set" id="192"/>
            <conceptSets class="set" id="193"/>
            <descriptions class="set" id="194"/>
            <conceptMappings class="set" id="195">
              <org.openmrs.ConceptMap id="196" uuid="132706ABBBBBBBBBBBBBBBBBBBBBBBBBBBBB">
                <conceptMapType reference="50"/>
                <creator/>
                <changedBy/>
                <dateCreated id="197">2010-08-23 15:49:10</dateCreated>
                <conceptMapId>132706</conceptMapId>
                <concept reference="172"/>
                <conceptReferenceTerm id="198" resolves-to="org.openmrs.ConceptReferenceTerm" uuid="82331ac0-721e-3f2b-a456-6387d25c6b7d">
                  <creator/>
                  <dateCreated id="200">2010-08-23 00:00:00</dateCreated>
                  <changedBy/>
                  <retired>false</retired>
                  <retiredBy/>
                  <conceptReferenceTermId>132706</conceptReferenceTermId>
                  <conceptSource reference="57"/>
                  <code>3000</code>
                  <conceptReferenceTermMaps id="201"/>
                </conceptReferenceTerm>
              </org.openmrs.ConceptMap>
              <org.openmrs.ConceptMap id="202" uuid="137531ABBBBBBBBBBBBBBBBBBBBBBBBBBBBB">
                <conceptMapType reference="62"/>
                <creator/>
                <changedBy/>
                <dateCreated id="203">2010-12-30 19:34:43</dateCreated>
                <conceptMapId>137531</conceptMapId>
                <concept reference="172"/>
                <conceptReferenceTerm id="204" resolves-to="org.openmrs.ConceptReferenceTerm" uuid="71bb768c-4d3d-3a7a-afd4-e06988f0146f">
                  <creator/>
                  <dateCreated id="206">2010-12-30 00:00:00</dateCreated>
                  <changedBy/>
                  <retired>false</retired>
                  <retiredBy/>
                  <conceptReferenceTermId>137531</conceptReferenceTermId>
                  <conceptSource reference="69"/>
                  <code>266751003</code>
                  <conceptReferenceTermMaps id="207"/>
                </conceptReferenceTerm>
              </org.openmrs.ConceptMap>
              <org.openmrs.ConceptMap id="208" uuid="132639ABBBBBBBBBBBBBBBBBBBBBBBBBBBBB">
                <conceptMapType reference="50"/>
                <creator/>
                <changedBy/>
                <dateCreated id="209">2010-08-23 15:49:10</dateCreated>
                <conceptMapId>132639</conceptMapId>
                <concept reference="172"/>
                <conceptReferenceTerm id="210" resolves-to="org.openmrs.ConceptReferenceTerm" uuid="0eced425-8304-32e9-af97-fbcecc91dc2a">
                  <creator/>
                  <dateCreated id="212">2010-08-23 00:00:00</dateCreated>
                  <changedBy/>
                  <retired>false</retired>
                  <retiredBy/>
                  <conceptReferenceTermId>132639</conceptReferenceTermId>
                  <conceptSource reference="57"/>
                  <code>1744</code>
                  <conceptReferenceTermMaps id="213"/>
                </conceptReferenceTerm>
              </org.openmrs.ConceptMap>
              <org.openmrs.ConceptMap id="214" uuid="137922ABBBBBBBBBBBBBBBBBBBBBBBBBBBBB">
                <conceptMapType reference="50"/>
                <creator/>
                <changedBy/>
                <dateCreated id="215">2011-01-17 20:47:18</dateCreated>
                <conceptMapId>137922</conceptMapId>
                <concept reference="172"/>
                <conceptReferenceTerm id="216" resolves-to="org.openmrs.ConceptReferenceTerm" uuid="d6164341-f1fb-3e45-b82d-94c2ae65e3d0">
                  <creator/>
                  <dateCreated id="218">2011-01-17 00:00:00</dateCreated>
                  <changedBy/>
                  <retired>false</retired>
                  <retiredBy/>
                  <conceptReferenceTermId>137922</conceptReferenceTermId>
                  <conceptSource reference="166"/>
                  <code>TRANSFER</code>
                  <conceptReferenceTermMaps id="219"/>
                </conceptReferenceTerm>
              </org.openmrs.ConceptMap>
              <org.openmrs.ConceptMap id="220" uuid="141569ABBBBBBBBBBBBBBBBBBBBBBBBBBBBB">
                <conceptMapType reference="50"/>
                <creator/>
                <changedBy/>
                <dateCreated id="221">2011-02-04 20:58:22</dateCreated>
                <conceptMapId>141569</conceptMapId>
                <concept reference="172"/>
                <conceptReferenceTerm id="222" resolves-to="org.openmrs.ConceptReferenceTerm" uuid="b3f7133c-ee98-34ec-a8da-6200b36a5cd8">
                  <creator/>
                  <dateCreated id="224">2011-02-04 00:00:00</dateCreated>
                  <changedBy/>
                  <retired>false</retired>
                  <retiredBy/>
                  <conceptReferenceTermId>141569</conceptReferenceTermId>
                  <conceptSource reference="151"/>
                  <code>16931000105000</code>
                  <conceptReferenceTermMaps id="225"/>
                </conceptReferenceTerm>
              </org.openmrs.ConceptMap>
            </conceptMappings>
          </answerConcept>
          <creator/>
          <dateCreated id="226">2009-05-13 12:34:56</dateCreated>
          <sortWeight>1483.0</sortWeight>
        </org.openmrs.ConceptAnswer>
        <org.openmrs.ConceptAnswer id="227" uuid="1486CCCCCCCCCCCCCCCCCCCCCCCCCCCCCCCC">
          <conceptAnswerId>1486</conceptAnswerId>
          <concept reference="73"/>
          <answerConcept id="228" resolves-to="org.openmrs.Concept" uuid="159AAAAAAAAAAAAAAAAAAAAAAAAAAAAAAAAA">
            <conceptId>159</conceptId>
            <retired>false</retired>
            <retiredBy/>
            <datatype reference="33"/>
            <conceptClass id="230" resolves-to="org.openmrs.ConceptClass" uuid="8d4918b0-c2cc-11de-8d13-0010c6dffd0f">
              <name>Diagnosis</name>
              <description>Conclusion drawn through findings</description>
              <creator/>
              <dateCreated id="232">2004-02-02 00:00:00</dateCreated>
              <retired>false</retired>
              <retiredBy/>
              <conceptClassId>4</conceptClassId>
            </conceptClass>
            <set>false</set>
            <version></version>
            <creator/>
            <dateCreated id="233">2004-01-01 00:00:00</dateCreated>
            <changedBy/>
            <dateChanged id="234">2010-12-05 17:51:52</dateChanged>
            <names class="set" id="235">
              <org.openmrs.ConceptName id="236" uuid="181BBBBBBBBBBBBBBBBBBBBBBBBBBBBBBBBB">
                <conceptNameId>181</conceptNameId>
                <concept reference="228"/>
                <name>DÉCÉDÉ</name>
                <locale id="237">fr</locale>
                <creator/>
                <dateCreated id="238">2007-08-17 12:32:24</dateCreated>
                <voided>false</voided>
                <voidedBy/>
                <tags class="set" id="239"/>
                <conceptNameType>FULLY_SPECIFIED</conceptNameType>
                <localePreferred>false</localePreferred>
              </org.openmrs.ConceptName>
              <org.openmrs.ConceptName id="240" uuid="180BBBBBBBBBBBBBBBBBBBBBBBBBBBBBBBBB">
                <conceptNameId>180</conceptNameId>
                <concept reference="228"/>
                <name>DECEASED</name>
                <locale id="241">en</locale>
                <creator/>
                <dateCreated id="242">2004-01-01 00:00:00</dateCreated>
                <voided>false</voided>
                <voidedBy/>
                <tags class="set" id="243"/>
                <conceptNameType>FULLY_SPECIFIED</conceptNameType>
                <localePreferred>false</localePreferred>
              </org.openmrs.ConceptName>
              <org.openmrs.ConceptName id="244" uuid="182BBBBBBBBBBBBBBBBBBBBBBBBBBBBBBBBB">
                <conceptNameId>182</conceptNameId>
                <concept reference="228"/>
                <name>Mfiwa</name>
                <locale id="245">sw</locale>
                <creator/>
                <dateCreated id="246">2007-12-11 21:28:21</dateCreated>
                <voided>false</voided>
                <voidedBy/>
                <tags class="set" id="247"/>
                <conceptNameType>FULLY_SPECIFIED</conceptNameType>
                <localePreferred>false</localePreferred>
              </org.openmrs.ConceptName>
            </names>
            <answers class="set" id="248"/>
            <conceptSets class="set" id="249"/>
            <descriptions class="set" id="250">
              <org.openmrs.ConceptDescription id="251" uuid="159FFFFFFFFFFFFFFFFFFFFFFFFFFFFFFFFF">
                <conceptDescriptionId>159</conceptDescriptionId>
                <concept reference="228"/>
                <description>aliyefiwa au mfiwa</description>
                <locale id="252">sw</locale>
                <creator/>
                <dateCreated id="253">2007-12-11 21:28:21</dateCreated>
                <changedBy/>
              </org.openmrs.ConceptDescription>
              <org.openmrs.ConceptDescription id="254" uuid="158FFFFFFFFFFFFFFFFFFFFFFFFFFFFFFFFF">
                <conceptDescriptionId>158</conceptDescriptionId>
                <concept reference="228"/>
                <description>Patient died.</description>
                <locale id="255">en</locale>
                <creator/>
                <dateCreated id="256">2004-01-01 00:00:00</dateCreated>
                <changedBy/>
              </org.openmrs.ConceptDescription>
            </descriptions>
            <conceptMappings class="set" id="257">
              <org.openmrs.ConceptMap id="258" uuid="134021ABBBBBBBBBBBBBBBBBBBBBBBBBBBBB">
                <conceptMapType reference="50"/>
                <creator/>
                <changedBy/>
                <dateCreated id="259">2010-10-24 13:09:59</dateCreated>
                <conceptMapId>134021</conceptMapId>
                <concept reference="228"/>
                <conceptReferenceTerm id="260" resolves-to="org.openmrs.ConceptReferenceTerm" uuid="6e2ddd50-b700-35f1-8a0c-63edb766eb6a">
                  <creator/>
                  <dateCreated id="262">2010-10-24 00:00:00</dateCreated>
                  <changedBy/>
                  <retired>false</retired>
                  <retiredBy/>
                  <conceptReferenceTermId>134021</conceptReferenceTermId>
                  <conceptSource reference="127"/>
                  <code>159</code>
                  <conceptReferenceTermMaps id="263"/>
                </conceptReferenceTerm>
              </org.openmrs.ConceptMap>
              <org.openmrs.ConceptMap id="264" uuid="137046ABBBBBBBBBBBBBBBBBBBBBBBBBBBBB">
                <conceptMapType reference="50"/>
                <creator/>
                <changedBy/>
                <dateCreated id="265">2010-12-05 17:51:52</dateCreated>
                <conceptMapId>137046</conceptMapId>
                <concept reference="228"/>
                <conceptReferenceTerm id="266" resolves-to="org.openmrs.ConceptReferenceTerm" uuid="7d45de87-1519-3fba-9941-05dab01b8da1">
                  <creator/>
                  <dateCreated id="268">2010-12-05 00:00:00</dateCreated>
                  <changedBy/>
                  <retired>false</retired>
                  <retiredBy/>
                  <conceptReferenceTermId>137046</conceptReferenceTermId>
                  <conceptSource id="269" resolves-to="org.openmrs.ConceptSource" uuid="1ADDDDDDDDDDDDDDDDDDDDDDDDDDDDDDDDDD">
                    <name>SNOMED CT</name>
                    <description>SNOMED Preferred mapping</description>
                    <creator/>
                    <dateCreated id="271">2009-11-19 20:19:16</dateCreated>
                    <retired>false</retired>
                    <retiredBy/>
                    <conceptSourceId>1</conceptSourceId>
                  </conceptSource>
                  <code>397709008</code>
                  <conceptReferenceTermMaps id="272"/>
                </conceptReferenceTerm>
              </org.openmrs.ConceptMap>
            </conceptMappings>
          </answerConcept>
          <creator/>
          <dateCreated id="273">2009-05-13 12:34:56</dateCreated>
          <sortWeight>1486.0</sortWeight>
        </org.openmrs.ConceptAnswer>
        <org.openmrs.ConceptAnswer id="274" uuid="1482CCCCCCCCCCCCCCCCCCCCCCCCCCCCCCCC">
          <conceptAnswerId>1482</conceptAnswerId>
          <concept reference="73"/>
          <answerConcept id="275" resolves-to="org.openmrs.Concept" uuid="1694AAAAAAAAAAAAAAAAAAAAAAAAAAAAAAAA">
            <conceptId>1694</conceptId>
            <retired>false</retired>
            <retiredBy/>
            <datatype reference="174"/>
            <conceptClass reference="78"/>
            <set>false</set>
            <version></version>
            <creator/>
            <dateCreated id="277">2009-05-13 12:33:09</dateCreated>
            <changedBy/>
            <dateChanged id="278">2010-12-30 19:37:50</dateChanged>
            <names class="set" id="279">
              <org.openmrs.ConceptName id="280" uuid="105998BBBBBBBBBBBBBBBBBBBBBBBBBBBBBB">
                <conceptNameId>105998</conceptNameId>
                <concept reference="275"/>
                <name>SORTIE CONTRE AVIS MÉDICAL</name>
                <locale id="281">fr</locale>
                <creator/>
                <dateCreated id="282">2010-05-03 17:11:17</dateCreated>
                <voided>false</voided>
                <voidedBy/>
                <tags class="set" id="283"/>
                <conceptNameType>FULLY_SPECIFIED</conceptNameType>
                <localePreferred>false</localePreferred>
              </org.openmrs.ConceptName>
              <org.openmrs.ConceptName id="284" uuid="86977BBBBBBBBBBBBBBBBBBBBBBBBBBBBBBB">
                <conceptNameId>86977</conceptNameId>
                <concept reference="275"/>
                <name>left AMA</name>
                <locale id="285">en</locale>
                <creator/>
                <dateCreated id="286">2009-05-13 12:33:09</dateCreated>
                <voided>false</voided>
                <voidedBy/>
                <tags class="set" id="287"/>
                <conceptNameType>SHORT</conceptNameType>
                <localePreferred>false</localePreferred>
              </org.openmrs.ConceptName>
              <org.openmrs.ConceptName id="288" uuid="97940BBBBBBBBBBBBBBBBBBBBBBBBBBBBBBB">
                <conceptNameId>97940</conceptNameId>
                <concept reference="275"/>
                <name>SELF-DISCHARGED</name>
                <locale id="289">en</locale>
                <creator/>
                <dateCreated id="290">2009-05-13 12:33:09</dateCreated>
                <voided>false</voided>
                <voidedBy/>
                <tags class="set" id="291"/>
                <localePreferred>false</localePreferred>
              </org.openmrs.ConceptName>
              <org.openmrs.ConceptName id="292" uuid="1974BBBBBBBBBBBBBBBBBBBBBBBBBBBBBBBB">
                <conceptNameId>1974</conceptNameId>
                <concept reference="275"/>
                <name>LEFT AGAINST MEDICAL ADVICE</name>
                <locale id="293">en</locale>
                <creator/>
                <dateCreated id="294">2009-05-13 12:33:09</dateCreated>
                <voided>false</voided>
                <voidedBy/>
                <tags class="set" id="295"/>
                <conceptNameType>FULLY_SPECIFIED</conceptNameType>
                <localePreferred>false</localePreferred>
              </org.openmrs.ConceptName>
              <org.openmrs.ConceptName id="296" uuid="93887BBBBBBBBBBBBBBBBBBBBBBBBBBBBBBB">
                <conceptNameId>93887</conceptNameId>
                <concept reference="275"/>
                <name>LEFT AMA</name>
                <locale id="297">en</locale>
                <creator/>
                <dateCreated id="298">2009-05-13 12:33:09</dateCreated>
                <voided>false</voided>
                <voidedBy/>
                <tags class="set" id="299"/>
                <localePreferred>false</localePreferred>
              </org.openmrs.ConceptName>
            </names>
            <answers class="set" id="300"/>
            <conceptSets class="set" id="301"/>
            <descriptions class="set" id="302"/>
            <conceptMappings class="set" id="303">
              <org.openmrs.ConceptMap id="304" uuid="137532ABBBBBBBBBBBBBBBBBBBBBBBBBBBBB">
                <conceptMapType reference="50"/>
                <creator/>
                <changedBy/>
                <dateCreated id="305">2010-12-30 19:37:50</dateCreated>
                <conceptMapId>137532</conceptMapId>
                <concept reference="275"/>
                <conceptReferenceTerm id="306" resolves-to="org.openmrs.ConceptReferenceTerm" uuid="2549e903-25a0-3738-844d-fe896e63cb0d">
                  <creator/>
                  <dateCreated id="308">2010-12-30 00:00:00</dateCreated>
                  <changedBy/>
                  <retired>false</retired>
                  <retiredBy/>
                  <conceptReferenceTermId>137532</conceptReferenceTermId>
                  <conceptSource reference="269"/>
                  <code>445060000</code>
                  <conceptReferenceTermMaps id="309"/>
                </conceptReferenceTerm>
              </org.openmrs.ConceptMap>
            </conceptMappings>
          </answerConcept>
          <creator/>
          <dateCreated id="310">2009-05-13 12:34:56</dateCreated>
          <sortWeight>1482.0</sortWeight>
        </org.openmrs.ConceptAnswer>
        <org.openmrs.ConceptAnswer id="311" uuid="1484CCCCCCCCCCCCCCCCCCCCCCCCCCCCCCCC">
          <conceptAnswerId>1484</conceptAnswerId>
          <concept reference="73"/>
          <answerConcept id="312" resolves-to="org.openmrs.Concept" uuid="1692AAAAAAAAAAAAAAAAAAAAAAAAAAAAAAAA">
            <conceptId>1692</conceptId>
            <retired>false</retired>
            <retiredBy/>
            <datatype reference="174"/>
            <conceptClass reference="78"/>
            <set>false</set>
            <version></version>
            <creator/>
            <dateCreated id="314">2009-05-13 12:31:43</dateCreated>
            <changedBy/>
            <dateChanged id="315">2010-09-23 12:54:09</dateChanged>
            <names class="set" id="316">
              <org.openmrs.ConceptName id="317" uuid="86975BBBBBBBBBBBBBBBBBBBBBBBBBBBBBBB">
                <conceptNameId>86975</conceptNameId>
                <concept reference="312"/>
                <name>discharged</name>
                <locale id="318">en</locale>
                <creator/>
                <dateCreated id="319">2009-05-13 12:31:43</dateCreated>
                <voided>false</voided>
                <voidedBy/>
                <tags class="set" id="320"/>
                <conceptNameType>SHORT</conceptNameType>
                <localePreferred>false</localePreferred>
              </org.openmrs.ConceptName>
              <org.openmrs.ConceptName id="321" uuid="105886BBBBBBBBBBBBBBBBBBBBBBBBBBBBBB">
                <conceptNameId>105886</conceptNameId>
                <concept reference="312"/>
                <name>DÉCHARGE SIGNÉE</name>
                <locale id="322">fr</locale>
                <creator/>
                <dateCreated id="323">2010-05-03 17:07:47</dateCreated>
                <voided>false</voided>
                <voidedBy/>
                <tags class="set" id="324"/>
                <conceptNameType>FULLY_SPECIFIED</conceptNameType>
                <localePreferred>false</localePreferred>
              </org.openmrs.ConceptName>
              <org.openmrs.ConceptName id="325" uuid="1972BBBBBBBBBBBBBBBBBBBBBBBBBBBBBBBB">
                <conceptNameId>1972</conceptNameId>
                <concept reference="312"/>
                <name>DISCHARGED</name>
                <locale id="326">en</locale>
                <creator/>
                <dateCreated id="327">2009-05-13 12:31:43</dateCreated>
                <voided>false</voided>
                <voidedBy/>
                <tags class="set" id="328"/>
                <conceptNameType>FULLY_SPECIFIED</conceptNameType>
                <localePreferred>false</localePreferred>
              </org.openmrs.ConceptName>
            </names>
            <answers class="set" id="329"/>
            <conceptSets class="set" id="330"/>
            <descriptions class="set" id="331"/>
            <conceptMappings class="set" id="332">
              <org.openmrs.ConceptMap id="333" uuid="132726ABBBBBBBBBBBBBBBBBBBBBBBBBBBBB">
                <conceptMapType reference="50"/>
                <creator/>
                <changedBy/>
                <dateCreated id="334">2010-08-23 15:49:10</dateCreated>
                <conceptMapId>132726</conceptMapId>
                <concept reference="312"/>
                <conceptReferenceTerm id="335" resolves-to="org.openmrs.ConceptReferenceTerm" uuid="fc81d755-a94c-34aa-8440-9980df0cb6a3">
                  <creator/>
                  <dateCreated id="337">2010-08-23 00:00:00</dateCreated>
                  <changedBy/>
                  <retired>false</retired>
                  <retiredBy/>
                  <conceptReferenceTermId>132726</conceptReferenceTermId>
                  <conceptSource reference="269"/>
                  <code>183665006</code>
                  <conceptReferenceTermMaps id="338"/>
                </conceptReferenceTerm>
              </org.openmrs.ConceptMap>
              <org.openmrs.ConceptMap id="339" uuid="133415ABBBBBBBBBBBBBBBBBBBBBBBBBBBBB">
                <conceptMapType reference="50"/>
                <creator/>
                <changedBy/>
                <dateCreated id="340">2010-09-20 17:27:10</dateCreated>
                <conceptMapId>133415</conceptMapId>
                <concept reference="312"/>
                <conceptReferenceTerm id="341" resolves-to="org.openmrs.ConceptReferenceTerm" uuid="c3cff5e9-e759-3bbf-8a39-6e8adb497f1d">
                  <creator/>
                  <dateCreated id="343">2010-09-20 00:00:00</dateCreated>
                  <changedBy/>
                  <retired>false</retired>
                  <retiredBy/>
                  <conceptReferenceTermId>133415</conceptReferenceTermId>
                  <conceptSource reference="57"/>
                  <code>3626</code>
                  <conceptReferenceTermMaps id="344"/>
                </conceptReferenceTerm>
              </org.openmrs.ConceptMap>
            </conceptMappings>
          </answerConcept>
          <creator/>
          <dateCreated id="345">2009-05-13 12:34:56</dateCreated>
          <sortWeight>1484.0</sortWeight>
        </org.openmrs.ConceptAnswer>
      </answers>
      <conceptSets class="set" id="346"/>
      <descriptions class="set" id="347">
        <org.openmrs.ConceptDescription id="348" uuid="1529FFFFFFFFFFFFFFFFFFFFFFFFFFFFFFFF">
          <conceptDescriptionId>1529</conceptDescriptionId>
          <concept reference="73"/>
          <description>Status of patient on discharge.</description>
          <locale id="349">en</locale>
          <creator/>
          <dateCreated id="350">2009-05-13 12:34:56</dateCreated>
          <changedBy/>
        </org.openmrs.ConceptDescription>
      </descriptions>
      <conceptMappings class="set" id="351">
        <org.openmrs.ConceptMap id="352" uuid="137533ABBBBBBBBBBBBBBBBBBBBBBBBBBBBB">
          <conceptMapType reference="50"/>
          <creator/>
          <changedBy/>
          <dateCreated id="353">2010-12-30 19:41:02</dateCreated>
          <conceptMapId>137533</conceptMapId>
          <concept reference="73"/>
          <conceptReferenceTerm id="354" resolves-to="org.openmrs.ConceptReferenceTerm" uuid="a595264f-9d6f-36f2-9ae6-141f1f0efdd7">
            <creator/>
            <dateCreated id="356">2010-12-30 00:00:00</dateCreated>
            <changedBy/>
            <retired>false</retired>
            <retiredBy/>
            <conceptReferenceTermId>137533</conceptReferenceTermId>
            <conceptSource reference="269"/>
            <code>309039003</code>
            <conceptReferenceTermMaps id="357"/>
          </conceptReferenceTerm>
        </org.openmrs.ConceptMap>
      </conceptMappings>
    </outcomesConcept>
    <allWorkflows id="358"/>
  </org.openmrs.Program>
  <org.openmrs.Provider id="359" uuid="ae01b8ff-a4cc-4012-bcf7-72359e852e14">
    <creator/>
    <dateCreated id="360">2012-08-08 23:40:58</dateCreated>
    <retired>false</retired>
    <attributes id="361"/>
    <log class="org.apache.commons.logging.impl.SLF4JLocationAwareLog" id="362">
      <name>org.openmrs.Provider</name>
    </log>
    <providerId>2</providerId>
    <person id="363" resolves-to="org.openmrs.Person" uuid="1cc7dc79-ad09-4897-8a1d-0b3d3226e9ee">
      <voided>false</voided>
      <personId>9</personId>
      <addresses class="tree-set" id="365">
        <no-comparator/>
      </addresses>
      <names class="tree-set" id="366">
        <no-comparator/>
        <org.openmrs.PersonName id="367" uuid="02d1c5a1-ee17-4b0b-ad7a-5f37766d020e">
          <creator/>
          <dateCreated id="368">2012-08-08 23:40:16</dateCreated>
          <voided>false</voided>
          <personNameId>9</personNameId>
          <person reference="363"/>
          <preferred>false</preferred>
          <givenName>Unknown</givenName>
          <familyName>Provider</familyName>
        </org.openmrs.PersonName>
      </names>
      <attributes class="tree-set" id="369">
        <no-comparator/>
      </attributes>
      <gender>F</gender>
      <birthdateEstimated>false</birthdateEstimated>
      <dead>false</dead>
      <personCreator/>
      <personDateCreated id="370">2012-08-08 23:40:16</personDateCreated>
      <personVoided>false</personVoided>
      <isPatient>false</isPatient>
    </person>
    <identifier>UNKNOWN</identifier>
  </org.openmrs.Provider>
</list>
