<?xml version="1.0" encoding="UTF-8"?>
<list id="1">
  <org.openmrs.Drug id="2" uuid="9a012906-3778-4e2e-848f-e0272bfe9e27">
    <name>Isoniazid (30mg)</name>
    <creator/>
    <dateCreated id="3">2013-02-25 16:05:54</dateCreated>
    <changedBy/>
    <dateChanged id="4">2014-03-12 12:02:02</dateChanged>
    <retired>false</retired>
    <drugId>6</drugId>
    <combination>true</combination>
    <doseStrength>30.0</doseStrength>
    <units>mg</units>
    <concept id="5" resolves-to="org.openmrs.Concept" uuid="78280AAAAAAAAAAAAAAAAAAAAAAAAAAAAAAA">
      <conceptId>78280</conceptId>
      <retired>false</retired>
      <datatype id="6" resolves-to="org.openmrs.ConceptDatatype" uuid="8d4a4c94-c2cc-11de-8d13-0010c6dffd0f">
        <name>N/A</name>
        <description>Not associated with a datatype (e.g., term answers, sets)</description>
        <creator/>
        <dateCreated id="7">2004-02-01 21:00:00</dateCreated>
        <retired>false</retired>
        <retiredBy/>
        <conceptDatatypeId>4</conceptDatatypeId>
        <hl7Abbreviation>ZZ</hl7Abbreviation>
      </datatype>
      <conceptClass id="8" resolves-to="org.openmrs.ConceptClass" uuid="8d490dfc-c2cc-11de-8d13-0010c6dffd0f">
        <name>Drug</name>
        <description>Drug</description>
        <creator/>
        <dateCreated id="9">2004-02-01 21:00:00</dateCreated>
        <retired>false</retired>
        <conceptClassId>3</conceptClassId>
      </conceptClass>
      <set>false</set>
      <creator/>
      <dateCreated id="10">2006-12-16 21:00:00</dateCreated>
      <changedBy/>
      <dateChanged id="11">2015-10-28 11:24:37</dateChanged>
      <names class="set" id="12">
        <org.openmrs.ConceptName id="13" uuid="98233BBBBBBBBBBBBBBBBBBBBBBBBBBBBBBB">
          <conceptNameId>98233</conceptNameId>
          <concept reference="5"/>
          <name>Soniazio</name>
          <locale id="14">en</locale>
          <creator/>
          <dateCreated id="15">2007-10-18 06:35:54</dateCreated>
          <voided>false</voided>
          <voidedBy/>
          <tags class="set" id="16"/>
          <localePreferred>false</localePreferred>
        </org.openmrs.ConceptName>
        <org.openmrs.ConceptName id="17" uuid="6234BBBBBBBBBBBBBBBBBBBBBBBBBBBBBBBB">
          <conceptNameId>6234</conceptNameId>
          <concept reference="5"/>
          <name>ISONIAZID</name>
          <locale id="18">en</locale>
          <creator/>
          <dateCreated id="19">2006-12-16 21:00:00</dateCreated>
          <voided>false</voided>
          <voidedBy/>
          <tags class="set" id="20"/>
          <conceptNameType>FULLY_SPECIFIED</conceptNameType>
          <localePreferred>true</localePreferred>
        </org.openmrs.ConceptName>
        <org.openmrs.ConceptName id="21" uuid="99380BBBBBBBBBBBBBBBBBBBBBBBBBBBBBBB">
          <conceptNameId>99380</conceptNameId>
          <concept reference="5"/>
          <name>Tubizid</name>
          <locale id="22">en</locale>
          <creator/>
          <dateCreated id="23">2007-10-18 06:35:54</dateCreated>
          <voided>false</voided>
          <voidedBy/>
          <tags class="set" id="24"/>
          <localePreferred>false</localePreferred>
        </org.openmrs.ConceptName>
        <org.openmrs.ConceptName id="25" uuid="107647BBBBBBBBBBBBBBBBBBBBBBBBBBBBBB">
          <conceptNameId>107647</conceptNameId>
          <concept reference="5"/>
          <name>INH</name>
          <locale id="26">en</locale>
          <creator/>
          <dateCreated id="27">2011-01-17 13:10:35</dateCreated>
          <voided>false</voided>
          <voidedBy/>
          <tags class="set" id="28"/>
          <conceptNameType>SHORT</conceptNameType>
          <localePreferred>false</localePreferred>
        </org.openmrs.ConceptName>
        <org.openmrs.ConceptName id="29" uuid="95598BBBBBBBBBBBBBBBBBBBBBBBBBBBBBBB">
          <conceptNameId>95598</conceptNameId>
          <concept reference="5"/>
          <name>Nydrazid</name>
          <locale id="30">en</locale>
          <creator/>
          <dateCreated id="31">2007-10-18 06:35:54</dateCreated>
          <voided>false</voided>
          <voidedBy/>
          <tags class="set" id="32"/>
          <localePreferred>false</localePreferred>
        </org.openmrs.ConceptName>
      </names>
      <answers class="set" id="33"/>
      <conceptSets class="set" id="34"/>
      <descriptions class="set" id="35">
        <org.openmrs.ConceptDescription id="36" uuid="16532FFFFFFFFFFFFFFFFFFFFFFFFFFFFFFF">
          <conceptDescriptionId>16532</conceptDescriptionId>
          <concept reference="5"/>
          <description>A crystalline antibacterial compound (C6H7N3O) used in the treatment of tuberculosis.</description>
          <locale id="37">en</locale>
          <creator/>
          <dateCreated id="38">2011-01-17 13:10:48</dateCreated>
          <changedBy/>
          <dateChanged id="39">2015-10-28 11:24:37</dateChanged>
        </org.openmrs.ConceptDescription>
      </descriptions>
      <conceptMappings class="set" id="40">
        <org.openmrs.ConceptMap id="41" uuid="134448ABBBBBBBBBBBBBBBBBBBBBBBBBBBBB">
          <conceptMapType id="42" resolves-to="org.openmrs.ConceptMapType" uuid="35543629-7d8c-11e1-909d-c80aa9edcf4e">
            <name>SAME-AS</name>
            <creator/>
            <dateCreated id="43">2015-01-22 21:00:00</dateCreated>
            <changedBy/>
            <dateChanged id="44">2015-10-28 11:24:37</dateChanged>
            <retired>false</retired>
            <conceptMapTypeId>1</conceptMapTypeId>
            <isHidden>false</isHidden>
          </conceptMapType>
          <creator/>
          <changedBy/>
          <dateCreated id="45">2010-10-24 10:09:59</dateCreated>
          <conceptMapId>134448</conceptMapId>
          <concept reference="5"/>
          <conceptReferenceTerm id="46" resolves-to="org.openmrs.ConceptReferenceTerm" uuid="dc0c23d1-0d04-3d4b-833b-b5c4c1f98f9e">
            <creator/>
            <dateCreated id="47">2010-10-23 21:00:00</dateCreated>
            <changedBy/>
            <dateChanged id="48">2015-10-28 11:24:37</dateChanged>
            <retired>false</retired>
            <conceptReferenceTermId>134448</conceptReferenceTermId>
            <conceptSource id="49" resolves-to="org.openmrs.ConceptSource" uuid="2b3c28ae-768a-102f-83f4-12313b04a615">
              <name>AMPATH</name>
              <description>AMPATH concept dictionary</description>
              <creator/>
              <dateCreated id="50">2010-10-24 14:02:38</dateCreated>
              <retired>false</retired>
              <conceptSourceId>13</conceptSourceId>
            </conceptSource>
            <code>750</code>
            <conceptReferenceTermMaps id="51"/>
          </conceptReferenceTerm>
        </org.openmrs.ConceptMap>
        <org.openmrs.ConceptMap id="52" uuid="134371ABBBBBBBBBBBBBBBBBBBBBBBBBBBBB">
          <conceptMapType reference="42"/>
          <creator/>
          <changedBy/>
          <dateCreated id="53">2010-10-24 10:09:59</dateCreated>
          <conceptMapId>134371</conceptMapId>
          <concept reference="5"/>
          <conceptReferenceTerm id="54" resolves-to="org.openmrs.ConceptReferenceTerm" uuid="413897c8-1a78-3477-8400-91fcd46221f7">
            <creator/>
            <dateCreated id="55">2010-10-23 21:00:00</dateCreated>
            <changedBy/>
            <dateChanged id="56">2015-10-28 11:24:37</dateChanged>
            <retired>false</retired>
            <conceptReferenceTermId>134371</conceptReferenceTermId>
            <conceptSource reference="49"/>
            <code>656</code>
            <conceptReferenceTermMaps id="57"/>
          </conceptReferenceTerm>
        </org.openmrs.ConceptMap>
        <org.openmrs.ConceptMap id="58" uuid="135213ABBBBBBBBBBBBBBBBBBBBBBBBBBBBB">
          <conceptMapType reference="42"/>
          <creator/>
          <changedBy/>
          <dateCreated id="59">2010-10-24 10:09:59</dateCreated>
          <conceptMapId>135213</conceptMapId>
          <concept reference="5"/>
          <conceptReferenceTerm id="60" resolves-to="org.openmrs.ConceptReferenceTerm" uuid="c8feac57-0a17-3842-9a2b-e6fffaaf0781">
            <creator/>
            <dateCreated id="61">2010-10-23 21:00:00</dateCreated>
            <changedBy/>
            <dateChanged id="62">2015-10-28 11:24:37</dateChanged>
            <retired>false</retired>
            <conceptReferenceTermId>135212</conceptReferenceTermId>
            <conceptSource reference="49"/>
            <code>2229</code>
            <conceptReferenceTermMaps id="63"/>
          </conceptReferenceTerm>
        </org.openmrs.ConceptMap>
        <org.openmrs.ConceptMap id="64" uuid="135196ABBBBBBBBBBBBBBBBBBBBBBBBBBBBB">
          <conceptMapType reference="42"/>
          <creator/>
          <changedBy/>
          <dateCreated id="65">2010-10-24 10:09:59</dateCreated>
          <conceptMapId>135196</conceptMapId>
          <concept reference="5"/>
          <conceptReferenceTerm id="66" resolves-to="org.openmrs.ConceptReferenceTerm" uuid="5715cb14-8c63-3e95-a504-fd5a303a1945">
            <creator/>
            <dateCreated id="67">2010-10-23 21:00:00</dateCreated>
            <changedBy/>
            <dateChanged id="68">2015-10-28 11:24:37</dateChanged>
            <retired>false</retired>
            <conceptReferenceTermId>135193</conceptReferenceTermId>
            <conceptSource reference="49"/>
            <code>2226</code>
            <conceptReferenceTermMaps id="69"/>
          </conceptReferenceTerm>
        </org.openmrs.ConceptMap>
        <org.openmrs.ConceptMap id="70" uuid="129803ABBBBBBBBBBBBBBBBBBBBBBBBBBBBB">
          <conceptMapType reference="42"/>
          <creator/>
          <changedBy/>
          <dateCreated id="71">2010-04-27 09:02:49</dateCreated>
          <conceptMapId>129803</conceptMapId>
          <concept reference="5"/>
          <conceptReferenceTerm id="72" resolves-to="org.openmrs.ConceptReferenceTerm" uuid="eba93c0b-ce3c-301b-863d-73f112e26d96">
            <creator/>
            <dateCreated id="73">2010-04-26 21:00:00</dateCreated>
            <changedBy/>
            <dateChanged id="74">2015-10-28 11:24:37</dateChanged>
            <retired>false</retired>
            <conceptReferenceTermId>129803</conceptReferenceTermId>
            <conceptSource id="75" resolves-to="org.openmrs.ConceptSource" uuid="2b3c1d64-768a-102f-83f4-12313b04a615">
              <name>RxNORM</name>
              <description>RxNORM CUI</description>
              <creator/>
              <dateCreated id="76">2010-04-25 08:13:48</dateCreated>
              <retired>false</retired>
              <conceptSourceId>4</conceptSourceId>
            </conceptSource>
            <code>6038</code>
            <conceptReferenceTermMaps id="77"/>
          </conceptReferenceTerm>
        </org.openmrs.ConceptMap>
        <org.openmrs.ConceptMap id="78" uuid="143575ABBBBBBBBBBBBBBBBBBBBBBBBBBBBB">
          <conceptMapType reference="42"/>
          <creator/>
          <changedBy/>
          <dateCreated id="79">2011-05-15 10:58:07</dateCreated>
          <conceptMapId>143575</conceptMapId>
          <concept reference="5"/>
          <conceptReferenceTerm id="80" resolves-to="org.openmrs.ConceptReferenceTerm" uuid="97057652-6c31-3897-9ab6-4f7b9d6707f4">
            <creator/>
            <dateCreated id="81">2011-05-14 21:00:00</dateCreated>
            <changedBy/>
            <dateChanged id="82">2015-10-28 11:24:37</dateChanged>
            <retired>false</retired>
            <conceptReferenceTermId>143575</conceptReferenceTermId>
            <conceptSource id="83" resolves-to="org.openmrs.ConceptSource" uuid="fb9aaaf1-65e2-4c18-b53c-16b575f2f385">
              <name>PIH</name>
              <description>Equivalent concept ID in Master Partners-in-Health Concept dictionary</description>
              <creator/>
              <dateCreated id="84">2010-08-02 22:50:49</dateCreated>
              <retired>false</retired>
              <conceptSourceId>11</conceptSourceId>
            </conceptSource>
            <code>656</code>
            <conceptReferenceTermMaps id="85"/>
          </conceptReferenceTerm>
        </org.openmrs.ConceptMap>
        <org.openmrs.ConceptMap id="86" uuid="135208ABBBBBBBBBBBBBBBBBBBBBBBBBBBBB">
          <conceptMapType reference="42"/>
          <creator/>
          <changedBy/>
          <dateCreated id="87">2010-10-24 10:09:59</dateCreated>
          <conceptMapId>135208</conceptMapId>
          <concept reference="5"/>
          <conceptReferenceTerm id="88" resolves-to="org.openmrs.ConceptReferenceTerm" uuid="9e0d0e97-ebfa-3fc6-9061-707efd3f7854">
            <creator/>
            <dateCreated id="89">2010-10-23 21:00:00</dateCreated>
            <changedBy/>
            <dateChanged id="90">2015-10-28 11:24:37</dateChanged>
            <retired>false</retired>
            <conceptReferenceTermId>135206</conceptReferenceTermId>
            <conceptSource reference="49"/>
            <code>2228</code>
            <conceptReferenceTermMaps id="91"/>
          </conceptReferenceTerm>
        </org.openmrs.ConceptMap>
        <org.openmrs.ConceptMap id="92" uuid="175392ABBBBBBBBBBBBBBBBBBBBBBBBBBBBB">
          <conceptMapType reference="42"/>
          <creator/>
          <changedBy/>
          <dateCreated id="93">2013-07-03 15:53:08</dateCreated>
          <conceptMapId>175392</conceptMapId>
          <concept reference="5"/>
          <conceptReferenceTerm id="94" resolves-to="org.openmrs.ConceptReferenceTerm" uuid="b6aa2afb-fa00-3430-b8fe-861505f105ea">
            <creator/>
            <dateCreated id="95">2013-07-02 21:00:00</dateCreated>
            <changedBy/>
            <dateChanged id="96">2015-10-28 11:24:37</dateChanged>
            <retired>false</retired>
            <conceptReferenceTermId>175392</conceptReferenceTermId>
            <conceptSource id="97" resolves-to="org.openmrs.ConceptSource" uuid="249b13c8-72fa-4b96-8d3d-b200efed985e">
              <name>CIEL</name>
              <description>Columbia International eHealth Laboratory concept ID</description>
              <creator/>
              <dateCreated id="98">2013-07-03 12:55:03</dateCreated>
              <retired>false</retired>
              <conceptSourceId>21</conceptSourceId>
            </conceptSource>
            <code>78280</code>
            <conceptReferenceTermMaps id="99"/>
          </conceptReferenceTerm>
        </org.openmrs.ConceptMap>
        <org.openmrs.ConceptMap id="100" uuid="135202ABBBBBBBBBBBBBBBBBBBBBBBBBBBBB">
          <conceptMapType reference="42"/>
          <creator/>
          <changedBy/>
          <dateCreated id="101">2010-10-24 10:09:59</dateCreated>
          <conceptMapId>135202</conceptMapId>
          <concept reference="5"/>
          <conceptReferenceTerm id="102" resolves-to="org.openmrs.ConceptReferenceTerm" uuid="f29090e9-6284-3fd5-8bba-9dd45e10d44e">
            <creator/>
            <dateCreated id="103">2010-10-23 21:00:00</dateCreated>
            <changedBy/>
            <dateChanged id="104">2015-10-28 11:24:37</dateChanged>
            <retired>false</retired>
            <conceptReferenceTermId>135199</conceptReferenceTermId>
            <conceptSource reference="49"/>
            <code>2227</code>
            <conceptReferenceTermMaps id="105"/>
          </conceptReferenceTerm>
        </org.openmrs.ConceptMap>
        <org.openmrs.ConceptMap id="106" uuid="138822ABBBBBBBBBBBBBBBBBBBBBBBBBBBBB">
          <conceptMapType reference="42"/>
          <creator/>
          <changedBy/>
          <dateCreated id="107">2011-02-01 21:21:47</dateCreated>
          <conceptMapId>138822</conceptMapId>
          <concept reference="5"/>
          <conceptReferenceTerm id="108" resolves-to="org.openmrs.ConceptReferenceTerm" uuid="dd6adeb0-f8a4-3a0d-b6f1-cb3904e4facc">
            <creator/>
            <dateCreated id="109">2011-02-01 21:00:00</dateCreated>
            <changedBy/>
            <dateChanged id="110">2015-10-28 11:24:37</dateChanged>
            <retired>false</retired>
            <conceptReferenceTermId>138822</conceptReferenceTermId>
            <conceptSource id="111" resolves-to="org.openmrs.ConceptSource" uuid="2b3c054a-768a-102f-83f4-12313b04a615">
              <name>SNOMED CT</name>
              <description>SNOMED Preferred mapping</description>
              <creator/>
              <dateCreated id="112">2009-11-19 17:19:16</dateCreated>
              <retired>false</retired>
              <conceptSourceId>1</conceptSourceId>
              <hl7Code>SCT</hl7Code>
            </conceptSource>
            <code>81335000</code>
            <conceptReferenceTermMaps id="113"/>
          </conceptReferenceTerm>
        </org.openmrs.ConceptMap>
        <org.openmrs.ConceptMap id="114" uuid="135217ABBBBBBBBBBBBBBBBBBBBBBBBBBBBB">
          <conceptMapType reference="42"/>
          <creator/>
          <changedBy/>
          <dateCreated id="115">2010-10-24 10:09:59</dateCreated>
          <conceptMapId>135217</conceptMapId>
          <concept reference="5"/>
          <conceptReferenceTerm id="116" resolves-to="org.openmrs.ConceptReferenceTerm" uuid="ef827048-c7b0-31d8-9d50-2e21caba7507">
            <creator/>
            <dateCreated id="117">2010-10-23 21:00:00</dateCreated>
            <changedBy/>
            <dateChanged id="118">2015-10-28 11:24:37</dateChanged>
            <retired>false</retired>
            <conceptReferenceTermId>135216</conceptReferenceTermId>
            <conceptSource reference="49"/>
            <code>2230</code>
            <conceptReferenceTermMaps id="119"/>
          </conceptReferenceTerm>
        </org.openmrs.ConceptMap>
        <org.openmrs.ConceptMap id="120" uuid="137882ABBBBBBBBBBBBBBBBBBBBBBBBBBBBB">
          <conceptMapType reference="42"/>
          <creator/>
          <changedBy/>
          <dateCreated id="121">2011-01-17 13:10:35</dateCreated>
          <conceptMapId>137882</conceptMapId>
          <concept reference="5"/>
          <conceptReferenceTerm id="122" resolves-to="org.openmrs.ConceptReferenceTerm" uuid="fe6d72de-9613-3fc2-a1b1-8d7abe93944c">
            <creator/>
            <dateCreated id="123">2011-01-16 21:00:00</dateCreated>
            <changedBy/>
            <dateChanged id="124">2015-10-28 11:24:37</dateChanged>
            <retired>false</retired>
            <conceptReferenceTermId>137882</conceptReferenceTermId>
            <conceptSource id="125" resolves-to="org.openmrs.ConceptSource" uuid="ddb6b595-0b85-4a80-9243-efe4ba404eef">
              <name>org.openmrs.module.mdrtb</name>
              <description>The required concepts for the MDR-TB module</description>
              <creator/>
              <dateCreated id="126">2010-12-15 11:00:37</dateCreated>
              <retired>false</retired>
              <conceptSourceId>15</conceptSourceId>
            </conceptSource>
            <code>ISONIAZID</code>
            <conceptReferenceTermMaps id="127"/>
          </conceptReferenceTerm>
        </org.openmrs.ConceptMap>
      </conceptMappings>
    </concept>
  </org.openmrs.Drug>
  <org.openmrs.Drug id="128" uuid="13b56178-a15b-4070-951d-2ce813cccc32">
    <name>Streptomycin</name>
    <creator/>
    <dateCreated id="129">2013-02-25 16:11:41</dateCreated>
    <changedBy/>
    <dateChanged id="130">2014-03-12 12:02:02</dateChanged>
    <retired>false</retired>
    <drugId>2</drugId>
    <combination>false</combination>
    <dosageForm id="131" resolves-to="org.openmrs.Concept" uuid="1516AAAAAAAAAAAAAAAAAAAAAAAAAAAAAAAA">
      <conceptId>1516</conceptId>
      <retired>false</retired>
      <datatype reference="6"/>
      <conceptClass id="132" resolves-to="org.openmrs.ConceptClass" uuid="8d492774-c2cc-11de-8d13-0010c6dffd0f">
        <name>Misc</name>
        <description>Terms which don&apos;t fit other categories</description>
        <creator/>
        <dateCreated id="133">2004-03-01 21:00:00</dateCreated>
        <retired>false</retired>
        <conceptClassId>11</conceptClassId>
      </conceptClass>
      <set>false</set>
      <creator/>
      <dateCreated id="134">2007-10-21 19:13:01</dateCreated>
      <changedBy/>
      <dateChanged id="135">2015-10-28 11:24:37</dateChanged>
      <names class="set" id="136">
        <org.openmrs.ConceptName id="137" uuid="1771BBBBBBBBBBBBBBBBBBBBBBBBBBBBBBBB">
          <conceptNameId>1771</conceptNameId>
          <concept reference="131"/>
          <name>Solution for injection</name>
          <locale id="138">en</locale>
          <creator/>
          <dateCreated id="139">2007-10-21 19:13:01</dateCreated>
          <voided>false</voided>
          <tags class="set" id="140"/>
          <conceptNameType>FULLY_SPECIFIED</conceptNameType>
          <localePreferred>true</localePreferred>
        </org.openmrs.ConceptName>
        <org.openmrs.ConceptName id="141" uuid="125818BBBBBBBBBBBBBBBBBBBBBBBBBBBBBB">
          <conceptNameId>125818</conceptNameId>
          <concept reference="131"/>
          <name>Inj sol</name>
          <locale id="142">en</locale>
          <creator/>
          <dateCreated id="143">2014-05-16 10:46:09</dateCreated>
          <voided>false</voided>
          <tags class="set" id="144"/>
          <conceptNameType>SHORT</conceptNameType>
          <localePreferred>false</localePreferred>
        </org.openmrs.ConceptName>
        <org.openmrs.ConceptName id="145" uuid="1772BBBBBBBBBBBBBBBBBBBBBBBBBBBBBBBB">
          <conceptNameId>1772</conceptNameId>
          <concept reference="131"/>
          <name>SOLUTION POUR INJECTION</name>
          <locale id="146">fr</locale>
          <creator/>
          <dateCreated id="147">2007-10-21 19:13:01</dateCreated>
          <voided>false</voided>
          <tags class="set" id="148"/>
          <conceptNameType>FULLY_SPECIFIED</conceptNameType>
          <localePreferred>true</localePreferred>
        </org.openmrs.ConceptName>
      </names>
      <answers class="set" id="149"/>
      <conceptSets class="set" id="150"/>
      <descriptions class="set" id="151"/>
      <conceptMappings class="set" id="152">
        <org.openmrs.ConceptMap id="153" uuid="171758ABBBBBBBBBBBBBBBBBBBBBBBBBBBBB">
          <conceptMapType reference="42"/>
          <creator/>
          <changedBy/>
          <dateCreated id="154">2013-07-03 15:53:08</dateCreated>
          <conceptMapId>171758</conceptMapId>
          <concept reference="131"/>
          <conceptReferenceTerm id="155" resolves-to="org.openmrs.ConceptReferenceTerm" uuid="c766f40a-35cb-3a3b-834e-9bf09e60f43d">
            <creator/>
            <dateCreated id="156">2013-07-02 21:00:00</dateCreated>
            <changedBy/>
            <dateChanged id="157">2015-10-28 11:24:37</dateChanged>
            <retired>false</retired>
            <conceptReferenceTermId>171758</conceptReferenceTermId>
            <conceptSource reference="97"/>
            <code>1516</code>
            <conceptReferenceTermMaps id="158"/>
          </conceptReferenceTerm>
        </org.openmrs.ConceptMap>
        <org.openmrs.ConceptMap id="159" uuid="132480ABBBBBBBBBBBBBBBBBBBBBBBBBBBBB">
          <conceptMapType reference="42"/>
          <creator/>
          <changedBy/>
          <dateCreated id="160">2010-07-28 12:40:46</dateCreated>
          <conceptMapId>132480</conceptMapId>
          <concept reference="131"/>
          <conceptReferenceTerm id="161" resolves-to="org.openmrs.ConceptReferenceTerm" uuid="c21ebd00-17da-3f86-92cb-d03b78a3700e">
            <creator/>
            <dateCreated id="162">2010-07-27 21:00:00</dateCreated>
            <changedBy/>
            <dateChanged id="163">2015-10-28 11:24:37</dateChanged>
            <retired>false</retired>
            <conceptReferenceTermId>132480</conceptReferenceTermId>
            <conceptSource reference="111"/>
            <code>385219001</code>
            <conceptReferenceTermMaps id="164"/>
          </conceptReferenceTerm>
        </org.openmrs.ConceptMap>
      </conceptMappings>
    </dosageForm>
    <doseStrength>1.0</doseStrength>
    <units>g</units>
    <concept id="165" resolves-to="org.openmrs.Concept" uuid="84360AAAAAAAAAAAAAAAAAAAAAAAAAAAAAAA">
      <conceptId>84360</conceptId>
      <retired>false</retired>
      <datatype reference="6"/>
      <conceptClass reference="8"/>
      <set>false</set>
      <creator/>
      <dateCreated id="166">2006-12-16 21:00:00</dateCreated>
      <changedBy/>
      <dateChanged id="167">2015-10-28 11:24:37</dateChanged>
      <names class="set" id="168">
        <org.openmrs.ConceptName id="169" uuid="8118BBBBBBBBBBBBBBBBBBBBBBBBBBBBBBBB">
          <conceptNameId>8118</conceptNameId>
          <concept reference="165"/>
          <name>STREPTOMYCIN</name>
          <locale id="170">en</locale>
          <creator/>
          <dateCreated id="171">2006-12-16 21:00:00</dateCreated>
          <voided>false</voided>
          <voidedBy/>
          <tags class="set" id="172"/>
          <conceptNameType>FULLY_SPECIFIED</conceptNameType>
          <localePreferred>true</localePreferred>
        </org.openmrs.ConceptName>
        <org.openmrs.ConceptName id="173" uuid="107645BBBBBBBBBBBBBBBBBBBBBBBBBBBBBB">
          <conceptNameId>107645</conceptNameId>
          <concept reference="165"/>
          <name>S</name>
          <locale id="174">en</locale>
          <creator/>
          <dateCreated id="175">2011-01-17 13:09:04</dateCreated>
          <voided>false</voided>
          <voidedBy/>
          <tags class="set" id="176"/>
          <conceptNameType>SHORT</conceptNameType>
          <localePreferred>false</localePreferred>
        </org.openmrs.ConceptName>
      </names>
      <answers class="set" id="177"/>
      <conceptSets class="set" id="178"/>
      <descriptions class="set" id="179"/>
      <conceptMappings class="set" id="180">
        <org.openmrs.ConceptMap id="181" uuid="143634ABBBBBBBBBBBBBBBBBBBBBBBBBBBBB">
          <conceptMapType reference="42"/>
          <creator/>
          <changedBy/>
          <dateCreated id="182">2011-05-22 14:36:10</dateCreated>
          <conceptMapId>143634</conceptMapId>
          <concept reference="165"/>
          <conceptReferenceTerm id="183" resolves-to="org.openmrs.ConceptReferenceTerm" uuid="5b935a8f-4224-328b-aae6-b4fb5e772a74">
            <creator/>
            <dateCreated id="184">2011-05-21 21:00:00</dateCreated>
            <changedBy/>
            <dateChanged id="185">2015-10-28 11:24:37</dateChanged>
            <retired>false</retired>
            <conceptReferenceTermId>143634</conceptReferenceTermId>
            <conceptSource reference="83"/>
            <code>438</code>
            <conceptReferenceTermMaps id="186"/>
          </conceptReferenceTerm>
        </org.openmrs.ConceptMap>
        <org.openmrs.ConceptMap id="187" uuid="131686ABBBBBBBBBBBBBBBBBBBBBBBBBBBBB">
          <conceptMapType reference="42"/>
          <creator/>
          <changedBy/>
          <dateCreated id="188">2010-04-27 09:02:49</dateCreated>
          <conceptMapId>131686</conceptMapId>
          <concept reference="165"/>
          <conceptReferenceTerm id="189" resolves-to="org.openmrs.ConceptReferenceTerm" uuid="7b1e7e67-6f62-367f-a787-0abf2be48215">
            <creator/>
            <dateCreated id="190">2010-04-26 21:00:00</dateCreated>
            <changedBy/>
            <dateChanged id="191">2015-10-28 11:24:37</dateChanged>
            <retired>false</retired>
            <conceptReferenceTermId>131686</conceptReferenceTermId>
            <conceptSource reference="75"/>
            <code>10109</code>
            <conceptReferenceTermMaps id="192"/>
          </conceptReferenceTerm>
        </org.openmrs.ConceptMap>
        <org.openmrs.ConceptMap id="193" uuid="137880ABBBBBBBBBBBBBBBBBBBBBBBBBBBBB">
          <conceptMapType reference="42"/>
          <creator/>
          <changedBy/>
          <dateCreated id="194">2011-01-17 13:08:44</dateCreated>
          <conceptMapId>137880</conceptMapId>
          <concept reference="165"/>
          <conceptReferenceTerm id="195" resolves-to="org.openmrs.ConceptReferenceTerm" uuid="4b4eef3d-931f-3c59-8d74-3333f0285411">
            <creator/>
            <dateCreated id="196">2011-01-16 21:00:00</dateCreated>
            <changedBy/>
            <dateChanged id="197">2015-10-28 11:24:37</dateChanged>
            <retired>false</retired>
            <conceptReferenceTermId>137880</conceptReferenceTermId>
            <conceptSource reference="125"/>
            <code>STREPTOMYCIN</code>
            <conceptReferenceTermMaps id="198"/>
          </conceptReferenceTerm>
        </org.openmrs.ConceptMap>
        <org.openmrs.ConceptMap id="199" uuid="139295ABBBBBBBBBBBBBBBBBBBBBBBBBBBBB">
          <conceptMapType reference="42"/>
          <creator/>
          <changedBy/>
          <dateCreated id="200">2011-02-01 21:21:47</dateCreated>
          <conceptMapId>139295</conceptMapId>
          <concept reference="165"/>
          <conceptReferenceTerm id="201" resolves-to="org.openmrs.ConceptReferenceTerm" uuid="6615da94-2993-3c1e-817e-fe53c24092ba">
            <creator/>
            <dateCreated id="202">2011-02-01 21:00:00</dateCreated>
            <changedBy/>
            <dateChanged id="203">2015-10-28 11:24:37</dateChanged>
            <retired>false</retired>
            <conceptReferenceTermId>139295</conceptReferenceTermId>
            <conceptSource reference="111"/>
            <code>40877002</code>
            <conceptReferenceTermMaps id="204"/>
          </conceptReferenceTerm>
        </org.openmrs.ConceptMap>
        <org.openmrs.ConceptMap id="205" uuid="135219ABBBBBBBBBBBBBBBBBBBBBBBBBBBBB">
          <conceptMapType reference="42"/>
          <creator/>
          <changedBy/>
          <dateCreated id="206">2010-10-24 10:09:59</dateCreated>
          <conceptMapId>135219</conceptMapId>
          <concept reference="165"/>
          <conceptReferenceTerm reference="116"/>
        </org.openmrs.ConceptMap>
        <org.openmrs.ConceptMap id="207" uuid="177261ABBBBBBBBBBBBBBBBBBBBBBBBBBBBB">
          <conceptMapType reference="42"/>
          <creator/>
          <changedBy/>
          <dateCreated id="208">2013-07-03 15:53:08</dateCreated>
          <conceptMapId>177261</conceptMapId>
          <concept reference="165"/>
          <conceptReferenceTerm id="209" resolves-to="org.openmrs.ConceptReferenceTerm" uuid="08eca46d-e3a2-38e4-a053-2c826b7c2a0d">
            <creator/>
            <dateCreated id="210">2013-07-02 21:00:00</dateCreated>
            <changedBy/>
            <dateChanged id="211">2015-10-28 11:24:37</dateChanged>
            <retired>false</retired>
            <conceptReferenceTermId>177261</conceptReferenceTermId>
            <conceptSource reference="97"/>
            <code>84360</code>
            <conceptReferenceTermMaps id="212"/>
          </conceptReferenceTerm>
        </org.openmrs.ConceptMap>
        <org.openmrs.ConceptMap id="213" uuid="134236ABBBBBBBBBBBBBBBBBBBBBBBBBBBBB">
          <conceptMapType reference="42"/>
          <creator/>
          <changedBy/>
          <dateCreated id="214">2010-10-24 10:09:59</dateCreated>
          <conceptMapId>134236</conceptMapId>
          <concept reference="165"/>
          <conceptReferenceTerm id="215" resolves-to="org.openmrs.ConceptReferenceTerm" uuid="cc9b6820-3d1a-3f7d-8ded-e177d672fae9">
            <creator/>
            <dateCreated id="216">2010-10-23 21:00:00</dateCreated>
            <changedBy/>
            <dateChanged id="217">2015-10-28 11:24:37</dateChanged>
            <retired>false</retired>
            <conceptReferenceTermId>134236</conceptReferenceTermId>
            <conceptSource reference="49"/>
            <code>438</code>
            <conceptReferenceTermMaps id="218"/>
          </conceptReferenceTerm>
        </org.openmrs.ConceptMap>
      </conceptMappings>
    </concept>
  </org.openmrs.Drug>
  <org.openmrs.Drug id="219" uuid="a74fefc6-931d-47b9-b282-5d6c8c8d8060">
    <name>Rifampicin (150mg)</name>
    <creator/>
    <dateCreated id="220">2013-02-25 16:02:57</dateCreated>
    <changedBy/>
    <dateChanged id="221">2014-03-12 12:02:02</dateChanged>
    <retired>false</retired>
    <drugId>7</drugId>
    <combination>true</combination>
    <dosageForm id="222" resolves-to="org.openmrs.Concept" uuid="1513AAAAAAAAAAAAAAAAAAAAAAAAAAAAAAAA">
      <conceptId>1513</conceptId>
      <retired>false</retired>
      <datatype reference="6"/>
      <conceptClass reference="132"/>
      <set>false</set>
      <creator/>
      <dateCreated id="223">2007-10-21 19:05:03</dateCreated>
      <changedBy/>
      <dateChanged id="224">2015-10-28 11:24:37</dateChanged>
      <names class="set" id="225">
        <org.openmrs.ConceptName id="226" uuid="125826BBBBBBBBBBBBBBBBBBBBBBBBBBBBBB">
          <conceptNameId>125826</conceptNameId>
          <concept reference="222"/>
          <name>Tablet(s)</name>
          <locale id="227">en</locale>
          <creator/>
          <dateCreated id="228">2014-05-16 10:56:54</dateCreated>
          <voided>false</voided>
          <tags class="set" id="229"/>
          <localePreferred>false</localePreferred>
        </org.openmrs.ConceptName>
        <org.openmrs.ConceptName id="230" uuid="1766BBBBBBBBBBBBBBBBBBBBBBBBBBBBBBBB">
          <conceptNameId>1766</conceptNameId>
          <concept reference="222"/>
          <name>COMPRIMÉ</name>
          <locale id="231">fr</locale>
          <creator/>
          <dateCreated id="232">2007-10-21 19:08:03</dateCreated>
          <voided>false</voided>
          <tags class="set" id="233"/>
          <conceptNameType>FULLY_SPECIFIED</conceptNameType>
          <localePreferred>true</localePreferred>
        </org.openmrs.ConceptName>
        <org.openmrs.ConceptName id="234" uuid="1765BBBBBBBBBBBBBBBBBBBBBBBBBBBBBBBB">
          <conceptNameId>1765</conceptNameId>
          <concept reference="222"/>
          <name>Tablet</name>
          <locale id="235">en</locale>
          <creator/>
          <dateCreated id="236">2007-10-21 19:05:03</dateCreated>
          <voided>false</voided>
          <tags class="set" id="237"/>
          <conceptNameType>FULLY_SPECIFIED</conceptNameType>
          <localePreferred>true</localePreferred>
        </org.openmrs.ConceptName>
        <org.openmrs.ConceptName id="238" uuid="125825BBBBBBBBBBBBBBBBBBBBBBBBBBBBBB">
          <conceptNameId>125825</conceptNameId>
          <concept reference="222"/>
          <name>Tab</name>
          <locale id="239">en</locale>
          <creator/>
          <dateCreated id="240">2014-05-16 10:56:54</dateCreated>
          <voided>false</voided>
          <tags class="set" id="241"/>
          <conceptNameType>SHORT</conceptNameType>
          <localePreferred>false</localePreferred>
        </org.openmrs.ConceptName>
      </names>
      <answers class="set" id="242"/>
      <conceptSets class="set" id="243"/>
      <descriptions class="set" id="244"/>
      <conceptMappings class="set" id="245">
        <org.openmrs.ConceptMap id="246" uuid="171755ABBBBBBBBBBBBBBBBBBBBBBBBBBBBB">
          <conceptMapType reference="42"/>
          <creator/>
          <changedBy/>
          <dateCreated id="247">2013-07-03 15:53:08</dateCreated>
          <conceptMapId>171755</conceptMapId>
          <concept reference="222"/>
          <conceptReferenceTerm id="248" resolves-to="org.openmrs.ConceptReferenceTerm" uuid="6f6be0c1-2267-3f70-810f-618212fd9402">
            <creator/>
            <dateCreated id="249">2013-07-02 21:00:00</dateCreated>
            <changedBy/>
            <dateChanged id="250">2015-10-28 11:24:37</dateChanged>
            <retired>false</retired>
            <conceptReferenceTermId>171755</conceptReferenceTermId>
            <conceptSource reference="97"/>
            <code>1513</code>
            <conceptReferenceTermMaps id="251"/>
          </conceptReferenceTerm>
        </org.openmrs.ConceptMap>
        <org.openmrs.ConceptMap id="252" uuid="132488ABBBBBBBBBBBBBBBBBBBBBBBBBBBBB">
          <conceptMapType reference="42"/>
          <creator/>
          <changedBy/>
          <dateCreated id="253">2010-07-28 12:50:29</dateCreated>
          <conceptMapId>132488</conceptMapId>
          <concept reference="222"/>
          <conceptReferenceTerm id="254" resolves-to="org.openmrs.ConceptReferenceTerm" uuid="2a92c7ba-28dd-3b1c-8ba2-e18eff1ccaf7">
            <creator/>
            <dateCreated id="255">2010-07-27 21:00:00</dateCreated>
            <changedBy/>
            <dateChanged id="256">2015-10-28 11:24:37</dateChanged>
            <retired>false</retired>
            <conceptReferenceTermId>132488</conceptReferenceTermId>
            <conceptSource reference="111"/>
            <code>385055001</code>
            <conceptReferenceTermMaps id="257"/>
          </conceptReferenceTerm>
        </org.openmrs.ConceptMap>
        <org.openmrs.ConceptMap id="258" uuid="135161ABBBBBBBBBBBBBBBBBBBBBBBBBBBBB">
          <conceptMapType reference="42"/>
          <creator/>
          <changedBy/>
          <dateCreated id="259">2010-10-24 10:09:59</dateCreated>
          <conceptMapId>135161</conceptMapId>
          <concept reference="222"/>
          <conceptReferenceTerm id="260" resolves-to="org.openmrs.ConceptReferenceTerm" uuid="e1edd2b2-04aa-3a5d-8b95-bda796e028d8">
            <creator/>
            <dateCreated id="261">2010-10-23 21:00:00</dateCreated>
            <changedBy/>
            <dateChanged id="262">2015-10-28 11:24:37</dateChanged>
            <retired>false</retired>
            <conceptReferenceTermId>135161</conceptReferenceTermId>
            <conceptSource reference="49"/>
            <code>1936</code>
            <conceptReferenceTermMaps id="263"/>
          </conceptReferenceTerm>
        </org.openmrs.ConceptMap>
        <org.openmrs.ConceptMap id="264" uuid="132740ABBBBBBBBBBBBBBBBBBBBBBBBBBBBB">
          <conceptMapType reference="42"/>
          <creator/>
          <changedBy/>
          <dateCreated id="265">2010-08-23 12:49:10</dateCreated>
          <conceptMapId>132740</conceptMapId>
          <concept reference="222"/>
          <conceptReferenceTerm id="266" resolves-to="org.openmrs.ConceptReferenceTerm" uuid="e48d1822-c089-33d8-b6a1-fcd148000673">
            <creator/>
            <dateCreated id="267">2010-08-22 21:00:00</dateCreated>
            <changedBy/>
            <dateChanged id="268">2015-10-28 11:24:37</dateChanged>
            <retired>false</retired>
            <conceptReferenceTermId>132740</conceptReferenceTermId>
            <conceptSource reference="83"/>
            <code>4020</code>
            <conceptReferenceTermMaps id="269"/>
          </conceptReferenceTerm>
        </org.openmrs.ConceptMap>
      </conceptMappings>
    </dosageForm>
    <doseStrength>150.0</doseStrength>
    <units>mg</units>
    <concept id="270" resolves-to="org.openmrs.Concept" uuid="767AAAAAAAAAAAAAAAAAAAAAAAAAAAAAAAAA">
      <conceptId>767</conceptId>
      <retired>false</retired>
      <datatype reference="6"/>
      <conceptClass reference="8"/>
      <set>false</set>
      <creator/>
      <dateCreated id="271">2004-03-19 21:00:00</dateCreated>
      <changedBy/>
      <dateChanged id="272">2015-10-28 11:24:37</dateChanged>
      <names class="set" id="273">
        <org.openmrs.ConceptName id="274" uuid="97551BBBBBBBBBBBBBBBBBBBBBBBBBBBBBBB">
          <conceptNameId>97551</conceptNameId>
          <concept reference="270"/>
          <name>Rifadin</name>
          <locale id="275">en</locale>
          <creator/>
          <dateCreated id="276">2007-10-18 06:35:54</dateCreated>
          <voided>false</voided>
          <voidedBy/>
          <voidReason></voidReason>
          <tags class="set" id="277"/>
          <localePreferred>false</localePreferred>
        </org.openmrs.ConceptName>
        <org.openmrs.ConceptName id="278" uuid="97557BBBBBBBBBBBBBBBBBBBBBBBBBBBBBBB">
          <conceptNameId>97557</conceptNameId>
          <concept reference="270"/>
          <name>RIFAMPIN</name>
          <locale id="279">en</locale>
          <creator/>
          <dateCreated id="280">2005-01-11 21:00:00</dateCreated>
          <voided>false</voided>
          <voidedBy/>
          <voidReason></voidReason>
          <tags class="set" id="281"/>
          <localePreferred>false</localePreferred>
        </org.openmrs.ConceptName>
        <org.openmrs.ConceptName id="282" uuid="97567BBBBBBBBBBBBBBBBBBBBBBBBBBBBBBB">
          <conceptNameId>97567</conceptNameId>
          <concept reference="270"/>
          <name>Rimactane</name>
          <locale id="283">en</locale>
          <creator/>
          <dateCreated id="284">2007-10-18 06:35:54</dateCreated>
          <voided>false</voided>
          <voidedBy/>
          <voidReason></voidReason>
          <tags class="set" id="285"/>
          <localePreferred>false</localePreferred>
        </org.openmrs.ConceptName>
        <org.openmrs.ConceptName id="286" uuid="97553BBBBBBBBBBBBBBBBBBBBBBBBBBBBBBB">
          <conceptNameId>97553</conceptNameId>
          <concept reference="270"/>
          <name>Rifadin IV</name>
          <locale id="287">en</locale>
          <creator/>
          <dateCreated id="288">2007-10-18 06:35:54</dateCreated>
          <voided>false</voided>
          <voidedBy/>
          <voidReason></voidReason>
          <tags class="set" id="289"/>
          <localePreferred>false</localePreferred>
        </org.openmrs.ConceptName>
        <org.openmrs.ConceptName id="290" uuid="803BBBBBBBBBBBBBBBBBBBBBBBBBBBBBBBBB">
          <conceptNameId>803</conceptNameId>
          <concept reference="270"/>
          <name>RIFAMPICIN</name>
          <locale id="291">en</locale>
          <creator/>
          <dateCreated id="292">2004-03-19 21:00:00</dateCreated>
          <voided>false</voided>
          <voidedBy/>
          <tags class="set" id="293"/>
          <conceptNameType>FULLY_SPECIFIED</conceptNameType>
          <localePreferred>true</localePreferred>
        </org.openmrs.ConceptName>
        <org.openmrs.ConceptName id="294" uuid="107654BBBBBBBBBBBBBBBBBBBBBBBBBBBBBB">
          <conceptNameId>107654</conceptNameId>
          <concept reference="270"/>
          <name>R</name>
          <locale id="295">en</locale>
          <creator/>
          <dateCreated id="296">2011-01-17 13:16:26</dateCreated>
          <voided>false</voided>
          <voidedBy/>
          <tags class="set" id="297"/>
          <conceptNameType>SHORT</conceptNameType>
          <localePreferred>false</localePreferred>
        </org.openmrs.ConceptName>
      </names>
      <answers class="set" id="298"/>
      <conceptSets class="set" id="299"/>
      <descriptions class="set" id="300">
        <org.openmrs.ConceptDescription id="301" uuid="767FFFFFFFFFFFFFFFFFFFFFFFFFFFFFFFFF">
          <conceptDescriptionId>767</conceptDescriptionId>
          <concept reference="270"/>
          <description>Semisynthetic antibiotic often used in tuberculosis, leprosy and meningococcal treatment/prophylaxis.  Also commonly known as Rifampin.</description>
          <locale id="302">en</locale>
          <creator/>
          <dateCreated id="303">2004-03-19 21:00:00</dateCreated>
          <changedBy/>
          <dateChanged id="304">2013-08-18 19:31:59</dateChanged>
        </org.openmrs.ConceptDescription>
      </descriptions>
      <conceptMappings class="set" id="305">
        <org.openmrs.ConceptMap id="306" uuid="134463ABBBBBBBBBBBBBBBBBBBBBBBBBBBBB">
          <conceptMapType reference="42"/>
          <creator/>
          <changedBy/>
          <dateCreated id="307">2010-10-24 10:09:59</dateCreated>
          <conceptMapId>134463</conceptMapId>
          <concept reference="270"/>
          <conceptReferenceTerm id="308" resolves-to="org.openmrs.ConceptReferenceTerm" uuid="dceea0ac-be2e-3340-bdfe-d8b3baa782e1">
            <creator/>
            <dateCreated id="309">2010-10-23 21:00:00</dateCreated>
            <changedBy/>
            <dateChanged id="310">2015-10-28 11:24:37</dateChanged>
            <retired>false</retired>
            <conceptReferenceTermId>134463</conceptReferenceTermId>
            <conceptSource reference="49"/>
            <code>767</code>
            <conceptReferenceTermMaps id="311"/>
          </conceptReferenceTerm>
        </org.openmrs.ConceptMap>
        <org.openmrs.ConceptMap id="312" uuid="137889ABBBBBBBBBBBBBBBBBBBBBBBBBBBBB">
          <conceptMapType reference="42"/>
          <creator/>
          <changedBy/>
          <dateCreated id="313">2011-01-17 13:16:26</dateCreated>
          <conceptMapId>137889</conceptMapId>
          <concept reference="270"/>
          <conceptReferenceTerm id="314" resolves-to="org.openmrs.ConceptReferenceTerm" uuid="fe47b44a-8690-365d-9198-57ec162581e3">
            <creator/>
            <dateCreated id="315">2011-01-16 21:00:00</dateCreated>
            <changedBy/>
            <dateChanged id="316">2015-10-28 11:24:37</dateChanged>
            <retired>false</retired>
            <conceptReferenceTermId>137889</conceptReferenceTermId>
            <conceptSource reference="125"/>
            <code>RIFAMPICIN</code>
            <conceptReferenceTermMaps id="317"/>
          </conceptReferenceTerm>
        </org.openmrs.ConceptMap>
        <org.openmrs.ConceptMap id="318" uuid="171165ABBBBBBBBBBBBBBBBBBBBBBBBBBBBB">
          <conceptMapType reference="42"/>
          <creator/>
          <changedBy/>
          <dateCreated id="319">2013-07-03 15:53:08</dateCreated>
          <conceptMapId>171165</conceptMapId>
          <concept reference="270"/>
          <conceptReferenceTerm id="320" resolves-to="org.openmrs.ConceptReferenceTerm" uuid="f5bdc239-999d-3b61-bdc8-416e46375351">
            <creator/>
            <dateCreated id="321">2013-07-02 21:00:00</dateCreated>
            <changedBy/>
            <dateChanged id="322">2015-10-28 11:24:37</dateChanged>
            <retired>false</retired>
            <conceptReferenceTermId>171165</conceptReferenceTermId>
            <conceptSource reference="97"/>
            <code>767</code>
            <conceptReferenceTermMaps id="323"/>
          </conceptReferenceTerm>
        </org.openmrs.ConceptMap>
        <org.openmrs.ConceptMap id="324" uuid="145890ABBBBBBBBBBBBBBBBBBBBBBBBBBBBB">
          <conceptMapType id="325" resolves-to="org.openmrs.ConceptMapType" uuid="43ac5109-7d8c-11e1-909d-c80aa9edcf4e">
            <name>NARROWER-THAN</name>
            <creator/>
            <dateCreated id="326">2015-01-22 21:00:00</dateCreated>
            <changedBy/>
            <dateChanged id="327">2015-10-28 11:24:37</dateChanged>
            <retired>false</retired>
            <conceptMapTypeId>2</conceptMapTypeId>
            <isHidden>false</isHidden>
          </conceptMapType>
          <creator/>
          <changedBy/>
          <dateCreated id="328">2012-10-04 13:54:49</dateCreated>
          <conceptMapId>145890</conceptMapId>
          <concept reference="270"/>
          <conceptReferenceTerm id="329" resolves-to="org.openmrs.ConceptReferenceTerm" uuid="fd488ed3-fa32-3f9e-8b51-be3ef503abd0">
            <creator/>
            <dateCreated id="330">2012-10-03 21:00:00</dateCreated>
            <changedBy/>
            <dateChanged id="331">2015-10-28 11:24:37</dateChanged>
            <retired>false</retired>
            <conceptReferenceTermId>145890</conceptReferenceTermId>
            <conceptSource id="332" resolves-to="org.openmrs.ConceptSource" uuid="2b3c09b4-768a-102f-83f4-12313b04a615">
              <name>SNOMED NP</name>
              <description>Non-preferred SNOMED CT mappings</description>
              <creator/>
              <dateCreated id="333">2010-04-25 08:12:44</dateCreated>
              <retired>false</retired>
              <conceptSourceId>2</conceptSourceId>
            </conceptSource>
            <code>387159009</code>
            <conceptReferenceTermMaps id="334"/>
          </conceptReferenceTerm>
        </org.openmrs.ConceptMap>
        <org.openmrs.ConceptMap id="335" uuid="133856ABBBBBBBBBBBBBBBBBBBBBBBBBBBBB">
          <conceptMapType reference="42"/>
          <creator/>
          <changedBy/>
          <dateCreated id="336">2010-10-10 17:50:13</dateCreated>
          <conceptMapId>133856</conceptMapId>
          <concept reference="270"/>
          <conceptReferenceTerm id="337" resolves-to="org.openmrs.ConceptReferenceTerm" uuid="23a33f2f-5a37-3b27-9213-e8ff651d4d75">
            <creator/>
            <dateCreated id="338">2010-04-26 21:00:00</dateCreated>
            <changedBy/>
            <dateChanged id="339">2015-10-28 11:24:37</dateChanged>
            <retired>false</retired>
            <conceptReferenceTermId>131385</conceptReferenceTermId>
            <conceptSource reference="75"/>
            <code>9384</code>
            <conceptReferenceTermMaps id="340"/>
          </conceptReferenceTerm>
        </org.openmrs.ConceptMap>
        <org.openmrs.ConceptMap id="341" uuid="145891ABBBBBBBBBBBBBBBBBBBBBBBBBBBBB">
          <conceptMapType reference="42"/>
          <creator/>
          <changedBy/>
          <dateCreated id="342">2012-10-04 13:54:49</dateCreated>
          <conceptMapId>145891</conceptMapId>
          <concept reference="270"/>
          <conceptReferenceTerm id="343" resolves-to="org.openmrs.ConceptReferenceTerm" uuid="63e994ec-7553-389f-a410-8864bdf16434">
            <creator/>
            <dateCreated id="344">2011-02-01 21:00:00</dateCreated>
            <changedBy/>
            <dateChanged id="345">2015-10-28 11:24:37</dateChanged>
            <retired>false</retired>
            <conceptReferenceTermId>139241</conceptReferenceTermId>
            <conceptSource reference="111"/>
            <code>29175007</code>
            <conceptReferenceTermMaps id="346"/>
          </conceptReferenceTerm>
        </org.openmrs.ConceptMap>
      </conceptMappings>
    </concept>
  </org.openmrs.Drug>
  <org.openmrs.Drug id="347" uuid="0dbc4971-67ea-40d7-8089-7c327e5f3c6e">
    <name>Pyrazinamide (400mg)</name>
    <creator/>
    <dateCreated id="348">2013-02-25 16:06:50</dateCreated>
    <changedBy/>
    <dateChanged id="349">2014-03-12 12:02:02</dateChanged>
    <retired>false</retired>
    <drugId>1</drugId>
    <combination>true</combination>
    <dosageForm reference="222"/>
    <doseStrength>400.0</doseStrength>
    <units>mg</units>
    <concept id="350" resolves-to="org.openmrs.Concept" uuid="82900AAAAAAAAAAAAAAAAAAAAAAAAAAAAAAA">
      <conceptId>82900</conceptId>
      <retired>false</retired>
      <datatype reference="6"/>
      <conceptClass reference="8"/>
      <set>false</set>
      <creator/>
      <dateCreated id="351">2006-12-16 21:00:00</dateCreated>
      <changedBy/>
      <dateChanged id="352">2015-10-28 11:24:37</dateChanged>
      <names class="set" id="353">
        <org.openmrs.ConceptName id="354" uuid="107648BBBBBBBBBBBBBBBBBBBBBBBBBBBBBB">
          <conceptNameId>107648</conceptNameId>
          <concept reference="350"/>
          <name>Z</name>
          <locale id="355">en</locale>
          <creator/>
          <dateCreated id="356">2011-01-17 13:11:51</dateCreated>
          <voided>false</voided>
          <voidedBy/>
          <tags class="set" id="357"/>
          <conceptNameType>SHORT</conceptNameType>
          <localePreferred>false</localePreferred>
        </org.openmrs.ConceptName>
        <org.openmrs.ConceptName id="358" uuid="7696BBBBBBBBBBBBBBBBBBBBBBBBBBBBBBBB">
          <conceptNameId>7696</conceptNameId>
          <concept reference="350"/>
          <name>PYRAZINAMIDE</name>
          <locale id="359">en</locale>
          <creator/>
          <dateCreated id="360">2006-12-16 21:00:00</dateCreated>
          <voided>false</voided>
          <voidedBy/>
          <tags class="set" id="361"/>
          <conceptNameType>FULLY_SPECIFIED</conceptNameType>
          <localePreferred>true</localePreferred>
        </org.openmrs.ConceptName>
      </names>
      <answers class="set" id="362"/>
      <conceptSets class="set" id="363"/>
      <descriptions class="set" id="364">
        <org.openmrs.ConceptDescription id="365" uuid="16533FFFFFFFFFFFFFFFFFFFFFFFFFFFFFFF">
          <conceptDescriptionId>16533</conceptDescriptionId>
          <concept reference="350"/>
          <description>Antituberculosis agent used to treat patients with active tuberculosis, usually in combination with other agents.</description>
          <locale id="366">en</locale>
          <creator/>
          <dateCreated id="367">2011-01-17 13:11:51</dateCreated>
          <changedBy/>
        </org.openmrs.ConceptDescription>
      </descriptions>
      <conceptMappings class="set" id="368">
        <org.openmrs.ConceptMap id="369" uuid="135197ABBBBBBBBBBBBBBBBBBBBBBBBBBBBB">
          <conceptMapType reference="42"/>
          <creator/>
          <changedBy/>
          <dateCreated id="370">2010-10-24 10:09:59</dateCreated>
          <conceptMapId>135197</conceptMapId>
          <concept reference="350"/>
          <conceptReferenceTerm reference="66"/>
        </org.openmrs.ConceptMap>
        <org.openmrs.ConceptMap id="371" uuid="176845ABBBBBBBBBBBBBBBBBBBBBBBBBBBBB">
          <conceptMapType reference="42"/>
          <creator/>
          <changedBy/>
          <dateCreated id="372">2013-07-03 15:53:08</dateCreated>
          <conceptMapId>176845</conceptMapId>
          <concept reference="350"/>
          <conceptReferenceTerm id="373" resolves-to="org.openmrs.ConceptReferenceTerm" uuid="64c7f81e-fdac-3886-ac3d-c32d0cefbbab">
            <creator/>
            <dateCreated id="374">2013-07-02 21:00:00</dateCreated>
            <changedBy/>
            <dateChanged id="375">2015-10-28 11:24:37</dateChanged>
            <retired>false</retired>
            <conceptReferenceTermId>176845</conceptReferenceTermId>
            <conceptSource reference="97"/>
            <code>82900</code>
            <conceptReferenceTermMaps id="376"/>
          </conceptReferenceTerm>
        </org.openmrs.ConceptMap>
        <org.openmrs.ConceptMap id="377" uuid="135218ABBBBBBBBBBBBBBBBBBBBBBBBBBBBB">
          <conceptMapType reference="42"/>
          <creator/>
          <changedBy/>
          <dateCreated id="378">2010-10-24 10:09:59</dateCreated>
          <conceptMapId>135218</conceptMapId>
          <concept reference="350"/>
          <conceptReferenceTerm reference="116"/>
        </org.openmrs.ConceptMap>
        <org.openmrs.ConceptMap id="379" uuid="131264ABBBBBBBBBBBBBBBBBBBBBBBBBBBBB">
          <conceptMapType reference="42"/>
          <creator/>
          <changedBy/>
          <dateCreated id="380">2010-04-27 09:02:49</dateCreated>
          <conceptMapId>131264</conceptMapId>
          <concept reference="350"/>
          <conceptReferenceTerm id="381" resolves-to="org.openmrs.ConceptReferenceTerm" uuid="78fe0f19-a37b-37ee-a108-ca4b78afdb54">
            <creator/>
            <dateCreated id="382">2010-04-26 21:00:00</dateCreated>
            <changedBy/>
            <dateChanged id="383">2015-10-28 11:24:37</dateChanged>
            <retired>false</retired>
            <conceptReferenceTermId>131264</conceptReferenceTermId>
            <conceptSource reference="75"/>
            <code>8987</code>
            <conceptReferenceTermMaps id="384"/>
          </conceptReferenceTerm>
        </org.openmrs.ConceptMap>
        <org.openmrs.ConceptMap id="385" uuid="135203ABBBBBBBBBBBBBBBBBBBBBBBBBBBBB">
          <conceptMapType reference="42"/>
          <creator/>
          <changedBy/>
          <dateCreated id="386">2010-10-24 10:09:59</dateCreated>
          <conceptMapId>135203</conceptMapId>
          <concept reference="350"/>
          <conceptReferenceTerm reference="102"/>
        </org.openmrs.ConceptMap>
        <org.openmrs.ConceptMap id="387" uuid="135209ABBBBBBBBBBBBBBBBBBBBBBBBBBBBB">
          <conceptMapType reference="42"/>
          <creator/>
          <changedBy/>
          <dateCreated id="388">2010-10-24 10:09:59</dateCreated>
          <conceptMapId>135209</conceptMapId>
          <concept reference="350"/>
          <conceptReferenceTerm reference="88"/>
        </org.openmrs.ConceptMap>
        <org.openmrs.ConceptMap id="389" uuid="135214ABBBBBBBBBBBBBBBBBBBBBBBBBBBBB">
          <conceptMapType reference="42"/>
          <creator/>
          <changedBy/>
          <dateCreated id="390">2010-10-24 10:09:59</dateCreated>
          <conceptMapId>135214</conceptMapId>
          <concept reference="350"/>
          <conceptReferenceTerm reference="60"/>
        </org.openmrs.ConceptMap>
        <org.openmrs.ConceptMap id="391" uuid="137883ABBBBBBBBBBBBBBBBBBBBBBBBBBBBB">
          <conceptMapType reference="42"/>
          <creator/>
          <changedBy/>
          <dateCreated id="392">2011-01-17 13:11:51</dateCreated>
          <conceptMapId>137883</conceptMapId>
          <concept reference="350"/>
          <conceptReferenceTerm id="393" resolves-to="org.openmrs.ConceptReferenceTerm" uuid="4d31b996-847b-3a8f-92f6-20a85b4067ff">
            <creator/>
            <dateCreated id="394">2011-01-16 21:00:00</dateCreated>
            <changedBy/>
            <dateChanged id="395">2015-10-28 11:24:37</dateChanged>
            <retired>false</retired>
            <conceptReferenceTermId>137883</conceptReferenceTermId>
            <conceptSource reference="125"/>
            <code>PYRAZINAMIDE</code>
            <conceptReferenceTermMaps id="396"/>
          </conceptReferenceTerm>
        </org.openmrs.ConceptMap>
        <org.openmrs.ConceptMap id="397" uuid="135978ABBBBBBBBBBBBBBBBBBBBBBBBBBBBB">
          <conceptMapType reference="42"/>
          <creator/>
          <changedBy/>
          <dateCreated id="398">2010-10-24 10:09:59</dateCreated>
          <conceptMapId>135978</conceptMapId>
          <concept reference="350"/>
          <conceptReferenceTerm id="399" resolves-to="org.openmrs.ConceptReferenceTerm" uuid="af010c03-8ef2-39a0-9d2c-af30233335f2">
            <creator/>
            <dateCreated id="400">2010-10-23 21:00:00</dateCreated>
            <changedBy/>
            <dateChanged id="401">2015-10-28 11:24:37</dateChanged>
            <retired>false</retired>
            <conceptReferenceTermId>135978</conceptReferenceTermId>
            <conceptSource reference="49"/>
            <code>5829</code>
            <conceptReferenceTermMaps id="402"/>
          </conceptReferenceTerm>
        </org.openmrs.ConceptMap>
        <org.openmrs.ConceptMap id="403" uuid="139222ABBBBBBBBBBBBBBBBBBBBBBBBBBBBB">
          <conceptMapType reference="42"/>
          <creator/>
          <changedBy/>
          <dateCreated id="404">2011-02-01 21:21:47</dateCreated>
          <conceptMapId>139222</conceptMapId>
          <concept reference="350"/>
          <conceptReferenceTerm id="405" resolves-to="org.openmrs.ConceptReferenceTerm" uuid="99aa1bb6-1fe0-379e-829d-41a07c4274d2">
            <creator/>
            <dateCreated id="406">2011-02-01 21:00:00</dateCreated>
            <changedBy/>
            <dateChanged id="407">2015-10-28 11:24:37</dateChanged>
            <retired>false</retired>
            <conceptReferenceTermId>139222</conceptReferenceTermId>
            <conceptSource reference="111"/>
            <code>13592004</code>
            <conceptReferenceTermMaps id="408"/>
          </conceptReferenceTerm>
        </org.openmrs.ConceptMap>
      </conceptMappings>
    </concept>
  </org.openmrs.Drug>
  <org.openmrs.Drug id="409" uuid="c0b4caf2-3fc4-42db-b4ea-5d082136b651">
    <name>Rifabutin (150mg)</name>
    <creator/>
    <dateCreated id="410">2015-10-28 12:01:41</dateCreated>
    <changedBy/>
    <dateChanged id="411">2015-10-28 13:21:23</dateChanged>
    <retired>false</retired>
    <drugId>11</drugId>
    <combination>true</combination>
    <dosageForm reference="222"/>
    <doseStrength>150.0</doseStrength>
    <units>mg</units>
    <concept id="412" resolves-to="org.openmrs.Concept" uuid="83352AAAAAAAAAAAAAAAAAAAAAAAAAAAAAAA">
      <conceptId>83352</conceptId>
      <retired>false</retired>
      <retiredBy/>
      <datatype reference="6"/>
      <conceptClass reference="8"/>
      <set>false</set>
      <version></version>
      <creator/>
      <dateCreated id="413">2006-12-16 21:00:00</dateCreated>
      <changedBy/>
      <dateChanged id="414">2011-01-17 13:19:22</dateChanged>
      <names class="set" id="415">
        <org.openmrs.ConceptName id="416" uuid="7816BBBBBBBBBBBBBBBBBBBBBBBBBBBBBBBB">
          <conceptNameId>7816</conceptNameId>
          <concept reference="412"/>
          <name>RIFABUTIN</name>
          <locale id="417">en</locale>
          <creator/>
          <dateCreated id="418">2006-12-16 21:00:00</dateCreated>
          <voided>false</voided>
          <voidedBy/>
          <tags class="set" id="419"/>
          <conceptNameType>FULLY_SPECIFIED</conceptNameType>
          <localePreferred>true</localePreferred>
        </org.openmrs.ConceptName>
        <org.openmrs.ConceptName id="420" uuid="107657BBBBBBBBBBBBBBBBBBBBBBBBBBBBBB">
          <conceptNameId>107657</conceptNameId>
          <concept reference="412"/>
          <name>RFB</name>
          <locale id="421">en</locale>
          <creator/>
          <dateCreated id="422">2011-01-17 13:19:22</dateCreated>
          <voided>false</voided>
          <voidedBy/>
          <tags class="set" id="423"/>
          <conceptNameType>SHORT</conceptNameType>
          <localePreferred>false</localePreferred>
        </org.openmrs.ConceptName>
        <org.openmrs.ConceptName id="424" uuid="94994BBBBBBBBBBBBBBBBBBBBBBBBBBBBBBB">
          <conceptNameId>94994</conceptNameId>
          <concept reference="412"/>
          <name>Mycobutin</name>
          <locale id="425">en</locale>
          <creator/>
          <dateCreated id="426">2007-10-18 06:35:54</dateCreated>
          <voided>false</voided>
          <voidedBy/>
          <tags class="set" id="427"/>
          <localePreferred>false</localePreferred>
        </org.openmrs.ConceptName>
      </names>
      <answers class="set" id="428"/>
      <conceptSets class="set" id="429"/>
      <descriptions class="set" id="430">
        <org.openmrs.ConceptDescription id="431" uuid="16540FFFFFFFFFFFFFFFFFFFFFFFFFFFFFFF">
          <conceptDescriptionId>16540</conceptDescriptionId>
          <concept reference="412"/>
          <description>Reinforcement TB med with unclear efficacy. Rifabutin is a bactericidal antibiotic drug primarily used in the treatment of tuberculosis.</description>
          <locale id="432">en</locale>
          <creator/>
          <dateCreated id="433">2011-01-17 13:19:22</dateCreated>
          <changedBy/>
        </org.openmrs.ConceptDescription>
      </descriptions>
      <conceptMappings class="set" id="434">
        <org.openmrs.ConceptMap id="435" uuid="131384ABBBBBBBBBBBBBBBBBBBBBBBBBBBBB">
          <conceptMapType reference="42"/>
          <creator/>
          <changedBy/>
          <dateCreated id="436">2010-04-27 09:02:49</dateCreated>
          <conceptMapId>131384</conceptMapId>
          <concept reference="412"/>
          <conceptReferenceTerm id="437" resolves-to="org.openmrs.ConceptReferenceTerm" uuid="920199a2-4fdc-3742-8d64-3126823f21f7">
            <creator/>
            <dateCreated id="438">2010-04-26 21:00:00</dateCreated>
            <changedBy/>
            <retired>false</retired>
            <retiredBy/>
            <conceptReferenceTermId>131384</conceptReferenceTermId>
            <conceptSource reference="75"/>
            <code>55672</code>
            <conceptReferenceTermMaps id="439"/>
          </conceptReferenceTerm>
        </org.openmrs.ConceptMap>
        <org.openmrs.ConceptMap id="440" uuid="137892ABBBBBBBBBBBBBBBBBBBBBBBBBBBBB">
          <conceptMapType reference="42"/>
          <creator/>
          <changedBy/>
          <dateCreated id="441">2011-01-17 13:19:22</dateCreated>
          <conceptMapId>137892</conceptMapId>
          <concept reference="412"/>
          <conceptReferenceTerm id="442" resolves-to="org.openmrs.ConceptReferenceTerm" uuid="7a7d71f1-1e01-384a-9dc2-b400d7844664">
            <creator/>
            <dateCreated id="443">2011-01-16 21:00:00</dateCreated>
            <changedBy/>
            <retired>false</retired>
            <retiredBy/>
            <conceptReferenceTermId>137892</conceptReferenceTermId>
            <conceptSource reference="125"/>
            <code>RIFABUTINE</code>
            <conceptReferenceTermMaps id="444"/>
          </conceptReferenceTerm>
        </org.openmrs.ConceptMap>
        <org.openmrs.ConceptMap id="445" uuid="133313ABBBBBBBBBBBBBBBBBBBBBBBBBBBBB">
          <conceptMapType reference="42"/>
          <creator/>
          <changedBy/>
          <dateCreated id="446">2010-09-20 14:27:10</dateCreated>
          <conceptMapId>133313</conceptMapId>
          <concept reference="412"/>
          <conceptReferenceTerm id="447" resolves-to="org.openmrs.ConceptReferenceTerm" uuid="78f3d6ae-a361-313d-a223-cd1ede93daef">
            <creator/>
            <dateCreated id="448">2010-09-19 21:00:00</dateCreated>
            <changedBy/>
            <retired>false</retired>
            <retiredBy/>
            <conceptReferenceTermId>133313</conceptReferenceTermId>
            <conceptSource reference="83"/>
            <code>2460</code>
            <conceptReferenceTermMaps id="449"/>
          </conceptReferenceTerm>
        </org.openmrs.ConceptMap>
        <org.openmrs.ConceptMap id="450" uuid="176963ABBBBBBBBBBBBBBBBBBBBBBBBBBBBB">
          <conceptMapType reference="42"/>
          <creator/>
          <changedBy/>
          <dateCreated id="451">2013-07-03 15:53:08</dateCreated>
          <conceptMapId>176963</conceptMapId>
          <concept reference="412"/>
          <conceptReferenceTerm id="452" resolves-to="org.openmrs.ConceptReferenceTerm" uuid="7d35170b-c875-349d-8d31-5a87d6d46294">
            <creator/>
            <dateCreated id="453">2013-07-02 21:00:00</dateCreated>
            <changedBy/>
            <retired>false</retired>
            <retiredBy/>
            <conceptReferenceTermId>176963</conceptReferenceTermId>
            <conceptSource reference="97"/>
            <code>83352</code>
            <conceptReferenceTermMaps id="454"/>
          </conceptReferenceTerm>
        </org.openmrs.ConceptMap>
        <org.openmrs.ConceptMap id="455" uuid="137891ABBBBBBBBBBBBBBBBBBBBBBBBBBBBB">
          <conceptMapType reference="42"/>
          <creator/>
          <changedBy/>
          <dateCreated id="456">2011-01-17 13:19:22</dateCreated>
          <conceptMapId>137891</conceptMapId>
          <concept reference="412"/>
          <conceptReferenceTerm id="457" resolves-to="org.openmrs.ConceptReferenceTerm" uuid="18bcc29f-3d91-37ac-8754-0a740a31f25a">
            <creator/>
            <dateCreated id="458">2011-01-16 21:00:00</dateCreated>
            <changedBy/>
            <retired>false</retired>
            <retiredBy/>
            <conceptReferenceTermId>137891</conceptReferenceTermId>
            <conceptSource reference="111"/>
            <code>108684009</code>
            <conceptReferenceTermMaps id="459"/>
          </conceptReferenceTerm>
        </org.openmrs.ConceptMap>
      </conceptMappings>
    </concept>
  </org.openmrs.Drug>
  <org.openmrs.Drug id="460" uuid="97810e6b-cfcf-44fa-b63c-5d3e12cbe8d7">
    <name>Isoniazid (75mg)</name>
    <creator/>
    <dateCreated id="461">2013-02-25 16:05:13</dateCreated>
    <changedBy/>
    <dateChanged id="462">2014-03-12 12:02:02</dateChanged>
    <retired>false</retired>
    <drugId>5</drugId>
    <combination>true</combination>
    <dosageForm reference="222"/>
    <doseStrength>75.0</doseStrength>
    <units>mg</units>
    <concept reference="5"/>
  </org.openmrs.Drug>
  <org.openmrs.Drug id="463" uuid="89b72116-108d-4b65-b7fe-5a841192e095">
    <name>Isoniazid (150mg)</name>
    <creator/>
    <dateCreated id="464">2013-10-02 13:37:56</dateCreated>
    <dateChanged id="465">2013-10-02 13:38:29</dateChanged>
    <retired>false</retired>
    <drugId>9</drugId>
    <combination>false</combination>
    <dosageForm reference="222"/>
    <doseStrength>150.0</doseStrength>
    <units>mg</units>
    <concept reference="5"/>
  </org.openmrs.Drug>
  <org.openmrs.Drug id="466" uuid="161f633d-ab5d-4cd1-94c5-7a012dedc388">
    <name>Rifampicin (60mg)</name>
    <creator/>
    <dateCreated id="467">2013-02-25 16:04:13</dateCreated>
    <changedBy/>
    <dateChanged id="468">2014-03-12 12:02:02</dateChanged>
    <retired>false</retired>
    <drugId>3</drugId>
    <combination>true</combination>
    <doseStrength>60.0</doseStrength>
    <units>mg</units>
    <concept reference="270"/>
  </org.openmrs.Drug>
  <org.openmrs.Drug id="469" uuid="c97032a4-2136-4e92-8ff8-3fc6faab4133">
    <name>Pyrazinamide (150mg)</name>
    <creator/>
    <dateCreated id="470">2013-02-25 16:07:21</dateCreated>
    <changedBy/>
    <dateChanged id="471">2014-03-12 12:02:02</dateChanged>
    <retired>false</retired>
    <drugId>8</drugId>
    <combination>true</combination>
    <doseStrength>150.0</doseStrength>
    <units>mg</units>
    <concept reference="350"/>
  </org.openmrs.Drug>
  <org.openmrs.Drug id="472" uuid="37e185a3-ba6b-447a-83e0-7ff3edbe76f7">
    <name>Ethambutol (400mg)</name>
    <creator/>
    <dateCreated id="473">2013-10-02 13:39:15</dateCreated>
    <retired>false</retired>
    <drugId>10</drugId>
    <combination>false</combination>
    <dosageForm reference="222"/>
    <doseStrength>400.0</doseStrength>
    <units>mg</units>
    <concept id="474" resolves-to="org.openmrs.Concept" uuid="75948AAAAAAAAAAAAAAAAAAAAAAAAAAAAAAA">
      <conceptId>75948</conceptId>
      <retired>false</retired>
      <datatype reference="6"/>
      <conceptClass reference="8"/>
      <set>false</set>
      <creator/>
      <dateCreated id="475">2006-12-16 21:00:00</dateCreated>
      <changedBy/>
      <dateChanged id="476">2015-10-28 11:24:37</dateChanged>
      <names class="set" id="477">
        <org.openmrs.ConceptName id="478" uuid="107653BBBBBBBBBBBBBBBBBBBBBBBBBBBBBB">
          <conceptNameId>107653</conceptNameId>
          <concept reference="474"/>
          <name>E</name>
          <locale id="479">en</locale>
          <creator/>
          <dateCreated id="480">2011-01-17 13:15:39</dateCreated>
          <voided>false</voided>
          <voidedBy/>
          <tags class="set" id="481"/>
          <conceptNameType>SHORT</conceptNameType>
          <localePreferred>false</localePreferred>
        </org.openmrs.ConceptName>
        <org.openmrs.ConceptName id="482" uuid="5413BBBBBBBBBBBBBBBBBBBBBBBBBBBBBBBB">
          <conceptNameId>5413</conceptNameId>
          <concept reference="474"/>
          <name>ETHAMBUTOL</name>
          <locale id="483">en</locale>
          <creator/>
          <dateCreated id="484">2006-12-16 21:00:00</dateCreated>
          <voided>false</voided>
          <voidedBy/>
          <tags class="set" id="485"/>
          <conceptNameType>FULLY_SPECIFIED</conceptNameType>
          <localePreferred>true</localePreferred>
        </org.openmrs.ConceptName>
        <org.openmrs.ConceptName id="486" uuid="94966BBBBBBBBBBBBBBBBBBBBBBBBBBBBBBB">
          <conceptNameId>94966</conceptNameId>
          <concept reference="474"/>
          <name>Myambutol</name>
          <locale id="487">en</locale>
          <creator/>
          <dateCreated id="488">2007-10-18 06:35:54</dateCreated>
          <voided>false</voided>
          <voidedBy/>
          <tags class="set" id="489"/>
          <localePreferred>false</localePreferred>
        </org.openmrs.ConceptName>
      </names>
      <answers class="set" id="490"/>
      <conceptSets class="set" id="491"/>
      <descriptions class="set" id="492">
        <org.openmrs.ConceptDescription id="493" uuid="16538FFFFFFFFFFFFFFFFFFFFFFFFFFFFFFF">
          <conceptDescriptionId>16538</conceptDescriptionId>
          <concept reference="474"/>
          <description>Anti-mycobaterial drug used to treat active tuberculosis. Always used with other antimycobacterial agents.</description>
          <locale id="494">en</locale>
          <creator/>
          <dateCreated id="495">2011-01-17 13:15:39</dateCreated>
          <changedBy/>
        </org.openmrs.ConceptDescription>
      </descriptions>
      <conceptMappings class="set" id="496">
        <org.openmrs.ConceptMap id="497" uuid="128984ABBBBBBBBBBBBBBBBBBBBBBBBBBBBB">
          <conceptMapType reference="42"/>
          <creator/>
          <changedBy/>
          <dateCreated id="498">2010-04-27 09:02:49</dateCreated>
          <conceptMapId>128984</conceptMapId>
          <concept reference="474"/>
          <conceptReferenceTerm id="499" resolves-to="org.openmrs.ConceptReferenceTerm" uuid="5821c585-b19e-31c8-a01f-b5ede0fc4302">
            <creator/>
            <dateCreated id="500">2010-04-26 21:00:00</dateCreated>
            <changedBy/>
            <dateChanged id="501">2015-10-28 11:24:37</dateChanged>
            <retired>false</retired>
            <conceptReferenceTermId>128984</conceptReferenceTermId>
            <conceptSource reference="75"/>
            <code>4110</code>
            <conceptReferenceTermMaps id="502"/>
          </conceptReferenceTerm>
        </org.openmrs.ConceptMap>
        <org.openmrs.ConceptMap id="503" uuid="138655ABBBBBBBBBBBBBBBBBBBBBBBBBBBBB">
          <conceptMapType reference="42"/>
          <creator/>
          <changedBy/>
          <dateCreated id="504">2011-02-01 21:21:47</dateCreated>
          <conceptMapId>138655</conceptMapId>
          <concept reference="474"/>
          <conceptReferenceTerm id="505" resolves-to="org.openmrs.ConceptReferenceTerm" uuid="fffeb690-049f-312b-9595-278e91b4e165">
            <creator/>
            <dateCreated id="506">2011-02-01 21:00:00</dateCreated>
            <changedBy/>
            <dateChanged id="507">2015-10-28 11:24:37</dateChanged>
            <retired>false</retired>
            <conceptReferenceTermId>138655</conceptReferenceTermId>
            <conceptSource reference="111"/>
            <code>24450004</code>
            <conceptReferenceTermMaps id="508"/>
          </conceptReferenceTerm>
        </org.openmrs.ConceptMap>
        <org.openmrs.ConceptMap id="509" uuid="135207ABBBBBBBBBBBBBBBBBBBBBBBBBBBBB">
          <conceptMapType reference="42"/>
          <creator/>
          <changedBy/>
          <dateCreated id="510">2010-10-24 10:09:59</dateCreated>
          <conceptMapId>135207</conceptMapId>
          <concept reference="474"/>
          <conceptReferenceTerm reference="88"/>
        </org.openmrs.ConceptMap>
        <org.openmrs.ConceptMap id="511" uuid="174579ABBBBBBBBBBBBBBBBBBBBBBBBBBBBB">
          <conceptMapType reference="42"/>
          <creator/>
          <changedBy/>
          <dateCreated id="512">2013-07-03 15:53:08</dateCreated>
          <conceptMapId>174579</conceptMapId>
          <concept reference="474"/>
          <conceptReferenceTerm id="513" resolves-to="org.openmrs.ConceptReferenceTerm" uuid="8183ec29-c2bb-3b90-9386-d979d4b85da5">
            <creator/>
            <dateCreated id="514">2013-07-02 21:00:00</dateCreated>
            <changedBy/>
            <dateChanged id="515">2015-10-28 11:24:37</dateChanged>
            <retired>false</retired>
            <conceptReferenceTermId>174579</conceptReferenceTermId>
            <conceptSource reference="97"/>
            <code>75948</code>
            <conceptReferenceTermMaps id="516"/>
          </conceptReferenceTerm>
        </org.openmrs.ConceptMap>
        <org.openmrs.ConceptMap id="517" uuid="134443ABBBBBBBBBBBBBBBBBBBBBBBBBBBBB">
          <conceptMapType reference="42"/>
          <creator/>
          <changedBy/>
          <dateCreated id="518">2010-10-24 10:09:59</dateCreated>
          <conceptMapId>134443</conceptMapId>
          <concept reference="474"/>
          <conceptReferenceTerm id="519" resolves-to="org.openmrs.ConceptReferenceTerm" uuid="d3033896-b40f-36bc-b9a1-4909e9484d15">
            <creator/>
            <dateCreated id="520">2010-10-23 21:00:00</dateCreated>
            <changedBy/>
            <dateChanged id="521">2015-10-28 11:24:37</dateChanged>
            <retired>false</retired>
            <conceptReferenceTermId>134443</conceptReferenceTermId>
            <conceptSource reference="49"/>
            <code>745</code>
            <conceptReferenceTermMaps id="522"/>
          </conceptReferenceTerm>
        </org.openmrs.ConceptMap>
        <org.openmrs.ConceptMap id="523" uuid="143635ABBBBBBBBBBBBBBBBBBBBBBBBBBBBB">
          <conceptMapType reference="42"/>
          <creator/>
          <changedBy/>
          <dateCreated id="524">2011-05-22 14:38:07</dateCreated>
          <conceptMapId>143635</conceptMapId>
          <concept reference="474"/>
          <conceptReferenceTerm id="525" resolves-to="org.openmrs.ConceptReferenceTerm" uuid="f6e6afb5-48ea-3a33-93eb-f235ad6ce49b">
            <creator/>
            <dateCreated id="526">2011-05-21 21:00:00</dateCreated>
            <changedBy/>
            <dateChanged id="527">2015-10-28 11:24:37</dateChanged>
            <retired>false</retired>
            <conceptReferenceTermId>143635</conceptReferenceTermId>
            <conceptSource reference="83"/>
            <code>745</code>
            <conceptReferenceTermMaps id="528"/>
          </conceptReferenceTerm>
        </org.openmrs.ConceptMap>
        <org.openmrs.ConceptMap id="529" uuid="135216ABBBBBBBBBBBBBBBBBBBBBBBBBBBBB">
          <conceptMapType reference="42"/>
          <creator/>
          <changedBy/>
          <dateCreated id="530">2010-10-24 10:09:59</dateCreated>
          <conceptMapId>135216</conceptMapId>
          <concept reference="474"/>
          <conceptReferenceTerm reference="116"/>
        </org.openmrs.ConceptMap>
        <org.openmrs.ConceptMap id="531" uuid="137888ABBBBBBBBBBBBBBBBBBBBBBBBBBBBB">
          <conceptMapType reference="42"/>
          <creator/>
          <changedBy/>
          <dateCreated id="532">2011-01-17 13:15:39</dateCreated>
          <conceptMapId>137888</conceptMapId>
          <concept reference="474"/>
          <conceptReferenceTerm id="533" resolves-to="org.openmrs.ConceptReferenceTerm" uuid="4e5d8c91-8800-3df2-8afe-8221ce2e5e42">
            <creator/>
            <dateCreated id="534">2011-01-16 21:00:00</dateCreated>
            <changedBy/>
            <dateChanged id="535">2015-10-28 11:24:37</dateChanged>
            <retired>false</retired>
            <conceptReferenceTermId>137888</conceptReferenceTermId>
            <conceptSource reference="125"/>
            <code>ETHAMBUTOL</code>
            <conceptReferenceTermMaps id="536"/>
          </conceptReferenceTerm>
        </org.openmrs.ConceptMap>
        <org.openmrs.ConceptMap id="537" uuid="135195ABBBBBBBBBBBBBBBBBBBBBBBBBBBBB">
          <conceptMapType reference="42"/>
          <creator/>
          <changedBy/>
          <dateCreated id="538">2010-10-24 10:09:59</dateCreated>
          <conceptMapId>135195</conceptMapId>
          <concept reference="474"/>
          <conceptReferenceTerm reference="66"/>
        </org.openmrs.ConceptMap>
        <org.openmrs.ConceptMap id="539" uuid="135201ABBBBBBBBBBBBBBBBBBBBBBBBBBBBB">
          <conceptMapType reference="42"/>
          <creator/>
          <changedBy/>
          <dateCreated id="540">2010-10-24 10:09:59</dateCreated>
          <conceptMapId>135201</conceptMapId>
          <concept reference="474"/>
          <conceptReferenceTerm reference="102"/>
        </org.openmrs.ConceptMap>
      </conceptMappings>
    </concept>
  </org.openmrs.Drug>
  <org.openmrs.Drug id="541" uuid="52690c5a-e9cd-4561-8aad-3b646fb7deaa">
    <name>Ethambutol (275mg)</name>
    <creator/>
    <dateCreated id="542">2013-02-25 16:08:41</dateCreated>
    <changedBy/>
    <dateChanged id="543">2014-03-12 12:02:02</dateChanged>
    <retired>false</retired>
    <drugId>4</drugId>
    <combination>true</combination>
    <dosageForm reference="222"/>
    <doseStrength>275.0</doseStrength>
    <units>mg</units>
    <concept reference="474"/>
  </org.openmrs.Drug>
  <org.openmrs.Drug id="544" uuid="6424ea7b-657b-4ad0-ad10-7ee8e685f3d3">
    <name>Isoniazid (60mg)</name>
    <creator/>
    <dateCreated id="545">2016-09-12 15:50:41</dateCreated>
    <changedBy/>
    <dateChanged id="546">2014-03-12 15:50:41</dateChanged>
    <retired>false</retired>
    <drugId>12</drugId>
    <combination>true</combination>
    <dosageForm reference="222"/>
    <doseStrength>60.0</doseStrength>
    <units>mg</units>
    <concept reference="5"/>
  </org.openmrs.Drug>
  <org.openmrs.Drug id="547" uuid="6424ea7b-657b-4ad0-ad10-7ee8e685f3d3">
    <name>Ethambutol (100gm )</name>
    <creator/>
    <dateCreated id="548">2016-09-13 08:44:12</dateCreated>
    <changedBy/>
    <dateChanged id="549">2016-09-13 08:44:12</dateChanged>
    <retired>false</retired>
    <drugId>13</drugId>
    <combination>true</combination>
    <dosageForm reference="222"/>
    <doseStrength>100.0</doseStrength>
    <units>mg</units>
    <concept reference="474"/>
  </org.openmrs.Drug>
</list>
