<?xml version="1.0" encoding="UTF-8"?>
<package id="1" uuid="a20914ae-d019-4040-ac40-b3ebe7c64e58">
  <dateCreated id="2">2012-07-07 00:24:06</dateCreated>
  <name>Kenya EMR Core Metadata</name>
  <description>Core metadata for the Kenya OpenMRS EMR. (Does not include forms or locations.)</description>
  <openmrsVersion>1.9.0 RC4 Build 27471</openmrsVersion>
  <version>4</version>
  <groupUuid>29177ba6-a634-42d5-9314-e12689856ff1</groupUuid>
  <modules id="3">
    <entry>
      <string>htmlwidgets</string>
      <string>1.6.0</string>
    </entry>
    <entry>
      <string>moduledistro</string>
      <string>1.2-SNAPSHOT</string>
    </entry>
    <entry>
      <string>htmlformentry</string>
      <string>1.9.4</string>
    </entry>
    <entry>
      <string>idgen</string>
      <string>2.1</string>
    </entry>
    <entry>
      <string>htmlformentry19ext</string>
      <string>0.9</string>
    </entry>
    <entry>
      <string>metadatasharing</string>
      <string>1.0.7</string>
    </entry>
    <entry>
      <string>reporting</string>
      <string>0.7.1.1</string>
    </entry>
    <entry>
      <string>logic</string>
      <string>0.5.2</string>
    </entry>
    <entry>
      <string>serialization.xstream</string>
      <string>0.2.5</string>
    </entry>
  </modules>
  <items class="linked-hash-set" id="4">
    <org.openmrs.module.metadatasharing.Item id="5" uuid="8a845a89-6aa5-4111-81d3-0af31c45c002">
      <id>1</id>
      <classname>org.openmrs.LocationAttributeType</classname>
      <dateChanged id="6">2012-06-18 23:33:24</dateChanged>
      <retired>false</retired>
    </org.openmrs.module.metadatasharing.Item>
    <org.openmrs.module.metadatasharing.Item id="7" uuid="05ee9cf4-7242-4a17-b4d4-00f707265c8a">
      <id>3</id>
      <classname>org.openmrs.PatientIdentifierType</classname>
      <dateChanged id="8">2012-06-25 01:43:42</dateChanged>
      <retired>false</retired>
    </org.openmrs.module.metadatasharing.Item>
    <org.openmrs.module.metadatasharing.Item id="9" uuid="dfacd928-0370-4315-99d7-6ec1c9f7ae76">
      <id>4</id>
      <classname>org.openmrs.PatientIdentifierType</classname>
      <dateChanged id="10">2012-06-25 01:44:50</dateChanged>
      <retired>false</retired>
    </org.openmrs.module.metadatasharing.Item>
    <org.openmrs.module.metadatasharing.Item id="11" uuid="b4d66522-11fc-45c7-83e3-39a1af21ae0d">
      <id>5</id>
      <classname>org.openmrs.PatientIdentifierType</classname>
      <dateChanged id="12">2012-06-25 02:35:39</dateChanged>
      <retired>false</retired>
    </org.openmrs.module.metadatasharing.Item>
    <org.openmrs.module.metadatasharing.Item id="13" uuid="3371a4d4-f66f-4454-a86d-92c7b3da990c">
      <id>4</id>
      <classname>org.openmrs.VisitType</classname>
      <dateChanged id="14">2012-06-25 01:38:30</dateChanged>
      <retired>false</retired>
    </org.openmrs.module.metadatasharing.Item>
    <org.openmrs.module.metadatasharing.Item id="15" uuid="b2c38640-2603-4629-aebd-3b54f33f1e3a">
      <id>8</id>
      <classname>org.openmrs.PersonAttributeType</classname>
      <dateChanged id="16">2012-06-26 06:50:58</dateChanged>
      <retired>false</retired>
    </org.openmrs.module.metadatasharing.Item>
    <org.openmrs.module.metadatasharing.Item id="17" uuid="de78a6be-bfc5-4634-adc3-5f1a280455cc">
      <id>7</id>
      <classname>org.openmrs.EncounterType</classname>
      <dateChanged id="18">2012-06-26 06:15:01</dateChanged>
      <retired>false</retired>
    </org.openmrs.module.metadatasharing.Item>
    <org.openmrs.module.metadatasharing.Item id="19" uuid="d1059fb9-a079-4feb-a749-eedd709ae542">
      <id>8</id>
      <classname>org.openmrs.EncounterType</classname>
      <dateChanged id="20">2012-06-26 06:15:56</dateChanged>
      <retired>false</retired>
    </org.openmrs.module.metadatasharing.Item>
    <org.openmrs.module.metadatasharing.Item id="21" uuid="abfb143c-5b49-41e5-9ead-f47ee4cc57cf">
      <id>9</id>
      <classname>org.openmrs.EncounterType</classname>
      <dateChanged id="22">2012-06-26 06:16:59</dateChanged>
      <retired>false</retired>
    </org.openmrs.module.metadatasharing.Item>
    <org.openmrs.module.metadatasharing.Item id="23" uuid="a0034eee-1940-4e35-847f-97537a35d05e">
      <id>11</id>
      <classname>org.openmrs.EncounterType</classname>
      <dateChanged id="24">2012-06-26 06:20:28</dateChanged>
      <retired>false</retired>
    </org.openmrs.module.metadatasharing.Item>
    <org.openmrs.module.metadatasharing.Item id="25" uuid="17a381d1-7e29-406a-b782-aa903b963c28">
      <id>12</id>
      <classname>org.openmrs.EncounterType</classname>
      <dateChanged id="26">2012-06-26 06:44:26</dateChanged>
      <retired>false</retired>
    </org.openmrs.module.metadatasharing.Item>
    <org.openmrs.module.metadatasharing.Item id="27" uuid="de1f9d67-b73e-4e1b-90d0-036166fc6995">
      <id>6</id>
      <classname>org.openmrs.EncounterType</classname>
      <dateChanged id="28">2012-06-26 06:14:17</dateChanged>
      <retired>false</retired>
    </org.openmrs.module.metadatasharing.Item>
    <org.openmrs.module.metadatasharing.Item id="29" uuid="465a92f2-baf8-42e9-9612-53064be868e8">
      <id>10</id>
      <classname>org.openmrs.EncounterType</classname>
      <dateChanged id="30">2012-06-26 06:19:31</dateChanged>
      <retired>false</retired>
    </org.openmrs.module.metadatasharing.Item>
  </items>
  <relatedItems class="linked-hash-set" id="31"/>
</package>
