<?xml version="1.0" encoding="UTF-8"?>
<package id="1" uuid="6e276a14-5f11-4350-bfa6-b110b538d8d2">
  <dateCreated id="2">2013-09-24 14:43:52</dateCreated>
  <name>KenyaEMR Misc</name>
  <description>Includes Unknown Provider</description>
  <openmrsVersion>1.9.3  Build f535e9</openmrsVersion>
  <version>41</version>
  <groupUuid>29177ba6-a634-42d5-9314-e12689856ff1</groupUuid>
  <modules id="3">
    <entry>
      <string>groovy</string>
      <string>2.2.4</string>
    </entry>
    <entry>
      <string>validation</string>
      <string>1.0.1</string>
    </entry>
    <entry>
      <string>kenyametadatatools</string>
      <string>1.3-SNAPSHOT</string>
    </entry>
    <entry>
      <string>metadatamapping</string>
      <string>1.0.1</string>
    </entry>
    <entry>
      <string>metadatasharing</string>
      <string>1.1.8</string>
    </entry>
    <entry>
      <string>logic</string>
      <string>0.5.2</string>
    </entry>
    <entry>
      <string>serialization.xstream</string>
      <string>0.2.7</string>
    </entry>
  </modules>
  <items class="linked-hash-set" id="4">
    <org.openmrs.module.metadatasharing.Item id="5" uuid="ae01b8ff-a4cc-4012-bcf7-72359e852e14">
      <id>2</id>
      <classname>org.openmrs.Provider</classname>
      <dateChanged id="6">2012-08-08 23:40:58</dateChanged>
      <retired>false</retired>
    </org.openmrs.module.metadatasharing.Item>
  </items>
  <relatedItems class="linked-hash-set" id="7">
    <org.openmrs.module.metadatasharing.Item id="8" uuid="1cc7dc79-ad09-4897-8a1d-0b3d3226e9ee">
      <id>9</id>
      <classname>org.openmrs.Person</classname>
    </org.openmrs.module.metadatasharing.Item>
    <org.openmrs.module.metadatasharing.Item id="9" uuid="02d1c5a1-ee17-4b0b-ad7a-5f37766d020e">
      <id>9</id>
      <classname>org.openmrs.PersonName</classname>
      <dateChanged id="10">2012-08-08 23:40:16</dateChanged>
    </org.openmrs.module.metadatasharing.Item>
  </relatedItems>
  <incrementalVersion>false</incrementalVersion>
</package>
