<?xml version="1.0" encoding="UTF-8"?>
<list id="1">
  <org.openmrs.Provider id="2" uuid="ae01b8ff-a4cc-4012-bcf7-72359e852e14">
    <creator/>
    <dateCreated id="3">2012-08-08 23:40:58</dateCreated>
    <retired>false</retired>
    <attributes id="4"/>
    <log class="org.apache.commons.logging.impl.SLF4JLocationAwareLog" id="5">
      <name>org.openmrs.Provider</name>
    </log>
    <providerId>2</providerId>
    <person id="6" resolves-to="org.openmrs.Person" uuid="1cc7dc79-ad09-4897-8a1d-0b3d3226e9ee">
      <voided>false</voided>
      <personId>9</personId>
      <addresses class="sorted-set" id="7"/>
      <names class="sorted-set" id="8">
        <org.openmrs.PersonName id="9" uuid="02d1c5a1-ee17-4b0b-ad7a-5f37766d020e">
          <creator/>
          <dateCreated id="10">2012-08-08 23:40:16</dateCreated>
          <voided>false</voided>
          <personNameId>9</personNameId>
          <person reference="6"/>
          <preferred>false</preferred>
          <givenName>Unknown</givenName>
          <familyName>Provider</familyName>
        </org.openmrs.PersonName>
      </names>
      <attributes class="sorted-set" id="11"/>
      <gender>F</gender>
      <birthdateEstimated>false</birthdateEstimated>
      <dead>false</dead>
      <personCreator/>
      <personDateCreated id="12">2012-08-08 23:40:16</personDateCreated>
      <personVoided>false</personVoided>
      <isPatient>false</isPatient>
    </person>
    <identifier>UNKNOWN</identifier>
  </org.openmrs.Provider>
</list>
