<?xml version="1.0" encoding="UTF-8"?>
<package id="1" uuid="1890394d-c148-4ba4-8cf2-00a00b54b38a">
  <dateCreated id="2">2013-09-24 13:02:19</dateCreated>
  <name>KenyaEMR Core</name>
  <description>Core metadata for KenyaEMR</description>
  <openmrsVersion>1.9.3  Build f535e9</openmrsVersion>
  <version>40</version>
  <groupUuid>29177ba6-a634-42d5-9314-e12689856ff1</groupUuid>
  <modules id="3">
    <entry>
      <string>groovy</string>
      <string>2.2.4</string>
    </entry>
    <entry>
      <string>validation</string>
      <string>1.0.1</string>
    </entry>
    <entry>
      <string>kenyametadatatools</string>
      <string>1.3-SNAPSHOT</string>
    </entry>
    <entry>
      <string>metadatamapping</string>
      <string>1.0.1</string>
    </entry>
    <entry>
      <string>metadatasharing</string>
      <string>1.1.8</string>
    </entry>
    <entry>
      <string>logic</string>
      <string>0.5.2</string>
    </entry>
    <entry>
      <string>serialization.xstream</string>
      <string>0.2.7</string>
    </entry>
  </modules>
  <items class="linked-hash-set" id="4">
    <org.openmrs.module.metadatasharing.Item id="5" uuid="05ee9cf4-7242-4a17-b4d4-00f707265c8a">
      <id>3</id>
      <classname>org.openmrs.PatientIdentifierType</classname>
      <dateChanged id="6">2012-06-25 01:43:42</dateChanged>
      <retired>false</retired>
    </org.openmrs.module.metadatasharing.Item>
    <org.openmrs.module.metadatasharing.Item id="7" uuid="d8ee3b8c-a8fc-4d6b-af6a-9423be5f8906">
      <id>7</id>
      <classname>org.openmrs.PatientIdentifierType</classname>
      <dateChanged id="8">2013-02-05 08:12:12</dateChanged>
      <retired>false</retired>
    </org.openmrs.module.metadatasharing.Item>
    <org.openmrs.module.metadatasharing.Item id="9" uuid="c4e3caca-2dcc-4dc4-a8d9-513b6e63af91">
      <id>6</id>
      <classname>org.openmrs.PatientIdentifierType</classname>
      <dateChanged id="10">2013-02-05 08:10:04</dateChanged>
      <retired>false</retired>
    </org.openmrs.module.metadatasharing.Item>
    <org.openmrs.module.metadatasharing.Item id="11" uuid="0691f522-dd67-4eeb-92c8-af5083baf338">
      <id>8</id>
      <classname>org.openmrs.PatientIdentifierType</classname>
      <dateChanged id="12">2013-03-11 13:23:27</dateChanged>
      <retired>false</retired>
    </org.openmrs.module.metadatasharing.Item>
    <org.openmrs.module.metadatasharing.Item id="13" uuid="dfacd928-0370-4315-99d7-6ec1c9f7ae76">
      <id>4</id>
      <classname>org.openmrs.PatientIdentifierType</classname>
      <dateChanged id="14">2012-06-25 01:44:50</dateChanged>
      <retired>false</retired>
    </org.openmrs.module.metadatasharing.Item>
    <org.openmrs.module.metadatasharing.Item id="15" uuid="b4d66522-11fc-45c7-83e3-39a1af21ae0d">
      <id>5</id>
      <classname>org.openmrs.PatientIdentifierType</classname>
      <dateChanged id="16">2012-06-25 02:35:39</dateChanged>
      <retired>false</retired>
    </org.openmrs.module.metadatasharing.Item>
    <org.openmrs.module.metadatasharing.Item id="17" uuid="49af6cdc-7968-4abb-bf46-de10d7f4859f">
      <id>9</id>
      <classname>org.openmrs.PatientIdentifierType</classname>
      <dateChanged id="18">2013-08-28 06:44:27</dateChanged>
      <retired>false</retired>
    </org.openmrs.module.metadatasharing.Item>
    <org.openmrs.module.metadatasharing.Item id="19" uuid="ae01b8ff-a4cc-4012-bcf7-72359e852e14">
      <id>2</id>
      <classname>org.openmrs.Provider</classname>
      <dateChanged id="20">2012-08-08 23:40:58</dateChanged>
      <retired>false</retired>
    </org.openmrs.module.metadatasharing.Item>
  </items>
  <relatedItems class="linked-hash-set" id="21">
    <org.openmrs.module.metadatasharing.Item id="22" uuid="1cc7dc79-ad09-4897-8a1d-0b3d3226e9ee">
      <id>9</id>
      <classname>org.openmrs.Person</classname>
    </org.openmrs.module.metadatasharing.Item>
    <org.openmrs.module.metadatasharing.Item id="23" uuid="02d1c5a1-ee17-4b0b-ad7a-5f37766d020e">
      <id>9</id>
      <classname>org.openmrs.PersonName</classname>
      <dateChanged id="24">2012-08-08 23:40:16</dateChanged>
    </org.openmrs.module.metadatasharing.Item>
  </relatedItems>
  <incrementalVersion>false</incrementalVersion>
</package>
