<?xml version="1.0" encoding="UTF-8"?>
<list id="1">
  <org.openmrs.PatientIdentifierType id="2" uuid="05ee9cf4-7242-4a17-b4d4-00f707265c8a">
    <name>Unique Patient Number</name>
    <description>Assigned to every HIV patient, from the facility code (from the master facility list) and a sequential number</description>
    <creator/>
    <dateCreated id="3">2012-06-25 01:43:42</dateCreated>
    <retired>false</retired>
    <patientIdentifierTypeId>3</patientIdentifierTypeId>
    <format>\d+</format>
    <required>false</required>
    <formatDescription>facility code, followed by sequential number</formatDescription>
    <checkDigit>false</checkDigit>
    <locationBehavior>NOT_USED</locationBehavior>
  </org.openmrs.PatientIdentifierType>
  <org.openmrs.PatientIdentifierType id="4" uuid="d8ee3b8c-a8fc-4d6b-af6a-9423be5f8906">
    <name>District Registration Number</name>
    <description>Assigned to the patient at a TB clinic service to represent the district (not globally unique)</description>
    <creator/>
    <dateCreated id="5">2013-02-05 08:12:12</dateCreated>
    <retired>false</retired>
    <patientIdentifierTypeId>7</patientIdentifierTypeId>
    <required>false</required>
    <checkDigit>false</checkDigit>
    <locationBehavior>NOT_USED</locationBehavior>
  </org.openmrs.PatientIdentifierType>
  <org.openmrs.PatientIdentifierType id="6" uuid="c4e3caca-2dcc-4dc4-a8d9-513b6e63af91">
    <name>TB Treatment Number</name>
    <description>Assigned to the patient at a TB clinic service (not globally unique)</description>
    <creator/>
    <dateCreated id="7">2013-02-05 08:10:04</dateCreated>
    <retired>false</retired>
    <patientIdentifierTypeId>6</patientIdentifierTypeId>
    <required>false</required>
    <checkDigit>false</checkDigit>
    <locationBehavior>NOT_USED</locationBehavior>
  </org.openmrs.PatientIdentifierType>
  <org.openmrs.PatientIdentifierType id="8" uuid="0691f522-dd67-4eeb-92c8-af5083baf338">
    <name>HEI ID Number</name>
    <description>Assigned to a child patient when enrolling into HEI program</description>
    <creator/>
    <dateCreated id="9">2013-03-11 13:23:27</dateCreated>
    <retired>false</retired>
    <patientIdentifierTypeId>8</patientIdentifierTypeId>
    <required>false</required>
    <checkDigit>false</checkDigit>
    <locationBehavior>NOT_USED</locationBehavior>
  </org.openmrs.PatientIdentifierType>
  <org.openmrs.PatientIdentifierType id="10" uuid="dfacd928-0370-4315-99d7-6ec1c9f7ae76">
    <name>OpenMRS ID</name>
    <description>Medical Record Number, generated by OpenMRS for every patient record</description>
    <creator/>
    <dateCreated id="11">2012-06-25 01:44:50</dateCreated>
    <retired>false</retired>
    <patientIdentifierTypeId>4</patientIdentifierTypeId>
    <required>true</required>
    <checkDigit>true</checkDigit>
    <validator>org.openmrs.module.idgen.validator.LuhnMod25IdentifierValidator</validator>
    <locationBehavior>REQUIRED</locationBehavior>
  </org.openmrs.PatientIdentifierType>
  <org.openmrs.PatientIdentifierType id="12" uuid="b4d66522-11fc-45c7-83e3-39a1af21ae0d">
    <name>Patient Clinic Number</name>
    <description>Assigned to the patient at a clinic service (not globally unique)</description>
    <creator/>
    <dateCreated id="13">2012-06-25 02:35:39</dateCreated>
    <retired>false</retired>
    <patientIdentifierTypeId>5</patientIdentifierTypeId>
    <format>.{1,15}</format>
    <required>false</required>
    <formatDescription>At most 15 characters long</formatDescription>
    <checkDigit>false</checkDigit>
    <locationBehavior>REQUIRED</locationBehavior>
  </org.openmrs.PatientIdentifierType>
  <org.openmrs.PatientIdentifierType id="14" uuid="49af6cdc-7968-4abb-bf46-de10d7f4859f">
    <name>National ID</name>
    <description>Kenyan National Identity Card</description>
    <creator/>
    <dateCreated id="15">2013-08-28 06:44:27</dateCreated>
    <retired>false</retired>
    <patientIdentifierTypeId>9</patientIdentifierTypeId>
    <format>\d{5,10}</format>
    <required>false</required>
    <formatDescription>Between 5 and 10 consecutive digits</formatDescription>
    <checkDigit>false</checkDigit>
    <locationBehavior>NOT_USED</locationBehavior>
  </org.openmrs.PatientIdentifierType>
  <org.openmrs.Provider id="16" uuid="ae01b8ff-a4cc-4012-bcf7-72359e852e14">
    <creator/>
    <dateCreated id="17">2012-08-08 23:40:58</dateCreated>
    <retired>false</retired>
    <attributes id="18"/>
    <log class="org.apache.commons.logging.impl.SLF4JLocationAwareLog" id="19">
      <name>org.openmrs.Provider</name>
    </log>
    <providerId>2</providerId>
    <person id="20" resolves-to="org.openmrs.Person" uuid="1cc7dc79-ad09-4897-8a1d-0b3d3226e9ee">
      <voided>false</voided>
      <personId>9</personId>
      <addresses class="sorted-set" id="21"/>
      <names class="sorted-set" id="22">
        <org.openmrs.PersonName id="23" uuid="02d1c5a1-ee17-4b0b-ad7a-5f37766d020e">
          <creator/>
          <dateCreated id="24">2012-08-08 23:40:16</dateCreated>
          <voided>false</voided>
          <personNameId>9</personNameId>
          <person reference="20"/>
          <preferred>false</preferred>
          <givenName>Unknown</givenName>
          <familyName>Provider</familyName>
        </org.openmrs.PersonName>
      </names>
      <attributes class="sorted-set" id="25"/>
      <gender>F</gender>
      <birthdateEstimated>false</birthdateEstimated>
      <dead>false</dead>
      <personCreator/>
      <personDateCreated id="26">2012-08-08 23:40:16</personDateCreated>
      <personVoided>false</personVoided>
      <isPatient>false</isPatient>
    </person>
    <identifier>UNKNOWN</identifier>
  </org.openmrs.Provider>
</list>
