<?xml version="1.0" encoding="UTF-8"?>
<package id="1" uuid="1545875c-a7af-4c3a-93e8-6907fa4a212a">
  <dateCreated id="2">2012-06-13 21:44:11</dateCreated>
  <name>Kenya Emr Core Metadata</name>
  <description>Includes EncounterTypes, VisitTypes, etc, for the OpenMRS-based Kenya EMR Application</description>
  <openmrsVersion>1.9.0 SNAPSHOT Build 26883</openmrsVersion>
  <version>7</version>
  <groupUuid>fe64cb1e-5434-4c59-96f0-64db9bad1469</groupUuid>
  <modules id="3">
    <entry>
      <string>htmlwidgets</string>
      <string>1.6.0</string>
    </entry>
    <entry>
      <string>uilibrary</string>
      <string>1.2</string>
    </entry>
    <entry>
      <string>moduledistro</string>
      <string>1.2-SNAPSHOT</string>
    </entry>
    <entry>
      <string>kenyaemr</string>
      <string>1.0-SNAPSHOT</string>
    </entry>
    <entry>
      <string>uiframework</string>
      <string>1.5-SNAPSHOT</string>
    </entry>
    <entry>
      <string>htmlformentry</string>
      <string>1.9.4</string>
    </entry>
    <entry>
      <string>htmlformentry19ext</string>
      <string>0.9</string>
    </entry>
    <entry>
      <string>metadatasharing</string>
      <string>1.0.7</string>
    </entry>
    <entry>
      <string>distribution</string>
      <string>1.0-SNAPSHOT</string>
    </entry>
    <entry>
      <string>appframework</string>
      <string>1.2-SNAPSHOT</string>
    </entry>
    <entry>
      <string>logic</string>
      <string>0.5.2</string>
    </entry>
    <entry>
      <string>serialization.xstream</string>
      <string>0.2.5</string>
    </entry>
  </modules>
  <items class="linked-hash-set" id="4">
    <org.openmrs.module.metadatasharing.Item id="5" uuid="0d29df0a-cd23-4930-b5c9-adcea28ad0ed">
      <id>4</id>
      <classname>org.openmrs.PatientIdentifierType</classname>
      <dateChanged id="6">2012-05-29 17:44:12</dateChanged>
      <retired>false</retired>
    </org.openmrs.module.metadatasharing.Item>
    <org.openmrs.module.metadatasharing.Item id="7" uuid="03ff7348-e221-443f-b516-4d0895809863">
      <id>3</id>
      <classname>org.openmrs.PatientIdentifierType</classname>
      <dateChanged id="8">2012-05-29 17:43:17</dateChanged>
      <retired>false</retired>
    </org.openmrs.module.metadatasharing.Item>
    <org.openmrs.module.metadatasharing.Item id="9" uuid="73bbb069-9781-4afc-a9d1-54b6b2270e01">
      <id>1</id>
      <classname>org.openmrs.VisitType</classname>
      <dateChanged id="10">2012-06-11 23:01:06</dateChanged>
      <retired>false</retired>
    </org.openmrs.module.metadatasharing.Item>
    <org.openmrs.module.metadatasharing.Item id="11" uuid="73bbb069-9781-4afc-a9d1-54b6b2270e02">
      <id>2</id>
      <classname>org.openmrs.VisitType</classname>
      <dateChanged id="12">2012-06-11 23:01:06</dateChanged>
      <retired>false</retired>
    </org.openmrs.module.metadatasharing.Item>
    <org.openmrs.module.metadatasharing.Item id="13" uuid="a74032ac-9624-11e1-bc86-da3a922f3783">
      <id>3</id>
      <classname>org.openmrs.VisitType</classname>
      <dateChanged id="14">2012-06-11 23:01:06</dateChanged>
      <retired>false</retired>
    </org.openmrs.module.metadatasharing.Item>
    <org.openmrs.module.metadatasharing.Item id="15" uuid="afdbc2da-3a98-4c9a-8e4b-27c3c3be716a">
      <id>8</id>
      <classname>org.openmrs.PersonAttributeType</classname>
      <dateChanged id="16">2012-06-11 23:01:06</dateChanged>
      <retired>false</retired>
    </org.openmrs.module.metadatasharing.Item>
    <org.openmrs.module.metadatasharing.Item id="17" uuid="94ad2b98-5f0a-4eee-96e4-446412bf5306">
      <id>6</id>
      <classname>org.openmrs.EncounterType</classname>
      <dateChanged id="18">2012-05-14 12:08:06</dateChanged>
      <retired>false</retired>
    </org.openmrs.module.metadatasharing.Item>
    <org.openmrs.module.metadatasharing.Item id="19" uuid="f2f4760e-0539-4461-ae0e-128e6b679882">
      <id>7</id>
      <classname>org.openmrs.EncounterType</classname>
      <dateChanged id="20">2012-05-14 12:08:37</dateChanged>
      <retired>false</retired>
    </org.openmrs.module.metadatasharing.Item>
    <org.openmrs.module.metadatasharing.Item id="21" uuid="88bdd354-2310-4e63-b8fb-953e56969ca3">
      <id>8</id>
      <classname>org.openmrs.EncounterType</classname>
      <dateChanged id="22">2012-05-14 12:09:31</dateChanged>
      <retired>false</retired>
    </org.openmrs.module.metadatasharing.Item>
    <org.openmrs.module.metadatasharing.Item id="23" uuid="cb93cdea-6d03-4283-9996-c9f3dc77cec3">
      <id>5</id>
      <classname>org.openmrs.EncounterType</classname>
      <dateChanged id="24">2012-05-14 12:07:17</dateChanged>
      <retired>false</retired>
    </org.openmrs.module.metadatasharing.Item>
    <org.openmrs.module.metadatasharing.Item id="25" uuid="73bbb069-9781-4afc-a9d1-54b6b2270e04">
      <id>2</id>
      <classname>org.openmrs.EncounterRole</classname>
      <dateChanged id="26">2012-06-11 23:01:06</dateChanged>
      <retired>false</retired>
    </org.openmrs.module.metadatasharing.Item>
    <org.openmrs.module.metadatasharing.Item id="27" uuid="73bbb069-9781-4afc-a9d1-54b6b2270e03">
      <id>1</id>
      <classname>org.openmrs.EncounterRole</classname>
      <dateChanged id="28">2012-06-11 23:01:06</dateChanged>
      <retired>false</retired>
    </org.openmrs.module.metadatasharing.Item>
    <org.openmrs.module.metadatasharing.Item id="29" uuid="a0b03050-c99b-11e0-9572-0800200c9a66">
      <id>3</id>
      <classname>org.openmrs.EncounterRole</classname>
      <dateChanged id="30">2012-06-11 23:01:06</dateChanged>
      <retired>false</retired>
    </org.openmrs.module.metadatasharing.Item>
    <org.openmrs.module.metadatasharing.Item id="31" uuid="66692d5a-a200-49f9-90c4-0e96fc7d2063">
      <classname>org.openmrs.Role</classname>
      <retired>false</retired>
    </org.openmrs.module.metadatasharing.Item>
    <org.openmrs.module.metadatasharing.Item id="32" uuid="7f0591a8-629c-11e1-82bf-27f24891fe48">
      <classname>org.openmrs.Role</classname>
      <retired>false</retired>
    </org.openmrs.module.metadatasharing.Item>
    <org.openmrs.module.metadatasharing.Item id="33" uuid="e95b2166-f7dd-4e8a-907e-919defed1879">
      <classname>org.openmrs.Role</classname>
      <retired>false</retired>
    </org.openmrs.module.metadatasharing.Item>
  </items>
  <relatedItems class="linked-hash-set" id="34">
    <org.openmrs.module.metadatasharing.Item id="35" uuid="a780ec1d-49a3-405f-b50f-28b8c2e00a38">
      <classname>org.openmrs.Privilege</classname>
      <retired>false</retired>
    </org.openmrs.module.metadatasharing.Item>
    <org.openmrs.module.metadatasharing.Item id="36" uuid="853abd90-e9c6-48b2-b392-61abcfad403f">
      <classname>org.openmrs.Privilege</classname>
      <retired>false</retired>
    </org.openmrs.module.metadatasharing.Item>
    <org.openmrs.module.metadatasharing.Item id="37" uuid="eba85976-71d5-4605-a8a8-9b5399b15092">
      <classname>org.openmrs.Privilege</classname>
      <retired>false</retired>
    </org.openmrs.module.metadatasharing.Item>
    <org.openmrs.module.metadatasharing.Item id="38" uuid="3029df66-2173-4ed1-85ff-d1682487f47b">
      <classname>org.openmrs.Privilege</classname>
      <retired>false</retired>
    </org.openmrs.module.metadatasharing.Item>
    <org.openmrs.module.metadatasharing.Item id="39" uuid="912fa1d3-a28d-4e1f-b3c2-2993cde44a90">
      <classname>org.openmrs.Privilege</classname>
      <retired>false</retired>
    </org.openmrs.module.metadatasharing.Item>
    <org.openmrs.module.metadatasharing.Item id="40" uuid="c5a7d00d-f68a-498e-b30e-7fb5f001556b">
      <classname>org.openmrs.Role</classname>
      <retired>false</retired>
    </org.openmrs.module.metadatasharing.Item>
    <org.openmrs.module.metadatasharing.Item id="41" uuid="7f004cd4-629c-11e1-82bf-27f24891fe48">
      <classname>org.openmrs.Privilege</classname>
      <retired>false</retired>
    </org.openmrs.module.metadatasharing.Item>
    <org.openmrs.module.metadatasharing.Item id="42" uuid="77a1dc77-5f20-4ad5-823d-758c0da621c5">
      <classname>org.openmrs.Privilege</classname>
      <retired>false</retired>
    </org.openmrs.module.metadatasharing.Item>
    <org.openmrs.module.metadatasharing.Item id="43" uuid="5c785f55-fc9a-440f-bd22-2586e98d930c">
      <classname>org.openmrs.Privilege</classname>
      <retired>false</retired>
    </org.openmrs.module.metadatasharing.Item>
    <org.openmrs.module.metadatasharing.Item id="44" uuid="8b1a3b10-4138-4047-b260-e045f7b20db9">
      <classname>org.openmrs.Privilege</classname>
      <retired>false</retired>
    </org.openmrs.module.metadatasharing.Item>
    <org.openmrs.module.metadatasharing.Item id="45" uuid="7f00317c-629c-11e1-82bf-27f24891fe48">
      <classname>org.openmrs.Privilege</classname>
      <retired>false</retired>
    </org.openmrs.module.metadatasharing.Item>
    <org.openmrs.module.metadatasharing.Item id="46" uuid="7f004c3e-629c-11e1-82bf-27f24891fe48">
      <classname>org.openmrs.Privilege</classname>
      <retired>false</retired>
    </org.openmrs.module.metadatasharing.Item>
    <org.openmrs.module.metadatasharing.Item id="47" uuid="5b63f15d-e25a-4e7f-af85-a15d01299083">
      <classname>org.openmrs.Privilege</classname>
      <retired>false</retired>
    </org.openmrs.module.metadatasharing.Item>
    <org.openmrs.module.metadatasharing.Item id="48" uuid="7f0046bc-629c-11e1-82bf-27f24891fe48">
      <classname>org.openmrs.Privilege</classname>
      <retired>false</retired>
    </org.openmrs.module.metadatasharing.Item>
    <org.openmrs.module.metadatasharing.Item id="49" uuid="7f002452-629c-11e1-82bf-27f24891fe48">
      <classname>org.openmrs.Privilege</classname>
      <retired>false</retired>
    </org.openmrs.module.metadatasharing.Item>
    <org.openmrs.module.metadatasharing.Item id="50" uuid="67f8442a-5a3e-4855-8af9-408c8385b2de">
      <classname>org.openmrs.Privilege</classname>
      <retired>false</retired>
    </org.openmrs.module.metadatasharing.Item>
    <org.openmrs.module.metadatasharing.Item id="51" uuid="f6c4e963-0d83-4e66-bba9-847a2adc1a92">
      <classname>org.openmrs.Privilege</classname>
      <retired>false</retired>
    </org.openmrs.module.metadatasharing.Item>
    <org.openmrs.module.metadatasharing.Item id="52" uuid="7f002d26-629c-11e1-82bf-27f24891fe48">
      <classname>org.openmrs.Privilege</classname>
      <retired>false</retired>
    </org.openmrs.module.metadatasharing.Item>
    <org.openmrs.module.metadatasharing.Item id="53" uuid="7f003ea6-629c-11e1-82bf-27f24891fe48">
      <classname>org.openmrs.Privilege</classname>
      <retired>false</retired>
    </org.openmrs.module.metadatasharing.Item>
    <org.openmrs.module.metadatasharing.Item id="54" uuid="7f003e1a-629c-11e1-82bf-27f24891fe48">
      <classname>org.openmrs.Privilege</classname>
      <retired>false</retired>
    </org.openmrs.module.metadatasharing.Item>
    <org.openmrs.module.metadatasharing.Item id="55" uuid="7f003776-629c-11e1-82bf-27f24891fe48">
      <classname>org.openmrs.Privilege</classname>
      <retired>false</retired>
    </org.openmrs.module.metadatasharing.Item>
    <org.openmrs.module.metadatasharing.Item id="56" uuid="7f004630-629c-11e1-82bf-27f24891fe48">
      <classname>org.openmrs.Privilege</classname>
      <retired>false</retired>
    </org.openmrs.module.metadatasharing.Item>
    <org.openmrs.module.metadatasharing.Item id="57" uuid="7f002f56-629c-11e1-82bf-27f24891fe48">
      <classname>org.openmrs.Privilege</classname>
      <retired>false</retired>
    </org.openmrs.module.metadatasharing.Item>
    <org.openmrs.module.metadatasharing.Item id="58" uuid="95d61daa-9d01-49c6-b64b-d0ee7e615d50">
      <classname>org.openmrs.Privilege</classname>
      <retired>false</retired>
    </org.openmrs.module.metadatasharing.Item>
    <org.openmrs.module.metadatasharing.Item id="59" uuid="7f003442-629c-11e1-82bf-27f24891fe48">
      <classname>org.openmrs.Privilege</classname>
      <retired>false</retired>
    </org.openmrs.module.metadatasharing.Item>
    <org.openmrs.module.metadatasharing.Item id="60" uuid="7f004f9a-629c-11e1-82bf-27f24891fe48">
      <classname>org.openmrs.Privilege</classname>
      <retired>false</retired>
    </org.openmrs.module.metadatasharing.Item>
    <org.openmrs.module.metadatasharing.Item id="61" uuid="285e9be4-4b23-4273-afa7-797a501dd13e">
      <classname>org.openmrs.Privilege</classname>
      <retired>false</retired>
    </org.openmrs.module.metadatasharing.Item>
    <org.openmrs.module.metadatasharing.Item id="62" uuid="7f005634-629c-11e1-82bf-27f24891fe48">
      <classname>org.openmrs.Privilege</classname>
      <retired>false</retired>
    </org.openmrs.module.metadatasharing.Item>
    <org.openmrs.module.metadatasharing.Item id="63" uuid="7f001ce6-629c-11e1-82bf-27f24891fe48">
      <classname>org.openmrs.Privilege</classname>
      <retired>false</retired>
    </org.openmrs.module.metadatasharing.Item>
    <org.openmrs.module.metadatasharing.Item id="64" uuid="7f002c9a-629c-11e1-82bf-27f24891fe48">
      <classname>org.openmrs.Privilege</classname>
      <retired>false</retired>
    </org.openmrs.module.metadatasharing.Item>
    <org.openmrs.module.metadatasharing.Item id="65" uuid="7f005b34-629c-11e1-82bf-27f24891fe48">
      <classname>org.openmrs.Privilege</classname>
      <retired>false</retired>
    </org.openmrs.module.metadatasharing.Item>
    <org.openmrs.module.metadatasharing.Item id="66" uuid="7f002c0e-629c-11e1-82bf-27f24891fe48">
      <classname>org.openmrs.Privilege</classname>
      <retired>false</retired>
    </org.openmrs.module.metadatasharing.Item>
    <org.openmrs.module.metadatasharing.Item id="67" uuid="981691a7-984a-4d16-89e5-1adb1609472b">
      <classname>org.openmrs.Privilege</classname>
      <retired>false</retired>
    </org.openmrs.module.metadatasharing.Item>
    <org.openmrs.module.metadatasharing.Item id="68" uuid="9e628a0d-9a8b-4b7a-9495-43c28d45c9bd">
      <classname>org.openmrs.Privilege</classname>
      <retired>false</retired>
    </org.openmrs.module.metadatasharing.Item>
    <org.openmrs.module.metadatasharing.Item id="69" uuid="7f001ec6-629c-11e1-82bf-27f24891fe48">
      <classname>org.openmrs.Privilege</classname>
      <retired>false</retired>
    </org.openmrs.module.metadatasharing.Item>
    <org.openmrs.module.metadatasharing.Item id="70" uuid="7b64f702-9c7a-4f50-b75f-d6f6f1d30fdb">
      <classname>org.openmrs.Privilege</classname>
      <retired>false</retired>
    </org.openmrs.module.metadatasharing.Item>
    <org.openmrs.module.metadatasharing.Item id="71" uuid="7f002ec0-629c-11e1-82bf-27f24891fe48">
      <classname>org.openmrs.Privilege</classname>
      <retired>false</retired>
    </org.openmrs.module.metadatasharing.Item>
    <org.openmrs.module.metadatasharing.Item id="72" uuid="58372c4c-bd74-463f-82fe-af5150ee6843">
      <classname>org.openmrs.Privilege</classname>
      <retired>false</retired>
    </org.openmrs.module.metadatasharing.Item>
    <org.openmrs.module.metadatasharing.Item id="73" uuid="7f004b9e-629c-11e1-82bf-27f24891fe48">
      <classname>org.openmrs.Privilege</classname>
      <retired>false</retired>
    </org.openmrs.module.metadatasharing.Item>
    <org.openmrs.module.metadatasharing.Item id="74" uuid="7f004f04-629c-11e1-82bf-27f24891fe48">
      <classname>org.openmrs.Privilege</classname>
      <retired>false</retired>
    </org.openmrs.module.metadatasharing.Item>
    <org.openmrs.module.metadatasharing.Item id="75" uuid="e94cea51-4233-44d4-9b42-e2ec503f40b1">
      <classname>org.openmrs.Privilege</classname>
      <retired>false</retired>
    </org.openmrs.module.metadatasharing.Item>
    <org.openmrs.module.metadatasharing.Item id="76" uuid="7f0035dc-629c-11e1-82bf-27f24891fe48">
      <classname>org.openmrs.Privilege</classname>
      <retired>false</retired>
    </org.openmrs.module.metadatasharing.Item>
    <org.openmrs.module.metadatasharing.Item id="77" uuid="7f004748-629c-11e1-82bf-27f24891fe48">
      <classname>org.openmrs.Privilege</classname>
      <retired>false</retired>
    </org.openmrs.module.metadatasharing.Item>
    <org.openmrs.module.metadatasharing.Item id="78" uuid="b5a954dc-418c-47d1-bb92-35049e9db71e">
      <classname>org.openmrs.Privilege</classname>
      <retired>false</retired>
    </org.openmrs.module.metadatasharing.Item>
    <org.openmrs.module.metadatasharing.Item id="79" uuid="7f00206a-629c-11e1-82bf-27f24891fe48">
      <classname>org.openmrs.Privilege</classname>
      <retired>false</retired>
    </org.openmrs.module.metadatasharing.Item>
    <org.openmrs.module.metadatasharing.Item id="80" uuid="7f005256-629c-11e1-82bf-27f24891fe48">
      <classname>org.openmrs.Privilege</classname>
      <retired>false</retired>
    </org.openmrs.module.metadatasharing.Item>
    <org.openmrs.module.metadatasharing.Item id="81" uuid="38812b47-78c4-4491-98e5-446232ba150f">
      <classname>org.openmrs.Privilege</classname>
      <retired>false</retired>
    </org.openmrs.module.metadatasharing.Item>
    <org.openmrs.module.metadatasharing.Item id="82" uuid="7f0052e2-629c-11e1-82bf-27f24891fe48">
      <classname>org.openmrs.Privilege</classname>
      <retired>false</retired>
    </org.openmrs.module.metadatasharing.Item>
    <org.openmrs.module.metadatasharing.Item id="83" uuid="7f002704-629c-11e1-82bf-27f24891fe48">
      <classname>org.openmrs.Privilege</classname>
      <retired>false</retired>
    </org.openmrs.module.metadatasharing.Item>
    <org.openmrs.module.metadatasharing.Item id="84" uuid="8a195281-824b-4a9b-80a0-1696786fc11b">
      <classname>org.openmrs.Privilege</classname>
      <retired>false</retired>
    </org.openmrs.module.metadatasharing.Item>
    <org.openmrs.module.metadatasharing.Item id="85" uuid="7f002aec-629c-11e1-82bf-27f24891fe48">
      <classname>org.openmrs.Privilege</classname>
      <retired>false</retired>
    </org.openmrs.module.metadatasharing.Item>
    <org.openmrs.module.metadatasharing.Item id="86" uuid="7f004054-629c-11e1-82bf-27f24891fe48">
      <classname>org.openmrs.Privilege</classname>
      <retired>false</retired>
    </org.openmrs.module.metadatasharing.Item>
    <org.openmrs.module.metadatasharing.Item id="87" uuid="7f005490-629c-11e1-82bf-27f24891fe48">
      <classname>org.openmrs.Privilege</classname>
      <retired>false</retired>
    </org.openmrs.module.metadatasharing.Item>
    <org.openmrs.module.metadatasharing.Item id="88" uuid="7f002b82-629c-11e1-82bf-27f24891fe48">
      <classname>org.openmrs.Privilege</classname>
      <retired>false</retired>
    </org.openmrs.module.metadatasharing.Item>
    <org.openmrs.module.metadatasharing.Item id="89" uuid="7f002e3e-629c-11e1-82bf-27f24891fe48">
      <classname>org.openmrs.Privilege</classname>
      <retired>false</retired>
    </org.openmrs.module.metadatasharing.Item>
    <org.openmrs.module.metadatasharing.Item id="90" uuid="c1e9abb8-32b4-407c-b692-890e3e0197aa">
      <classname>org.openmrs.Privilege</classname>
      <retired>false</retired>
    </org.openmrs.module.metadatasharing.Item>
    <org.openmrs.module.metadatasharing.Item id="91" uuid="dbef2e6a-f1f9-4134-91ca-56d360742a30">
      <classname>org.openmrs.Privilege</classname>
      <retired>false</retired>
    </org.openmrs.module.metadatasharing.Item>
    <org.openmrs.module.metadatasharing.Item id="92" uuid="7f003802-629c-11e1-82bf-27f24891fe48">
      <classname>org.openmrs.Privilege</classname>
      <retired>false</retired>
    </org.openmrs.module.metadatasharing.Item>
    <org.openmrs.module.metadatasharing.Item id="93" uuid="7f002fe2-629c-11e1-82bf-27f24891fe48">
      <classname>org.openmrs.Privilege</classname>
      <retired>false</retired>
    </org.openmrs.module.metadatasharing.Item>
    <org.openmrs.module.metadatasharing.Item id="94" uuid="7f005756-629c-11e1-82bf-27f24891fe48">
      <classname>org.openmrs.Privilege</classname>
      <retired>false</retired>
    </org.openmrs.module.metadatasharing.Item>
    <org.openmrs.module.metadatasharing.Item id="95" uuid="7f0034c4-629c-11e1-82bf-27f24891fe48">
      <classname>org.openmrs.Privilege</classname>
      <retired>false</retired>
    </org.openmrs.module.metadatasharing.Item>
    <org.openmrs.module.metadatasharing.Item id="96" uuid="19c548c2-9f7d-4a61-a90b-232aa83f1dab">
      <classname>org.openmrs.Privilege</classname>
      <retired>false</retired>
    </org.openmrs.module.metadatasharing.Item>
    <org.openmrs.module.metadatasharing.Item id="97" uuid="ff98bc88-7bcb-4ec4-a0a4-b5cbc8183634">
      <classname>org.openmrs.Privilege</classname>
      <retired>false</retired>
    </org.openmrs.module.metadatasharing.Item>
    <org.openmrs.module.metadatasharing.Item id="98" uuid="7f002682-629c-11e1-82bf-27f24891fe48">
      <classname>org.openmrs.Privilege</classname>
      <retired>false</retired>
    </org.openmrs.module.metadatasharing.Item>
    <org.openmrs.module.metadatasharing.Item id="99" uuid="3f3e0e26-065a-4896-ba31-8a04fe56a3c9">
      <classname>org.openmrs.Privilege</classname>
      <retired>false</retired>
    </org.openmrs.module.metadatasharing.Item>
    <org.openmrs.module.metadatasharing.Item id="100" uuid="83ddaa3c-9896-48d5-8d25-2489dedaf57b">
      <classname>org.openmrs.Privilege</classname>
      <retired>false</retired>
    </org.openmrs.module.metadatasharing.Item>
    <org.openmrs.module.metadatasharing.Item id="101" uuid="046bfb70-9a09-456f-be37-241177ae2cf4">
      <classname>org.openmrs.Privilege</classname>
      <retired>false</retired>
    </org.openmrs.module.metadatasharing.Item>
    <org.openmrs.module.metadatasharing.Item id="102" uuid="7f001fa2-629c-11e1-82bf-27f24891fe48">
      <classname>org.openmrs.Privilege</classname>
      <retired>false</retired>
    </org.openmrs.module.metadatasharing.Item>
    <org.openmrs.module.metadatasharing.Item id="103" uuid="7f005e0e-629c-11e1-82bf-27f24891fe48">
      <classname>org.openmrs.Privilege</classname>
      <retired>false</retired>
    </org.openmrs.module.metadatasharing.Item>
    <org.openmrs.module.metadatasharing.Item id="104" uuid="7f00332a-629c-11e1-82bf-27f24891fe48">
      <classname>org.openmrs.Privilege</classname>
      <retired>false</retired>
    </org.openmrs.module.metadatasharing.Item>
    <org.openmrs.module.metadatasharing.Item id="105" uuid="7f0022c2-629c-11e1-82bf-27f24891fe48">
      <classname>org.openmrs.Privilege</classname>
      <retired>false</retired>
    </org.openmrs.module.metadatasharing.Item>
    <org.openmrs.module.metadatasharing.Item id="106" uuid="7f003294-629c-11e1-82bf-27f24891fe48">
      <classname>org.openmrs.Privilege</classname>
      <retired>false</retired>
    </org.openmrs.module.metadatasharing.Item>
    <org.openmrs.module.metadatasharing.Item id="107" uuid="19021c97-ce05-40b7-873d-2af7996159e5">
      <classname>org.openmrs.Privilege</classname>
      <retired>false</retired>
    </org.openmrs.module.metadatasharing.Item>
    <org.openmrs.module.metadatasharing.Item id="108" uuid="7f01b704-3ab0-4ccc-9ff9-e64c5ffd111b">
      <classname>org.openmrs.Privilege</classname>
      <retired>false</retired>
    </org.openmrs.module.metadatasharing.Item>
    <org.openmrs.module.metadatasharing.Item id="109" uuid="7f003d8e-629c-11e1-82bf-27f24891fe48">
      <classname>org.openmrs.Privilege</classname>
      <retired>false</retired>
    </org.openmrs.module.metadatasharing.Item>
    <org.openmrs.module.metadatasharing.Item id="110" uuid="7f003c76-629c-11e1-82bf-27f24891fe48">
      <classname>org.openmrs.Privilege</classname>
      <retired>false</retired>
    </org.openmrs.module.metadatasharing.Item>
    <org.openmrs.module.metadatasharing.Item id="111" uuid="7f005bc0-629c-11e1-82bf-27f24891fe48">
      <classname>org.openmrs.Privilege</classname>
      <retired>false</retired>
    </org.openmrs.module.metadatasharing.Item>
    <org.openmrs.module.metadatasharing.Item id="112" uuid="7f005d1e-629c-11e1-82bf-27f24891fe48">
      <classname>org.openmrs.Privilege</classname>
      <retired>false</retired>
    </org.openmrs.module.metadatasharing.Item>
    <org.openmrs.module.metadatasharing.Item id="113" uuid="7f005986-629c-11e1-82bf-27f24891fe48">
      <classname>org.openmrs.Privilege</classname>
      <retired>false</retired>
    </org.openmrs.module.metadatasharing.Item>
    <org.openmrs.module.metadatasharing.Item id="114" uuid="7f0024de-629c-11e1-82bf-27f24891fe48">
      <classname>org.openmrs.Privilege</classname>
      <retired>false</retired>
    </org.openmrs.module.metadatasharing.Item>
    <org.openmrs.module.metadatasharing.Item id="115" uuid="7f0057e2-629c-11e1-82bf-27f24891fe48">
      <classname>org.openmrs.Privilege</classname>
      <retired>false</retired>
    </org.openmrs.module.metadatasharing.Item>
    <org.openmrs.module.metadatasharing.Item id="116" uuid="7f00238a-629c-11e1-82bf-27f24891fe48">
      <classname>org.openmrs.Privilege</classname>
      <retired>false</retired>
    </org.openmrs.module.metadatasharing.Item>
    <org.openmrs.module.metadatasharing.Item id="117" uuid="66344c33-ba78-4d71-9943-a3af90aa498a">
      <classname>org.openmrs.Privilege</classname>
      <retired>false</retired>
    </org.openmrs.module.metadatasharing.Item>
    <org.openmrs.module.metadatasharing.Item id="118" uuid="b93bfc19-2810-4b50-80ea-cb903642aefc">
      <classname>org.openmrs.Privilege</classname>
      <retired>false</retired>
    </org.openmrs.module.metadatasharing.Item>
    <org.openmrs.module.metadatasharing.Item id="119" uuid="7f00416c-629c-11e1-82bf-27f24891fe48">
      <classname>org.openmrs.Privilege</classname>
      <retired>false</retired>
    </org.openmrs.module.metadatasharing.Item>
    <org.openmrs.module.metadatasharing.Item id="120" uuid="7f003bea-629c-11e1-82bf-27f24891fe48">
      <classname>org.openmrs.Privilege</classname>
      <retired>false</retired>
    </org.openmrs.module.metadatasharing.Item>
    <org.openmrs.module.metadatasharing.Item id="121" uuid="2b49d83a-f858-4a6a-9c1a-56d413bb0eac">
      <classname>org.openmrs.Privilege</classname>
      <retired>false</retired>
    </org.openmrs.module.metadatasharing.Item>
    <org.openmrs.module.metadatasharing.Item id="122" uuid="7f0021f0-629c-11e1-82bf-27f24891fe48">
      <classname>org.openmrs.Privilege</classname>
      <retired>false</retired>
    </org.openmrs.module.metadatasharing.Item>
    <org.openmrs.module.metadatasharing.Item id="123" uuid="b9447da9-35d7-4f59-b3c1-03a62a03c8e2">
      <classname>org.openmrs.Privilege</classname>
      <retired>false</retired>
    </org.openmrs.module.metadatasharing.Item>
    <org.openmrs.module.metadatasharing.Item id="124" uuid="7f00559e-629c-11e1-82bf-27f24891fe48">
      <classname>org.openmrs.Privilege</classname>
      <retired>false</retired>
    </org.openmrs.module.metadatasharing.Item>
    <org.openmrs.module.metadatasharing.Item id="125" uuid="44bb1534-e24c-401c-a2b5-615bb12bfd87">
      <classname>org.openmrs.Privilege</classname>
      <retired>false</retired>
    </org.openmrs.module.metadatasharing.Item>
    <org.openmrs.module.metadatasharing.Item id="126" uuid="9fbf78c1-3307-4dbd-9681-ffb17426c945">
      <classname>org.openmrs.Privilege</classname>
      <retired>false</retired>
    </org.openmrs.module.metadatasharing.Item>
    <org.openmrs.module.metadatasharing.Item id="127" uuid="7f005378-629c-11e1-82bf-27f24891fe48">
      <classname>org.openmrs.Privilege</classname>
      <retired>false</retired>
    </org.openmrs.module.metadatasharing.Item>
    <org.openmrs.module.metadatasharing.Item id="128" uuid="7f003ad2-629c-11e1-82bf-27f24891fe48">
      <classname>org.openmrs.Privilege</classname>
      <retired>false</retired>
    </org.openmrs.module.metadatasharing.Item>
    <org.openmrs.module.metadatasharing.Item id="129" uuid="527d37be-8115-412c-84fb-1d88e34e5bd7">
      <classname>org.openmrs.Privilege</classname>
      <retired>false</retired>
    </org.openmrs.module.metadatasharing.Item>
    <org.openmrs.module.metadatasharing.Item id="130" uuid="f7456957-a177-42e0-a48d-227076244220">
      <classname>org.openmrs.Privilege</classname>
      <retired>false</retired>
    </org.openmrs.module.metadatasharing.Item>
    <org.openmrs.module.metadatasharing.Item id="131" uuid="7f003fbe-629c-11e1-82bf-27f24891fe48">
      <classname>org.openmrs.Privilege</classname>
      <retired>false</retired>
    </org.openmrs.module.metadatasharing.Item>
    <org.openmrs.module.metadatasharing.Item id="132" uuid="7f0051ca-629c-11e1-82bf-27f24891fe48">
      <classname>org.openmrs.Privilege</classname>
      <retired>false</retired>
    </org.openmrs.module.metadatasharing.Item>
    <org.openmrs.module.metadatasharing.Item id="133" uuid="7f005404-629c-11e1-82bf-27f24891fe48">
      <classname>org.openmrs.Privilege</classname>
      <retired>false</retired>
    </org.openmrs.module.metadatasharing.Item>
    <org.openmrs.module.metadatasharing.Item id="134" uuid="9e477925-a80f-4fe9-846f-50029865ba82">
      <classname>org.openmrs.Privilege</classname>
      <retired>false</retired>
    </org.openmrs.module.metadatasharing.Item>
    <org.openmrs.module.metadatasharing.Item id="135" uuid="7f005a12-629c-11e1-82bf-27f24891fe48">
      <classname>org.openmrs.Privilege</classname>
      <retired>false</retired>
    </org.openmrs.module.metadatasharing.Item>
    <org.openmrs.module.metadatasharing.Item id="136" uuid="7f0039b0-629c-11e1-82bf-27f24891fe48">
      <classname>org.openmrs.Privilege</classname>
      <retired>false</retired>
    </org.openmrs.module.metadatasharing.Item>
    <org.openmrs.module.metadatasharing.Item id="137" uuid="7f002830-629c-11e1-82bf-27f24891fe48">
      <classname>org.openmrs.Privilege</classname>
      <retired>false</retired>
    </org.openmrs.module.metadatasharing.Item>
    <org.openmrs.module.metadatasharing.Item id="138" uuid="be20e9fa-8eb8-4fc1-b9a4-d7f62c2ba8a7">
      <classname>org.openmrs.Privilege</classname>
      <retired>false</retired>
    </org.openmrs.module.metadatasharing.Item>
    <org.openmrs.module.metadatasharing.Item id="139" uuid="7f002a60-629c-11e1-82bf-27f24891fe48">
      <classname>org.openmrs.Privilege</classname>
      <retired>false</retired>
    </org.openmrs.module.metadatasharing.Item>
    <org.openmrs.module.metadatasharing.Item id="140" uuid="32657f24-2494-402b-8b91-e6ca6528b7a3">
      <classname>org.openmrs.Privilege</classname>
      <retired>false</retired>
    </org.openmrs.module.metadatasharing.Item>
    <org.openmrs.module.metadatasharing.Item id="141" uuid="7cffd2e1-222f-4493-b025-92860db2f7fb">
      <classname>org.openmrs.Privilege</classname>
      <retired>false</retired>
    </org.openmrs.module.metadatasharing.Item>
    <org.openmrs.module.metadatasharing.Item id="142" uuid="2e262680-9903-4e0a-b4f5-57014ded870f">
      <classname>org.openmrs.Privilege</classname>
      <retired>false</retired>
    </org.openmrs.module.metadatasharing.Item>
    <org.openmrs.module.metadatasharing.Item id="143" uuid="7f002132-629c-11e1-82bf-27f24891fe48">
      <classname>org.openmrs.Privilege</classname>
      <retired>false</retired>
    </org.openmrs.module.metadatasharing.Item>
    <org.openmrs.module.metadatasharing.Item id="144" uuid="7f003208-629c-11e1-82bf-27f24891fe48">
      <classname>org.openmrs.Privilege</classname>
      <retired>false</retired>
    </org.openmrs.module.metadatasharing.Item>
    <org.openmrs.module.metadatasharing.Item id="145" uuid="7f002574-629c-11e1-82bf-27f24891fe48">
      <classname>org.openmrs.Privilege</classname>
      <retired>false</retired>
    </org.openmrs.module.metadatasharing.Item>
    <org.openmrs.module.metadatasharing.Item id="146" uuid="7f005878-629c-11e1-82bf-27f24891fe48">
      <classname>org.openmrs.Privilege</classname>
      <retired>false</retired>
    </org.openmrs.module.metadatasharing.Item>
    <org.openmrs.module.metadatasharing.Item id="147" uuid="5753fd7d-d683-4848-9b1e-ca34633c61f6">
      <classname>org.openmrs.Privilege</classname>
      <retired>false</retired>
    </org.openmrs.module.metadatasharing.Item>
    <org.openmrs.module.metadatasharing.Item id="148" uuid="7f002790-629c-11e1-82bf-27f24891fe48">
      <classname>org.openmrs.Privilege</classname>
      <retired>false</retired>
    </org.openmrs.module.metadatasharing.Item>
    <org.openmrs.module.metadatasharing.Item id="149" uuid="c3400450-8550-4ba3-982a-6964ecb37397">
      <classname>org.openmrs.Privilege</classname>
      <retired>false</retired>
    </org.openmrs.module.metadatasharing.Item>
    <org.openmrs.module.metadatasharing.Item id="150" uuid="731ca569-d79b-47ba-88d4-8f15f4f4d0f2">
      <classname>org.openmrs.Privilege</classname>
      <retired>false</retired>
    </org.openmrs.module.metadatasharing.Item>
    <org.openmrs.module.metadatasharing.Item id="151" uuid="1618bd90-f5c2-4747-b73f-a60be11faa0c">
      <classname>org.openmrs.Privilege</classname>
      <retired>false</retired>
    </org.openmrs.module.metadatasharing.Item>
    <org.openmrs.module.metadatasharing.Item id="152" uuid="1b05f829-9a7b-4b9b-ae26-92c69c203a0b">
      <classname>org.openmrs.Privilege</classname>
      <retired>false</retired>
    </org.openmrs.module.metadatasharing.Item>
    <org.openmrs.module.metadatasharing.Item id="153" uuid="7f004dec-629c-11e1-82bf-27f24891fe48">
      <classname>org.openmrs.Privilege</classname>
      <retired>false</retired>
    </org.openmrs.module.metadatasharing.Item>
    <org.openmrs.module.metadatasharing.Item id="154" uuid="7f004d60-629c-11e1-82bf-27f24891fe48">
      <classname>org.openmrs.Privilege</classname>
      <retired>false</retired>
    </org.openmrs.module.metadatasharing.Item>
    <org.openmrs.module.metadatasharing.Item id="155" uuid="7f00513e-629c-11e1-82bf-27f24891fe48">
      <classname>org.openmrs.Privilege</classname>
      <retired>false</retired>
    </org.openmrs.module.metadatasharing.Item>
    <org.openmrs.module.metadatasharing.Item id="156" uuid="0ed01da8-09de-4bc3-b725-707f1cd90954">
      <classname>org.openmrs.Privilege</classname>
      <retired>false</retired>
    </org.openmrs.module.metadatasharing.Item>
    <org.openmrs.module.metadatasharing.Item id="157" uuid="7f005a9e-629c-11e1-82bf-27f24891fe48">
      <classname>org.openmrs.Privilege</classname>
      <retired>false</retired>
    </org.openmrs.module.metadatasharing.Item>
    <org.openmrs.module.metadatasharing.Item id="158" uuid="f3182468-130c-4549-832b-9e2a3527b81d">
      <classname>org.openmrs.Privilege</classname>
      <retired>false</retired>
    </org.openmrs.module.metadatasharing.Item>
    <org.openmrs.module.metadatasharing.Item id="159" uuid="6fcab63f-ccb5-4e4e-9624-a3d8c2311080">
      <classname>org.openmrs.Privilege</classname>
      <retired>false</retired>
    </org.openmrs.module.metadatasharing.Item>
    <org.openmrs.module.metadatasharing.Item id="160" uuid="13a8a836-ef01-4e9f-998e-8f513a5d7660">
      <classname>org.openmrs.Privilege</classname>
      <retired>false</retired>
    </org.openmrs.module.metadatasharing.Item>
    <org.openmrs.module.metadatasharing.Item id="161" uuid="775b241d-9470-4e59-9eff-f79fc84cc042">
      <classname>org.openmrs.Privilege</classname>
      <retired>false</retired>
    </org.openmrs.module.metadatasharing.Item>
    <org.openmrs.module.metadatasharing.Item id="162" uuid="7f004e78-629c-11e1-82bf-27f24891fe48">
      <classname>org.openmrs.Privilege</classname>
      <retired>false</retired>
    </org.openmrs.module.metadatasharing.Item>
    <org.openmrs.module.metadatasharing.Item id="163" uuid="7f0029d4-629c-11e1-82bf-27f24891fe48">
      <classname>org.openmrs.Privilege</classname>
      <retired>false</retired>
    </org.openmrs.module.metadatasharing.Item>
    <org.openmrs.module.metadatasharing.Item id="164" uuid="97201dd5-9888-4410-81af-7d929459cd88">
      <classname>org.openmrs.Privilege</classname>
      <retired>false</retired>
    </org.openmrs.module.metadatasharing.Item>
    <org.openmrs.module.metadatasharing.Item id="165" uuid="72c6f672-bae3-468a-8413-591806c64bf5">
      <classname>org.openmrs.Privilege</classname>
      <retired>false</retired>
    </org.openmrs.module.metadatasharing.Item>
    <org.openmrs.module.metadatasharing.Item id="166" uuid="7f005512-629c-11e1-82bf-27f24891fe48">
      <classname>org.openmrs.Privilege</classname>
      <retired>false</retired>
    </org.openmrs.module.metadatasharing.Item>
    <org.openmrs.module.metadatasharing.Item id="167" uuid="7f003f32-629c-11e1-82bf-27f24891fe48">
      <classname>org.openmrs.Privilege</classname>
      <retired>false</retired>
    </org.openmrs.module.metadatasharing.Item>
    <org.openmrs.module.metadatasharing.Item id="168" uuid="bcf6beed-d41c-4ad3-bff3-c743c963489b">
      <classname>org.openmrs.Privilege</classname>
      <retired>false</retired>
    </org.openmrs.module.metadatasharing.Item>
    <org.openmrs.module.metadatasharing.Item id="169" uuid="7f0056c0-629c-11e1-82bf-27f24891fe48">
      <classname>org.openmrs.Privilege</classname>
      <retired>false</retired>
    </org.openmrs.module.metadatasharing.Item>
    <org.openmrs.module.metadatasharing.Item id="170" uuid="7f0058fa-629c-11e1-82bf-27f24891fe48">
      <classname>org.openmrs.Privilege</classname>
      <retired>false</retired>
    </org.openmrs.module.metadatasharing.Item>
    <org.openmrs.module.metadatasharing.Item id="171" uuid="7f00306e-629c-11e1-82bf-27f24891fe48">
      <classname>org.openmrs.Privilege</classname>
      <retired>false</retired>
    </org.openmrs.module.metadatasharing.Item>
    <org.openmrs.module.metadatasharing.Item id="172" uuid="7f003924-629c-11e1-82bf-27f24891fe48">
      <classname>org.openmrs.Privilege</classname>
      <retired>false</retired>
    </org.openmrs.module.metadatasharing.Item>
    <org.openmrs.module.metadatasharing.Item id="173" uuid="7f0036ea-629c-11e1-82bf-27f24891fe48">
      <classname>org.openmrs.Privilege</classname>
      <retired>false</retired>
    </org.openmrs.module.metadatasharing.Item>
    <org.openmrs.module.metadatasharing.Item id="174" uuid="7f0047ca-629c-11e1-82bf-27f24891fe48">
      <classname>org.openmrs.Privilege</classname>
      <retired>false</retired>
    </org.openmrs.module.metadatasharing.Item>
    <org.openmrs.module.metadatasharing.Item id="175" uuid="d9d85187-f811-4473-8099-aaa2ce0e608e">
      <classname>org.openmrs.Privilege</classname>
      <retired>false</retired>
    </org.openmrs.module.metadatasharing.Item>
    <org.openmrs.module.metadatasharing.Item id="176" uuid="eaa19ffb-fe3e-403c-a5bc-3ac0209ef97a">
      <classname>org.openmrs.Privilege</classname>
      <retired>false</retired>
    </org.openmrs.module.metadatasharing.Item>
    <org.openmrs.module.metadatasharing.Item id="177" uuid="de50c7b7-ac3c-4c79-bbdd-cf26cdb1f224">
      <classname>org.openmrs.Privilege</classname>
      <retired>false</retired>
    </org.openmrs.module.metadatasharing.Item>
    <org.openmrs.module.metadatasharing.Item id="178" uuid="ae17aae4-6b69-49d9-ab69-0045836402c4">
      <classname>org.openmrs.Privilege</classname>
      <retired>false</retired>
    </org.openmrs.module.metadatasharing.Item>
    <org.openmrs.module.metadatasharing.Item id="179" uuid="7f002db2-629c-11e1-82bf-27f24891fe48">
      <classname>org.openmrs.Privilege</classname>
      <retired>false</retired>
    </org.openmrs.module.metadatasharing.Item>
    <org.openmrs.module.metadatasharing.Item id="180" uuid="7f00365e-629c-11e1-82bf-27f24891fe48">
      <classname>org.openmrs.Privilege</classname>
      <retired>false</retired>
    </org.openmrs.module.metadatasharing.Item>
    <org.openmrs.module.metadatasharing.Item id="181" uuid="7f003a46-629c-11e1-82bf-27f24891fe48">
      <classname>org.openmrs.Privilege</classname>
      <retired>false</retired>
    </org.openmrs.module.metadatasharing.Item>
    <org.openmrs.module.metadatasharing.Item id="182" uuid="7f003b5e-629c-11e1-82bf-27f24891fe48">
      <classname>org.openmrs.Privilege</classname>
      <retired>false</retired>
    </org.openmrs.module.metadatasharing.Item>
    <org.openmrs.module.metadatasharing.Item id="183" uuid="7f003550-629c-11e1-82bf-27f24891fe48">
      <classname>org.openmrs.Privilege</classname>
      <retired>false</retired>
    </org.openmrs.module.metadatasharing.Item>
    <org.openmrs.module.metadatasharing.Item id="184" uuid="7f0030f0-629c-11e1-82bf-27f24891fe48">
      <classname>org.openmrs.Privilege</classname>
      <retired>false</retired>
    </org.openmrs.module.metadatasharing.Item>
    <org.openmrs.module.metadatasharing.Item id="185" uuid="7f0040e0-629c-11e1-82bf-27f24891fe48">
      <classname>org.openmrs.Privilege</classname>
      <retired>false</retired>
    </org.openmrs.module.metadatasharing.Item>
    <org.openmrs.module.metadatasharing.Item id="186" uuid="7f0025f6-629c-11e1-82bf-27f24891fe48">
      <classname>org.openmrs.Privilege</classname>
      <retired>false</retired>
    </org.openmrs.module.metadatasharing.Item>
    <org.openmrs.module.metadatasharing.Item id="187" uuid="f2d47a72-5e0c-45fe-8eeb-f7d95a423b3e">
      <classname>org.openmrs.Privilege</classname>
      <retired>false</retired>
    </org.openmrs.module.metadatasharing.Item>
    <org.openmrs.module.metadatasharing.Item id="188" uuid="7f00293e-629c-11e1-82bf-27f24891fe48">
      <classname>org.openmrs.Privilege</classname>
      <retired>false</retired>
    </org.openmrs.module.metadatasharing.Item>
    <org.openmrs.module.metadatasharing.Item id="189" uuid="ccb53841-0d81-46a1-948f-d9594f4ca2a7">
      <classname>org.openmrs.Privilege</classname>
      <retired>false</retired>
    </org.openmrs.module.metadatasharing.Item>
    <org.openmrs.module.metadatasharing.Item id="190" uuid="7f00388e-629c-11e1-82bf-27f24891fe48">
      <classname>org.openmrs.Privilege</classname>
      <retired>false</retired>
    </org.openmrs.module.metadatasharing.Item>
    <org.openmrs.module.metadatasharing.Item id="191" uuid="7f005026-629c-11e1-82bf-27f24891fe48">
      <classname>org.openmrs.Privilege</classname>
      <retired>false</retired>
    </org.openmrs.module.metadatasharing.Item>
    <org.openmrs.module.metadatasharing.Item id="192" uuid="f4a360d9-06b9-4a06-9877-b19efd5eec0d">
      <classname>org.openmrs.Privilege</classname>
      <retired>false</retired>
    </org.openmrs.module.metadatasharing.Item>
    <org.openmrs.module.metadatasharing.Item id="193" uuid="7f0028b2-629c-11e1-82bf-27f24891fe48">
      <classname>org.openmrs.Privilege</classname>
      <retired>false</retired>
    </org.openmrs.module.metadatasharing.Item>
    <org.openmrs.module.metadatasharing.Item id="194" uuid="2b767f82-4372-4ceb-8a67-a22816126921">
      <classname>org.openmrs.Privilege</classname>
      <retired>false</retired>
    </org.openmrs.module.metadatasharing.Item>
    <org.openmrs.module.metadatasharing.Item id="195" uuid="1597ee0c-0559-4164-bd18-b78f05034bf8">
      <classname>org.openmrs.Privilege</classname>
      <retired>false</retired>
    </org.openmrs.module.metadatasharing.Item>
    <org.openmrs.module.metadatasharing.Item id="196" uuid="7f005c9c-629c-11e1-82bf-27f24891fe48">
      <classname>org.openmrs.Privilege</classname>
      <retired>false</retired>
    </org.openmrs.module.metadatasharing.Item>
    <org.openmrs.module.metadatasharing.Item id="197" uuid="7f0050b2-629c-11e1-82bf-27f24891fe48">
      <classname>org.openmrs.Privilege</classname>
      <retired>false</retired>
    </org.openmrs.module.metadatasharing.Item>
    <org.openmrs.module.metadatasharing.Item id="198" uuid="7f0033b6-629c-11e1-82bf-27f24891fe48">
      <classname>org.openmrs.Privilege</classname>
      <retired>false</retired>
    </org.openmrs.module.metadatasharing.Item>
    <org.openmrs.module.metadatasharing.Item id="199" uuid="8d94f280-c2cc-11de-8d13-0010c6dffd0f">
      <classname>org.openmrs.Role</classname>
      <retired>false</retired>
    </org.openmrs.module.metadatasharing.Item>
  </relatedItems>
</package>
