<?xml version="1.0" encoding="UTF-8"?>
<list id="1">
  <org.openmrs.PatientIdentifierType id="2" uuid="0d29df0a-cd23-4930-b5c9-adcea28ad0ed">
    <name>Patient Clinic Number</name>
    <description>Clinic-based identifier given to HIV patients</description>
    <creator/>
    <dateCreated id="3">2012-05-29 17:44:12</dateCreated>
    <retired>false</retired>
    <patientIdentifierTypeId>4</patientIdentifierTypeId>
    <required>false</required>
    <checkDigit>false</checkDigit>
    <locationBehavior>REQUIRED</locationBehavior>
  </org.openmrs.PatientIdentifierType>
  <org.openmrs.PatientIdentifierType id="4" uuid="03ff7348-e221-443f-b516-4d0895809863">
    <name>Unique Patient Number</name>
    <description>Unique number assigned to all patients</description>
    <creator/>
    <dateCreated id="5">2012-05-29 17:43:17</dateCreated>
    <retired>false</retired>
    <patientIdentifierTypeId>3</patientIdentifierTypeId>
    <required>false</required>
    <checkDigit>false</checkDigit>
    <locationBehavior>NOT_USED</locationBehavior>
  </org.openmrs.PatientIdentifierType>
  <org.openmrs.VisitType id="6" uuid="73bbb069-9781-4afc-a9d1-54b6b2270e01">
    <name>Outpatient Consult</name>
    <description>Patient came for a general consult</description>
    <creator/>
    <dateCreated id="7">2011-12-09 00:00:00</dateCreated>
    <changedBy/>
    <dateChanged id="8">2012-06-11 23:01:06</dateChanged>
    <retired>false</retired>
    <visitTypeId>1</visitTypeId>
  </org.openmrs.VisitType>
  <org.openmrs.VisitType id="9" uuid="73bbb069-9781-4afc-a9d1-54b6b2270e02">
    <name>Hospitalization</name>
    <description>Patient was admitted to the hospital</description>
    <creator/>
    <dateCreated id="10">2011-12-09 00:00:00</dateCreated>
    <changedBy/>
    <dateChanged id="11">2012-06-11 23:01:06</dateChanged>
    <retired>false</retired>
    <visitTypeId>2</visitTypeId>
  </org.openmrs.VisitType>
  <org.openmrs.VisitType id="12" uuid="a74032ac-9624-11e1-bc86-da3a922f3783">
    <name>HIV Consult</name>
    <description>Patient came for an HIV consult</description>
    <creator/>
    <dateCreated id="13">2012-05-04 13:20:18</dateCreated>
    <changedBy/>
    <dateChanged id="14">2012-06-11 23:01:06</dateChanged>
    <retired>false</retired>
    <visitTypeId>3</visitTypeId>
  </org.openmrs.VisitType>
  <org.openmrs.PersonAttributeType id="15" uuid="afdbc2da-3a98-4c9a-8e4b-27c3c3be716a">
    <name>Telephone Contact</name>
    <description>Telephone number the patient can be contacted at</description>
    <creator/>
    <dateCreated id="16">2012-05-29 18:00:23</dateCreated>
    <changedBy/>
    <dateChanged id="17">2012-06-11 23:01:06</dateChanged>
    <retired>false</retired>
    <personAttributeTypeId>8</personAttributeTypeId>
    <format>java.lang.String</format>
    <sortWeight>7.0</sortWeight>
    <searchable>false</searchable>
  </org.openmrs.PersonAttributeType>
  <org.openmrs.EncounterType id="18" uuid="94ad2b98-5f0a-4eee-96e4-446412bf5306">
    <name>HIV Consult</name>
    <description>Initial or followup consultation in HIV clinic</description>
    <creator/>
    <dateCreated id="19">2012-05-14 12:08:06</dateCreated>
    <retired>false</retired>
    <encounterTypeId>6</encounterTypeId>
  </org.openmrs.EncounterType>
  <org.openmrs.EncounterType id="20" uuid="f2f4760e-0539-4461-ae0e-128e6b679882">
    <name>Primary Care Consult</name>
    <description>Consult in primary care clinic</description>
    <creator/>
    <dateCreated id="21">2012-05-14 12:08:37</dateCreated>
    <retired>false</retired>
    <encounterTypeId>7</encounterTypeId>
  </org.openmrs.EncounterType>
  <org.openmrs.EncounterType id="22" uuid="88bdd354-2310-4e63-b8fb-953e56969ca3">
    <name>HIV Exit from Care</name>
    <description>Records Exit-from-Care in the HIV program, either by transfer, death, or loss-to-followup.</description>
    <creator/>
    <dateCreated id="23">2012-05-14 12:09:31</dateCreated>
    <retired>false</retired>
    <encounterTypeId>8</encounterTypeId>
  </org.openmrs.EncounterType>
  <org.openmrs.EncounterType id="24" uuid="cb93cdea-6d03-4283-9996-c9f3dc77cec3">
    <name>HIV Registration</name>
    <description>Initial data collection for the HIV program</description>
    <creator/>
    <dateCreated id="25">2012-05-14 12:07:17</dateCreated>
    <retired>false</retired>
    <encounterTypeId>5</encounterTypeId>
  </org.openmrs.EncounterType>
  <org.openmrs.EncounterRole id="26" uuid="73bbb069-9781-4afc-a9d1-54b6b2270e04">
    <name>Nurse</name>
    <description>A Nurse encounter role</description>
    <creator/>
    <dateCreated id="27">2011-12-09 00:00:00</dateCreated>
    <changedBy/>
    <dateChanged id="28">2012-06-11 23:01:06</dateChanged>
    <retired>false</retired>
    <encounterRoleId>2</encounterRoleId>
  </org.openmrs.EncounterRole>
  <org.openmrs.EncounterRole id="29" uuid="73bbb069-9781-4afc-a9d1-54b6b2270e03">
    <name>Doctor</name>
    <description>A Doctor encounter role</description>
    <creator/>
    <dateCreated id="30">2011-12-09 00:00:00</dateCreated>
    <changedBy/>
    <dateChanged id="31">2012-06-11 23:01:06</dateChanged>
    <retired>false</retired>
    <encounterRoleId>1</encounterRoleId>
  </org.openmrs.EncounterRole>
  <org.openmrs.EncounterRole id="32" uuid="a0b03050-c99b-11e0-9572-0800200c9a66">
    <name>Unknown</name>
    <description>Unknown encounter role for legacy providers with no encounter role set</description>
    <creator/>
    <dateCreated id="33">2011-08-18 14:00:00</dateCreated>
    <changedBy/>
    <dateChanged id="34">2012-06-11 23:01:06</dateChanged>
    <retired>false</retired>
    <encounterRoleId>3</encounterRoleId>
  </org.openmrs.EncounterRole>
  <org.openmrs.Role id="35" uuid="66692d5a-a200-49f9-90c4-0e96fc7d2063">
    <description>Typically for demonstration purposes, this role has access to all apps</description>
    <retired>false</retired>
    <role>All Apps</role>
    <privileges id="36">
      <org.openmrs.Privilege id="37" uuid="a780ec1d-49a3-405f-b50f-28b8c2e00a38">
        <description>Run the Medical Chart app</description>
        <retired>false</retired>
        <privilege>App: kenyaemr.medicalChart</privilege>
      </org.openmrs.Privilege>
      <org.openmrs.Privilege id="38" uuid="853abd90-e9c6-48b2-b392-61abcfad403f">
        <description>Run the Medical Encounter app</description>
        <retired>false</retired>
        <privilege>App: kenyaemr.medicalEncounter</privilege>
      </org.openmrs.Privilege>
      <org.openmrs.Privilege id="39" uuid="912fa1d3-a28d-4e1f-b3c2-2993cde44a90">
        <description>Run the Reports app</description>
        <retired>false</retired>
        <privilege>App: kenyaemr.reports</privilege>
      </org.openmrs.Privilege>
      <org.openmrs.Privilege id="40" uuid="3029df66-2173-4ed1-85ff-d1682487f47b">
        <description>Run the Admin app</description>
        <retired>false</retired>
        <privilege>App: kenyaemr.admin</privilege>
      </org.openmrs.Privilege>
      <org.openmrs.Privilege id="41" uuid="eba85976-71d5-4605-a8a8-9b5399b15092">
        <description>Run the Registration app</description>
        <retired>false</retired>
        <privilege>App: kenyaemr.registration</privilege>
      </org.openmrs.Privilege>
    </privileges>
    <inheritedRoles id="42">
      <org.openmrs.Role id="43" uuid="c5a7d00d-f68a-498e-b30e-7fb5f001556b">
        <description>Role that has all API privileges. You should not assign this directly to any user. It is intended to ease configuration of the app-based roles.</description>
        <retired>false</retired>
        <role>API Privileges</role>
        <privileges id="44">
          <org.openmrs.Privilege id="45" uuid="7f0024de-629c-11e1-82bf-27f24891fe48">
            <description>Able to add relationships</description>
            <retired>false</retired>
            <privilege>Add Relationships</privilege>
          </org.openmrs.Privilege>
          <org.openmrs.Privilege id="46" uuid="7f004cd4-629c-11e1-82bf-27f24891fe48">
            <description>Able to view concept proposals to the system</description>
            <retired>false</retired>
            <privilege>View Concept Proposals</privilege>
          </org.openmrs.Privilege>
          <org.openmrs.Privilege id="47" uuid="7f0057e2-629c-11e1-82bf-27f24891fe48">
            <description>Able to view person attribute types</description>
            <retired>false</retired>
            <privilege>View Person Attribute Types</privilege>
          </org.openmrs.Privilege>
          <org.openmrs.Privilege id="48" uuid="7f00238a-629c-11e1-82bf-27f24891fe48">
            <description>Able to add patients</description>
            <retired>false</retired>
            <privilege>Add Patients</privilege>
          </org.openmrs.Privilege>
          <org.openmrs.Privilege id="49" uuid="77a1dc77-5f20-4ad5-823d-758c0da621c5">
            <description>Allows registering and removal of tokens</description>
            <retired>false</retired>
            <privilege>Manage Tokens</privilege>
          </org.openmrs.Privilege>
          <org.openmrs.Privilege id="50" uuid="b93bfc19-2810-4b50-80ea-cb903642aefc">
            <description>Able to edit allergies</description>
            <retired>false</retired>
            <privilege>Edit Allergies</privilege>
          </org.openmrs.Privilege>
          <org.openmrs.Privilege id="51" uuid="66344c33-ba78-4d71-9943-a3af90aa498a">
            <description>Able to add an HL7 Queue item</description>
            <retired>false</retired>
            <privilege>Add HL7 Inbound Queue</privilege>
          </org.openmrs.Privilege>
          <org.openmrs.Privilege id="52" uuid="8b1a3b10-4138-4047-b260-e045f7b20db9">
            <description>Able to add an HL7 archive item</description>
            <retired>false</retired>
            <privilege>Add HL7 Inbound Archive</privilege>
          </org.openmrs.Privilege>
          <org.openmrs.Privilege id="53" uuid="5c785f55-fc9a-440f-bd22-2586e98d930c">
            <description>Manage Task Scheduling in Reporting Module</description>
            <retired>false</retired>
            <privilege>Manage Scheduled Report Tasks</privilege>
          </org.openmrs.Privilege>
          <org.openmrs.Privilege id="54" uuid="7f004c3e-629c-11e1-82bf-27f24891fe48">
            <description>Able to view concept datatypes</description>
            <retired>false</retired>
            <privilege>View Concept Datatypes</privilege>
          </org.openmrs.Privilege>
          <org.openmrs.Privilege id="55" uuid="7f00317c-629c-11e1-82bf-27f24891fe48">
            <description>Able to edit patients in programs</description>
            <retired>false</retired>
            <privilege>Edit Patient Programs</privilege>
          </org.openmrs.Privilege>
          <org.openmrs.Privilege id="56" uuid="5b63f15d-e25a-4e7f-af85-a15d01299083">
            <description>Able to view encounter roles</description>
            <retired>false</retired>
            <privilege>View Encounter Roles</privilege>
          </org.openmrs.Privilege>
          <org.openmrs.Privilege id="57" uuid="7f0046bc-629c-11e1-82bf-27f24891fe48">
            <description>Allows user to upload/overwrite the XSNs defined for forms</description>
            <retired>false</retired>
            <privilege>Upload XSN</privilege>
          </org.openmrs.Privilege>
          <org.openmrs.Privilege id="58" uuid="2b49d83a-f858-4a6a-9c1a-56d413bb0eac">
            <description>Able to view an HL7 archive item</description>
            <retired>false</retired>
            <privilege>View HL7 Inbound Archive</privilege>
          </org.openmrs.Privilege>
          <org.openmrs.Privilege id="59" uuid="7f003bea-629c-11e1-82bf-27f24891fe48">
            <description>Able to add/edit/delete patient identifier types</description>
            <retired>false</retired>
            <privilege>Manage Identifier Types</privilege>
          </org.openmrs.Privilege>
          <org.openmrs.Privilege id="60" uuid="7f00416c-629c-11e1-82bf-27f24891fe48">
            <description>Able to add/edit/remove scheduled tasks</description>
            <retired>false</retired>
            <privilege>Manage Scheduler</privilege>
          </org.openmrs.Privilege>
          <org.openmrs.Privilege id="61" uuid="7f0021f0-629c-11e1-82bf-27f24891fe48">
            <description>Able to add patient identifiers</description>
            <retired>false</retired>
            <privilege>Add Patient Identifiers</privilege>
          </org.openmrs.Privilege>
          <org.openmrs.Privilege id="62" uuid="7f002452-629c-11e1-82bf-27f24891fe48">
            <description>Able to add person objects</description>
            <retired>false</retired>
            <privilege>Add People</privilege>
          </org.openmrs.Privilege>
          <org.openmrs.Privilege id="63" uuid="b9447da9-35d7-4f59-b3c1-03a62a03c8e2">
            <description>Able to view concept reference terms</description>
            <retired>false</retired>
            <privilege>View Concept Reference Terms</privilege>
          </org.openmrs.Privilege>
          <org.openmrs.Privilege id="64" uuid="67f8442a-5a3e-4855-8af9-408c8385b2de">
            <description>Able to delete an HL7 archive item</description>
            <retired>false</retired>
            <privilege>Delete HL7 Inbound Exception</privilege>
          </org.openmrs.Privilege>
          <org.openmrs.Privilege id="65" uuid="7f00559e-629c-11e1-82bf-27f24891fe48">
            <description>Able to view patient identifiers</description>
            <retired>false</retired>
            <privilege>View Patient Identifiers</privilege>
          </org.openmrs.Privilege>
          <org.openmrs.Privilege id="66" uuid="44bb1534-e24c-401c-a2b5-615bb12bfd87">
            <description>Able to view database changes from the admin screen</description>
            <retired>false</retired>
            <privilege>View Database Changes</privilege>
          </org.openmrs.Privilege>
          <org.openmrs.Privilege id="67" uuid="f6c4e963-0d83-4e66-bba9-847a2adc1a92">
            <description>Allows viewing of user-defined rules. (This privilege is not necessary to run rules under normal usage.)</description>
            <retired>false</retired>
            <privilege>View Rule Definitions</privilege>
          </org.openmrs.Privilege>
          <org.openmrs.Privilege id="68" uuid="9fbf78c1-3307-4dbd-9681-ffb17426c945">
            <description>Able to view location attribute types</description>
            <retired>false</retired>
            <privilege>View Location Attribute Types</privilege>
          </org.openmrs.Privilege>
          <org.openmrs.Privilege id="69" uuid="7f002d26-629c-11e1-82bf-27f24891fe48">
            <description>Able to delete reports</description>
            <retired>false</retired>
            <privilege>Delete Reports</privilege>
          </org.openmrs.Privilege>
          <org.openmrs.Privilege id="70" uuid="7f003e1a-629c-11e1-82bf-27f24891fe48">
            <description>Able to add/edit/delete person attribute types</description>
            <retired>false</retired>
            <privilege>Manage Person Attribute Types</privilege>
          </org.openmrs.Privilege>
          <org.openmrs.Privilege id="71" uuid="7f003ea6-629c-11e1-82bf-27f24891fe48">
            <description>Able to add/edit/delete privileges</description>
            <retired>false</retired>
            <privilege>Manage Privileges</privilege>
          </org.openmrs.Privilege>
          <org.openmrs.Privilege id="72" uuid="7f003776-629c-11e1-82bf-27f24891fe48">
            <description>Able to add/edit/retire concept datatypes</description>
            <retired>false</retired>
            <privilege>Manage Concept Datatypes</privilege>
          </org.openmrs.Privilege>
          <org.openmrs.Privilege id="73" uuid="7f005378-629c-11e1-82bf-27f24891fe48">
            <description>Able to view patient observations</description>
            <retired>false</retired>
            <privilege>View Observations</privilege>
          </org.openmrs.Privilege>
          <org.openmrs.Privilege id="74" uuid="7f003ad2-629c-11e1-82bf-27f24891fe48">
            <description>Able to add/edit/delete forms</description>
            <retired>false</retired>
            <privilege>Manage Forms</privilege>
          </org.openmrs.Privilege>
          <org.openmrs.Privilege id="75" uuid="527d37be-8115-412c-84fb-1d88e34e5bd7">
            <description>Able to update an HL7 archive item</description>
            <retired>false</retired>
            <privilege>Update HL7 Inbound Exception</privilege>
          </org.openmrs.Privilege>
          <org.openmrs.Privilege id="76" uuid="7f004630-629c-11e1-82bf-27f24891fe48">
            <description>Able to purge field types</description>
            <retired>false</retired>
            <privilege>Purge Field Types</privilege>
          </org.openmrs.Privilege>
          <org.openmrs.Privilege id="77" uuid="f7456957-a177-42e0-a48d-227076244220">
            <description>Able to view visit attribute types</description>
            <retired>false</retired>
            <privilege>View Visit Attribute Types</privilege>
          </org.openmrs.Privilege>
          <org.openmrs.Privilege id="78" uuid="7f003fbe-629c-11e1-82bf-27f24891fe48">
            <description>Able to add/edit/retire relationship types</description>
            <retired>false</retired>
            <privilege>Manage Relationship Types</privilege>
          </org.openmrs.Privilege>
          <org.openmrs.Privilege id="79" uuid="7f005404-629c-11e1-82bf-27f24891fe48">
            <description>Able to view order types</description>
            <retired>false</retired>
            <privilege>View Order Types</privilege>
          </org.openmrs.Privilege>
          <org.openmrs.Privilege id="80" uuid="7f0051ca-629c-11e1-82bf-27f24891fe48">
            <description>Able to view patient identifier types</description>
            <retired>false</retired>
            <privilege>View Identifier Types</privilege>
          </org.openmrs.Privilege>
          <org.openmrs.Privilege id="81" uuid="9e477925-a80f-4fe9-846f-50029865ba82">
            <description>Able to add/edit/delete visit types</description>
            <retired>false</retired>
            <privilege>Manage Visit Types</privilege>
          </org.openmrs.Privilege>
          <org.openmrs.Privilege id="82" uuid="7f002f56-629c-11e1-82bf-27f24891fe48">
            <description>Able to edit patient encounters</description>
            <retired>false</retired>
            <privilege>Edit Encounters</privilege>
          </org.openmrs.Privilege>
          <org.openmrs.Privilege id="83" uuid="7f005a12-629c-11e1-82bf-27f24891fe48">
            <description>Able to view relationship types</description>
            <retired>false</retired>
            <privilege>View Relationship Types</privilege>
          </org.openmrs.Privilege>
          <org.openmrs.Privilege id="84" uuid="95d61daa-9d01-49c6-b64b-d0ee7e615d50">
            <description>Add allergies</description>
            <retired>false</retired>
            <privilege>Add Allergies</privilege>
          </org.openmrs.Privilege>
          <org.openmrs.Privilege id="85" uuid="7f0039b0-629c-11e1-82bf-27f24891fe48">
            <description>Able to add/edit/retire field types</description>
            <retired>false</retired>
            <privilege>Manage Field Types</privilege>
          </org.openmrs.Privilege>
          <org.openmrs.Privilege id="86" uuid="7f002830-629c-11e1-82bf-27f24891fe48">
            <description>Able to delete patient encounters</description>
            <retired>false</retired>
            <privilege>Delete Encounters</privilege>
          </org.openmrs.Privilege>
          <org.openmrs.Privilege id="87" uuid="7f004f9a-629c-11e1-82bf-27f24891fe48">
            <description>Able to view patient encounters</description>
            <retired>false</retired>
            <privilege>View Encounters</privilege>
          </org.openmrs.Privilege>
          <org.openmrs.Privilege id="88" uuid="7f003442-629c-11e1-82bf-27f24891fe48">
            <description>Able to edit reports</description>
            <retired>false</retired>
            <privilege>Edit Reports</privilege>
          </org.openmrs.Privilege>
          <org.openmrs.Privilege id="89" uuid="be20e9fa-8eb8-4fc1-b9a4-d7f62c2ba8a7">
            <description>Able to update an HL7 archive item</description>
            <retired>false</retired>
            <privilege>Update HL7 Inbound Archive</privilege>
          </org.openmrs.Privilege>
          <org.openmrs.Privilege id="90" uuid="32657f24-2494-402b-8b91-e6ca6528b7a3">
            <description>Able to update an HL7 Queue item</description>
            <retired>false</retired>
            <privilege>Update HL7 Inbound Queue</privilege>
          </org.openmrs.Privilege>
          <org.openmrs.Privilege id="91" uuid="7f002a60-629c-11e1-82bf-27f24891fe48">
            <description>Able to delete patients from programs</description>
            <retired>false</retired>
            <privilege>Delete Patient Programs</privilege>
          </org.openmrs.Privilege>
          <org.openmrs.Privilege id="92" uuid="7cffd2e1-222f-4493-b025-92860db2f7fb">
            <description>Able to add/edit/delete concept name tags</description>
            <retired>false</retired>
            <privilege>Manage Concept Name tags</privilege>
          </org.openmrs.Privilege>
          <org.openmrs.Privilege id="93" uuid="2e262680-9903-4e0a-b4f5-57014ded870f">
            <description>Remove allergies</description>
            <retired>false</retired>
            <privilege>Remove Allergies</privilege>
          </org.openmrs.Privilege>
          <org.openmrs.Privilege id="94" uuid="285e9be4-4b23-4273-afa7-797a501dd13e">
            <description>Able to edit Provider</description>
            <retired>false</retired>
            <privilege>Manage Providers</privilege>
          </org.openmrs.Privilege>
          <org.openmrs.Privilege id="95" uuid="7f002132-629c-11e1-82bf-27f24891fe48">
            <description>Able to add orders</description>
            <retired>false</retired>
            <privilege>Add Orders</privilege>
          </org.openmrs.Privilege>
          <org.openmrs.Privilege id="96" uuid="7f005634-629c-11e1-82bf-27f24891fe48">
            <description>Able to see which programs that patients are in</description>
            <retired>false</retired>
            <privilege>View Patient Programs</privilege>
          </org.openmrs.Privilege>
          <org.openmrs.Privilege id="97" uuid="7f003208-629c-11e1-82bf-27f24891fe48">
            <description>Able to edit patients</description>
            <retired>false</retired>
            <privilege>Edit Patients</privilege>
          </org.openmrs.Privilege>
          <org.openmrs.Privilege id="98" uuid="7f002574-629c-11e1-82bf-27f24891fe48">
            <description>Able to add report objects</description>
            <retired>false</retired>
            <privilege>Add Report Objects</privilege>
          </org.openmrs.Privilege>
          <org.openmrs.Privilege id="99" uuid="7f005878-629c-11e1-82bf-27f24891fe48">
            <description>Able to view user privileges</description>
            <retired>false</retired>
            <privilege>View Privileges</privilege>
          </org.openmrs.Privilege>
          <org.openmrs.Privilege id="100" uuid="7f001ce6-629c-11e1-82bf-27f24891fe48">
            <description>Able to add a cohort to the system</description>
            <retired>false</retired>
            <privilege>Add Cohorts</privilege>
          </org.openmrs.Privilege>
          <org.openmrs.Privilege id="101" uuid="5753fd7d-d683-4848-9b1e-ca34633c61f6">
            <description>Add/Edit/Remove Report Definitions</description>
            <retired>false</retired>
            <privilege>Manage Report Definitions</privilege>
          </org.openmrs.Privilege>
          <org.openmrs.Privilege id="102" uuid="7f002c9a-629c-11e1-82bf-27f24891fe48">
            <description>Able to delete report objects</description>
            <retired>false</retired>
            <privilege>Delete Report Objects</privilege>
          </org.openmrs.Privilege>
          <org.openmrs.Privilege id="103" uuid="7f005b34-629c-11e1-82bf-27f24891fe48">
            <description>Able to view report objects</description>
            <retired>false</retired>
            <privilege>View Report Objects</privilege>
          </org.openmrs.Privilege>
          <org.openmrs.Privilege id="104" uuid="7f002c0e-629c-11e1-82bf-27f24891fe48">
            <description>Able to delete relationships</description>
            <retired>false</retired>
            <privilege>Delete Relationships</privilege>
          </org.openmrs.Privilege>
          <org.openmrs.Privilege id="105" uuid="7f002790-629c-11e1-82bf-27f24891fe48">
            <description>Able to delete concept proposals from the system</description>
            <retired>false</retired>
            <privilege>Delete Concept Proposals</privilege>
          </org.openmrs.Privilege>
          <org.openmrs.Privilege id="106" uuid="981691a7-984a-4d16-89e5-1adb1609472b">
            <description>Add problems</description>
            <retired>false</retired>
            <privilege>Add Problems</privilege>
          </org.openmrs.Privilege>
          <org.openmrs.Privilege id="107" uuid="c3400450-8550-4ba3-982a-6964ecb37397">
            <description>Able to edit visits</description>
            <retired>false</retired>
            <privilege>Edit Visits</privilege>
          </org.openmrs.Privilege>
          <org.openmrs.Privilege id="108" uuid="9e628a0d-9a8b-4b7a-9495-43c28d45c9bd">
            <description>Allows creation and editing of user-defined rules</description>
            <retired>false</retired>
            <privilege>Manage Rule Definitions</privilege>
          </org.openmrs.Privilege>
          <org.openmrs.Privilege id="109" uuid="731ca569-d79b-47ba-88d4-8f15f4f4d0f2">
            <description>Allows user to export and import metadata</description>
            <retired>false</retired>
            <privilege>Share Metadata</privilege>
          </org.openmrs.Privilege>
          <org.openmrs.Privilege id="110" uuid="7f001ec6-629c-11e1-82bf-27f24891fe48">
            <description>Able to add concept proposals to the system</description>
            <retired>false</retired>
            <privilege>Add Concept Proposals</privilege>
          </org.openmrs.Privilege>
          <org.openmrs.Privilege id="111" uuid="7b64f702-9c7a-4f50-b75f-d6f6f1d30fdb">
            <description>Able to view/add/remove the concept stop words</description>
            <retired>false</retired>
            <privilege>Manage Concept Stop Words</privilege>
          </org.openmrs.Privilege>
          <org.openmrs.Privilege id="112" uuid="1618bd90-f5c2-4747-b73f-a60be11faa0c">
            <description>Able to add/edit/retire location attribute types</description>
            <retired>false</retired>
            <privilege>Manage Location Attribute Types</privilege>
          </org.openmrs.Privilege>
          <org.openmrs.Privilege id="113" uuid="7f002ec0-629c-11e1-82bf-27f24891fe48">
            <description>Able to edit concept proposals in the system</description>
            <retired>false</retired>
            <privilege>Edit Concept Proposals</privilege>
          </org.openmrs.Privilege>
          <org.openmrs.Privilege id="114" uuid="1b05f829-9a7b-4b9b-ae26-92c69c203a0b">
            <description>Able to add/edit/retire concept map types</description>
            <retired>false</retired>
            <privilege>Manage Concept Map Types</privilege>
          </org.openmrs.Privilege>
          <org.openmrs.Privilege id="115" uuid="58372c4c-bd74-463f-82fe-af5150ee6843">
            <description>Able to delete/retire an HL7 archive item</description>
            <retired>false</retired>
            <privilege>Delete HL7 Inbound Archive</privilege>
          </org.openmrs.Privilege>
          <org.openmrs.Privilege id="116" uuid="7f004dec-629c-11e1-82bf-27f24891fe48">
            <description>Able to view concept entries</description>
            <retired>false</retired>
            <privilege>View Concepts</privilege>
          </org.openmrs.Privilege>
          <org.openmrs.Privilege id="117" uuid="7f004d60-629c-11e1-82bf-27f24891fe48">
            <description>Able to view concept sources</description>
            <retired>false</retired>
            <privilege>View Concept Sources</privilege>
          </org.openmrs.Privilege>
          <org.openmrs.Privilege id="118" uuid="7f005a9e-629c-11e1-82bf-27f24891fe48">
            <description>Able to view relationships</description>
            <retired>false</retired>
            <privilege>View Relationships</privilege>
          </org.openmrs.Privilege>
          <org.openmrs.Privilege id="119" uuid="0ed01da8-09de-4bc3-b725-707f1cd90954">
            <description>Able to view an HL7 archive item</description>
            <retired>false</retired>
            <privilege>View HL7 Inbound Exception</privilege>
          </org.openmrs.Privilege>
          <org.openmrs.Privilege id="120" uuid="7f00513e-629c-11e1-82bf-27f24891fe48">
            <description>Able to view global properties on the administration screen</description>
            <retired>false</retired>
            <privilege>View Global Properties</privilege>
          </org.openmrs.Privilege>
          <org.openmrs.Privilege id="121" uuid="e94cea51-4233-44d4-9b42-e2ec503f40b1">
            <description>Able to view visits</description>
            <retired>false</retired>
            <privilege>View Visits</privilege>
          </org.openmrs.Privilege>
          <org.openmrs.Privilege id="122" uuid="7f004f04-629c-11e1-82bf-27f24891fe48">
            <description>Able to view encounter types</description>
            <retired>false</retired>
            <privilege>View Encounter Types</privilege>
          </org.openmrs.Privilege>
          <org.openmrs.Privilege id="123" uuid="7f004b9e-629c-11e1-82bf-27f24891fe48">
            <description>Able to view concept classes</description>
            <retired>false</retired>
            <privilege>View Concept Classes</privilege>
          </org.openmrs.Privilege>
          <org.openmrs.Privilege id="124" uuid="f3182468-130c-4549-832b-9e2a3527b81d">
            <description>Base privilege for add/edit/delete reporting definitions. This gives access to the administrative menus, but you need to grant additional privileges to manage each specific type of reporting definition</description>
            <retired>false</retired>
            <privilege>Manage Reports</privilege>
          </org.openmrs.Privilege>
          <org.openmrs.Privilege id="125" uuid="6fcab63f-ccb5-4e4e-9624-a3d8c2311080">
            <description>Able to add an HL7 Source</description>
            <retired>false</retired>
            <privilege>Add HL7 Source</privilege>
          </org.openmrs.Privilege>
          <org.openmrs.Privilege id="126" uuid="7f0035dc-629c-11e1-82bf-27f24891fe48">
            <description>Allows user to access Form Entry pages/functions</description>
            <retired>false</retired>
            <privilege>Form Entry</privilege>
          </org.openmrs.Privilege>
          <org.openmrs.Privilege id="127" uuid="7f004748-629c-11e1-82bf-27f24891fe48">
            <description>Able to view the &apos;Administration&apos; link in the navigation bar</description>
            <retired>false</retired>
            <privilege>View Administration Functions</privilege>
          </org.openmrs.Privilege>
          <org.openmrs.Privilege id="128" uuid="b5a954dc-418c-47d1-bb92-35049e9db71e">
            <description>Able to view/add/edit the implementation id for the system</description>
            <retired>false</retired>
            <privilege>Manage Implementation Id</privilege>
          </org.openmrs.Privilege>
          <org.openmrs.Privilege id="129" uuid="775b241d-9470-4e59-9eff-f79fc84cc042">
            <description>Able to view Provider</description>
            <retired>false</retired>
            <privilege>View Providers</privilege>
          </org.openmrs.Privilege>
          <org.openmrs.Privilege id="130" uuid="13a8a836-ef01-4e9f-998e-8f513a5d7660">
            <description>Able to choose encounter visit handler and enable/disable encounter visits</description>
            <retired>false</retired>
            <privilege>Configure Visits</privilege>
          </org.openmrs.Privilege>
          <org.openmrs.Privilege id="131" uuid="7f005256-629c-11e1-82bf-27f24891fe48">
            <description>Able to view locations</description>
            <retired>false</retired>
            <privilege>View Locations</privilege>
          </org.openmrs.Privilege>
          <org.openmrs.Privilege id="132" uuid="7f00206a-629c-11e1-82bf-27f24891fe48">
            <description>Able to add patient observations</description>
            <retired>false</retired>
            <privilege>Add Observations</privilege>
          </org.openmrs.Privilege>
          <org.openmrs.Privilege id="133" uuid="7f004e78-629c-11e1-82bf-27f24891fe48">
            <description>Able to view data entry statistics from the admin screen</description>
            <retired>false</retired>
            <privilege>View Data Entry Statistics</privilege>
          </org.openmrs.Privilege>
          <org.openmrs.Privilege id="134" uuid="38812b47-78c4-4491-98e5-446232ba150f">
            <description>Add/Edit/Remove Report Designs</description>
            <retired>false</retired>
            <privilege>Manage Report Designs</privilege>
          </org.openmrs.Privilege>
          <org.openmrs.Privilege id="135" uuid="7f0029d4-629c-11e1-82bf-27f24891fe48">
            <description>Able to delete patient identifiers</description>
            <retired>false</retired>
            <privilege>Delete Patient Identifiers</privilege>
          </org.openmrs.Privilege>
          <org.openmrs.Privilege id="136" uuid="7f0052e2-629c-11e1-82bf-27f24891fe48">
            <description>Ability to see the navigation menu</description>
            <retired>false</retired>
            <privilege>View Navigation Menu</privilege>
          </org.openmrs.Privilege>
          <org.openmrs.Privilege id="137" uuid="97201dd5-9888-4410-81af-7d929459cd88">
            <description>Able to add/edit/delete location tags</description>
            <retired>false</retired>
            <privilege>Manage Location Tags</privilege>
          </org.openmrs.Privilege>
          <org.openmrs.Privilege id="138" uuid="7f002704-629c-11e1-82bf-27f24891fe48">
            <description>Able to add a cohort to the system</description>
            <retired>false</retired>
            <privilege>Delete Cohorts</privilege>
          </org.openmrs.Privilege>
          <org.openmrs.Privilege id="139" uuid="72c6f672-bae3-468a-8413-591806c64bf5">
            <description>Able to view visit types</description>
            <retired>false</retired>
            <privilege>View Visit Types</privilege>
          </org.openmrs.Privilege>
          <org.openmrs.Privilege id="140" uuid="7f005512-629c-11e1-82bf-27f24891fe48">
            <description>Able to view patient cohorts</description>
            <retired>false</retired>
            <privilege>View Patient Cohorts</privilege>
          </org.openmrs.Privilege>
          <org.openmrs.Privilege id="141" uuid="bcf6beed-d41c-4ad3-bff3-c743c963489b">
            <description>Able to delete an HL7 Queue item</description>
            <retired>false</retired>
            <privilege>Delete HL7 Inbound Queue</privilege>
          </org.openmrs.Privilege>
          <org.openmrs.Privilege id="142" uuid="7f003f32-629c-11e1-82bf-27f24891fe48">
            <description>Able to add/view/delete patient programs</description>
            <retired>false</retired>
            <privilege>Manage Programs</privilege>
          </org.openmrs.Privilege>
          <org.openmrs.Privilege id="143" uuid="7f0058fa-629c-11e1-82bf-27f24891fe48">
            <description>Able to view problems in OpenMRS</description>
            <retired>false</retired>
            <privilege>View Problems</privilege>
          </org.openmrs.Privilege>
          <org.openmrs.Privilege id="144" uuid="7f0056c0-629c-11e1-82bf-27f24891fe48">
            <description>Able to view patients</description>
            <retired>false</retired>
            <privilege>View Patients</privilege>
          </org.openmrs.Privilege>
          <org.openmrs.Privilege id="145" uuid="8a195281-824b-4a9b-80a0-1696786fc11b">
            <description>Able to update an HL7 Source</description>
            <retired>false</retired>
            <privilege>Update HL7 Source</privilege>
          </org.openmrs.Privilege>
          <org.openmrs.Privilege id="146" uuid="7f00306e-629c-11e1-82bf-27f24891fe48">
            <description>Able to edit orders</description>
            <retired>false</retired>
            <privilege>Edit Orders</privilege>
          </org.openmrs.Privilege>
          <org.openmrs.Privilege id="147" uuid="7f002aec-629c-11e1-82bf-27f24891fe48">
            <description>Able to delete patients</description>
            <retired>false</retired>
            <privilege>Delete Patients</privilege>
          </org.openmrs.Privilege>
          <org.openmrs.Privilege id="148" uuid="7f003924-629c-11e1-82bf-27f24891fe48">
            <description>Able to add/edit/delete encounter types</description>
            <retired>false</retired>
            <privilege>Manage Encounter Types</privilege>
          </org.openmrs.Privilege>
          <org.openmrs.Privilege id="149" uuid="7f004054-629c-11e1-82bf-27f24891fe48">
            <description>Able to add/edit/delete relationships</description>
            <retired>false</retired>
            <privilege>Manage Relationships</privilege>
          </org.openmrs.Privilege>
          <org.openmrs.Privilege id="150" uuid="7f0047ca-629c-11e1-82bf-27f24891fe48">
            <description>Able to view allergies in OpenMRS</description>
            <retired>false</retired>
            <privilege>View Allergies</privilege>
          </org.openmrs.Privilege>
          <org.openmrs.Privilege id="151" uuid="7f0036ea-629c-11e1-82bf-27f24891fe48">
            <description>Able to add/edit/retire concept classes</description>
            <retired>false</retired>
            <privilege>Manage Concept Classes</privilege>
          </org.openmrs.Privilege>
          <org.openmrs.Privilege id="152" uuid="7f005490-629c-11e1-82bf-27f24891fe48">
            <description>Able to view orders</description>
            <retired>false</retired>
            <privilege>View Orders</privilege>
          </org.openmrs.Privilege>
          <org.openmrs.Privilege id="153" uuid="7f002e3e-629c-11e1-82bf-27f24891fe48">
            <description>Able to add a cohort to the system</description>
            <retired>false</retired>
            <privilege>Edit Cohorts</privilege>
          </org.openmrs.Privilege>
          <org.openmrs.Privilege id="154" uuid="7f002b82-629c-11e1-82bf-27f24891fe48">
            <description>Able to delete objects</description>
            <retired>false</retired>
            <privilege>Delete People</privilege>
          </org.openmrs.Privilege>
          <org.openmrs.Privilege id="155" uuid="c1e9abb8-32b4-407c-b692-890e3e0197aa">
            <description>Able to add visits</description>
            <retired>false</retired>
            <privilege>Add Visits</privilege>
          </org.openmrs.Privilege>
          <org.openmrs.Privilege id="156" uuid="dbef2e6a-f1f9-4134-91ca-56d360742a30">
            <description>Able to view an HL7 Queue item</description>
            <retired>false</retired>
            <privilege>View HL7 Inbound Queue</privilege>
          </org.openmrs.Privilege>
          <org.openmrs.Privilege id="157" uuid="d9d85187-f811-4473-8099-aaa2ce0e608e">
            <description>Add/Edit/Remove Data Set Definitions</description>
            <retired>false</retired>
            <privilege>Manage Data Set Definitions</privilege>
          </org.openmrs.Privilege>
          <org.openmrs.Privilege id="158" uuid="7f003802-629c-11e1-82bf-27f24891fe48">
            <description>Able to add/edit/delete concept sources</description>
            <retired>false</retired>
            <privilege>Manage Concept Sources</privilege>
          </org.openmrs.Privilege>
          <org.openmrs.Privilege id="159" uuid="7f005756-629c-11e1-82bf-27f24891fe48">
            <description>Able to view person objects</description>
            <retired>false</retired>
            <privilege>View People</privilege>
          </org.openmrs.Privilege>
          <org.openmrs.Privilege id="160" uuid="7f002fe2-629c-11e1-82bf-27f24891fe48">
            <description>Able to edit patient observations</description>
            <retired>false</retired>
            <privilege>Edit Observations</privilege>
          </org.openmrs.Privilege>
          <org.openmrs.Privilege id="161" uuid="7f0034c4-629c-11e1-82bf-27f24891fe48">
            <description>Able to change the passwords of users in OpenMRS</description>
            <retired>false</retired>
            <privilege>Edit User Passwords</privilege>
          </org.openmrs.Privilege>
          <org.openmrs.Privilege id="162" uuid="eaa19ffb-fe3e-403c-a5bc-3ac0209ef97a">
            <description>Add/Edit/Remove Indicator Definitions</description>
            <retired>false</retired>
            <privilege>Manage Indicator Definitions</privilege>
          </org.openmrs.Privilege>
          <org.openmrs.Privilege id="163" uuid="19c548c2-9f7d-4a61-a90b-232aa83f1dab">
            <description>Add/Edit/Remove Cohort Definitions</description>
            <retired>false</retired>
            <privilege>Manage Cohort Definitions</privilege>
          </org.openmrs.Privilege>
          <org.openmrs.Privilege id="164" uuid="ae17aae4-6b69-49d9-ab69-0045836402c4">
            <description>Add/Edit/Remove Dimension Definitions</description>
            <retired>false</retired>
            <privilege>Manage Dimension Definitions</privilege>
          </org.openmrs.Privilege>
          <org.openmrs.Privilege id="165" uuid="de50c7b7-ac3c-4c79-bbdd-cf26cdb1f224">
            <description>Able to add/edit/retire encounter roles</description>
            <retired>false</retired>
            <privilege>Manage Encounter Roles</privilege>
          </org.openmrs.Privilege>
          <org.openmrs.Privilege id="166" uuid="7f002db2-629c-11e1-82bf-27f24891fe48">
            <description>Able to delete users in OpenMRS</description>
            <retired>false</retired>
            <privilege>Delete Users</privilege>
          </org.openmrs.Privilege>
          <org.openmrs.Privilege id="167" uuid="ff98bc88-7bcb-4ec4-a0a4-b5cbc8183634">
            <description>Able to add/edit/retire reference terms</description>
            <retired>false</retired>
            <privilege>Manage Concept Reference Terms</privilege>
          </org.openmrs.Privilege>
          <org.openmrs.Privilege id="168" uuid="7f00365e-629c-11e1-82bf-27f24891fe48">
            <description>Able to add/edit/delete user alerts</description>
            <retired>false</retired>
            <privilege>Manage Alerts</privilege>
          </org.openmrs.Privilege>
          <org.openmrs.Privilege id="169" uuid="7f003a46-629c-11e1-82bf-27f24891fe48">
            <description>Allows user to upload and edit the xsns stored on the server</description>
            <retired>false</retired>
            <privilege>Manage FormEntry XSN</privilege>
          </org.openmrs.Privilege>
          <org.openmrs.Privilege id="170" uuid="7f002682-629c-11e1-82bf-27f24891fe48">
            <description>Able to add users to OpenMRS</description>
            <retired>false</retired>
            <privilege>Add Users</privilege>
          </org.openmrs.Privilege>
          <org.openmrs.Privilege id="171" uuid="7f003b5e-629c-11e1-82bf-27f24891fe48">
            <description>Able to add/edit global properties</description>
            <retired>false</retired>
            <privilege>Manage Global Properties</privilege>
          </org.openmrs.Privilege>
          <org.openmrs.Privilege id="172" uuid="3f3e0e26-065a-4896-ba31-8a04fe56a3c9">
            <description>Able to view an HL7 Source</description>
            <retired>false</retired>
            <privilege>View HL7 Source</privilege>
          </org.openmrs.Privilege>
          <org.openmrs.Privilege id="173" uuid="7f0030f0-629c-11e1-82bf-27f24891fe48">
            <description>Able to edit patient identifiers</description>
            <retired>false</retired>
            <privilege>Edit Patient Identifiers</privilege>
          </org.openmrs.Privilege>
          <org.openmrs.Privilege id="174" uuid="7f003550-629c-11e1-82bf-27f24891fe48">
            <description>Able to edit users in OpenMRS</description>
            <retired>false</retired>
            <privilege>Edit Users</privilege>
          </org.openmrs.Privilege>
          <org.openmrs.Privilege id="175" uuid="83ddaa3c-9896-48d5-8d25-2489dedaf57b">
            <description>Allows user add, edit, and remove flags</description>
            <retired>false</retired>
            <privilege>Manage Flags</privilege>
          </org.openmrs.Privilege>
          <org.openmrs.Privilege id="176" uuid="7f0040e0-629c-11e1-82bf-27f24891fe48">
            <description>Able to add/edit/delete user roles</description>
            <retired>false</retired>
            <privilege>Manage Roles</privilege>
          </org.openmrs.Privilege>
          <org.openmrs.Privilege id="177" uuid="046bfb70-9a09-456f-be37-241177ae2cf4">
            <description>Allows the user to test a flag, or set of flags, against a Patient set</description>
            <retired>false</retired>
            <privilege>Test Flags</privilege>
          </org.openmrs.Privilege>
          <org.openmrs.Privilege id="178" uuid="7f001fa2-629c-11e1-82bf-27f24891fe48">
            <description>Able to add patient encounters</description>
            <retired>false</retired>
            <privilege>Add Encounters</privilege>
          </org.openmrs.Privilege>
          <org.openmrs.Privilege id="179" uuid="7f005e0e-629c-11e1-82bf-27f24891fe48">
            <description>Able to view users in OpenMRS</description>
            <retired>false</retired>
            <privilege>View Users</privilege>
          </org.openmrs.Privilege>
          <org.openmrs.Privilege id="180" uuid="f2d47a72-5e0c-45fe-8eeb-f7d95a423b3e">
            <description>Able to add/edit/retire visit attribute types</description>
            <retired>false</retired>
            <privilege>Manage Visit Attribute Types</privilege>
          </org.openmrs.Privilege>
          <org.openmrs.Privilege id="181" uuid="7f0025f6-629c-11e1-82bf-27f24891fe48">
            <description>Able to add reports</description>
            <retired>false</retired>
            <privilege>Add Reports</privilege>
          </org.openmrs.Privilege>
          <org.openmrs.Privilege id="182" uuid="7f00332a-629c-11e1-82bf-27f24891fe48">
            <description>Able to edit relationships</description>
            <retired>false</retired>
            <privilege>Edit Relationships</privilege>
          </org.openmrs.Privilege>
          <org.openmrs.Privilege id="183" uuid="ccb53841-0d81-46a1-948f-d9594f4ca2a7">
            <description>Remove problems</description>
            <retired>false</retired>
            <privilege>Remove Problems</privilege>
          </org.openmrs.Privilege>
          <org.openmrs.Privilege id="184" uuid="7f00293e-629c-11e1-82bf-27f24891fe48">
            <description>Able to delete orders</description>
            <retired>false</retired>
            <privilege>Delete Orders</privilege>
          </org.openmrs.Privilege>
          <org.openmrs.Privilege id="185" uuid="7f005026-629c-11e1-82bf-27f24891fe48">
            <description>Able to view field types</description>
            <retired>false</retired>
            <privilege>View Field Types</privilege>
          </org.openmrs.Privilege>
          <org.openmrs.Privilege id="186" uuid="7f00388e-629c-11e1-82bf-27f24891fe48">
            <description>Able to add/edit/delete concept entries</description>
            <retired>false</retired>
            <privilege>Manage Concepts</privilege>
          </org.openmrs.Privilege>
          <org.openmrs.Privilege id="187" uuid="f4a360d9-06b9-4a06-9877-b19efd5eec0d">
            <description>Able to add/edit/delete address templates</description>
            <retired>false</retired>
            <privilege>Manage Address Templates</privilege>
          </org.openmrs.Privilege>
          <org.openmrs.Privilege id="188" uuid="7f0028b2-629c-11e1-82bf-27f24891fe48">
            <description>Able to delete patient observations</description>
            <retired>false</retired>
            <privilege>Delete Observations</privilege>
          </org.openmrs.Privilege>
          <org.openmrs.Privilege id="189" uuid="2b767f82-4372-4ceb-8a67-a22816126921">
            <description>Able to delete visits</description>
            <retired>false</retired>
            <privilege>Delete Visits</privilege>
          </org.openmrs.Privilege>
          <org.openmrs.Privilege id="190" uuid="7f003294-629c-11e1-82bf-27f24891fe48">
            <description>Able to edit person objects</description>
            <retired>false</retired>
            <privilege>Edit People</privilege>
          </org.openmrs.Privilege>
          <org.openmrs.Privilege id="191" uuid="7f0022c2-629c-11e1-82bf-27f24891fe48">
            <description>Able to add patients to programs</description>
            <retired>false</retired>
            <privilege>Add Patient Programs</privilege>
          </org.openmrs.Privilege>
          <org.openmrs.Privilege id="192" uuid="19021c97-ce05-40b7-873d-2af7996159e5">
            <description>Able to view concept map types</description>
            <retired>false</retired>
            <privilege>View Concept Map Types</privilege>
          </org.openmrs.Privilege>
          <org.openmrs.Privilege id="193" uuid="7f01b704-3ab0-4ccc-9ff9-e64c5ffd111b">
            <description>Able to add an HL7 error item</description>
            <retired>false</retired>
            <privilege>Add HL7 Inbound Exception</privilege>
          </org.openmrs.Privilege>
          <org.openmrs.Privilege id="194" uuid="1597ee0c-0559-4164-bd18-b78f05034bf8">
            <description>Able to edit problems</description>
            <retired>false</retired>
            <privilege>Edit Problems</privilege>
          </org.openmrs.Privilege>
          <org.openmrs.Privilege id="195" uuid="7f005c9c-629c-11e1-82bf-27f24891fe48">
            <description>Able to view user roles</description>
            <retired>false</retired>
            <privilege>View Roles</privilege>
          </org.openmrs.Privilege>
          <org.openmrs.Privilege id="196" uuid="7f003d8e-629c-11e1-82bf-27f24891fe48">
            <description>Able to add/edit/retire order types</description>
            <retired>false</retired>
            <privilege>Manage Order Types</privilege>
          </org.openmrs.Privilege>
          <org.openmrs.Privilege id="197" uuid="7f003c76-629c-11e1-82bf-27f24891fe48">
            <description>Able to add/edit/delete locations</description>
            <retired>false</retired>
            <privilege>Manage Locations</privilege>
          </org.openmrs.Privilege>
          <org.openmrs.Privilege id="198" uuid="7f005bc0-629c-11e1-82bf-27f24891fe48">
            <description>Able to view reports</description>
            <retired>false</retired>
            <privilege>View Reports</privilege>
          </org.openmrs.Privilege>
          <org.openmrs.Privilege id="199" uuid="7f0050b2-629c-11e1-82bf-27f24891fe48">
            <description>Able to view forms</description>
            <retired>false</retired>
            <privilege>View Forms</privilege>
          </org.openmrs.Privilege>
          <org.openmrs.Privilege id="200" uuid="7f005d1e-629c-11e1-82bf-27f24891fe48">
            <description>Able to view and fill out unpublished forms</description>
            <retired>false</retired>
            <privilege>View Unpublished Forms</privilege>
          </org.openmrs.Privilege>
          <org.openmrs.Privilege id="201" uuid="7f0033b6-629c-11e1-82bf-27f24891fe48">
            <description>Able to edit report objects</description>
            <retired>false</retired>
            <privilege>Edit Report Objects</privilege>
          </org.openmrs.Privilege>
          <org.openmrs.Privilege id="202" uuid="7f005986-629c-11e1-82bf-27f24891fe48">
            <description>Able to view patient programs</description>
            <retired>false</retired>
            <privilege>View Programs</privilege>
          </org.openmrs.Privilege>
        </privileges>
        <inheritedRoles id="203"/>
        <childRoles id="204">
          <org.openmrs.Role id="205" uuid="8d94f280-c2cc-11de-8d13-0010c6dffd0f">
            <description>All users with the &apos;Provider&apos; role will appear as options in the default Infopath</description>
            <retired>false</retired>
            <role>Provider</role>
            <privileges id="206">
              <org.openmrs.Privilege reference="150"/>
              <org.openmrs.Privilege reference="37"/>
              <org.openmrs.Privilege reference="38"/>
              <org.openmrs.Privilege reference="159"/>
              <org.openmrs.Privilege reference="65"/>
              <org.openmrs.Privilege reference="116"/>
              <org.openmrs.Privilege reference="143"/>
              <org.openmrs.Privilege reference="144"/>
              <org.openmrs.Privilege reference="87"/>
              <org.openmrs.Privilege reference="73"/>
            </privileges>
            <inheritedRoles id="207">
              <org.openmrs.Role reference="43"/>
            </inheritedRoles>
            <childRoles id="208"/>
          </org.openmrs.Role>
          <org.openmrs.Role id="209" uuid="e95b2166-f7dd-4e8a-907e-919defed1879">
            <description>Able to use the Registration app</description>
            <retired>false</retired>
            <role>Registration Clerk</role>
            <privileges id="210">
              <org.openmrs.Privilege reference="41"/>
            </privileges>
            <inheritedRoles id="211">
              <org.openmrs.Role reference="43"/>
            </inheritedRoles>
            <childRoles id="212"/>
          </org.openmrs.Role>
          <org.openmrs.Role id="213" uuid="7f0591a8-629c-11e1-82bf-27f24891fe48">
            <description>Privileges for doctors</description>
            <retired>false</retired>
            <role>Clinician</role>
            <privileges id="214">
              <org.openmrs.Privilege reference="37"/>
              <org.openmrs.Privilege reference="38"/>
            </privileges>
            <inheritedRoles id="215">
              <org.openmrs.Role reference="43"/>
            </inheritedRoles>
            <childRoles id="216"/>
          </org.openmrs.Role>
          <org.openmrs.Role reference="35"/>
        </childRoles>
      </org.openmrs.Role>
    </inheritedRoles>
    <childRoles id="217"/>
  </org.openmrs.Role>
  <org.openmrs.Role reference="213"/>
  <org.openmrs.Role reference="209"/>
</list>
