<?xml version="1.0" encoding="UTF-8"?>
<package id="1" uuid="f79ef7bb-6e75-43b7-ac42-651602fdd168">
  <dateCreated id="2">2013-09-18 07:13:08</dateCreated>
  <name>KenyaEMR Core</name>
  <description>Core metadata for KenyaEMR</description>
  <openmrsVersion>1.9.3  Build f535e9</openmrsVersion>
  <version>38</version>
  <groupUuid>29177ba6-a634-42d5-9314-e12689856ff1</groupUuid>
  <modules id="3">
    <entry>
      <string>groovy</string>
      <string>2.2.4</string>
    </entry>
    <entry>
      <string>validation</string>
      <string>1.0.1</string>
    </entry>
    <entry>
      <string>kenyametadatatools</string>
      <string>1.3-SNAPSHOT</string>
    </entry>
    <entry>
      <string>metadatamapping</string>
      <string>1.0.1</string>
    </entry>
    <entry>
      <string>metadatasharing</string>
      <string>1.1.8</string>
    </entry>
    <entry>
      <string>logic</string>
      <string>0.5.2</string>
    </entry>
    <entry>
      <string>serialization.xstream</string>
      <string>0.2.7</string>
    </entry>
  </modules>
  <items class="linked-hash-set" id="4">
    <org.openmrs.module.metadatasharing.Item id="5" uuid="05ee9cf4-7242-4a17-b4d4-00f707265c8a">
      <id>3</id>
      <classname>org.openmrs.PatientIdentifierType</classname>
      <dateChanged id="6">2012-06-25 01:43:42</dateChanged>
      <retired>false</retired>
    </org.openmrs.module.metadatasharing.Item>
    <org.openmrs.module.metadatasharing.Item id="7" uuid="d8ee3b8c-a8fc-4d6b-af6a-9423be5f8906">
      <id>7</id>
      <classname>org.openmrs.PatientIdentifierType</classname>
      <dateChanged id="8">2013-02-05 08:12:12</dateChanged>
      <retired>false</retired>
    </org.openmrs.module.metadatasharing.Item>
    <org.openmrs.module.metadatasharing.Item id="9" uuid="c4e3caca-2dcc-4dc4-a8d9-513b6e63af91">
      <id>6</id>
      <classname>org.openmrs.PatientIdentifierType</classname>
      <dateChanged id="10">2013-02-05 08:10:04</dateChanged>
      <retired>false</retired>
    </org.openmrs.module.metadatasharing.Item>
    <org.openmrs.module.metadatasharing.Item id="11" uuid="0691f522-dd67-4eeb-92c8-af5083baf338">
      <id>8</id>
      <classname>org.openmrs.PatientIdentifierType</classname>
      <dateChanged id="12">2013-03-11 13:23:27</dateChanged>
      <retired>false</retired>
    </org.openmrs.module.metadatasharing.Item>
    <org.openmrs.module.metadatasharing.Item id="13" uuid="dfacd928-0370-4315-99d7-6ec1c9f7ae76">
      <id>4</id>
      <classname>org.openmrs.PatientIdentifierType</classname>
      <dateChanged id="14">2012-06-25 01:44:50</dateChanged>
      <retired>false</retired>
    </org.openmrs.module.metadatasharing.Item>
    <org.openmrs.module.metadatasharing.Item id="15" uuid="b4d66522-11fc-45c7-83e3-39a1af21ae0d">
      <id>5</id>
      <classname>org.openmrs.PatientIdentifierType</classname>
      <dateChanged id="16">2012-06-25 02:35:39</dateChanged>
      <retired>false</retired>
    </org.openmrs.module.metadatasharing.Item>
    <org.openmrs.module.metadatasharing.Item id="17" uuid="49af6cdc-7968-4abb-bf46-de10d7f4859f">
      <id>9</id>
      <classname>org.openmrs.PatientIdentifierType</classname>
      <dateChanged id="18">2013-08-28 06:44:27</dateChanged>
      <retired>false</retired>
    </org.openmrs.module.metadatasharing.Item>
    <org.openmrs.module.metadatasharing.Item id="19" uuid="8a845a89-6aa5-4111-81d3-0af31c45c002">
      <id>1</id>
      <classname>org.openmrs.LocationAttributeType</classname>
      <dateChanged id="20">2013-01-25 09:45:08</dateChanged>
      <retired>false</retired>
    </org.openmrs.module.metadatasharing.Item>
    <org.openmrs.module.metadatasharing.Item id="21" uuid="3371a4d4-f66f-4454-a86d-92c7b3da990c">
      <id>4</id>
      <classname>org.openmrs.VisitType</classname>
      <dateChanged id="22">2012-06-25 01:38:30</dateChanged>
      <retired>false</retired>
    </org.openmrs.module.metadatasharing.Item>
    <org.openmrs.module.metadatasharing.Item id="23" uuid="b2c38640-2603-4629-aebd-3b54f33f1e3a">
      <id>8</id>
      <classname>org.openmrs.PersonAttributeType</classname>
      <dateChanged id="24">2013-08-28 08:23:34</dateChanged>
      <retired>false</retired>
    </org.openmrs.module.metadatasharing.Item>
    <org.openmrs.module.metadatasharing.Item id="25" uuid="342a1d39-c541-4b29-8818-930916f4c2dc">
      <id>11</id>
      <classname>org.openmrs.PersonAttributeType</classname>
      <dateChanged id="26">2013-08-28 08:22:32</dateChanged>
      <retired>false</retired>
    </org.openmrs.module.metadatasharing.Item>
    <org.openmrs.module.metadatasharing.Item id="27" uuid="40fa0c9c-7415-43ff-a4eb-c7c73d7b1a7a">
      <id>14</id>
      <classname>org.openmrs.PersonAttributeType</classname>
      <dateChanged id="28">2013-09-17 14:14:32</dateChanged>
      <retired>false</retired>
    </org.openmrs.module.metadatasharing.Item>
    <org.openmrs.module.metadatasharing.Item id="29" uuid="d0aa9fd1-2ac5-45d8-9c5e-4317c622c8f5">
      <id>12</id>
      <classname>org.openmrs.PersonAttributeType</classname>
      <dateChanged id="30">2013-08-28 08:22:57</dateChanged>
      <retired>false</retired>
    </org.openmrs.module.metadatasharing.Item>
    <org.openmrs.module.metadatasharing.Item id="31" uuid="7cf22bec-d90a-46ad-9f48-035952261294">
      <id>13</id>
      <classname>org.openmrs.PersonAttributeType</classname>
      <dateChanged id="32">2013-08-28 08:23:24</dateChanged>
      <retired>false</retired>
    </org.openmrs.module.metadatasharing.Item>
    <org.openmrs.module.metadatasharing.Item id="33" uuid="830bef6d-b01f-449d-9f8d-ac0fede8dbd3">
      <id>10</id>
      <classname>org.openmrs.PersonAttributeType</classname>
      <dateChanged id="34">2013-08-28 08:22:03</dateChanged>
      <retired>false</retired>
    </org.openmrs.module.metadatasharing.Item>
    <org.openmrs.module.metadatasharing.Item id="35" uuid="8ab58c6f-0d07-4a80-bb60-895639c1e66e">
      <id>3</id>
      <classname>org.openmrs.OrderType</classname>
      <dateChanged id="36">2013-08-09 06:28:10</dateChanged>
      <retired>false</retired>
    </org.openmrs.module.metadatasharing.Item>
    <org.openmrs.module.metadatasharing.Item id="37" uuid="131168f4-15f5-102d-96e4-000c29c2a5d7">
      <id>2</id>
      <classname>org.openmrs.OrderType</classname>
      <dateChanged id="38">2010-05-12 00:00:00</dateChanged>
      <retired>false</retired>
    </org.openmrs.module.metadatasharing.Item>
    <org.openmrs.module.metadatasharing.Item id="39" uuid="9f144a34-3a4a-44a9-8486-6b7af6cc64f6">
      <id>2</id>
      <classname>org.openmrs.Program</classname>
      <dateChanged id="40">2013-09-16 13:22:51</dateChanged>
      <retired>false</retired>
    </org.openmrs.module.metadatasharing.Item>
    <org.openmrs.module.metadatasharing.Item id="41" uuid="b5d9e05f-f5ab-4612-98dd-adb75438ed34">
      <id>3</id>
      <classname>org.openmrs.Program</classname>
      <dateChanged id="42">2013-09-16 13:23:15</dateChanged>
      <retired>false</retired>
    </org.openmrs.module.metadatasharing.Item>
    <org.openmrs.module.metadatasharing.Item id="43" uuid="c2ecdf11-97cd-432a-a971-cfd9bd296b83">
      <id>4</id>
      <classname>org.openmrs.Program</classname>
      <dateChanged id="44">2013-09-16 13:23:37</dateChanged>
      <retired>false</retired>
    </org.openmrs.module.metadatasharing.Item>
    <org.openmrs.module.metadatasharing.Item id="45" uuid="dfdc6d40-2f2f-463d-ba90-cc97350441a8">
      <id>1</id>
      <classname>org.openmrs.Program</classname>
      <dateChanged id="46">2013-09-16 13:22:39</dateChanged>
      <retired>false</retired>
    </org.openmrs.module.metadatasharing.Item>
    <org.openmrs.module.metadatasharing.Item id="47" uuid="8bfab185-6947-4958-b7ab-dfafae1a3e3d">
      <id>1</id>
      <classname>org.openmrs.VisitAttributeType</classname>
      <dateChanged id="48">2013-09-04 07:21:47</dateChanged>
      <retired>false</retired>
    </org.openmrs.module.metadatasharing.Item>
    <org.openmrs.module.metadatasharing.Item id="49" uuid="ae01b8ff-a4cc-4012-bcf7-72359e852e14">
      <id>2</id>
      <classname>org.openmrs.Provider</classname>
      <dateChanged id="50">2012-08-08 23:40:58</dateChanged>
      <retired>false</retired>
    </org.openmrs.module.metadatasharing.Item>
  </items>
  <relatedItems class="linked-hash-set" id="51">
    <org.openmrs.module.metadatasharing.Item id="52" uuid="160541AAAAAAAAAAAAAAAAAAAAAAAAAAAAAA">
      <id>160541</id>
      <classname>org.openmrs.Concept</classname>
      <dateChanged id="53">2012-06-15 14:16:18</dateChanged>
      <retired>false</retired>
    </org.openmrs.module.metadatasharing.Item>
    <org.openmrs.module.metadatasharing.Item id="54" uuid="8d4a4c94-c2cc-11de-8d13-0010c6dffd0f">
      <id>4</id>
      <classname>org.openmrs.ConceptDatatype</classname>
      <dateChanged id="55">2004-02-02 00:00:00</dateChanged>
      <retired>false</retired>
    </org.openmrs.module.metadatasharing.Item>
    <org.openmrs.module.metadatasharing.Item id="56" uuid="8d492774-c2cc-11de-8d13-0010c6dffd0f">
      <id>11</id>
      <classname>org.openmrs.ConceptClass</classname>
      <dateChanged id="57">2004-03-02 00:00:00</dateChanged>
      <retired>false</retired>
    </org.openmrs.module.metadatasharing.Item>
    <org.openmrs.module.metadatasharing.Item id="58" uuid="108876BBBBBBBBBBBBBBBBBBBBBBBBBBBBBB">
      <id>108876</id>
      <classname>org.openmrs.ConceptName</classname>
      <dateChanged id="59">2012-06-14 16:17:34</dateChanged>
    </org.openmrs.module.metadatasharing.Item>
    <org.openmrs.module.metadatasharing.Item id="60" uuid="108877BBBBBBBBBBBBBBBBBBBBBBBBBBBBBB">
      <id>108877</id>
      <classname>org.openmrs.ConceptName</classname>
      <dateChanged id="61">2012-06-14 16:17:34</dateChanged>
    </org.openmrs.module.metadatasharing.Item>
    <org.openmrs.module.metadatasharing.Item id="62" uuid="108980BBBBBBBBBBBBBBBBBBBBBBBBBBBBBB">
      <id>108980</id>
      <classname>org.openmrs.ConceptName</classname>
      <dateChanged id="63">2012-06-15 14:16:18</dateChanged>
    </org.openmrs.module.metadatasharing.Item>
    <org.openmrs.module.metadatasharing.Item id="64" uuid="217664ABBBBBBBBBBBBBBBBBBBBBBBBBBBBB">
      <id>217664</id>
      <classname>org.openmrs.ConceptMap</classname>
      <dateChanged id="65">2013-07-03 18:53:08</dateChanged>
    </org.openmrs.module.metadatasharing.Item>
    <org.openmrs.module.metadatasharing.Item id="66" uuid="35543629-7d8c-11e1-909d-c80aa9edcf4e">
      <id>1</id>
      <classname>org.openmrs.ConceptMapType</classname>
      <dateChanged id="67">2013-09-14 00:00:00</dateChanged>
      <retired>false</retired>
    </org.openmrs.module.metadatasharing.Item>
    <org.openmrs.module.metadatasharing.Item id="68" uuid="bb9d38eb-1738-3a45-82e4-068848a9e15d">
      <id>217664</id>
      <classname>org.openmrs.ConceptReferenceTerm</classname>
      <dateChanged id="69">2013-07-03 00:00:00</dateChanged>
      <retired>false</retired>
    </org.openmrs.module.metadatasharing.Item>
    <org.openmrs.module.metadatasharing.Item id="70" uuid="21ADDDDDDDDDDDDDDDDDDDDDDDDDDDDDDDDD">
      <id>21</id>
      <classname>org.openmrs.ConceptSource</classname>
      <dateChanged id="71">2013-07-03 15:55:03</dateChanged>
      <retired>false</retired>
    </org.openmrs.module.metadatasharing.Item>
    <org.openmrs.module.metadatasharing.Item id="72" uuid="144621ABBBBBBBBBBBBBBBBBBBBBBBBBBBBB">
      <id>144621</id>
      <classname>org.openmrs.ConceptMap</classname>
      <dateChanged id="73">2012-06-14 16:17:34</dateChanged>
    </org.openmrs.module.metadatasharing.Item>
    <org.openmrs.module.metadatasharing.Item id="74" uuid="43ac5109-7d8c-11e1-909d-c80aa9edcf4e">
      <id>2</id>
      <classname>org.openmrs.ConceptMapType</classname>
      <dateChanged id="75">2013-09-14 00:00:00</dateChanged>
      <retired>false</retired>
    </org.openmrs.module.metadatasharing.Item>
    <org.openmrs.module.metadatasharing.Item id="76" uuid="9b87ca0e-af71-3794-b312-7d5337cad9cf">
      <id>144621</id>
      <classname>org.openmrs.ConceptReferenceTerm</classname>
      <dateChanged id="77">2012-06-14 00:00:00</dateChanged>
      <retired>false</retired>
    </org.openmrs.module.metadatasharing.Item>
    <org.openmrs.module.metadatasharing.Item id="78" uuid="2ADDDDDDDDDDDDDDDDDDDDDDDDDDDDDDDDDD">
      <id>2</id>
      <classname>org.openmrs.ConceptSource</classname>
      <dateChanged id="79">2010-04-25 11:12:44</dateChanged>
      <retired>false</retired>
    </org.openmrs.module.metadatasharing.Item>
    <org.openmrs.module.metadatasharing.Item id="80" uuid="144620ABBBBBBBBBBBBBBBBBBBBBBBBBBBBB">
      <id>144620</id>
      <classname>org.openmrs.ConceptMap</classname>
      <dateChanged id="81">2012-06-14 16:17:34</dateChanged>
    </org.openmrs.module.metadatasharing.Item>
    <org.openmrs.module.metadatasharing.Item id="82" uuid="8ffc08c5-017e-373e-85a2-fec0ec7be865">
      <id>144620</id>
      <classname>org.openmrs.ConceptReferenceTerm</classname>
      <dateChanged id="83">2012-06-14 00:00:00</dateChanged>
      <retired>false</retired>
    </org.openmrs.module.metadatasharing.Item>
    <org.openmrs.module.metadatasharing.Item id="84" uuid="1ADDDDDDDDDDDDDDDDDDDDDDDDDDDDDDDDDD">
      <id>1</id>
      <classname>org.openmrs.ConceptSource</classname>
      <dateChanged id="85">2009-11-19 20:19:16</dateChanged>
      <retired>false</retired>
    </org.openmrs.module.metadatasharing.Item>
    <org.openmrs.module.metadatasharing.Item id="86" uuid="159937AAAAAAAAAAAAAAAAAAAAAAAAAAAAAA">
      <id>159937</id>
      <classname>org.openmrs.Concept</classname>
      <dateChanged id="87">2010-12-14 03:35:00</dateChanged>
      <retired>false</retired>
    </org.openmrs.module.metadatasharing.Item>
    <org.openmrs.module.metadatasharing.Item id="88" uuid="107483BBBBBBBBBBBBBBBBBBBBBBBBBBBBBB">
      <id>107483</id>
      <classname>org.openmrs.ConceptName</classname>
      <dateChanged id="89">2010-11-30 13:20:14</dateChanged>
    </org.openmrs.module.metadatasharing.Item>
    <org.openmrs.module.metadatasharing.Item id="90" uuid="107484BBBBBBBBBBBBBBBBBBBBBBBBBBBBBB">
      <id>107484</id>
      <classname>org.openmrs.ConceptName</classname>
      <dateChanged id="91">2010-11-30 13:20:14</dateChanged>
    </org.openmrs.module.metadatasharing.Item>
    <org.openmrs.module.metadatasharing.Item id="92" uuid="16467FFFFFFFFFFFFFFFFFFFFFFFFFFFFFFF">
      <id>16467</id>
      <classname>org.openmrs.ConceptDescription</classname>
      <dateChanged id="93">2010-11-30 13:20:14</dateChanged>
    </org.openmrs.module.metadatasharing.Item>
    <org.openmrs.module.metadatasharing.Item id="94" uuid="217078ABBBBBBBBBBBBBBBBBBBBBBBBBBBBB">
      <id>217078</id>
      <classname>org.openmrs.ConceptMap</classname>
      <dateChanged id="95">2013-07-03 18:53:08</dateChanged>
    </org.openmrs.module.metadatasharing.Item>
    <org.openmrs.module.metadatasharing.Item id="96" uuid="dbc3d6bb-ef07-3d6b-a27e-c0fb4ef34758">
      <id>217078</id>
      <classname>org.openmrs.ConceptReferenceTerm</classname>
      <dateChanged id="97">2013-07-03 00:00:00</dateChanged>
      <retired>false</retired>
    </org.openmrs.module.metadatasharing.Item>
    <org.openmrs.module.metadatasharing.Item id="98" uuid="137020ABBBBBBBBBBBBBBBBBBBBBBBBBBBBB">
      <id>137020</id>
      <classname>org.openmrs.ConceptMap</classname>
      <dateChanged id="99">2010-11-30 13:20:14</dateChanged>
    </org.openmrs.module.metadatasharing.Item>
    <org.openmrs.module.metadatasharing.Item id="100" uuid="c0450187-3c44-3b49-b678-281a416a328b">
      <id>137020</id>
      <classname>org.openmrs.ConceptReferenceTerm</classname>
      <dateChanged id="101">2010-11-30 00:00:00</dateChanged>
      <retired>false</retired>
    </org.openmrs.module.metadatasharing.Item>
    <org.openmrs.module.metadatasharing.Item id="102" uuid="13ADDDDDDDDDDDDDDDDDDDDDDDDDDDDDDDDD">
      <id>13</id>
      <classname>org.openmrs.ConceptSource</classname>
      <dateChanged id="103">2010-10-24 17:02:38</dateChanged>
      <retired>false</retired>
    </org.openmrs.module.metadatasharing.Item>
    <org.openmrs.module.metadatasharing.Item id="104" uuid="160631AAAAAAAAAAAAAAAAAAAAAAAAAAAAAA">
      <id>160631</id>
      <classname>org.openmrs.Concept</classname>
      <dateChanged id="105">2012-06-23 14:33:42</dateChanged>
      <retired>false</retired>
    </org.openmrs.module.metadatasharing.Item>
    <org.openmrs.module.metadatasharing.Item id="106" uuid="1edca368-768a-102f-83f4-12313b04a615">
      <id>18</id>
      <classname>org.openmrs.ConceptClass</classname>
      <dateChanged id="107">2011-01-18 01:53:56</dateChanged>
      <retired>false</retired>
    </org.openmrs.module.metadatasharing.Item>
    <org.openmrs.module.metadatasharing.Item id="108" uuid="109079BBBBBBBBBBBBBBBBBBBBBBBBBBBBBB">
      <id>109079</id>
      <classname>org.openmrs.ConceptName</classname>
      <dateChanged id="109">2012-06-23 14:33:42</dateChanged>
    </org.openmrs.module.metadatasharing.Item>
    <org.openmrs.module.metadatasharing.Item id="110" uuid="217754ABBBBBBBBBBBBBBBBBBBBBBBBBBBBB">
      <id>217754</id>
      <classname>org.openmrs.ConceptMap</classname>
      <dateChanged id="111">2013-07-03 18:53:08</dateChanged>
    </org.openmrs.module.metadatasharing.Item>
    <org.openmrs.module.metadatasharing.Item id="112" uuid="a30f3815-3a41-324a-8e9e-75965189ce82">
      <id>217754</id>
      <classname>org.openmrs.ConceptReferenceTerm</classname>
      <dateChanged id="113">2013-07-03 00:00:00</dateChanged>
      <retired>false</retired>
    </org.openmrs.module.metadatasharing.Item>
    <org.openmrs.module.metadatasharing.Item id="114" uuid="144745ABBBBBBBBBBBBBBBBBBBBBBBBBBBBB">
      <id>144745</id>
      <classname>org.openmrs.ConceptMap</classname>
      <dateChanged id="115">2012-06-23 14:33:42</dateChanged>
    </org.openmrs.module.metadatasharing.Item>
    <org.openmrs.module.metadatasharing.Item id="116" uuid="88d9d46d-29c3-3708-b504-8a0b8ef76670">
      <id>144745</id>
      <classname>org.openmrs.ConceptReferenceTerm</classname>
      <dateChanged id="117">2012-06-23 00:00:00</dateChanged>
      <retired>false</retired>
    </org.openmrs.module.metadatasharing.Item>
    <org.openmrs.module.metadatasharing.Item id="118" uuid="fb9aaaf1-65e2-4c18-b53c-16b575f2f385">
      <id>11</id>
      <classname>org.openmrs.ConceptSource</classname>
      <dateChanged id="119">2010-08-03 01:50:49</dateChanged>
      <retired>false</retired>
    </org.openmrs.module.metadatasharing.Item>
    <org.openmrs.module.metadatasharing.Item id="120" uuid="144744ABBBBBBBBBBBBBBBBBBBBBBBBBBBBB">
      <id>144744</id>
      <classname>org.openmrs.ConceptMap</classname>
      <dateChanged id="121">2012-06-23 14:33:42</dateChanged>
    </org.openmrs.module.metadatasharing.Item>
    <org.openmrs.module.metadatasharing.Item id="122" uuid="1cc7dc79-ad09-4897-8a1d-0b3d3226e9ee">
      <id>9</id>
      <classname>org.openmrs.Person</classname>
    </org.openmrs.module.metadatasharing.Item>
    <org.openmrs.module.metadatasharing.Item id="123" uuid="02d1c5a1-ee17-4b0b-ad7a-5f37766d020e">
      <id>9</id>
      <classname>org.openmrs.PersonName</classname>
      <dateChanged id="124">2012-08-08 23:40:16</dateChanged>
    </org.openmrs.module.metadatasharing.Item>
  </relatedItems>
  <incrementalVersion>false</incrementalVersion>
</package>
