<?xml version="1.0" encoding="UTF-8"?>
<list id="1">
  <org.openmrs.PatientIdentifierType id="2" uuid="05ee9cf4-7242-4a17-b4d4-00f707265c8a">
    <name>Unique Patient Number</name>
    <description>Assigned to every HIV patient, from the facility code (from the master facility list) and a sequential number</description>
    <creator/>
    <dateCreated id="3">2012-06-25 01:43:42</dateCreated>
    <retired>false</retired>
    <patientIdentifierTypeId>3</patientIdentifierTypeId>
    <format>\d+</format>
    <required>false</required>
    <formatDescription>facility code, followed by sequential number</formatDescription>
    <checkDigit>false</checkDigit>
    <locationBehavior>NOT_USED</locationBehavior>
  </org.openmrs.PatientIdentifierType>
  <org.openmrs.PatientIdentifierType id="4" uuid="d8ee3b8c-a8fc-4d6b-af6a-9423be5f8906">
    <name>District Registration Number</name>
    <description>Assigned to the patient at a TB clinic service to represent the district (not globally unique)</description>
    <creator/>
    <dateCreated id="5">2013-02-05 08:12:12</dateCreated>
    <retired>false</retired>
    <patientIdentifierTypeId>7</patientIdentifierTypeId>
    <required>false</required>
    <checkDigit>false</checkDigit>
    <locationBehavior>NOT_USED</locationBehavior>
  </org.openmrs.PatientIdentifierType>
  <org.openmrs.PatientIdentifierType id="6" uuid="c4e3caca-2dcc-4dc4-a8d9-513b6e63af91">
    <name>TB Treatment Number</name>
    <description>Assigned to the patient at a TB clinic service (not globally unique)</description>
    <creator/>
    <dateCreated id="7">2013-02-05 08:10:04</dateCreated>
    <retired>false</retired>
    <patientIdentifierTypeId>6</patientIdentifierTypeId>
    <required>false</required>
    <checkDigit>false</checkDigit>
    <locationBehavior>NOT_USED</locationBehavior>
  </org.openmrs.PatientIdentifierType>
  <org.openmrs.PatientIdentifierType id="8" uuid="0691f522-dd67-4eeb-92c8-af5083baf338">
    <name>HEI ID Number</name>
    <description>Assigned to a child patient when enrolling into HEI program</description>
    <creator/>
    <dateCreated id="9">2013-03-11 13:23:27</dateCreated>
    <retired>false</retired>
    <patientIdentifierTypeId>8</patientIdentifierTypeId>
    <required>false</required>
    <checkDigit>false</checkDigit>
    <locationBehavior>NOT_USED</locationBehavior>
  </org.openmrs.PatientIdentifierType>
  <org.openmrs.PatientIdentifierType id="10" uuid="dfacd928-0370-4315-99d7-6ec1c9f7ae76">
    <name>OpenMRS ID</name>
    <description>Medical Record Number, generated by OpenMRS for every patient record</description>
    <creator/>
    <dateCreated id="11">2012-06-25 01:44:50</dateCreated>
    <retired>false</retired>
    <patientIdentifierTypeId>4</patientIdentifierTypeId>
    <required>true</required>
    <checkDigit>true</checkDigit>
    <validator>org.openmrs.module.idgen.validator.LuhnMod25IdentifierValidator</validator>
    <locationBehavior>REQUIRED</locationBehavior>
  </org.openmrs.PatientIdentifierType>
  <org.openmrs.PatientIdentifierType id="12" uuid="b4d66522-11fc-45c7-83e3-39a1af21ae0d">
    <name>Patient Clinic Number</name>
    <description>Assigned to the patient at a clinic service (not globally unique)</description>
    <creator/>
    <dateCreated id="13">2012-06-25 02:35:39</dateCreated>
    <retired>false</retired>
    <patientIdentifierTypeId>5</patientIdentifierTypeId>
    <format>.{1,15}</format>
    <required>false</required>
    <formatDescription>At most 15 characters long</formatDescription>
    <checkDigit>false</checkDigit>
    <locationBehavior>REQUIRED</locationBehavior>
  </org.openmrs.PatientIdentifierType>
  <org.openmrs.PatientIdentifierType id="14" uuid="49af6cdc-7968-4abb-bf46-de10d7f4859f">
    <name>National ID</name>
    <description>Kenyan National Identity Card</description>
    <creator/>
    <dateCreated id="15">2013-08-28 06:44:27</dateCreated>
    <retired>false</retired>
    <patientIdentifierTypeId>9</patientIdentifierTypeId>
    <format>\d{5,10}</format>
    <required>false</required>
    <formatDescription>Between 5 and 10 consecutive digits</formatDescription>
    <checkDigit>false</checkDigit>
    <locationBehavior>NOT_USED</locationBehavior>
  </org.openmrs.PatientIdentifierType>
  <org.openmrs.LocationAttributeType id="16" uuid="8a845a89-6aa5-4111-81d3-0af31c45c002">
    <name>Master Facility Code</name>
    <description>Code for linking to the Ministry of Health&apos;s Master Facility List.&#xd;
(This is a sequential number allocated to each facility when it is added to the master list, allocated by the central database of the ministry.)</description>
    <creator/>
    <dateCreated id="17">2012-06-18 23:33:24</dateCreated>
    <changedBy/>
    <dateChanged id="18">2013-01-25 09:45:08</dateChanged>
    <retired>false</retired>
    <minOccurs>0</minOccurs>
    <maxOccurs>1</maxOccurs>
    <datatypeClassname>org.openmrs.customdatatype.datatype.RegexValidatedTextDatatype</datatypeClassname>
    <datatypeConfig>\d{5}</datatypeConfig>
    <locationAttributeTypeId>1</locationAttributeTypeId>
  </org.openmrs.LocationAttributeType>
  <org.openmrs.VisitType id="19" uuid="3371a4d4-f66f-4454-a86d-92c7b3da990c">
    <name>Outpatient</name>
    <description>Visit where the patient is not admitted to the hospital.</description>
    <creator/>
    <dateCreated id="20">2012-06-25 01:38:30</dateCreated>
    <retired>false</retired>
    <visitTypeId>4</visitTypeId>
  </org.openmrs.VisitType>
  <org.openmrs.PersonAttributeType id="21" uuid="b2c38640-2603-4629-aebd-3b54f33f1e3a">
    <name>Telephone contact</name>
    <description>Telephone number the patient can be contacted at</description>
    <creator/>
    <dateCreated id="22">2012-06-26 06:50:58</dateCreated>
    <changedBy/>
    <dateChanged id="23">2013-08-28 08:23:34</dateChanged>
    <retired>false</retired>
    <personAttributeTypeId>8</personAttributeTypeId>
    <format>java.lang.String</format>
    <sortWeight>1.0</sortWeight>
    <searchable>false</searchable>
  </org.openmrs.PersonAttributeType>
  <org.openmrs.PersonAttributeType id="24" uuid="342a1d39-c541-4b29-8818-930916f4c2dc">
    <name>Next of kin contact</name>
    <description>Telephone contact of patient&apos;s next of kin</description>
    <creator/>
    <dateCreated id="25">2012-11-22 07:39:00</dateCreated>
    <changedBy/>
    <dateChanged id="26">2013-08-28 08:22:32</dateChanged>
    <retired>false</retired>
    <personAttributeTypeId>11</personAttributeTypeId>
    <format>java.lang.String</format>
    <sortWeight>4.0</sortWeight>
    <searchable>false</searchable>
  </org.openmrs.PersonAttributeType>
  <org.openmrs.PersonAttributeType id="27" uuid="40fa0c9c-7415-43ff-a4eb-c7c73d7b1a7a">
    <name>SubChief&apos;s Name</name>
    <description>Allow us to capture the name of subchief or chief of an area</description>
    <creator/>
    <dateCreated id="28">2013-09-17 14:14:32</dateCreated>
    <retired>false</retired>
    <personAttributeTypeId>14</personAttributeTypeId>
    <format>java.lang.String</format>
    <sortWeight>7.0</sortWeight>
    <searchable>false</searchable>
  </org.openmrs.PersonAttributeType>
  <org.openmrs.PersonAttributeType id="29" uuid="d0aa9fd1-2ac5-45d8-9c5e-4317c622c8f5">
    <name>Next of kin relationship</name>
    <description>Next of kin relationship to the patient</description>
    <creator/>
    <dateCreated id="30">2012-11-22 07:41:05</dateCreated>
    <changedBy/>
    <dateChanged id="31">2013-08-28 08:22:57</dateChanged>
    <retired>false</retired>
    <personAttributeTypeId>12</personAttributeTypeId>
    <format>java.lang.String</format>
    <foreignKey>1530</foreignKey>
    <sortWeight>5.0</sortWeight>
    <searchable>false</searchable>
  </org.openmrs.PersonAttributeType>
  <org.openmrs.PersonAttributeType id="32" uuid="7cf22bec-d90a-46ad-9f48-035952261294">
    <name>Next of kin address</name>
    <description>Address of patient&apos;s next of kin</description>
    <creator/>
    <dateCreated id="33">2012-11-22 07:42:58</dateCreated>
    <changedBy/>
    <dateChanged id="34">2013-08-28 08:23:24</dateChanged>
    <retired>false</retired>
    <personAttributeTypeId>13</personAttributeTypeId>
    <format>java.lang.String</format>
    <sortWeight>6.0</sortWeight>
    <searchable>false</searchable>
  </org.openmrs.PersonAttributeType>
  <org.openmrs.PersonAttributeType id="35" uuid="830bef6d-b01f-449d-9f8d-ac0fede8dbd3">
    <name>Next of kin name</name>
    <description>Name of patient&apos;s next of kin</description>
    <creator/>
    <dateCreated id="36">2012-11-22 07:38:11</dateCreated>
    <changedBy/>
    <dateChanged id="37">2013-08-28 08:22:03</dateChanged>
    <retired>false</retired>
    <personAttributeTypeId>10</personAttributeTypeId>
    <format>java.lang.String</format>
    <sortWeight>3.0</sortWeight>
    <searchable>false</searchable>
  </org.openmrs.PersonAttributeType>
  <org.openmrs.OrderType id="38" uuid="8ab58c6f-0d07-4a80-bb60-895639c1e66e">
    <name>Lab Test</name>
    <description>An order for a laboratory test to be performed on a patient</description>
    <creator/>
    <dateCreated id="39">2013-08-09 06:28:10</dateCreated>
    <retired>false</retired>
    <orderTypeId>3</orderTypeId>
  </org.openmrs.OrderType>
  <org.openmrs.OrderType id="40" uuid="131168f4-15f5-102d-96e4-000c29c2a5d7">
    <name>Drug Order</name>
    <description>An order for a medication to be given to the patient</description>
    <creator/>
    <dateCreated id="41">2010-05-12 00:00:00</dateCreated>
    <retired>false</retired>
    <orderTypeId>2</orderTypeId>
  </org.openmrs.OrderType>
  <org.openmrs.Program id="42" uuid="9f144a34-3a4a-44a9-8486-6b7af6cc64f6">
    <name>TB Program</name>
    <description>Treatment for TB patients</description>
    <creator/>
    <dateCreated id="43">2012-09-13 01:03:07</dateCreated>
    <changedBy/>
    <dateChanged id="44">2013-09-16 13:22:51</dateChanged>
    <retired>false</retired>
    <programId>2</programId>
    <concept id="45" resolves-to="org.openmrs.Concept" uuid="160541AAAAAAAAAAAAAAAAAAAAAAAAAAAAAA">
      <conceptId>160541</conceptId>
      <retired>false</retired>
      <retiredBy/>
      <datatype id="46" resolves-to="org.openmrs.ConceptDatatype" uuid="8d4a4c94-c2cc-11de-8d13-0010c6dffd0f">
        <name>N/A</name>
        <description>Not associated with a datatype (e.g., term answers, sets)</description>
        <creator/>
        <dateCreated id="47">2004-02-02 00:00:00</dateCreated>
        <retired>false</retired>
        <retiredBy/>
        <conceptDatatypeId>4</conceptDatatypeId>
        <hl7Abbreviation>ZZ</hl7Abbreviation>
      </datatype>
      <conceptClass id="48" resolves-to="org.openmrs.ConceptClass" uuid="8d492774-c2cc-11de-8d13-0010c6dffd0f">
        <name>Misc</name>
        <description>Terms which don&apos;t fit other categories</description>
        <creator/>
        <dateCreated id="49">2004-03-02 00:00:00</dateCreated>
        <retired>false</retired>
        <retiredBy/>
        <conceptClassId>11</conceptClassId>
      </conceptClass>
      <set>false</set>
      <version></version>
      <creator/>
      <dateCreated id="50">2012-06-14 16:17:34</dateCreated>
      <changedBy/>
      <dateChanged id="51">2012-06-15 14:16:18</dateChanged>
      <names class="set" id="52">
        <org.openmrs.ConceptName id="53" uuid="108876BBBBBBBBBBBBBBBBBBBBBBBBBBBBBB">
          <conceptNameId>108876</conceptNameId>
          <concept reference="45"/>
          <name>Tuberculosis treatment program</name>
          <locale id="54">en</locale>
          <creator/>
          <dateCreated id="55">2012-06-14 16:17:34</dateCreated>
          <voided>false</voided>
          <voidedBy/>
          <tags class="set" id="56"/>
          <conceptNameType>FULLY_SPECIFIED</conceptNameType>
          <localePreferred>true</localePreferred>
        </org.openmrs.ConceptName>
        <org.openmrs.ConceptName id="57" uuid="108877BBBBBBBBBBBBBBBBBBBBBBBBBBBBBB">
          <conceptNameId>108877</conceptNameId>
          <concept reference="45"/>
          <name>TB Program</name>
          <locale id="58">en</locale>
          <creator/>
          <dateCreated id="59">2012-06-14 16:17:34</dateCreated>
          <voided>false</voided>
          <voidedBy/>
          <tags class="set" id="60"/>
          <conceptNameType>SHORT</conceptNameType>
          <localePreferred>false</localePreferred>
        </org.openmrs.ConceptName>
        <org.openmrs.ConceptName id="61" uuid="108980BBBBBBBBBBBBBBBBBBBBBBBBBBBBBB">
          <conceptNameId>108980</conceptNameId>
          <concept reference="45"/>
          <name>PROGRAMME DE LA TUBERCULOSE</name>
          <locale id="62">fr</locale>
          <creator/>
          <dateCreated id="63">2012-06-15 14:16:18</dateCreated>
          <voided>false</voided>
          <voidedBy/>
          <tags class="set" id="64"/>
          <conceptNameType>FULLY_SPECIFIED</conceptNameType>
          <localePreferred>true</localePreferred>
        </org.openmrs.ConceptName>
      </names>
      <answers class="set" id="65"/>
      <conceptSets class="set" id="66"/>
      <descriptions class="set" id="67"/>
      <conceptMappings class="set" id="68">
        <org.openmrs.ConceptMap id="69" uuid="217664ABBBBBBBBBBBBBBBBBBBBBBBBBBBBB">
          <conceptMapType id="70" resolves-to="org.openmrs.ConceptMapType" uuid="35543629-7d8c-11e1-909d-c80aa9edcf4e">
            <name>SAME-AS</name>
            <creator/>
            <dateCreated id="71">2013-09-14 00:00:00</dateCreated>
            <changedBy/>
            <retired>false</retired>
            <retiredBy/>
            <conceptMapTypeId>1</conceptMapTypeId>
            <isHidden>false</isHidden>
          </conceptMapType>
          <creator/>
          <changedBy/>
          <dateCreated id="72">2013-07-03 18:53:08</dateCreated>
          <conceptMapId>217664</conceptMapId>
          <concept reference="45"/>
          <conceptReferenceTerm id="73" resolves-to="org.openmrs.ConceptReferenceTerm" uuid="bb9d38eb-1738-3a45-82e4-068848a9e15d">
            <creator/>
            <dateCreated id="74">2013-07-03 00:00:00</dateCreated>
            <changedBy/>
            <retired>false</retired>
            <retiredBy/>
            <conceptReferenceTermId>217664</conceptReferenceTermId>
            <conceptSource id="75" resolves-to="org.openmrs.ConceptSource" uuid="21ADDDDDDDDDDDDDDDDDDDDDDDDDDDDDDDDD">
              <name>CIEL</name>
              <description>Columbia International eHealth Laboratory concept ID</description>
              <creator/>
              <dateCreated id="76">2013-07-03 15:55:03</dateCreated>
              <retired>false</retired>
              <retiredBy/>
              <conceptSourceId>21</conceptSourceId>
            </conceptSource>
            <code>160541</code>
            <conceptReferenceTermMaps id="77"/>
          </conceptReferenceTerm>
        </org.openmrs.ConceptMap>
        <org.openmrs.ConceptMap id="78" uuid="144621ABBBBBBBBBBBBBBBBBBBBBBBBBBBBB">
          <conceptMapType id="79" resolves-to="org.openmrs.ConceptMapType" uuid="43ac5109-7d8c-11e1-909d-c80aa9edcf4e">
            <name>NARROWER-THAN</name>
            <creator/>
            <dateCreated id="80">2013-09-14 00:00:00</dateCreated>
            <changedBy/>
            <retired>false</retired>
            <retiredBy/>
            <conceptMapTypeId>2</conceptMapTypeId>
            <isHidden>false</isHidden>
          </conceptMapType>
          <creator/>
          <changedBy/>
          <dateCreated id="81">2012-06-14 16:17:34</dateCreated>
          <conceptMapId>144621</conceptMapId>
          <concept reference="45"/>
          <conceptReferenceTerm id="82" resolves-to="org.openmrs.ConceptReferenceTerm" uuid="9b87ca0e-af71-3794-b312-7d5337cad9cf">
            <creator/>
            <dateCreated id="83">2012-06-14 00:00:00</dateCreated>
            <changedBy/>
            <retired>false</retired>
            <retiredBy/>
            <conceptReferenceTermId>144621</conceptReferenceTermId>
            <conceptSource id="84" resolves-to="org.openmrs.ConceptSource" uuid="2ADDDDDDDDDDDDDDDDDDDDDDDDDDDDDDDDDD">
              <name>SNOMED NP</name>
              <description>Non-preferred SNOMED CT mappings</description>
              <creator/>
              <dateCreated id="85">2010-04-25 11:12:44</dateCreated>
              <retired>false</retired>
              <retiredBy/>
              <conceptSourceId>2</conceptSourceId>
            </conceptSource>
            <code>401173007</code>
            <conceptReferenceTermMaps id="86"/>
          </conceptReferenceTerm>
        </org.openmrs.ConceptMap>
        <org.openmrs.ConceptMap id="87" uuid="144620ABBBBBBBBBBBBBBBBBBBBBBBBBBBBB">
          <conceptMapType reference="70"/>
          <creator/>
          <changedBy/>
          <dateCreated id="88">2012-06-14 16:17:34</dateCreated>
          <conceptMapId>144620</conceptMapId>
          <concept reference="45"/>
          <conceptReferenceTerm id="89" resolves-to="org.openmrs.ConceptReferenceTerm" uuid="8ffc08c5-017e-373e-85a2-fec0ec7be865">
            <creator/>
            <dateCreated id="90">2012-06-14 00:00:00</dateCreated>
            <changedBy/>
            <retired>false</retired>
            <retiredBy/>
            <conceptReferenceTermId>144620</conceptReferenceTermId>
            <conceptSource id="91" resolves-to="org.openmrs.ConceptSource" uuid="1ADDDDDDDDDDDDDDDDDDDDDDDDDDDDDDDDDD">
              <name>SNOMED CT</name>
              <description>SNOMED Preferred mapping</description>
              <creator/>
              <dateCreated id="92">2009-11-19 20:19:16</dateCreated>
              <retired>false</retired>
              <retiredBy/>
              <conceptSourceId>1</conceptSourceId>
            </conceptSource>
            <code>1648</code>
            <conceptReferenceTermMaps id="93"/>
          </conceptReferenceTerm>
        </org.openmrs.ConceptMap>
      </conceptMappings>
    </concept>
    <allWorkflows id="94"/>
  </org.openmrs.Program>
  <org.openmrs.Program id="95" uuid="b5d9e05f-f5ab-4612-98dd-adb75438ed34">
    <name>MCH Program - Maternal Services</name>
    <description>Treatment for mothers</description>
    <creator/>
    <dateCreated id="96">2013-08-15 10:07:07</dateCreated>
    <changedBy/>
    <dateChanged id="97">2013-09-16 13:23:15</dateChanged>
    <retired>false</retired>
    <programId>3</programId>
    <concept id="98" resolves-to="org.openmrs.Concept" uuid="159937AAAAAAAAAAAAAAAAAAAAAAAAAAAAAA">
      <conceptId>159937</conceptId>
      <retired>false</retired>
      <retiredBy/>
      <datatype reference="46"/>
      <conceptClass reference="48"/>
      <set>false</set>
      <version></version>
      <creator/>
      <dateCreated id="99">2010-11-30 13:20:14</dateCreated>
      <changedBy/>
      <dateChanged id="100">2010-12-14 03:35:00</dateChanged>
      <names class="set" id="101">
        <org.openmrs.ConceptName id="102" uuid="107483BBBBBBBBBBBBBBBBBBBBBBBBBBBBBB">
          <conceptNameId>107483</conceptNameId>
          <concept reference="98"/>
          <name>MCH program</name>
          <locale id="103">en</locale>
          <creator/>
          <dateCreated id="104">2010-11-30 13:20:14</dateCreated>
          <voided>false</voided>
          <voidedBy/>
          <tags class="set" id="105"/>
          <conceptNameType>SHORT</conceptNameType>
          <localePreferred>false</localePreferred>
        </org.openmrs.ConceptName>
        <org.openmrs.ConceptName id="106" uuid="107484BBBBBBBBBBBBBBBBBBBBBBBBBBBBBB">
          <conceptNameId>107484</conceptNameId>
          <concept reference="98"/>
          <name>maternal and child health program</name>
          <locale id="107">en</locale>
          <creator/>
          <dateCreated id="108">2010-11-30 13:20:14</dateCreated>
          <voided>false</voided>
          <voidedBy/>
          <tags class="set" id="109"/>
          <conceptNameType>FULLY_SPECIFIED</conceptNameType>
          <localePreferred>true</localePreferred>
        </org.openmrs.ConceptName>
      </names>
      <answers class="set" id="110"/>
      <conceptSets class="set" id="111"/>
      <descriptions class="set" id="112">
        <org.openmrs.ConceptDescription id="113" uuid="16467FFFFFFFFFFFFFFFFFFFFFFFFFFFFFFF">
          <conceptDescriptionId>16467</conceptDescriptionId>
          <concept reference="98"/>
          <description>The program which deals with the health issues of mother and children.</description>
          <locale id="114">en</locale>
          <creator/>
          <dateCreated id="115">2010-11-30 13:20:14</dateCreated>
          <changedBy/>
        </org.openmrs.ConceptDescription>
      </descriptions>
      <conceptMappings class="set" id="116">
        <org.openmrs.ConceptMap id="117" uuid="217078ABBBBBBBBBBBBBBBBBBBBBBBBBBBBB">
          <conceptMapType reference="70"/>
          <creator/>
          <changedBy/>
          <dateCreated id="118">2013-07-03 18:53:08</dateCreated>
          <conceptMapId>217078</conceptMapId>
          <concept reference="98"/>
          <conceptReferenceTerm id="119" resolves-to="org.openmrs.ConceptReferenceTerm" uuid="dbc3d6bb-ef07-3d6b-a27e-c0fb4ef34758">
            <creator/>
            <dateCreated id="120">2013-07-03 00:00:00</dateCreated>
            <changedBy/>
            <retired>false</retired>
            <retiredBy/>
            <conceptReferenceTermId>217078</conceptReferenceTermId>
            <conceptSource reference="75"/>
            <code>159937</code>
            <conceptReferenceTermMaps id="121"/>
          </conceptReferenceTerm>
        </org.openmrs.ConceptMap>
        <org.openmrs.ConceptMap id="122" uuid="137020ABBBBBBBBBBBBBBBBBBBBBBBBBBBBB">
          <conceptMapType reference="79"/>
          <creator/>
          <changedBy/>
          <dateCreated id="123">2010-11-30 13:20:14</dateCreated>
          <conceptMapId>137020</conceptMapId>
          <concept reference="98"/>
          <conceptReferenceTerm id="124" resolves-to="org.openmrs.ConceptReferenceTerm" uuid="c0450187-3c44-3b49-b678-281a416a328b">
            <creator/>
            <dateCreated id="125">2010-11-30 00:00:00</dateCreated>
            <changedBy/>
            <retired>false</retired>
            <retiredBy/>
            <conceptReferenceTermId>137020</conceptReferenceTermId>
            <conceptSource id="126" resolves-to="org.openmrs.ConceptSource" uuid="13ADDDDDDDDDDDDDDDDDDDDDDDDDDDDDDDDD">
              <name>AMPATH</name>
              <description>AMPATH concept dictionary</description>
              <creator/>
              <dateCreated id="127">2010-10-24 17:02:38</dateCreated>
              <retired>false</retired>
              <retiredBy/>
              <conceptSourceId>13</conceptSourceId>
            </conceptSource>
            <code>2050</code>
            <conceptReferenceTermMaps id="128"/>
          </conceptReferenceTerm>
        </org.openmrs.ConceptMap>
      </conceptMappings>
    </concept>
    <allWorkflows id="129"/>
  </org.openmrs.Program>
  <org.openmrs.Program id="130" uuid="c2ecdf11-97cd-432a-a971-cfd9bd296b83">
    <name>MCH Program - Child Services</name>
    <description>Treatment for children</description>
    <creator/>
    <dateCreated id="131">2013-08-15 10:08:04</dateCreated>
    <changedBy/>
    <dateChanged id="132">2013-09-16 13:23:37</dateChanged>
    <retired>false</retired>
    <programId>4</programId>
    <concept reference="98"/>
    <allWorkflows id="133"/>
  </org.openmrs.Program>
  <org.openmrs.Program id="134" uuid="dfdc6d40-2f2f-463d-ba90-cc97350441a8">
    <name>HIV Program</name>
    <description>Treatment for HIV-positive patients</description>
    <creator/>
    <dateCreated id="135">2012-06-23 04:13:06</dateCreated>
    <changedBy/>
    <dateChanged id="136">2013-09-16 13:22:39</dateChanged>
    <retired>false</retired>
    <programId>1</programId>
    <concept id="137" resolves-to="org.openmrs.Concept" uuid="160631AAAAAAAAAAAAAAAAAAAAAAAAAAAAAA">
      <conceptId>160631</conceptId>
      <retired>false</retired>
      <retiredBy/>
      <datatype reference="46"/>
      <conceptClass id="138" resolves-to="org.openmrs.ConceptClass" uuid="1edca368-768a-102f-83f4-12313b04a615">
        <name>Program</name>
        <description>Program concept</description>
        <creator/>
        <dateCreated id="139">2011-01-18 01:53:56</dateCreated>
        <retired>false</retired>
        <retiredBy/>
        <conceptClassId>18</conceptClassId>
      </conceptClass>
      <set>false</set>
      <version></version>
      <creator/>
      <dateCreated id="140">2012-06-23 14:33:42</dateCreated>
      <changedBy/>
      <names class="set" id="141">
        <org.openmrs.ConceptName id="142" uuid="109079BBBBBBBBBBBBBBBBBBBBBBBBBBBBBB">
          <conceptNameId>109079</conceptNameId>
          <concept reference="137"/>
          <name>HIV Program</name>
          <locale id="143">en</locale>
          <creator/>
          <dateCreated id="144">2012-06-23 14:33:42</dateCreated>
          <voided>false</voided>
          <voidedBy/>
          <tags class="set" id="145"/>
          <conceptNameType>FULLY_SPECIFIED</conceptNameType>
          <localePreferred>true</localePreferred>
        </org.openmrs.ConceptName>
      </names>
      <answers class="set" id="146"/>
      <conceptSets class="set" id="147"/>
      <descriptions class="set" id="148"/>
      <conceptMappings class="set" id="149">
        <org.openmrs.ConceptMap id="150" uuid="217754ABBBBBBBBBBBBBBBBBBBBBBBBBBBBB">
          <conceptMapType reference="70"/>
          <creator/>
          <changedBy/>
          <dateCreated id="151">2013-07-03 18:53:08</dateCreated>
          <conceptMapId>217754</conceptMapId>
          <concept reference="137"/>
          <conceptReferenceTerm id="152" resolves-to="org.openmrs.ConceptReferenceTerm" uuid="a30f3815-3a41-324a-8e9e-75965189ce82">
            <creator/>
            <dateCreated id="153">2013-07-03 00:00:00</dateCreated>
            <changedBy/>
            <retired>false</retired>
            <retiredBy/>
            <conceptReferenceTermId>217754</conceptReferenceTermId>
            <conceptSource reference="75"/>
            <code>160631</code>
            <conceptReferenceTermMaps id="154"/>
          </conceptReferenceTerm>
        </org.openmrs.ConceptMap>
        <org.openmrs.ConceptMap id="155" uuid="144745ABBBBBBBBBBBBBBBBBBBBBBBBBBBBB">
          <conceptMapType reference="70"/>
          <creator/>
          <changedBy/>
          <dateCreated id="156">2012-06-23 14:33:42</dateCreated>
          <conceptMapId>144745</conceptMapId>
          <concept reference="137"/>
          <conceptReferenceTerm id="157" resolves-to="org.openmrs.ConceptReferenceTerm" uuid="88d9d46d-29c3-3708-b504-8a0b8ef76670">
            <creator/>
            <dateCreated id="158">2012-06-23 00:00:00</dateCreated>
            <changedBy/>
            <retired>false</retired>
            <retiredBy/>
            <conceptReferenceTermId>144745</conceptReferenceTermId>
            <conceptSource id="159" resolves-to="org.openmrs.ConceptSource" uuid="fb9aaaf1-65e2-4c18-b53c-16b575f2f385">
              <name>PIH</name>
              <description>Equivalent concept ID in Master Partners-in-Health Concept dictionary</description>
              <creator/>
              <dateCreated id="160">2010-08-03 01:50:49</dateCreated>
              <retired>false</retired>
              <retiredBy/>
              <conceptSourceId>11</conceptSourceId>
            </conceptSource>
            <code>1482</code>
            <conceptReferenceTermMaps id="161"/>
          </conceptReferenceTerm>
        </org.openmrs.ConceptMap>
        <org.openmrs.ConceptMap id="162" uuid="144744ABBBBBBBBBBBBBBBBBBBBBBBBBBBBB">
          <conceptMapType reference="79"/>
          <creator/>
          <changedBy/>
          <dateCreated id="163">2012-06-23 14:33:42</dateCreated>
          <conceptMapId>144744</conceptMapId>
          <concept reference="137"/>
          <conceptReferenceTerm reference="82"/>
        </org.openmrs.ConceptMap>
      </conceptMappings>
    </concept>
    <allWorkflows id="164"/>
  </org.openmrs.Program>
  <org.openmrs.VisitAttributeType id="165" uuid="8bfab185-6947-4958-b7ab-dfafae1a3e3d">
    <name>Source form</name>
    <description>The form whose submission created the visit</description>
    <creator/>
    <dateCreated id="166">2013-09-03 09:46:51</dateCreated>
    <changedBy/>
    <dateChanged id="167">2013-09-04 07:21:47</dateChanged>
    <retired>false</retired>
    <minOccurs>0</minOccurs>
    <maxOccurs>1</maxOccurs>
    <datatypeClassname>org.openmrs.module.kenyaemr.datatype.FormDatatype</datatypeClassname>
    <visitAttributeTypeId>1</visitAttributeTypeId>
  </org.openmrs.VisitAttributeType>
  <org.openmrs.Provider id="168" uuid="ae01b8ff-a4cc-4012-bcf7-72359e852e14">
    <creator/>
    <dateCreated id="169">2012-08-08 23:40:58</dateCreated>
    <retired>false</retired>
    <attributes id="170"/>
    <log class="org.apache.commons.logging.impl.SLF4JLocationAwareLog" id="171">
      <name>org.openmrs.Provider</name>
    </log>
    <providerId>2</providerId>
    <person id="172" resolves-to="org.openmrs.Person" uuid="1cc7dc79-ad09-4897-8a1d-0b3d3226e9ee">
      <voided>false</voided>
      <personId>9</personId>
      <addresses class="sorted-set" id="173"/>
      <names class="sorted-set" id="174">
        <org.openmrs.PersonName id="175" uuid="02d1c5a1-ee17-4b0b-ad7a-5f37766d020e">
          <creator/>
          <dateCreated id="176">2012-08-08 23:40:16</dateCreated>
          <voided>false</voided>
          <personNameId>9</personNameId>
          <person reference="172"/>
          <preferred>false</preferred>
          <givenName>Unknown</givenName>
          <familyName>Provider</familyName>
        </org.openmrs.PersonName>
      </names>
      <attributes class="sorted-set" id="177"/>
      <gender>F</gender>
      <birthdateEstimated>false</birthdateEstimated>
      <dead>false</dead>
      <personCreator/>
      <personDateCreated id="178">2012-08-08 23:40:16</personDateCreated>
      <personVoided>false</personVoided>
      <isPatient>false</isPatient>
    </person>
    <identifier>UNKNOWN</identifier>
  </org.openmrs.Provider>
</list>
