<?xml version="1.0" encoding="UTF-8"?>
<list id="1">
  <org.openmrs.PatientIdentifierType id="2" uuid="05ee9cf4-7242-4a17-b4d4-00f707265c8a">
    <name>Unique Patient Number</name>
    <description>Assigned to every HIV patient, from the facility code (from the master facility list) and a sequential number</description>
    <creator/>
    <dateCreated id="3">2012-06-25 01:43:42</dateCreated>
    <retired>false</retired>
    <patientIdentifierTypeId>3</patientIdentifierTypeId>
    <format>\d{5}-\d+</format>
    <required>false</required>
    <formatDescription>5 digit facility code (dash) digits</formatDescription>
    <checkDigit>false</checkDigit>
    <locationBehavior>NOT_USED</locationBehavior>
  </org.openmrs.PatientIdentifierType>
  <org.openmrs.PatientIdentifierType id="4" uuid="dfacd928-0370-4315-99d7-6ec1c9f7ae76">
    <name>OpenMRS ID</name>
    <description>Medical Record Number, generated by OpenMRS for every patient record</description>
    <creator/>
    <dateCreated id="5">2012-06-25 01:44:50</dateCreated>
    <retired>false</retired>
    <patientIdentifierTypeId>4</patientIdentifierTypeId>
    <required>true</required>
    <checkDigit>true</checkDigit>
    <validator>org.openmrs.module.idgen.validator.LuhnMod25IdentifierValidator</validator>
    <locationBehavior>REQUIRED</locationBehavior>
  </org.openmrs.PatientIdentifierType>
  <org.openmrs.PatientIdentifierType id="6" uuid="b4d66522-11fc-45c7-83e3-39a1af21ae0d">
    <name>Patient Clinic Number</name>
    <description>Identifier assigned to the patient at a clinic service. (Not necessarily unique.)</description>
    <creator/>
    <dateCreated id="7">2012-06-25 02:35:39</dateCreated>
    <retired>false</retired>
    <patientIdentifierTypeId>5</patientIdentifierTypeId>
    <required>false</required>
    <checkDigit>false</checkDigit>
    <locationBehavior>REQUIRED</locationBehavior>
  </org.openmrs.PatientIdentifierType>
  <org.openmrs.LocationAttributeType id="8" uuid="8a845a89-6aa5-4111-81d3-0af31c45c002">
    <name>Master Facility Code</name>
    <description>Code for linking to the Ministry of Health&apos;s Master Facility List.&#xd;
(This is a sequential number allocated to each facility when it is added to the master list, allocated by the central database of the ministry.)</description>
    <creator/>
    <dateCreated id="9">2012-06-18 23:33:24</dateCreated>
    <retired>false</retired>
    <minOccurs>0</minOccurs>
    <maxOccurs>1</maxOccurs>
    <datatypeClassname>org.openmrs.customdatatype.datatype.RegexValidatedTextDatatype</datatypeClassname>
    <datatypeConfig>\d{5}</datatypeConfig>
    <locationAttributeTypeId>1</locationAttributeTypeId>
  </org.openmrs.LocationAttributeType>
  <org.openmrs.VisitType id="10" uuid="3371a4d4-f66f-4454-a86d-92c7b3da990c">
    <name>Outpatient</name>
    <description>Visit where the patient is not admitted to the hospital.</description>
    <creator/>
    <dateCreated id="11">2012-06-25 01:38:30</dateCreated>
    <retired>false</retired>
    <visitTypeId>4</visitTypeId>
  </org.openmrs.VisitType>
  <org.openmrs.PersonAttributeType id="12" uuid="b2c38640-2603-4629-aebd-3b54f33f1e3a">
    <name>Telephone Contact</name>
    <description>Telephone number the patient can be contacted at</description>
    <creator/>
    <dateCreated id="13">2012-06-26 06:50:58</dateCreated>
    <retired>false</retired>
    <personAttributeTypeId>8</personAttributeTypeId>
    <format>java.lang.String</format>
    <sortWeight>1.0</sortWeight>
    <searchable>false</searchable>
  </org.openmrs.PersonAttributeType>
  <org.openmrs.EncounterType id="14" uuid="abfb143c-5b49-41e5-9ead-f47ee4cc57cf">
    <name>Check out</name>
    <description>Recording data as the patient completes a visit.</description>
    <creator/>
    <dateCreated id="15">2012-06-26 06:16:59</dateCreated>
    <retired>false</retired>
    <encounterTypeId>9</encounterTypeId>
  </org.openmrs.EncounterType>
  <org.openmrs.EncounterType id="16" uuid="d1059fb9-a079-4feb-a749-eedd709ae542">
    <name>Triage</name>
    <description>Collection of limited patient data, prior to a more thorough examination</description>
    <creator/>
    <dateCreated id="17">2012-06-26 06:15:56</dateCreated>
    <retired>false</retired>
    <encounterTypeId>8</encounterTypeId>
  </org.openmrs.EncounterType>
  <org.openmrs.EncounterType id="18" uuid="de78a6be-bfc5-4634-adc3-5f1a280455cc">
    <name>HIV Registration</name>
    <description>Initial data collection for the HIV program</description>
    <creator/>
    <dateCreated id="19">2012-06-26 06:15:01</dateCreated>
    <retired>false</retired>
    <encounterTypeId>7</encounterTypeId>
  </org.openmrs.EncounterType>
  <org.openmrs.EncounterType id="20" uuid="a0034eee-1940-4e35-847f-97537a35d05e">
    <name>HIV Consultation</name>
    <description>Collection of HIV-specific data during the main consultation</description>
    <creator/>
    <dateCreated id="21">2012-06-26 06:20:28</dateCreated>
    <retired>false</retired>
    <encounterTypeId>11</encounterTypeId>
  </org.openmrs.EncounterType>
  <org.openmrs.EncounterType id="22" uuid="17a381d1-7e29-406a-b782-aa903b963c28">
    <name>Lab Results</name>
    <description>Report of laboratory results</description>
    <creator/>
    <dateCreated id="23">2012-06-26 06:44:26</dateCreated>
    <retired>false</retired>
    <encounterTypeId>12</encounterTypeId>
  </org.openmrs.EncounterType>
  <org.openmrs.EncounterType id="24" uuid="465a92f2-baf8-42e9-9612-53064be868e8">
    <name>Consultation</name>
    <description>Collection of clinical data during the main consultation</description>
    <creator/>
    <dateCreated id="25">2012-06-26 06:19:31</dateCreated>
    <retired>false</retired>
    <encounterTypeId>10</encounterTypeId>
  </org.openmrs.EncounterType>
  <org.openmrs.EncounterType id="26" uuid="de1f9d67-b73e-4e1b-90d0-036166fc6995">
    <name>Registration</name>
    <description>Initial data collection for a patient, not specific to any program.</description>
    <creator/>
    <dateCreated id="27">2012-06-26 06:14:17</dateCreated>
    <retired>false</retired>
    <encounterTypeId>6</encounterTypeId>
  </org.openmrs.EncounterType>
</list>
