<?xml version="1.0" encoding="UTF-8"?>
<list id="1">
  <org.openmrs.module.htmlformentry.HtmlForm id="2" uuid="82a3a38a-7be1-40c3-b35a-17eb21190f09">
    <creator/>
    <dateCreated id="3">2012-06-20 06:33:38</dateCreated>
    <changedBy/>
    <dateChanged id="4">2012-07-04 02:11:25</dateChanged>
    <retired>false</retired>
    <id>4</id>
    <form id="5" resolves-to="org.openmrs.Form" uuid="37f6bd8d-586a-4169-95fa-5781f987fe62">
      <name>Triage</name>
      <description>Initial and follow up visits MOH 257</description>
      <creator/>
      <dateCreated id="7">2012-06-20 06:33:38</dateCreated>
      <changedBy/>
      <dateChanged id="8">2012-07-04 01:10:57</dateChanged>
      <retired>false</retired>
      <formId>4</formId>
      <version>0.0.1</version>
      <published>true</published>
      <encounterType id="9" resolves-to="org.openmrs.EncounterType" uuid="d1059fb9-a079-4feb-a749-eedd709ae542">
        <name>Triage</name>
        <description>Collection of limited patient data, prior to a more thorough examination</description>
        <creator/>
        <dateCreated id="11">2012-06-26 06:15:56</dateCreated>
        <retired>false</retired>
        <encounterTypeId>8</encounterTypeId>
      </encounterType>
      <formFields id="12"/>
    </form>
    <xmlData>&lt;htmlform&gt;&#xd;
	&lt;style&gt;&#xd;
		table.baseline-aligned td {&#xd;
			vertical-align: baseline;&#xd;
		}&#xd;
	&lt;/style&gt;&#xd;
&#xd;
	&lt;div class=&quot;patient-details&quot;&gt;&#xd;
		&lt;table class=&quot;baseline-aligned&quot; width=&quot;100%&quot;&gt;&#xd;
			&lt;tr&gt;&#xd;
				&lt;td&gt;Name: &lt;lookup class=&quot;value&quot; expression=&quot;patient.personName&quot;/&gt;&lt;/td&gt;&#xd;
				&lt;td&gt;Gender: &lt;lookup class=&quot;value&quot; expression=&quot;patient.gender&quot;/&gt;&lt;/td&gt;&#xd;
				&lt;td&gt;Birthdate: &lt;lookup class=&quot;value&quot; complexExpression=&quot;#if( \$patient.birthdateEstimated ) ~#end&quot;/&gt; &lt;lookup class=&quot;value&quot; expression=&quot;patient.birthdate&quot;/&gt;&#xd;
				&lt;/td&gt;&#xd;
			&lt;/tr&gt;&#xd;
		&lt;/table&gt;&#xd;
	&lt;/div&gt;&#xd;
&#xd;
	&lt;div class=&quot;encounter-details&quot;&gt;&#xd;
		&lt;table class=&quot;baseline-aligned&quot; width=&quot;100%&quot;&gt;&#xd;
			&lt;tr&gt;&#xd;
				&lt;td&gt;Date: &lt;encounterDate default=&quot;now&quot; showTime=&quot;true&quot;/&gt;&lt;/td&gt;&#xd;
				&lt;td&gt;Provider: &lt;encounterProviderAndRole encounterRole=&quot;a0b03050-c99b-11e0-9572-0800200c9a66&quot; default=&quot;currentUser&quot; required=&quot;true&quot;/&gt;&lt;/td&gt;&#xd;
				&lt;td&gt;Location: &lt;encounterLocation default=&quot;GlobalProperty:kenyaemr.defaultLocation&quot;/&gt;&lt;/td&gt;&#xd;
			&lt;/tr&gt;&#xd;
		&lt;/table&gt;&#xd;
	&lt;/div&gt;&#xd;
&#xd;
&lt;table style=&quot;width: 100%; height: 44px;&quot; border=&quot;0&quot; align=&quot;center&quot;&gt;&#xd;
&lt;tbody&gt;&#xd;
&lt;tr&gt;&#xd;
&lt;td style=&quot;font-family: Trebuchet MS,serif; text-align: center;&quot;&gt;&#xd;
	&lt;fieldset &gt;&#xd;
		&lt;table&gt; &#xd;
			&lt;tr&gt;&#xd;
				&lt;td style=&quot;text-align: left;&quot;&gt;Reason for visit:&lt;/td&gt;&#xd;
				&lt;td style=&quot;text-align: left;&quot;&gt;&lt;obs conceptId=&quot;160430AAAAAAAAAAAAAAAAAAAAAAAAAAAAAA&quot; rows=&quot;2&quot; cols=&quot;80&quot;/&gt;&lt;/td&gt;&#xd;
			&lt;/tr&gt;&#xd;
			&lt;tr&gt;&#xd;
				&lt;td style=&quot;text-align: left;&quot;&gt;Weight:&lt;/td&gt;&#xd;
				&lt;td style=&quot;text-align: left;&quot;&gt;&lt;obs id=&quot;weight&quot; conceptId=&quot;5089AAAAAAAAAAAAAAAAAAAAAAAAAAAAAAAA&quot; labelText=&quot; &quot;/&gt;kg&lt;/td&gt;&#xd;
			&lt;/tr&gt;&#xd;
			&lt;tr&gt;&#xd;
				&lt;td style=&quot;text-align: left;&quot;&gt;Height:&lt;/td&gt;&#xd;
				&lt;td style=&quot;text-align: left;&quot;&gt;&lt;obs id=&quot;height&quot; conceptId=&quot;5090AAAAAAAAAAAAAAAAAAAAAAAAAAAAAAAA&quot; labelText=&quot; &quot;/&gt;cm&lt;/td&gt;&#xd;
			&lt;/tr&gt;&#xd;
			&lt;tr&gt;&#xd;
				&lt;td style=&quot;text-align: left;&quot;&gt;BMI:&lt;/td&gt;&#xd;
				&lt;td style=&quot;text-align: left;&quot;&gt;&lt;span id=&quot;bmi-calculated&quot;&gt;&lt;/span&gt;&lt;/td&gt;&#xd;
			&lt;/tr&gt;&#xd;
			&lt;tr&gt;&#xd;
				&lt;td style=&quot;text-align: left;&quot;&gt;Temp:&lt;/td&gt;&#xd;
				&lt;td style=&quot;text-align: left;&quot;&gt;&lt;obs  conceptId=&quot;5088AAAAAAAAAAAAAAAAAAAAAAAAAAAAAAAA&quot; labelText=&quot; &quot;/&gt; &amp;#176;C&lt;/td&gt;&#xd;
			&lt;/tr&gt;&#xd;
			&lt;tr&gt;&#xd;
				&lt;td style=&quot;text-align: left;&quot;&gt;Pulse rate:&lt;/td&gt;&#xd;
				&lt;td style=&quot;text-align: left;&quot;&gt;&lt;obs  conceptId=&quot;5087AAAAAAAAAAAAAAAAAAAAAAAAAAAAAAAA&quot; labelText=&quot; &quot;/&gt;&lt;/td&gt;&#xd;
			&lt;/tr&gt;&#xd;
			&lt;tr&gt;&#xd;
				&lt;td style=&quot;text-align: left;&quot;&gt;BP:&lt;/td&gt;&#xd;
				&lt;td style=&quot;text-align: left;&quot;&gt;&lt;obs  conceptId=&quot;5085AAAAAAAAAAAAAAAAAAAAAAAAAAAAAAAA&quot;/&gt; / &lt;obs  conceptId=&quot;5086AAAAAAAAAAAAAAAAAAAAAAAAAAAAAAAA&quot;/&gt;&lt;/td&gt;&#xd;
			&lt;/tr&gt;&#xd;
			&lt;tr&gt;&#xd;
				&lt;td style=&quot;text-align: left;&quot;&gt;Respiratory Rate:&lt;/td&gt;&#xd;
				&lt;td style=&quot;text-align: left;&quot;&gt;&lt;obs  conceptId=&quot;5242AAAAAAAAAAAAAAAAAAAAAAAAAAAAAAAA&quot; labelText=&quot; &quot;/&gt;&lt;/td&gt;&#xd;
			&lt;/tr&gt;&#xd;
			&lt;tr&gt;&#xd;
				&lt;td style=&quot;text-align: left;&quot;&gt;Oxygen Saturation:&lt;/td&gt;&#xd;
				&lt;td style=&quot;text-align: left;&quot;&gt;&lt;obs  conceptId=&quot;5092AAAAAAAAAAAAAAAAAAAAAAAAAAAAAAAA&quot; labelText=&quot;&quot;/&gt;&lt;/td&gt;&#xd;
			&lt;/tr&gt;&#xd;
			&lt;tr&gt;&#xd;
				&lt;td style=&quot;text-align: left;&quot;&gt;MUAC (if child):&lt;/td&gt;&#xd;
				&lt;td style=&quot;text-align: left;&quot;&gt;&lt;obs  conceptId=&quot;1343AAAAAAAAAAAAAAAAAAAAAAAAAAAAAAAA&quot; labelText=&quot; &quot;/&gt;&lt;/td&gt;&#xd;
			&lt;/tr&gt;&#xd;
			&lt;tr&gt;&#xd;
				&lt;td style=&quot;text-align: left;&quot;&gt;Pill count:&lt;/td&gt;&#xd;
				&lt;td style=&quot;text-align: left;&quot;&gt; TODO &lt;/td&gt;&#xd;
			&lt;/tr&gt;&#xd;
			&lt;includeIf velocityTest=&quot;$patient.gender == &apos;F&apos; &quot;&gt;&#xd;
				&lt;tr&gt;&#xd;
					&lt;td style=&quot;text-align: left;&quot;&gt;LMP:&lt;/td&gt;&#xd;
					&lt;td style=&quot;text-align: left;&quot;&gt; &lt;obs  conceptId=&quot;1427AAAAAAAAAAAAAAAAAAAAAAAAAAAAAAAA&quot; labelText=&quot; &quot;/&gt;&lt;/td&gt;&#xd;
				&lt;/tr&gt;&#xd;
			&lt;/includeIf&gt;&#xd;
		&lt;/table&gt;&#xd;
	&lt;/fieldset&gt;&#xd;
&lt;/td&gt;&#xd;
&lt;/tr&gt;&#xd;
&lt;tr&gt;&#xd;
&lt;td style=&quot;border: 1px solid #000099; font-family: Trebuchet MS,serif; text-align: center;&quot;&gt;&lt;submit/&gt;&lt;/td&gt;&#xd;
&lt;/tr&gt;&#xd;
&lt;/tbody&gt;&#xd;
&lt;/table&gt;&#xd;
&#xd;
&lt;script&gt;&#xd;
function roundNumber(number, digits) {&#xd;
    var multiple = Math.pow(10, digits);&#xd;
    var rndedNum = Math.round(number * multiple) / multiple;&#xd;
    return rndedNum;&#xd;
}&#xd;
&#xd;
function calculateBmi() {&#xd;
    var wt = parseFloat(getValue(&apos;weight.value&apos;));&#xd;
    var ht = parseFloat(getValue(&apos;height.value&apos;)) / 100;&#xd;
    if (!isNaN(wt) &amp;amp;&amp;amp; !isNaN(ht)) {&#xd;
        var bmi = wt/(ht*ht)&#xd;
        var msg = roundNumber(bmi, 2);&#xd;
        if (bmi &amp;lt; 10 || bmi &gt; 50) {&#xd;
            msg += &apos; &amp;lt;i&amp;gt;Abnormal value, verify weight and height are entered correctly!&amp;lt;/i&amp;gt;&apos;;&#xd;
        }&#xd;
        $j(&apos;#bmi-calculated&apos;).html(msg);&#xd;
    } else {&#xd;
        $j(&apos;#bmi-calculated&apos;).html(&apos;&apos;);&#xd;
    }&#xd;
}&#xd;
&#xd;
$j(function() {&#xd;
    getField(&apos;weight.value&apos;).change(calculateBmi);&#xd;
    getField(&apos;height.value&apos;).change(calculateBmi);&#xd;
})&#xd;
&lt;/script&gt;&#xd;
&lt;/htmlform&gt;</xmlData>
    <dependencies class="set" id="13">
      <org.openmrs.EncounterRole id="14" uuid="a0b03050-c99b-11e0-9572-0800200c9a66">
        <name>Unknown</name>
        <description>Unknown encounter role for legacy providers with no encounter role set</description>
        <creator/>
        <dateCreated id="15">2011-08-18 14:00:00</dateCreated>
        <retired>false</retired>
        <encounterRoleId>1</encounterRoleId>
      </org.openmrs.EncounterRole>
    </dependencies>
  </org.openmrs.module.htmlformentry.HtmlForm>
  <org.openmrs.module.htmlformentry.HtmlForm id="16" uuid="313b5a76-e0f5-41c0-bd8c-7316b84a987f">
    <creator/>
    <dateCreated id="17">2012-06-26 07:40:15</dateCreated>
    <changedBy/>
    <dateChanged id="18">2012-06-28 21:49:48</dateChanged>
    <retired>false</retired>
    <id>17</id>
    <form id="19" resolves-to="org.openmrs.Form" uuid="01f3aa8d-d0b5-4252-a7eb-059fec6633e9">
      <name>MOH 257 ENCOUNTER : MEDICATION ORDERS</name>
      <creator/>
      <dateCreated id="21">2012-06-26 07:40:15</dateCreated>
      <changedBy/>
      <dateChanged id="22">2012-06-28 21:49:48</dateChanged>
      <retired>false</retired>
      <formId>17</formId>
      <version>0.0.1</version>
      <published>true</published>
      <encounterType id="23" resolves-to="org.openmrs.EncounterType" uuid="465a92f2-baf8-42e9-9612-53064be868e8">
        <name>Consultation</name>
        <description>Collection of clinical data during the main consultation</description>
        <creator/>
        <dateCreated id="25">2012-06-26 06:19:31</dateCreated>
        <retired>false</retired>
        <encounterTypeId>12</encounterTypeId>
      </encounterType>
      <formFields id="26"/>
    </form>
    <xmlData>&lt;htmlform&gt;&#xd;
&lt;table style=&quot;width: 1000px; height: 44px;&quot; border=&quot;0&quot; align=&quot;center&quot;&gt;&#xd;
&lt;tbody&gt;&#xd;
&lt;tr&gt;&#xd;
&lt;td style=&quot;border: 1px solid #000099; background-color: #009d8e; color: #ffffff; font-family: Trebuchet MS,serif; text-align: center;&quot;&gt;&#xd;
&lt;strong&gt;Medication Orders&lt;/strong&gt;&#xd;
&lt;/td&gt;&#xd;
&lt;/tr&gt;&#xd;
&lt;tr&gt;&#xd;
&lt;td style=&quot;font-family: Trebuchet MS,serif; text-align: left;&quot;&gt;&#xd;
	&lt;fieldset &gt;                                                 &#xd;
		&lt;table&gt;&#xd;
			&lt;tr&gt;&#xd;
				&lt;td&gt;Drug Name&lt;/td&gt;&#xd;
			&lt;/tr&gt;&#xd;
			&lt;tr&gt;&#xd;
				&lt;td&gt;Dose&lt;/td&gt;&#xd;
			&lt;/tr&gt;&#xd;
			&lt;tr&gt;&#xd;
				&lt;td&gt;Frequency&lt;/td&gt;&#xd;
			&lt;/tr&gt;&#xd;
			&lt;tr&gt;&#xd;
				&lt;td&gt;Duration&lt;/td&gt;&#xd;
			&lt;/tr&gt;&#xd;
		&lt;/table&gt;&#xd;
	&lt;/fieldset&gt;&#xd;
&lt;/td&gt;&#xd;
&lt;/tr&gt;&#xd;
&lt;tr&gt;&#xd;
&lt;td style=&quot;border: 1px solid #000099; font-family: Trebuchet MS,serif; text-align: center;&quot;&gt;&lt;submit/&gt;&lt;/td&gt;&#xd;
&lt;/tr&gt;&#xd;
&lt;/tbody&gt;&#xd;
&lt;/table&gt;&#xd;
&#xd;
&lt;!-- END OF FORM&#xd;
&#xd;
Simple examples to copy-and-paste. Full reference at http://wiki.openmrs.org/x/kg8z&#xd;
&#xd;
--&gt;&#xd;
&lt;/htmlform&gt;</xmlData>
    <dependencies class="set" id="27"/>
  </org.openmrs.module.htmlformentry.HtmlForm>
  <org.openmrs.module.htmlformentry.HtmlForm id="28" uuid="629a94d4-a703-4c87-b701-e4e0753cf6e3">
    <creator/>
    <dateCreated id="29">2012-06-23 13:32:30</dateCreated>
    <changedBy/>
    <dateChanged id="30">2012-07-04 18:46:26</dateChanged>
    <retired>false</retired>
    <id>11</id>
    <form id="31" resolves-to="org.openmrs.Form" uuid="0038a296-62f8-4099-80e5-c9ea7590c157">
      <name>Progress Note</name>
      <description>Encounter memo field free text to enter additional information mostly complaints and examinations findings.</description>
      <creator/>
      <dateCreated id="33">2012-06-23 13:32:30</dateCreated>
      <changedBy/>
      <dateChanged id="34">2012-07-04 18:45:57</dateChanged>
      <retired>false</retired>
      <formId>11</formId>
      <version>0.0.1</version>
      <published>true</published>
      <encounterType reference="23"/>
      <formFields id="35"/>
    </form>
    <xmlData>&lt;htmlform&gt;&#xd;
&#xd;
&#xd;
	&lt;style&gt;&#xd;
		table.baseline-aligned td {&#xd;
			vertical-align: baseline;&#xd;
		}&#xd;
	&lt;/style&gt;&#xd;
&#xd;
	&lt;div class=&quot;patient-details&quot;&gt;&#xd;
		&lt;table class=&quot;baseline-aligned&quot; width=&quot;100%&quot;&gt;&#xd;
			&lt;tr&gt;&#xd;
				&lt;td&gt;Name: &lt;lookup class=&quot;value&quot; expression=&quot;patient.personName&quot;/&gt;&lt;/td&gt;&#xd;
				&lt;td&gt;Gender: &lt;lookup class=&quot;value&quot; expression=&quot;patient.gender&quot;/&gt;&lt;/td&gt;&#xd;
				&lt;td&gt;Birthdate: &lt;lookup class=&quot;value&quot; complexExpression=&quot;#if( \$patient.birthdateEstimated ) ~#end&quot;/&gt; &lt;lookup class=&quot;value&quot; expression=&quot;patient.birthdate&quot;/&gt;&#xd;
				&lt;/td&gt;&#xd;
			&lt;/tr&gt;&#xd;
		&lt;/table&gt;&#xd;
	&lt;/div&gt;&#xd;
&#xd;
	&lt;div class=&quot;encounter-details&quot;&gt;&#xd;
		&lt;table class=&quot;baseline-aligned&quot; width=&quot;100%&quot;&gt;&#xd;
			&lt;tr&gt;&#xd;
				&lt;td&gt;Date: &lt;encounterDate default=&quot;now&quot; showTime=&quot;true&quot;/&gt;&lt;/td&gt;&#xd;
				&lt;td&gt;Provider: &lt;encounterProviderAndRole encounterRole=&quot;a0b03050-c99b-11e0-9572-0800200c9a66&quot; default=&quot;currentUser&quot; required=&quot;true&quot;/&gt;&lt;/td&gt;&#xd;
				&lt;td&gt;Location: &lt;encounterLocation default=&quot;GlobalProperty:kenyaemr.defaultLocation&quot;/&gt;&lt;/td&gt;&#xd;
			&lt;/tr&gt;&#xd;
		&lt;/table&gt;&#xd;
	&lt;/div&gt;&#xd;
&#xd;
&#xd;
&lt;table style=&quot;width: 100%; height: 44px;&quot; border=&quot;0&quot; align=&quot;center&quot;&gt;&#xd;
&lt;tbody&gt;&#xd;
&lt;tr&gt;&#xd;
&lt;td style=&quot;font-family: Trebuchet MS,serif; font-size: xx-small; text-align: center;&quot;&gt;&#xd;
	&lt;fieldset &gt;&#xd;
		&lt;table&gt;&#xd;
			&lt;tr&gt;&#xd;
				&lt;td&gt;&lt;obs conceptId=&quot;159395AAAAAAAAAAAAAAAAAAAAAAAAAAAAAA&quot; labelText=&quot;  &quot; rows=&quot;15&quot; cols=&quot;170&quot; style=&quot;textarea&quot;/&gt;&lt;/td&gt;&#xd;
			&lt;/tr&gt;&#xd;
		&lt;/table&gt;&#xd;
	&lt;/fieldset&gt;&#xd;
&lt;/td&gt;&#xd;
&lt;/tr&gt;&#xd;
&lt;tr&gt;&#xd;
&lt;td style=&quot;border: 1px solid #000099; font-family: Trebuchet MS,serif; text-align: center;&quot;&gt;&lt;submit/&gt;&lt;/td&gt;&#xd;
&lt;/tr&gt;&#xd;
&lt;/tbody&gt;&#xd;
&lt;/table&gt;&#xd;
&#xd;
&#xd;
&lt;/htmlform&gt;</xmlData>
    <dependencies class="set" id="36">
      <org.openmrs.EncounterRole reference="14"/>
    </dependencies>
  </org.openmrs.module.htmlformentry.HtmlForm>
  <org.openmrs.module.htmlformentry.HtmlForm id="37" uuid="18accb63-af9d-4866-966f-d92faa1ed4d9">
    <creator/>
    <dateCreated id="38">2012-06-22 21:21:04</dateCreated>
    <changedBy/>
    <dateChanged id="39">2012-07-02 16:12:41</dateChanged>
    <retired>false</retired>
    <id>7</id>
    <form id="40" resolves-to="org.openmrs.Form" uuid="6d60a39d-3963-4da8-854a-35939b67a473">
      <name>MOH 257 ENROLLMENT : TRANSFER IN</name>
      <description>Enrollment process option which records details of the patient who has been previously in HIV care at another facility and is moving to this facility.</description>
      <creator/>
      <dateCreated id="42">2012-06-22 21:21:04</dateCreated>
      <changedBy/>
      <dateChanged id="43">2012-07-02 16:12:41</dateChanged>
      <retired>true</retired>
      <dateRetired id="44">2012-07-02 16:12:41</dateRetired>
      <retiredBy/>
      <retireReason>merged into another</retireReason>
      <formId>7</formId>
      <version>0.0.1</version>
      <published>false</published>
      <encounterType id="45" resolves-to="org.openmrs.EncounterType" uuid="de78a6be-bfc5-4634-adc3-5f1a280455cc">
        <name>HIV Registration</name>
        <description>Initial data collection for the HIV program</description>
        <creator/>
        <dateCreated id="47">2012-06-26 06:15:01</dateCreated>
        <retired>false</retired>
        <encounterTypeId>9</encounterTypeId>
      </encounterType>
      <formFields id="48"/>
    </form>
    <xmlData>&lt;htmlform&gt;&#xd;
&#xd;
	&lt;style&gt;&#xd;
		table.baseline-aligned td {&#xd;
			vertical-align: baseline;&#xd;
		}&#xd;
	&lt;/style&gt;&#xd;
&#xd;
	&lt;div class=&quot;patient-details&quot;&gt;&#xd;
		&lt;table class=&quot;baseline-aligned&quot; width=&quot;100%&quot;&gt;&#xd;
			&lt;tr&gt;&#xd;
				&lt;td&gt;Name: &lt;lookup class=&quot;value&quot; expression=&quot;patient.personName&quot;/&gt;&lt;/td&gt;&#xd;
				&lt;td&gt;Gender: &lt;lookup class=&quot;value&quot; expression=&quot;patient.gender&quot;/&gt;&lt;/td&gt;&#xd;
				&lt;td&gt;Birthdate: &lt;lookup class=&quot;value&quot; complexExpression=&quot;#if( \$patient.birthdateEstimated ) ~#end&quot;/&gt; &lt;lookup class=&quot;value&quot; expression=&quot;patient.birthdate&quot;/&gt;&#xd;
				&lt;/td&gt;&#xd;
			&lt;/tr&gt;&#xd;
		&lt;/table&gt;&#xd;
	&lt;/div&gt;&#xd;
&#xd;
	&lt;div class=&quot;encounter-details&quot;&gt;&#xd;
		&lt;table class=&quot;baseline-aligned&quot; width=&quot;100%&quot;&gt;&#xd;
			&lt;tr&gt;&#xd;
				&lt;td&gt;Date: &lt;encounterDate default=&quot;now&quot; showTime=&quot;true&quot;/&gt;&lt;/td&gt;&#xd;
				&lt;td&gt;Provider: &lt;encounterProviderAndRole encounterRole=&quot;a0b03050-c99b-11e0-9572-0800200c9a66&quot; default=&quot;currentUser&quot; required=&quot;true&quot;/&gt;&lt;/td&gt;&#xd;
				&lt;td&gt;Location: &lt;encounterLocation default=&quot;GlobalProperty:kenyaemr.defaultLocation&quot;/&gt;&lt;/td&gt;&#xd;
			&lt;/tr&gt;&#xd;
		&lt;/table&gt;&#xd;
	&lt;/div&gt;&#xd;
&#xd;
&#xd;
&lt;table style=&quot;width: 100%; height: 44px;&quot; border=&quot;0&quot; align=&quot;center&quot;&gt;&#xd;
&lt;tbody&gt;&#xd;
&lt;tr&gt;&#xd;
&lt;td style=&quot;font-family: Trebuchet MS,serif;&quot;&gt;&#xd;
	&lt;fieldset &gt;&#xd;
		&lt;table&gt;&#xd;
			&lt;tr&gt;&#xd;
				&lt;td style=&quot;text-align: left;&quot;&gt;Transfer in date:&lt;/td&gt;&#xd;
				&lt;td style=&quot;text-align: left;&quot;&gt;&lt;obs conceptId=&quot;160534AAAAAAAAAAAAAAAAAAAAAAAAAAAAAA&quot; labelText=&quot; &quot;/&gt;&lt;/td&gt;&#xd;
			&lt;/tr&gt;&#xd;
			&lt;tr&gt;&#xd;
				&lt;td style=&quot;text-align: left;&quot;&gt;Transfer from:&lt;/td&gt;&#xd;
				&lt;td&gt;&#xd;
		                      &lt;table&gt;&#xd;
			                       &lt;tr&gt;&#xd;
				                     &lt;td style=&quot;text-align: left;&quot;&gt;Facility:&lt;/td&gt;&#xd;
				                     &lt;td style=&quot;text-align: left;&quot;&gt;&lt;encounterLocation type=&quot;autocomplete&quot;/&gt;&lt;/td&gt;&#xd;
			                       &lt;/tr&gt;&#xd;
			                       &lt;tr&gt;&#xd;
				                      &lt;td style=&quot;text-align: left;&quot;&gt;District:&lt;/td&gt;&#xd;
				                     &lt;td style=&quot;text-align: left;&quot;&gt;&lt;encounterLocation type=&quot;autocomplete&quot;/&gt;&lt;/td&gt;&#xd;
			                       &lt;/tr&gt;&#xd;
		                      &lt;/table&gt;&#xd;
                                &lt;/td&gt;&#xd;
			&lt;/tr&gt;&#xd;
			&lt;tr&gt;&#xd;
				&lt;td style=&quot;text-align: left;&quot;&gt;Date Enrolled in HIV Care:&lt;/td&gt;&#xd;
				&lt;td&gt;&lt;encounterDate default=&quot;today&quot;/&gt;&lt;/td&gt;&#xd;
			&lt;/tr&gt;&#xd;
			&lt;tr&gt;&#xd;
				&lt;td style=&quot;text-align: left;&quot;&gt;WHO Stage at enrollment:&lt;/td&gt;&#xd;
				&lt;td&gt;&#xd;
                                      &lt;table&gt;&#xd;
                                              &lt;obsgroup groupingConceptId=&quot;5356AAAAAAAAAAAAAAAAAAAAAAAAAAAAAAAA&quot;&gt;&#xd;
                                              &lt;tr&gt;             &#xd;
                                                  &lt;td&gt;&lt;strong&gt;Adult&lt;/strong&gt;&lt;obs conceptId=&quot;5356AAAAAAAAAAAAAAAAAAAAAAAAAAAAAAAA&quot; answerConceptIds=&quot;1204AAAAAAAAAAAAAAAAAAAAAAAAAAAAAAAA,1205AAAAAAAAAAAAAAAAAAAAAAAAAAAAAAAA,1206AAAAAAAAAAAAAAAAAAAAAAAAAAAAAAAA,1207AAAAAAAAAAAAAAAAAAAAAAAAAAAAAAAA&quot; style=&quot;radio&quot; answerLabels=&quot;WHO Stage1,WHO Stage2,WHO Stage3,WHO Stage4&quot; /&gt;&lt;/td&gt;&#xd;
                                               &lt;/tr&gt;&#xd;
                                               &lt;tr&gt;            &#xd;
                                                  &lt;td&gt;&lt;strong&gt;Child&lt;/strong&gt;&lt;obs conceptId=&quot;5356AAAAAAAAAAAAAAAAAAAAAAAAAAAAAAAA&quot; answerConceptIds=&quot;1220AAAAAAAAAAAAAAAAAAAAAAAAAAAAAAAA,1221AAAAAAAAAAAAAAAAAAAAAAAAAAAAAAAA,1222AAAAAAAAAAAAAAAAAAAAAAAAAAAAAAAA,1223AAAAAAAAAAAAAAAAAAAAAAAAAAAAAAAA&quot; style=&quot;radio&quot; answerLabels=&quot;WHO Stage1,WHO Stage2,WHO Stage3,WHO Stage4&quot; /&gt;&lt;/td&gt;&#xd;
                                               &lt;/tr&gt;&#xd;
                                               &lt;/obsgroup&gt;&#xd;
                                      &lt;/table&gt;&#xd;
                                &lt;/td&gt;&#xd;
			&lt;/tr&gt;&#xd;
			&lt;tr&gt;&#xd;
				&lt;td style=&quot;text-align: left;&quot;&gt;Was patient started on ART?:&lt;/td&gt;&#xd;
				&lt;td style=&quot;text-align: left;&quot;&gt;&lt;obs conceptId=&quot;5272AAAAAAAAAAAAAAAAAAAAAAAAAAAAAAAA&quot; labelText=&quot; &quot; answerConceptIds=&quot;1065AAAAAAAAAAAAAAAAAAAAAAAAAAAAAAAA,1066AAAAAAAAAAAAAAAAAAAAAAAAAAAAAAAA&quot; style=&quot;radio&quot; answerLabels=&quot;Yes,No&quot; /&gt;&lt;/td&gt;&#xd;
			&lt;/tr&gt;&#xd;
			&lt;tr&gt;&#xd;
				&lt;td style=&quot;text-align: left;&quot;&gt;Date Started ART:&lt;/td&gt;&#xd;
				&lt;td style=&quot;text-align: left;&quot;&gt;&lt;obs conceptId=&quot;159599AAAAAAAAAAAAAAAAAAAAAAAAAAAAAA&quot; labelText=&quot; &quot;/&gt;&lt;/td&gt;&#xd;
			&lt;/tr&gt;&#xd;
		&lt;/table&gt;&#xd;
	&lt;/fieldset&gt;&#xd;
&lt;/td&gt;&#xd;
&lt;/tr&gt;&#xd;
&lt;tr&gt;&#xd;
&lt;td style=&quot;border: 1px solid #000099; font-family: Trebuchet MS,serif; text-align: center;&quot;&gt;&lt;submit/&gt;&lt;/td&gt;&#xd;
&lt;/tr&gt;&#xd;
&lt;/tbody&gt;&#xd;
&lt;/table&gt;&#xd;
&lt;/htmlform&gt;</xmlData>
    <dependencies class="set" id="49">
      <org.openmrs.EncounterRole reference="14"/>
    </dependencies>
  </org.openmrs.module.htmlformentry.HtmlForm>
  <org.openmrs.module.htmlformentry.HtmlForm id="50" uuid="1a2bf46f-dffc-404f-9df3-96dacc394c49">
    <creator/>
    <dateCreated id="51">2012-06-26 06:25:19</dateCreated>
    <changedBy/>
    <dateChanged id="52">2012-07-04 18:38:55</dateChanged>
    <retired>false</retired>
    <id>20</id>
    <form id="53" resolves-to="org.openmrs.Form" uuid="e4b506c1-7379-42b6-a374-284469cba8da">
      <name>HIV Program Enrollment</name>
      <creator/>
      <dateCreated id="55">2012-06-26 06:25:19</dateCreated>
      <dateChanged id="56">2012-06-26 06:35:19</dateChanged>
      <retired>false</retired>
      <formId>20</formId>
      <version>0.1</version>
      <published>true</published>
      <encounterType reference="45"/>
      <formFields id="57"/>
    </form>
    <xmlData>&lt;htmlform&gt;&#xd;
	&lt;style&gt;&#xd;
		table.baseline-aligned td {&#xd;
			vertical-align: baseline;&#xd;
		}&#xd;
		table.right-first td:first-child {&#xd;
			text-align: right;&#xd;
		}&#xd;
	&lt;/style&gt;&#xd;
&#xd;
	&lt;div class=&quot;patient-details&quot;&gt;&#xd;
		&lt;table class=&quot;baseline-aligned&quot; width=&quot;100%&quot;&gt;&#xd;
			&lt;tr&gt;&#xd;
				&lt;td&gt;Name: &lt;lookup class=&quot;value&quot; expression=&quot;patient.personName&quot;/&gt;&lt;/td&gt;&#xd;
				&lt;td&gt;Gender: &lt;lookup class=&quot;value&quot; expression=&quot;patient.gender&quot;/&gt;&lt;/td&gt;&#xd;
				&lt;td&gt;Birthdate: &lt;lookup class=&quot;value&quot; complexExpression=&quot;#if( \$patient.birthdateEstimated ) ~#end&quot;/&gt; &lt;lookup class=&quot;value&quot; expression=&quot;patient.birthdate&quot;/&gt;&#xd;
				&lt;/td&gt;&#xd;
			&lt;/tr&gt;&#xd;
		&lt;/table&gt;&#xd;
	&lt;/div&gt;&#xd;
&#xd;
	Unique Patient Number: TODO&#xd;
&#xd;
	&lt;fieldset&gt;&#xd;
		&lt;legend&gt;At &lt;i&gt;This&lt;/i&gt; Facility&lt;/legend&gt;&#xd;
		&lt;table width=&quot;100%&quot;&gt;&#xd;
			&lt;tr&gt;&#xd;
				&lt;td&gt;Enrollment Date: &lt;encounterDate default=&quot;now&quot; showTime=&quot;true&quot;/&gt;&lt;/td&gt;&#xd;
				&lt;td&gt;&#xd;
					by: &lt;encounterProviderAndRole encounterRole=&quot;a0b03050-c99b-11e0-9572-0800200c9a66&quot; default=&quot;currentUser&quot; required=&quot;true&quot;/&gt; &lt;br/&gt;&#xd;
					at: &lt;encounterLocation default=&quot;GlobalProperty:kenyaemr.defaultLocation&quot;/&gt;&#xd;
				&lt;/td&gt;&#xd;
			&lt;/tr&gt;&#xd;
		&lt;/table&gt;&#xd;
&#xd;
&lt;table class=&quot;baseline-aligned right-first&quot;&gt;&#xd;
	&lt;tr&gt;&#xd;
		&lt;td&gt;What date was patient confirmed HIV+:&lt;/td&gt;&#xd;
		&lt;td&gt;&lt;obs conceptId=&quot;160554AAAAAAAAAAAAAAAAAAAAAAAAAAAAAA&quot;/&gt;&lt;/td&gt;&#xd;
	&lt;/tr&gt;&#xd;
	&lt;tr&gt;&#xd;
		&lt;td&gt;Where was confirmation done?&lt;/td&gt;&#xd;
		&lt;td&gt;&lt;obs conceptId=&quot;159936AAAAAAAAAAAAAAAAAAAAAAAAAAAAAA&quot;/&gt;&lt;/td&gt;&#xd;
	&lt;/tr&gt;&#xd;
	&lt;tr&gt;&#xd;
		&lt;td&gt;Entry Point:&lt;/td&gt;&#xd;
		&lt;td&gt;&#xd;
			&lt;obs style=&quot;radio&quot; answerSeparator=&quot;&amp;lt;br/&amp;gt;&quot; conceptId=&quot;160540AAAAAAAAAAAAAAAAAAAAAAAAAAAAAA&quot; answerConceptIds=&quot;160528AAAAAAAAAAAAAAAAAAAAAAAAAAAAAA,160536AAAAAAAAAAAAAAAAAAAAAAAAAAAAAA,160541AAAAAAAAAAAAAAAAAAAAAAAAAAAAAA,160542AAAAAAAAAAAAAAAAAAAAAAAAAAAAAA,160539AAAAAAAAAAAAAAAAAAAAAAAAAAAAAA,160537AAAAAAAAAAAAAAAAAAAAAAAAAAAAAA,160544AAAAAAAAAAAAAAAAAAAAAAAAAAAAAA,5622AAAAAAAAAAAAAAAAAAAAAAAAAAAAAAAA&quot; answerLabels=&quot;PMTCT,IPD-Ad,TB Clinic,OPD,VCT,IPD-Ch,MCH Child,Other&quot; /&gt;&#xd;
		&lt;/td&gt;&#xd;
	&lt;/tr&gt;&#xd;
	&lt;tr&gt;&#xd;
		&lt;td&gt;HIV Status of Family Members:&lt;/td&gt;&#xd;
		&lt;td&gt; TODO &lt;/td&gt;&#xd;
	&lt;/tr&gt;&#xd;
&lt;/table&gt;&#xd;
	&lt;/fieldset&gt;&#xd;
&#xd;
&lt;br/&gt;&#xd;
&#xd;
&lt;fieldset&gt;&#xd;
    &lt;legend&gt;Treatment Supporter&lt;/legend&gt;&#xd;
                     &lt;table&gt;&#xd;
                       &lt;tr&gt;&#xd;
                              &lt;td style=&quot;text-align: left;&quot;&gt;Name:&lt;/td&gt;&#xd;
                              &lt;td&gt;&lt;obs conceptId=&quot;160638AAAAAAAAAAAAAAAAAAAAAAAAAAAAAA&quot; size=&quot;40&quot;/&gt;&lt;/td&gt;&#xd;
                       &lt;/tr&gt;&#xd;
                       &lt;tr&gt;&#xd;
                              &lt;td style=&quot;text-align: left;&quot;&gt;Relationship:&lt;/td&gt;&#xd;
                              &lt;td&gt;&lt;obs conceptId=&quot;160640AAAAAAAAAAAAAAAAAAAAAAAAAAAAAA&quot;/&gt;&lt;/td&gt;&#xd;
                       &lt;/tr&gt;&#xd;
                       &lt;tr&gt;&#xd;
                              &lt;td style=&quot;text-align: left;&quot;&gt;Postal Address:&lt;/td&gt;&#xd;
                              &lt;td&gt;&lt;obs conceptId=&quot;160641AAAAAAAAAAAAAAAAAAAAAAAAAAAAAA&quot;/&gt;&lt;/td&gt;&#xd;
                       &lt;/tr&gt;&#xd;
                       &lt;tr&gt;&#xd;
                              &lt;td style=&quot;text-align: left;&quot;&gt;Telephone number:&lt;/td&gt;&#xd;
                              &lt;td&gt;&lt;obs conceptId=&quot;160642AAAAAAAAAAAAAAAAAAAAAAAAAAAAAA&quot;/&gt;&lt;/td&gt;&#xd;
                       &lt;/tr&gt;&#xd;
                     &lt;/table&gt;&#xd;
&lt;/fieldset&gt;&#xd;
&#xd;
	&lt;br/&gt;&#xd;
&#xd;
	&lt;fieldset&gt;&#xd;
		&lt;legend&gt;If Transferred from another facility&lt;/legend&gt;&#xd;
&#xd;
		&lt;obs conceptId=&quot;160534AAAAAAAAAAAAAAAAAAAAAAAAAAAAAA&quot; labelText=&quot;Transfer In Date:&quot;/&gt; &lt;br/&gt;&#xd;
		...from: Facility TODO, District: TODO &lt;br/&gt;&#xd;
		Date &lt;i&gt;first&lt;/i&gt; enrolled in HIV care: TODO &lt;br/&gt;&#xd;
		Date Started ART at transferring facility: TODO&#xd;
	&lt;/fieldset&gt;&#xd;
&#xd;
	&lt;br/&gt;&#xd;
&#xd;
	&lt;enrollInProgram programId=&quot;dfdc6d40-2f2f-463d-ba90-cc97350441a8&quot;/&gt;&#xd;
&#xd;
	&lt;center&gt;&lt;submit/&gt;&lt;/center&gt;&#xd;
&#xd;
&lt;/htmlform&gt;</xmlData>
    <dependencies class="set" id="58">
      <org.openmrs.EncounterRole reference="14"/>
    </dependencies>
  </org.openmrs.module.htmlformentry.HtmlForm>
  <org.openmrs.module.htmlformentry.HtmlForm id="59" uuid="c86ccf44-06de-4304-91c1-00f83bc9b001">
    <creator/>
    <dateCreated id="60">2012-06-30 17:30:41</dateCreated>
    <changedBy/>
    <dateChanged id="61">2012-07-05 16:36:27</dateChanged>
    <retired>false</retired>
    <id>21</id>
    <form id="62" resolves-to="org.openmrs.Form" uuid="e3237ede-fa70-451f-9e6c-0908bc39f8b9">
      <name>HIV Program Discontinuation</name>
      <description>Discontinuation of HIV care, for a variety of possible reasons</description>
      <creator/>
      <dateCreated id="64">2012-06-30 17:30:41</dateCreated>
      <changedBy/>
      <dateChanged id="65">2012-07-05 16:36:27</dateChanged>
      <retired>false</retired>
      <formId>21</formId>
      <version>0.1</version>
      <published>true</published>
      <encounterType id="66" resolves-to="org.openmrs.EncounterType" uuid="abfb143c-5b49-41e5-9ead-f47ee4cc57cf">
        <name>Check out</name>
        <description>Recording data as the patient completes a visit.</description>
        <creator/>
        <dateCreated id="68">2012-06-26 06:16:59</dateCreated>
        <retired>false</retired>
        <encounterTypeId>7</encounterTypeId>
      </encounterType>
      <formFields id="69"/>
    </form>
    <xmlData>&lt;htmlform&gt;&#xd;
	&lt;style&gt;&#xd;
		table.baseline-aligned td {&#xd;
			vertical-align: baseline;&#xd;
		}&#xd;
	&lt;/style&gt;&#xd;
&#xd;
	&lt;div class=&quot;patient-details&quot;&gt;&#xd;
		&lt;table class=&quot;baseline-aligned&quot; width=&quot;100%&quot;&gt;&#xd;
			&lt;tr&gt;&#xd;
				&lt;td&gt;Name: &lt;lookup class=&quot;value&quot; expression=&quot;patient.personName&quot;/&gt;&lt;/td&gt;&#xd;
				&lt;td&gt;Gender: &lt;lookup class=&quot;value&quot; expression=&quot;patient.gender&quot;/&gt;&lt;/td&gt;&#xd;
				&lt;td&gt;Birthdate: &lt;lookup class=&quot;value&quot; complexExpression=&quot;#if( \$patient.birthdateEstimated ) ~#end&quot;/&gt; &lt;lookup class=&quot;value&quot; expression=&quot;patient.birthdate&quot;/&gt;&#xd;
				&lt;/td&gt;&#xd;
			&lt;/tr&gt;&#xd;
		&lt;/table&gt;&#xd;
	&lt;/div&gt;&#xd;
&#xd;
	&lt;div class=&quot;encounter-details&quot;&gt;&#xd;
		&lt;table class=&quot;baseline-aligned&quot; width=&quot;100%&quot;&gt;&#xd;
			&lt;tr&gt;&#xd;
				&lt;td&gt;&lt;/td&gt;&#xd;
				&lt;td&gt;&lt;/td&gt;&#xd;
				&lt;td&gt;&lt;/td&gt;&#xd;
			&lt;/tr&gt;&#xd;
		&lt;/table&gt;&#xd;
	&lt;/div&gt;&#xd;
&#xd;
&lt;fieldset&gt;&#xd;
&lt;legend&gt;Discontinue HIV Care&lt;/legend&gt;&#xd;
Date: &lt;encounterDate default=&quot;now&quot; showTime=&quot;true&quot;/&gt; &lt;br/&gt;&#xd;
Reason: TODO &lt;br/&gt;&#xd;
	(if transfer out) &lt;obs conceptId=&quot;159495AAAAAAAAAAAAAAAAAAAAAAAAAAAAAA&quot; labelText=&quot;Transfer to Facility:&quot;/&gt;&#xd;
&lt;br/&gt;&#xd;
&lt;br/&gt;&#xd;
&lt;hr/&gt;&#xd;
Signed by &lt;encounterProviderAndRole encounterRole=&quot;a0b03050-c99b-11e0-9572-0800200c9a66&quot; default=&quot;currentUser&quot; required=&quot;true&quot;/&gt;&#xd;
at &lt;encounterLocation default=&quot;GlobalProperty:kenyaemr.defaultLocation&quot;/&gt;&#xd;
&lt;br/&gt;&#xd;
&lt;br/&gt;&#xd;
&#xd;
&lt;completeProgram programId=&quot;dfdc6d40-2f2f-463d-ba90-cc97350441a8&quot;/&gt;&#xd;
&#xd;
&lt;submit/&gt;&#xd;
&lt;/fieldset&gt;&#xd;
&#xd;
&lt;/htmlform&gt;</xmlData>
    <dependencies class="set" id="70">
      <org.openmrs.EncounterRole reference="14"/>
    </dependencies>
  </org.openmrs.module.htmlformentry.HtmlForm>
  <org.openmrs.module.htmlformentry.HtmlForm id="71" uuid="d2e1aa72-abc0-4cbf-be1b-33854994f276">
    <creator/>
    <dateCreated id="72">2012-06-26 07:31:44</dateCreated>
    <changedBy/>
    <dateChanged id="73">2012-06-29 08:40:31</dateChanged>
    <retired>false</retired>
    <id>16</id>
    <form id="74" resolves-to="org.openmrs.Form" uuid="7e603909-9ed5-4d0c-a688-26ecb05d8b6e">
      <name>MOH 257 ENCOUNTER : ORDER LAB INVESTIGATIONS</name>
      <creator/>
      <dateCreated id="76">2012-06-26 07:31:44</dateCreated>
      <changedBy/>
      <dateChanged id="77">2012-06-28 21:49:55</dateChanged>
      <retired>false</retired>
      <formId>16</formId>
      <version>0.0.1</version>
      <published>true</published>
      <encounterType reference="23"/>
      <formFields id="78"/>
    </form>
    <xmlData>&lt;htmlform&gt;&#xd;
&#xd;
&#xd;
	&lt;style&gt;&#xd;
		table.baseline-aligned td {&#xd;
			vertical-align: baseline;&#xd;
		}&#xd;
	&lt;/style&gt;&#xd;
&#xd;
	&lt;div class=&quot;patient-details&quot;&gt;&#xd;
		&lt;table class=&quot;baseline-aligned&quot; width=&quot;100%&quot;&gt;&#xd;
			&lt;tr&gt;&#xd;
				&lt;td&gt;Name: &lt;lookup class=&quot;value&quot; expression=&quot;patient.personName&quot;/&gt;&lt;/td&gt;&#xd;
				&lt;td&gt;Gender: &lt;lookup class=&quot;value&quot; expression=&quot;patient.gender&quot;/&gt;&lt;/td&gt;&#xd;
				&lt;td&gt;Birthdate: &lt;lookup class=&quot;value&quot; complexExpression=&quot;#if( \$patient.birthdateEstimated ) ~#end&quot;/&gt; &lt;lookup class=&quot;value&quot; expression=&quot;patient.birthdate&quot;/&gt;&#xd;
				&lt;/td&gt;&#xd;
			&lt;/tr&gt;&#xd;
		&lt;/table&gt;&#xd;
	&lt;/div&gt;&#xd;
&#xd;
	&lt;div class=&quot;encounter-details&quot;&gt;&#xd;
		&lt;table class=&quot;baseline-aligned&quot; width=&quot;100%&quot;&gt;&#xd;
			&lt;tr&gt;&#xd;
				&lt;td&gt;Date: &lt;encounterDate default=&quot;now&quot; showTime=&quot;true&quot;/&gt;&lt;/td&gt;&#xd;
				&lt;td&gt;Provider: &lt;encounterProviderAndRole encounterRole=&quot;a0b03050-c99b-11e0-9572-0800200c9a66&quot; default=&quot;currentUser&quot; required=&quot;true&quot;/&gt;&lt;/td&gt;&#xd;
				&lt;td&gt;Location: &lt;encounterLocation default=&quot;GlobalProperty:kenyaemr.defaultLocation&quot;/&gt;&lt;/td&gt;&#xd;
			&lt;/tr&gt;&#xd;
		&lt;/table&gt;&#xd;
	&lt;/div&gt;&#xd;
&#xd;
&#xd;
&lt;table style=&quot;width: 100%; height: 44px;&quot; border=&quot;0&quot; align=&quot;center&quot;&gt;&#xd;
&lt;tbody&gt;&#xd;
&lt;tr&gt;&#xd;
&lt;td style=&quot;font-family: Trebuchet MS,serif; font-size: text-align: left;&quot;&gt;&#xd;
	&lt;fieldset &gt;&#xd;
		&lt;table&gt;&#xd;
			&lt;tr&gt;&#xd;
				&lt;td&gt;Type of Lab Test:&lt;/td&gt;&#xd;
			&lt;/tr&gt;&#xd;
			&lt;tr&gt;&#xd;
				&lt;td&gt;Date of Order:&lt;/td&gt;&#xd;
			&lt;/tr&gt;&#xd;
			&lt;tr&gt;&#xd;
				&lt;td&gt;View Lab Results:&lt;/td&gt;&#xd;
			&lt;/tr&gt;&#xd;
		&lt;/table&gt;&#xd;
	&lt;/fieldset&gt;&#xd;
&lt;/td&gt;&#xd;
&lt;/tr&gt;&#xd;
&lt;tr&gt;&#xd;
&lt;td style=&quot;border: 1px solid #000099; font-family: Trebuchet MS,serif; text-align: center;&quot;&gt;&lt;submit/&gt;&lt;/td&gt;&#xd;
&lt;/tr&gt;&#xd;
&lt;/tbody&gt;&#xd;
&lt;/table&gt;&#xd;
&#xd;
&lt;!-- END OF FORM&#xd;
&#xd;
Simple examples to copy-and-paste. Full reference at http://wiki.openmrs.org/x/kg8z&#xd;
&#xd;
--&gt;&#xd;
&lt;/htmlform&gt;</xmlData>
    <dependencies class="set" id="79">
      <org.openmrs.EncounterRole reference="14"/>
    </dependencies>
  </org.openmrs.module.htmlformentry.HtmlForm>
  <org.openmrs.module.htmlformentry.HtmlForm id="80" uuid="0bdf9eac-edd5-4af9-a8d8-67e5613dca0d">
    <creator/>
    <dateCreated id="81">2012-06-23 13:36:26</dateCreated>
    <changedBy/>
    <dateChanged id="82">2012-07-05 22:56:40</dateChanged>
    <retired>false</retired>
    <id>12</id>
    <form id="83" resolves-to="org.openmrs.Form" uuid="59ed8e62-7f1f-40ae-a2e3-eabe350277ce">
      <name>MOH 257 ENCOUNTER : TB SCREENING</name>
      <description>The patient&apos;s TB details is recorded here</description>
      <creator/>
      <dateCreated id="85">2012-06-23 13:36:26</dateCreated>
      <changedBy/>
      <dateChanged id="86">2012-06-28 22:01:32</dateChanged>
      <retired>false</retired>
      <formId>12</formId>
      <version>0.0.1</version>
      <published>true</published>
      <encounterType reference="23"/>
      <formFields id="87"/>
    </form>
    <xmlData>&lt;htmlform&gt;&#xd;
	&lt;style&gt;&#xd;
		table.baseline-aligned td {&#xd;
			vertical-align: baseline;&#xd;
		}&#xd;
	&lt;/style&gt;&#xd;
&#xd;
	&lt;div class=&quot;patient-details&quot;&gt;&#xd;
		&lt;table class=&quot;baseline-aligned&quot; width=&quot;100%&quot;&gt;&#xd;
			&lt;tr&gt;&#xd;
				&lt;td&gt;Name: &lt;lookup class=&quot;value&quot; expression=&quot;patient.personName&quot;/&gt;&lt;/td&gt;&#xd;
				&lt;td&gt;Gender: &lt;lookup class=&quot;value&quot; expression=&quot;patient.gender&quot;/&gt;&lt;/td&gt;&#xd;
				&lt;td&gt;Birthdate: &lt;lookup class=&quot;value&quot; complexExpression=&quot;#if( \$patient.birthdateEstimated ) ~#end&quot;/&gt; &lt;lookup class=&quot;value&quot; expression=&quot;patient.birthdate&quot;/&gt;&#xd;
				&lt;/td&gt;&#xd;
			&lt;/tr&gt;&#xd;
		&lt;/table&gt;&#xd;
	&lt;/div&gt;&#xd;
&#xd;
	&lt;div class=&quot;encounter-details&quot;&gt;&#xd;
		&lt;table class=&quot;baseline-aligned&quot; width=&quot;100%&quot;&gt;&#xd;
			&lt;tr&gt;&#xd;
				&lt;td&gt;Date: &lt;encounterDate default=&quot;now&quot; showTime=&quot;true&quot;/&gt;&lt;/td&gt;&#xd;
				&lt;td&gt;Provider: &lt;encounterProviderAndRole encounterRole=&quot;a0b03050-c99b-11e0-9572-0800200c9a66&quot; default=&quot;currentUser&quot; required=&quot;true&quot;/&gt;&lt;/td&gt;&#xd;
				&lt;td&gt;Location: &lt;encounterLocation default=&quot;GlobalProperty:kenyaemr.defaultLocation&quot;/&gt;&lt;/td&gt;&#xd;
			&lt;/tr&gt;&#xd;
		&lt;/table&gt;&#xd;
	&lt;/div&gt;&#xd;
&#xd;
&lt;table style=&quot;width: 100%&quot; border=&quot;0&quot; align=&quot;center&quot;&gt;&#xd;
&lt;tbody&gt;&#xd;
&lt;tr&gt;&#xd;
&lt;td style=&quot;font-family: Trebuchet MS,serif;&quot;&gt;&#xd;
	&lt;fieldset &gt;&#xd;
		&lt;table&gt;&#xd;
			&lt;tr&gt;&#xd;
			        &lt;td colspan=&quot;2&quot;&gt;&lt;obs conceptId=&quot;1659AAAAAAAAAAAAAAAAAAAAAAAAAAAAAAAA&quot; labelText=&quot;Cough for 2 weeks or more:&quot; answerConceptIds=&quot;1065AAAAAAAAAAAAAAAAAAAAAAAAAAAAAAAA,1066AAAAAAAAAAAAAAAAAAAAAAAAAAAAAAAA&quot; style=&quot;radio&quot; answerLabels=&quot;Yes,No&quot; /&gt;&lt;/td&gt;&#xd;
			&lt;/tr&gt;&#xd;
			&lt;tr&gt;&#xd;
			        &lt;td colspan=&quot;2&quot;&gt;&lt;obs conceptId=&quot;1659AAAAAAAAAAAAAAAAAAAAAAAAAAAAAAAA&quot; labelText=&quot;History of close contact with confirmed TB or Chronic cough?&quot; answerConceptIds=&quot;1065AAAAAAAAAAAAAAAAAAAAAAAAAAAAAAAA,1066AAAAAAAAAAAAAAAAAAAAAAAAAAAAAAAA&quot; style=&quot;radio&quot; answerLabels=&quot;Yes,No&quot; /&gt;&lt;/td&gt;&#xd;
			&lt;/tr&gt;&#xd;
			&lt;tr&gt;&#xd;
				&lt;td colspan=&quot;2&quot;&gt;&lt;obs conceptId=&quot;1659AAAAAAAAAAAAAAAAAAAAAAAAAAAAAAAA&quot; labelText=&quot;Fever for 2 weeks or more:&quot; answerConceptIds=&quot;1065AAAAAAAAAAAAAAAAAAAAAAAAAAAAAAAA,1066AAAAAAAAAAAAAAAAAAAAAAAAAAAAAAAA&quot; style=&quot;radio&quot; answerLabels=&quot;Yes,No&quot; /&gt;&lt;/td&gt;&#xd;
			&lt;/tr&gt;&#xd;
			&lt;tr&gt;&#xd;
				&lt;td colspan=&quot;2&quot;&gt;&lt;obs conceptId=&quot;1659AAAAAAAAAAAAAAAAAAAAAAAAAAAAAAAA&quot; labelText=&quot;Noticeable weight lose:&quot; answerConceptIds=&quot;1065AAAAAAAAAAAAAAAAAAAAAAAAAAAAAAAA,1066AAAAAAAAAAAAAAAAAAAAAAAAAAAAAAAA&quot; style=&quot;radio&quot; answerLabels=&quot;Yes,No&quot; /&gt;&lt;/td&gt;&#xd;
			&lt;/tr&gt;&#xd;
			&lt;tr&gt;&#xd;
				&lt;td colspan=&quot;2&quot;&gt;&lt;obs conceptId=&quot;1659AAAAAAAAAAAAAAAAAAAAAAAAAAAAAAAA&quot; labelText=&quot;Chest Pain or Breathlessness:&quot; answerConceptIds=&quot;1065AAAAAAAAAAAAAAAAAAAAAAAAAAAAAAAA,1066AAAAAAAAAAAAAAAAAAAAAAAAAAAAAAAA&quot; style=&quot;radio&quot; answerLabels=&quot;Yes,No&quot; /&gt;&lt;/td&gt;&#xd;
			&lt;/tr&gt;&#xd;
			&lt;tr&gt;&#xd;
				&lt;td colspan=&quot;2&quot;&gt;&lt;obs conceptId=&quot;1659AAAAAAAAAAAAAAAAAAAAAAAAAAAAAAAA&quot; labelText=&quot;Night sweat for 2 weeks or more&quot; answerConceptIds=&quot;1065AAAAAAAAAAAAAAAAAAAAAAAAAAAAAAAA,1066AAAAAAAAAAAAAAAAAAAAAAAAAAAAAAAA&quot; style=&quot;radio&quot; answerLabels=&quot;Yes,No&quot; /&gt;&lt;/td&gt;&#xd;
			&lt;/tr&gt;&#xd;
			&lt;tr&gt;&#xd;
				&lt;td colspan=&quot;2&quot;&gt;&lt;hr/&gt;&lt;/td&gt;&#xd;
			&lt;/tr&gt;&#xd;
			&lt;tr&gt;&#xd;
				&lt;td colspan=&quot;2&quot;&gt;&#xd;
                                              &lt;obs conceptId=&quot;1659AAAAAAAAAAAAAAAAAAAAAAAAAAAAAAAA&quot; labelText=&quot;Resulting TB Status:&quot; answerConceptIds=&quot;1660AAAAAAAAAAAAAAAAAAAAAAAAAAAAAAAA,142177AAAAAAAAAAAAAAAAAAAAAAAAAAAAAA,1662AAAAAAAAAAAAAAAAAAAAAAAAAAAAAAAA,1663AAAAAAAAAAAAAAAAAAAAAAAAAAAAAAAA&quot; style=&quot;radio&quot; answerLabels=&quot;No Signs,Suspect,TB Rx,Not Done&quot; /&gt;&#xd;
                                &lt;/td&gt;&#xd;
			&lt;/tr&gt;&#xd;
                        &lt;tr&gt;&#xd;
                                &lt;td width=&quot;30%&quot; style=&quot;text-align: right&quot;&gt;&lt;obs  conceptId=&quot;1113AAAAAAAAAAAAAAAAAAAAAAAAAAAAAAAA&quot; labelText=&quot;TB Rx date: &quot;/&gt; &lt;/td&gt;&#xd;
                                &lt;td&gt;TB Rx#:&lt;/td&gt;&#xd;
                        &lt;/tr&gt;&#xd;
		&lt;/table&gt;&#xd;
	&lt;/fieldset&gt;&#xd;
&lt;/td&gt;&#xd;
&lt;/tr&gt;&#xd;
&lt;tr&gt;&#xd;
&lt;td style=&quot;border: 1px solid #000099; font-family: Trebuchet MS,serif; text-align: center;&quot;&gt;&lt;submit/&gt;&lt;/td&gt;&#xd;
&lt;/tr&gt;&#xd;
&lt;/tbody&gt;&#xd;
&lt;/table&gt;&#xd;
&#xd;
&lt;!-- END OF FORM&#xd;
--&gt;&#xd;
&lt;/htmlform&gt;</xmlData>
    <dependencies class="set" id="88">
      <org.openmrs.EncounterRole reference="14"/>
    </dependencies>
  </org.openmrs.module.htmlformentry.HtmlForm>
  <org.openmrs.module.htmlformentry.HtmlForm id="89" uuid="9003915a-19e3-4753-86e1-7e8d5e8aab06">
    <creator/>
    <dateCreated id="90">2012-06-26 08:12:39</dateCreated>
    <changedBy/>
    <dateChanged id="91">2012-07-03 21:27:29</dateChanged>
    <retired>false</retired>
    <id>19</id>
    <form id="92" resolves-to="org.openmrs.Form" uuid="b388cd66-8e08-4e8f-97de-7cf10023ed0f">
      <name>MOH 257 ENCOUNTER : ART HISTORY</name>
      <creator/>
      <dateCreated id="94">2012-06-26 08:12:39</dateCreated>
      <changedBy/>
      <dateChanged id="95">2012-06-28 21:49:08</dateChanged>
      <retired>false</retired>
      <formId>19</formId>
      <version>0.0.1</version>
      <published>true</published>
      <encounterType reference="45"/>
      <formFields id="96"/>
    </form>
    <xmlData>&lt;htmlform&gt;&#xd;
&#xd;
&#xd;
	&lt;style&gt;&#xd;
		table.baseline-aligned td {&#xd;
			vertical-align: baseline;&#xd;
		}&#xd;
	&lt;/style&gt;&#xd;
&#xd;
	&lt;div class=&quot;patient-details&quot;&gt;&#xd;
		&lt;table class=&quot;baseline-aligned&quot; width=&quot;100%&quot;&gt;&#xd;
			&lt;tr&gt;&#xd;
				&lt;td&gt;Name: &lt;lookup class=&quot;value&quot; expression=&quot;patient.personName&quot;/&gt;&lt;/td&gt;&#xd;
				&lt;td&gt;Gender: &lt;lookup class=&quot;value&quot; expression=&quot;patient.gender&quot;/&gt;&lt;/td&gt;&#xd;
				&lt;td&gt;Birthdate: &lt;lookup class=&quot;value&quot; complexExpression=&quot;#if( \$patient.birthdateEstimated ) ~#end&quot;/&gt; &lt;lookup class=&quot;value&quot; expression=&quot;patient.birthdate&quot;/&gt;&#xd;
				&lt;/td&gt;&#xd;
			&lt;/tr&gt;&#xd;
		&lt;/table&gt;&#xd;
	&lt;/div&gt;&#xd;
&#xd;
	&lt;div class=&quot;encounter-details&quot;&gt;&#xd;
		&lt;table class=&quot;baseline-aligned&quot; width=&quot;100%&quot;&gt;&#xd;
			&lt;tr&gt;&#xd;
				&lt;td&gt;Date: &lt;encounterDate default=&quot;now&quot; showTime=&quot;true&quot;/&gt;&lt;/td&gt;&#xd;
				&lt;td&gt;Provider: &lt;encounterProviderAndRole encounterRole=&quot;a0b03050-c99b-11e0-9572-0800200c9a66&quot; default=&quot;currentUser&quot; required=&quot;true&quot;/&gt;&lt;/td&gt;&#xd;
				&lt;td&gt;Location: &lt;encounterLocation default=&quot;GlobalProperty:kenyaemr.defaultLocation&quot;/&gt;&lt;/td&gt;&#xd;
			&lt;/tr&gt;&#xd;
		&lt;/table&gt;&#xd;
	&lt;/div&gt;&#xd;
&#xd;
&#xd;
&lt;table style=&quot;width: 100%; height: 44px;&quot; border=&quot;0&quot; align=&quot;center&quot;&gt;&#xd;
&lt;tbody&gt;&#xd;
&lt;tr&gt;&#xd;
&lt;td style=&quot;font-family: Trebuchet MS,serif; text-align: left;&quot;&gt;&#xd;
	&lt;fieldset &gt;&#xd;
		&lt;table&gt;&#xd;
			&lt;tr&gt;&#xd;
				&lt;td colspan=&quot;2&quot;&gt;&lt;obs conceptId=&quot;160533AAAAAAAAAAAAAAAAAAAAAAAAAAAAAA&quot; labelText=&quot;Has this patient been on ARVs (including PEP &amp;amp; PMTCT)? &quot; style=&quot;yes_no&quot;/&gt; &lt;/td&gt;&#xd;
			&lt;/tr&gt;&#xd;
			&lt;tr&gt;&#xd;
				&lt;td&gt;Purpose:&lt;/td&gt;&#xd;
				&lt;td&gt;TODO&lt;/td&gt;&#xd;
			&lt;/tr&gt;&#xd;
			&lt;tr&gt;&#xd;
				&lt;td&gt;List of ARV Drug: &lt;/td&gt;&#xd;
				&lt;td&gt;&lt;obs labelText=&quot; &quot; conceptId=&quot;1086AAAAAAAAAAAAAAAAAAAAAAAAAAAAAAAA&quot;/&gt; &lt;/td&gt;&#xd;
			&lt;/tr&gt;&#xd;
			&lt;tr&gt;&#xd;
				&lt;td&gt;Dates Last Used: &lt;/td&gt;&#xd;
				&lt;td&gt;TODO&lt;/td&gt;&#xd;
			&lt;/tr&gt;&#xd;
			&lt;tr&gt;&#xd;
				&lt;td colspan=&quot;2&quot;&gt; &lt;/td&gt;&#xd;
			&lt;/tr&gt;&#xd;
		&lt;/table&gt;&#xd;
	&lt;/fieldset&gt;&#xd;
&lt;/td&gt;&#xd;
&lt;/tr&gt;&#xd;
&lt;tr&gt;&#xd;
&lt;td style=&quot;border: 1px solid #000099; font-family: Trebuchet MS,serif; text-align: center;&quot;&gt;&lt;submit/&gt;&lt;/td&gt;&#xd;
&lt;/tr&gt;&#xd;
&lt;/tbody&gt;&#xd;
&lt;/table&gt;&#xd;
&#xd;
&lt;!-- END OF FORM&#xd;
&#xd;
Simple examples to copy-and-paste. Full reference at http://wiki.openmrs.org/x/kg8z&#xd;
&#xd;
--&gt;&#xd;
&lt;/htmlform&gt;</xmlData>
    <dependencies class="set" id="97">
      <org.openmrs.EncounterRole reference="14"/>
    </dependencies>
  </org.openmrs.module.htmlformentry.HtmlForm>
  <org.openmrs.module.htmlformentry.HtmlForm id="98" uuid="7c37929e-4fce-4554-b600-c01de8faacd2">
    <creator/>
    <dateCreated id="99">2012-06-26 07:46:55</dateCreated>
    <changedBy/>
    <dateChanged id="100">2012-06-29 08:37:30</dateChanged>
    <retired>false</retired>
    <id>18</id>
    <form id="101" resolves-to="org.openmrs.Form" uuid="4a0d1332-490e-439f-9d14-c782143c94de">
      <name>MOH 257 ENCOUNTER : PAST MEDICAL AND SURGICAL HISTORY</name>
      <creator/>
      <dateCreated id="103">2012-06-26 07:46:55</dateCreated>
      <changedBy/>
      <dateChanged id="104">2012-06-28 21:50:02</dateChanged>
      <retired>false</retired>
      <formId>18</formId>
      <version>0.0.1</version>
      <published>true</published>
      <encounterType reference="23"/>
      <formFields id="105"/>
    </form>
    <xmlData>&lt;htmlform&gt;&#xd;
&#xd;
&#xd;
	&lt;style&gt;&#xd;
		table.baseline-aligned td {&#xd;
			vertical-align: baseline;&#xd;
		}&#xd;
	&lt;/style&gt;&#xd;
&#xd;
	&lt;div class=&quot;patient-details&quot;&gt;&#xd;
		&lt;table class=&quot;baseline-aligned&quot; width=&quot;100%&quot;&gt;&#xd;
			&lt;tr&gt;&#xd;
				&lt;td&gt;Name: &lt;lookup class=&quot;value&quot; expression=&quot;patient.personName&quot;/&gt;&lt;/td&gt;&#xd;
				&lt;td&gt;Gender: &lt;lookup class=&quot;value&quot; expression=&quot;patient.gender&quot;/&gt;&lt;/td&gt;&#xd;
				&lt;td&gt;Birthdate: &lt;lookup class=&quot;value&quot; complexExpression=&quot;#if( \$patient.birthdateEstimated ) ~#end&quot;/&gt; &lt;lookup class=&quot;value&quot; expression=&quot;patient.birthdate&quot;/&gt;&#xd;
				&lt;/td&gt;&#xd;
			&lt;/tr&gt;&#xd;
		&lt;/table&gt;&#xd;
	&lt;/div&gt;&#xd;
&#xd;
	&lt;div class=&quot;encounter-details&quot;&gt;&#xd;
		&lt;table class=&quot;baseline-aligned&quot; width=&quot;100%&quot;&gt;&#xd;
			&lt;tr&gt;&#xd;
				&lt;td&gt;Date: &lt;encounterDate default=&quot;now&quot; showTime=&quot;true&quot;/&gt;&lt;/td&gt;&#xd;
				&lt;td&gt;Provider: &lt;encounterProviderAndRole encounterRole=&quot;a0b03050-c99b-11e0-9572-0800200c9a66&quot; default=&quot;currentUser&quot; required=&quot;true&quot;/&gt;&lt;/td&gt;&#xd;
				&lt;td&gt;Location: &lt;encounterLocation default=&quot;GlobalProperty:kenyaemr.defaultLocation&quot;/&gt;&lt;/td&gt;&#xd;
			&lt;/tr&gt;&#xd;
		&lt;/table&gt;&#xd;
	&lt;/div&gt;&#xd;
&#xd;
&#xd;
&lt;table style=&quot;width: 100%; height: 44px;&quot; border=&quot;0&quot; align=&quot;center&quot;&gt;&#xd;
&lt;tbody&gt;&#xd;
&lt;tr&gt;&#xd;
&lt;td style=&quot;font-family: Trebuchet MS,serif; text-align: left;&quot;&gt;&#xd;
	&lt;fieldset &gt;&#xd;
		&lt;table&gt;&#xd;
			&lt;tr&gt;&#xd;
				&lt;td colspan=&quot;4&quot;&gt;&lt;strong&gt;History of chronic illnesses&lt;/strong&gt;&lt;/td&gt;&#xd;
			&lt;/tr&gt;&#xd;
			&lt;tr&gt;&#xd;
				&lt;td colspan=&quot;4&quot;&gt;Illness &lt;br/&gt;Date of Diagnosis&lt;br/&gt;Current Status&lt;br/&gt;Current Medication&lt;/td&gt;&#xd;
			&lt;/tr&gt;&#xd;
			&lt;tr&gt;&#xd;
				&lt;td colspan=&quot;4&quot;&gt;&lt;strong&gt;Allergies&lt;/strong&gt;&lt;/td&gt;&#xd;
			&lt;/tr&gt;&#xd;
			&lt;tr&gt;&#xd;
				&lt;td colspan=&quot;2&quot;&gt;Allergen:&lt;br/&gt;Date Diagnosed&lt;/td&gt;&#xd;
				&lt;td&gt;&lt;/td&gt;&#xd;
				&lt;td&gt;&lt;/td&gt;&#xd;
			&lt;/tr&gt;&#xd;
		&lt;/table&gt;&#xd;
	&lt;/fieldset&gt;&#xd;
&lt;/td&gt;&#xd;
&lt;/tr&gt;&#xd;
&lt;tr&gt;&#xd;
&lt;td style=&quot;border: 1px solid #000099; font-family: Trebuchet MS,serif; text-align: center;&quot;&gt;&lt;submit/&gt;&lt;/td&gt;&#xd;
&lt;/tr&gt;&#xd;
&lt;/tbody&gt;&#xd;
&lt;/table&gt;&#xd;
&#xd;
&lt;!-- END OF FORM&#xd;
&#xd;
Simple examples to copy-and-paste. Full reference at http://wiki.openmrs.org/x/kg8z&#xd;
&#xd;
--&gt;&#xd;
&lt;/htmlform&gt;</xmlData>
    <dependencies class="set" id="106">
      <org.openmrs.EncounterRole reference="14"/>
    </dependencies>
  </org.openmrs.module.htmlformentry.HtmlForm>
  <org.openmrs.module.htmlformentry.HtmlForm id="107" uuid="efc6b2ad-9573-4350-9e23-915a6a9a3c54">
    <creator/>
    <dateCreated id="108">2012-07-05 08:43:50</dateCreated>
    <changedBy/>
    <dateChanged id="109">2012-07-06 00:47:41</dateChanged>
    <retired>false</retired>
    <id>22</id>
    <form id="110" resolves-to="org.openmrs.Form" uuid="bd598114-4ef4-47b1-a746-a616180ccfc0">
      <name>Clinical Encounter - HIV addendum</name>
      <description>Additions for the merging of the forms  IMPRESSIONS AND DIAGNOSES, DECISION POINTS and TREATMENT INTERRUPTION (maybe)</description>
      <creator/>
      <dateCreated id="112">2012-07-05 08:43:50</dateCreated>
      <changedBy/>
      <dateChanged id="113">2012-07-05 16:36:13</dateChanged>
      <retired>false</retired>
      <formId>22</formId>
      <version>0.0.1</version>
      <published>true</published>
      <encounterType id="114" resolves-to="org.openmrs.EncounterType" uuid="a0034eee-1940-4e35-847f-97537a35d05e">
        <name>HIV Consultation</name>
        <description>Collection of HIV-specific data during the main consultation</description>
        <creator/>
        <dateCreated id="116">2012-06-26 06:20:28</dateCreated>
        <retired>false</retired>
        <encounterTypeId>10</encounterTypeId>
      </encounterType>
      <formFields id="117"/>
    </form>
    <xmlData>&lt;htmlform&gt;&#xd;
&#xd;
	&lt;style&gt;&#xd;
		fieldset legend {&#xd;
			font-weight: bold;&#xd;
		}&#xd;
		&#xd;
		table.baseline-aligned td {&#xd;
			vertical-align: baseline;&#xd;
		}&#xd;
	&lt;/style&gt;&#xd;
&#xd;
	&lt;div class=&quot;patient-details&quot;&gt;&#xd;
		&lt;table class=&quot;baseline-aligned&quot; width=&quot;100%&quot;&gt;&#xd;
			&lt;tr&gt;&#xd;
				&lt;td&gt;Name: &lt;lookup class=&quot;value&quot; expression=&quot;patient.personName&quot;/&gt;&lt;/td&gt;&#xd;
				&lt;td&gt;Gender: &lt;lookup class=&quot;value&quot; expression=&quot;patient.gender&quot;/&gt;&lt;/td&gt;&#xd;
				&lt;td&gt;Birthdate: &lt;lookup class=&quot;value&quot; complexExpression=&quot;#if( \$patient.birthdateEstimated ) ~#end&quot;/&gt; &lt;lookup class=&quot;value&quot; expression=&quot;patient.birthdate&quot;/&gt;&#xd;
				&lt;/td&gt;&#xd;
			&lt;/tr&gt;&#xd;
		&lt;/table&gt;&#xd;
	&lt;/div&gt;&#xd;
&#xd;
	&lt;div class=&quot;encounter-details&quot;&gt;&#xd;
		&lt;table class=&quot;baseline-aligned&quot; width=&quot;100%&quot;&gt;&#xd;
			&lt;tr&gt;&#xd;
				&lt;td&gt;Date: &lt;encounterDate default=&quot;now&quot; showTime=&quot;true&quot;/&gt;&lt;/td&gt;&#xd;
				&lt;td&gt;Provider: &lt;encounterProviderAndRole encounterRole=&quot;a0b03050-c99b-11e0-9572-0800200c9a66&quot; default=&quot;currentUser&quot; required=&quot;true&quot;/&gt;&lt;/td&gt;&#xd;
				&lt;td&gt;Location: &lt;encounterLocation default=&quot;GlobalProperty:kenyaemr.defaultLocation&quot;/&gt;&lt;/td&gt;&#xd;
			&lt;/tr&gt;&#xd;
		&lt;/table&gt;&#xd;
	&lt;/div&gt;&#xd;
&#xd;
&#xd;
&lt;table style=&quot;width: 100%; height: 44px;&quot; border=&quot;0&quot; align=&quot;center&quot;&gt;&#xd;
&lt;tbody&gt;&#xd;
&#xd;
&lt;!-- IMPRESSIONS AND DIAGNOSES --&gt;&#xd;
&#xd;
&lt;tr&gt;&#xd;
&lt;td style=&quot;font-family: Trebuchet MS,serif; text-align: left;&quot;&gt;&#xd;
	&lt;fieldset &gt;&lt;legend&gt;Impressions &amp;amp; Diagnoses&lt;/legend&gt;&#xd;
		&lt;table&gt;&#xd;
			&lt;tr&gt;&#xd;
				&lt;td&gt;Please record any Adverse Drug Reactions: &lt;/td&gt;&#xd;
				&lt;td&gt;Date of Onset: &lt;br/&gt;Grading: &lt;br/&gt;Causative Agent:&lt;/td&gt;&#xd;
			&lt;/tr&gt;&#xd;
			&lt;tr&gt;&#xd;
				&lt;td&gt;Diagnoses (using terminology like SNOMED/ICD?) &lt;/td&gt;&#xd;
				&lt;td&gt; &lt;/td&gt;&#xd;
			&lt;/tr&gt;&#xd;
			&lt;tr&gt;&#xd;
				&lt;td&gt;WHO Staging:&lt;/td&gt;&#xd;
				&lt;td&gt;&#xd;
                                       &lt;table&gt;&#xd;
                                               &lt;obsgroup groupingConceptId=&quot;5356AAAAAAAAAAAAAAAAAAAAAAAAAAAAAAAA&quot;&gt;&#xd;
                                                     &lt;tr&gt;             &#xd;
                                                     &lt;td&gt;&lt;strong&gt;Adult&lt;/strong&gt;&lt;obs conceptId=&quot;5356AAAAAAAAAAAAAAAAAAAAAAAAAAAAAAAA&quot; answerConceptIds=&quot;1204AAAAAAAAAAAAAAAAAAAAAAAAAAAAAAAA,1205AAAAAAAAAAAAAAAAAAAAAAAAAAAAAAAA,1206AAAAAAAAAAAAAAAAAAAAAAAAAAAAAAAA,1207AAAAAAAAAAAAAAAAAAAAAAAAAAAAAAAA&quot; style=&quot;radio&quot; answerLabels=&quot;WHO Stage1,WHO Stage2,WHO Stage3,WHO Stage4&quot; /&gt;&lt;/td&gt;&#xd;
                                                     &lt;/tr&gt;&#xd;
                                                     &lt;tr&gt;            &#xd;
                                                     &lt;td&gt;&lt;strong&gt;Child&lt;/strong&gt;&lt;obs conceptId=&quot;5356AAAAAAAAAAAAAAAAAAAAAAAAAAAAAAAA&quot; answerConceptIds=&quot;1220AAAAAAAAAAAAAAAAAAAAAAAAAAAAAAAA,1221AAAAAAAAAAAAAAAAAAAAAAAAAAAAAAAA,1222AAAAAAAAAAAAAAAAAAAAAAAAAAAAAAAA,1223AAAAAAAAAAAAAAAAAAAAAAAAAAAAAAAA&quot; style=&quot;radio&quot; answerLabels=&quot;WHO Stage1,WHO Stage2,WHO Stage3,WHO Stage4&quot; /&gt;&lt;/td&gt;&#xd;
                                                     &lt;/tr&gt;&#xd;
                                               &lt;/obsgroup&gt;&#xd;
                                       &lt;/table&gt;&#xd;
                               &lt;/td&gt;&#xd;
			&lt;/tr&gt;&#xd;
		&lt;/table&gt;&#xd;
	&lt;/fieldset&gt;&#xd;
	&lt;br/&gt;&#xd;
&lt;/td&gt;&#xd;
&lt;/tr&gt;&#xd;
&#xd;
&lt;!-- DECISION POINTS --&gt;&#xd;
&#xd;
&lt;tr&gt;&#xd;
&lt;td style=&quot;font-family: Trebuchet MS,serif; text-align: left;&quot;&gt;&#xd;
	&lt;fieldset &gt;&lt;legend&gt;Decision Points&lt;/legend&gt;&#xd;
		&lt;table&gt;&#xd;
			&lt;tr&gt;&#xd;
				&lt;td style=&quot;text-align: left;&quot;&gt;&#xd;
                                      Start ART? Yes/No&lt;br/&gt;&#xd;
                                      Stop ART? Yes/No&lt;br/&gt;&#xd;
                                      Refer patient? Yes/No&lt;br/&gt;&#xd;
                                      Substitute ART regimen? Yes/No&lt;br/&gt;&#xd;
                                      Switch ART regimen? Yes/No&#xd;
                                &lt;/td&gt;&#xd;
			&lt;/tr&gt;&#xd;
		&lt;/table&gt;&#xd;
	&lt;/fieldset&gt;&#xd;
	&lt;br/&gt;&#xd;
&lt;/td&gt;&#xd;
&lt;/tr&gt;&#xd;
&#xd;
&lt;!-- ART TREATMENT INTERUPTION --&gt;&#xd;
&#xd;
&lt;tr&gt;&#xd;
&lt;td style=&quot;font-family: Trebuchet MS,serif; text-align: left;&quot;&gt;&#xd;
	&lt;fieldset &gt;&lt;legend&gt;ART Treatment Interruption&lt;/legend&gt;&#xd;
		&lt;table&gt;&#xd;
			&lt;tr&gt;&#xd;
				&lt;td style=&quot;text-align: right;&quot;&gt;Date:&lt;/td&gt;&#xd;
				&lt;td&gt;&lt;encounterDate default=&quot;today&quot;/&gt;&lt;/td&gt;&#xd;
			&lt;/tr&gt;&#xd;
			&lt;tr&gt;&#xd;
				&lt;td&gt;Reason for Interruption:&lt;/td&gt;&#xd;
				&lt;td&gt;TODO &lt;/td&gt;&#xd;
			&lt;/tr&gt;&#xd;
			&lt;tr&gt;&#xd;
				&lt;td style=&quot;text-align: right;&quot;&gt;Date Restarted:&lt;/td&gt;&#xd;
				&lt;td&gt;&lt;encounterDate default=&quot;today&quot;/&gt;&lt;/td&gt;&#xd;
			&lt;/tr&gt;&#xd;
		&lt;/table&gt;&#xd;
	&lt;/fieldset&gt;&#xd;
	&lt;br/&gt;&#xd;
&lt;/td&gt;&#xd;
&lt;/tr&gt;&#xd;
&lt;tr&gt;&#xd;
&lt;td style=&quot;border: 1px solid #000099; font-family: Trebuchet MS,serif; text-align: center;&quot;&gt;&lt;submit/&gt;&lt;/td&gt;&#xd;
&lt;/tr&gt;&#xd;
&lt;/tbody&gt;&#xd;
&lt;/table&gt;&#xd;
&#xd;
&lt;!-- END OF FORM&#xd;
&#xd;
Simple examples to copy-and-paste. Full reference at http://wiki.openmrs.org/x/kg8z&#xd;
&#xd;
--&gt;&#xd;
&lt;/htmlform&gt;</xmlData>
    <dependencies class="set" id="118">
      <org.openmrs.EncounterRole reference="14"/>
    </dependencies>
  </org.openmrs.module.htmlformentry.HtmlForm>
  <org.openmrs.module.htmlformentry.HtmlForm id="119" uuid="25c5cadf-d7c4-4048-b009-e15fc035e2c0">
    <creator/>
    <dateCreated id="120">2012-06-25 07:20:13</dateCreated>
    <changedBy/>
    <dateChanged id="121">2012-07-06 04:19:30</dateChanged>
    <retired>false</retired>
    <id>13</id>
    <form id="122" resolves-to="org.openmrs.Form" uuid="e958f902-64df-4819-afd4-7fb061f59308">
      <name>Clinical Encounter</name>
      <creator/>
      <dateCreated id="124">2012-06-25 07:20:13</dateCreated>
      <changedBy/>
      <dateChanged id="125">2012-07-04 02:45:31</dateChanged>
      <retired>false</retired>
      <formId>13</formId>
      <version>0.0.1</version>
      <published>true</published>
      <encounterType reference="23"/>
      <formFields id="126"/>
    </form>
    <xmlData>&lt;htmlform&gt;&#xd;
&lt;style&gt;&#xd;
fieldset legend {&#xd;
	font-weight: bold;&#xd;
}&#xd;
&#xd;
table.baseline-aligned td {&#xd;
	vertical-align: baseline;&#xd;
}&#xd;
&#xd;
table.right-aligned-first td:first-child {&#xd;
	text-align: right;&#xd;
}&#xd;
&lt;/style&gt;&#xd;
&#xd;
&lt;div class=&quot;patient-details&quot;&gt;&#xd;
	&lt;table class=&quot;baseline-aligned&quot; width=&quot;100%&quot;&gt;&#xd;
		&lt;tr&gt;&#xd;
			&lt;td&gt;Name: &lt;lookup class=&quot;value&quot; expression=&quot;patient.personName&quot; /&gt;&lt;/td&gt;&#xd;
			&lt;td&gt;Gender: &lt;lookup class=&quot;value&quot; expression=&quot;patient.gender&quot; /&gt;&lt;/td&gt;&#xd;
			&lt;td&gt;Birthdate: &lt;lookup class=&quot;value&quot;&#xd;
					complexExpression=&quot;#if( \$patient.birthdateEstimated ) ~#end&quot; /&gt; &lt;lookup&#xd;
					class=&quot;value&quot; expression=&quot;patient.birthdate&quot; /&gt;&#xd;
			&lt;/td&gt;&#xd;
		&lt;/tr&gt;&#xd;
	&lt;/table&gt;&#xd;
&lt;/div&gt;&#xd;
&#xd;
&lt;div class=&quot;encounter-details&quot;&gt;&#xd;
	&lt;table class=&quot;baseline-aligned&quot; width=&quot;100%&quot;&gt;&#xd;
		&lt;tr&gt;&#xd;
			&lt;td&gt;Date: &lt;encounterDate default=&quot;now&quot; showTime=&quot;true&quot; /&gt;&lt;/td&gt;&#xd;
			&lt;td&gt;Provider: &lt;encounterProviderAndRole&#xd;
					encounterRole=&quot;a0b03050-c99b-11e0-9572-0800200c9a66&quot;&#xd;
					default=&quot;currentUser&quot; required=&quot;true&quot; /&gt;&lt;/td&gt;&#xd;
			&lt;td&gt;Location: &lt;encounterLocation&#xd;
					default=&quot;GlobalProperty:kenyaemr.defaultLocation&quot; /&gt;&lt;/td&gt;&#xd;
		&lt;/tr&gt;&#xd;
	&lt;/table&gt;&#xd;
&lt;/div&gt;&#xd;
&#xd;
&lt;fieldset&gt;&#xd;
	&lt;legend&gt;What Title?&lt;/legend&gt;&#xd;
	&lt;div style=&quot;clear: both&quot;&gt;&#xd;
		Chief complaint / Reason for visit: &lt;br /&gt;&#xd;
		&lt;obs conceptId=&quot;160531AAAAAAAAAAAAAAAAAAAAAAAAAAAAAA&quot; rows=&quot;4&quot; cols=&quot;80&quot; /&gt;&#xd;
	&lt;/div&gt;&#xd;
	&#xd;
	&lt;table class=&quot;right-aligned-first&quot; style=&quot;float: left&quot;&gt;&#xd;
		&lt;tr&gt;&#xd;
			&lt;td style=&quot;text-align: left;&quot;&gt;Weight:&lt;/td&gt;&#xd;
			&lt;td style=&quot;text-align: left;&quot;&gt;&lt;obs id=&quot;weight&quot; conceptId=&quot;5089AAAAAAAAAAAAAAAAAAAAAAAAAAAAAAAA&quot;&#xd;
					labelText=&quot; &quot; /&gt;kg&lt;/td&gt;&#xd;
		&lt;/tr&gt;&#xd;
		&lt;tr&gt;&#xd;
			&lt;td style=&quot;text-align: left;&quot;&gt;Height:&lt;/td&gt;&#xd;
			&lt;td style=&quot;text-align: left;&quot;&gt;&lt;obs id=&quot;height&quot; conceptId=&quot;5090AAAAAAAAAAAAAAAAAAAAAAAAAAAAAAAA&quot;&#xd;
					labelText=&quot; &quot; /&gt;cm&lt;/td&gt;&#xd;
		&lt;/tr&gt;&#xd;
		&lt;tr&gt;&#xd;
			&lt;td style=&quot;text-align: left;&quot;&gt;BMI:&lt;/td&gt;&#xd;
			&lt;td style=&quot;text-align: left;&quot;&gt;&lt;span id=&quot;bmi-calculated&quot;&gt;&lt;/span&gt;&lt;/td&gt;&#xd;
		&lt;/tr&gt;&#xd;
		&lt;tr&gt;&#xd;
			&lt;td style=&quot;text-align: left;&quot;&gt;Temp:&lt;/td&gt;&#xd;
			&lt;td style=&quot;text-align: left;&quot;&gt;&lt;obs conceptId=&quot;5088AAAAAAAAAAAAAAAAAAAAAAAAAAAAAAAA&quot;&#xd;
					labelText=&quot; &quot; /&gt; &amp;#176;C&lt;/td&gt;&#xd;
		&lt;/tr&gt;&#xd;
		&lt;tr&gt;&#xd;
			&lt;td style=&quot;text-align: left;&quot;&gt;Pulse rate:&lt;/td&gt;&#xd;
			&lt;td style=&quot;text-align: left;&quot;&gt;&lt;obs conceptId=&quot;5087AAAAAAAAAAAAAAAAAAAAAAAAAAAAAAAA&quot;&#xd;
					labelText=&quot; &quot; /&gt;&lt;/td&gt;&#xd;
		&lt;/tr&gt;&#xd;
		&lt;tr&gt;&#xd;
			&lt;td style=&quot;text-align: left;&quot;&gt;BP:&lt;/td&gt;&#xd;
			&lt;td style=&quot;text-align: left;&quot;&gt;&lt;obs conceptId=&quot;5085AAAAAAAAAAAAAAAAAAAAAAAAAAAAAAAA&quot; /&gt; / &lt;obs&#xd;
					conceptId=&quot;5086AAAAAAAAAAAAAAAAAAAAAAAAAAAAAAAA&quot; /&gt;&lt;/td&gt;&#xd;
		&lt;/tr&gt;&#xd;
		&lt;tr&gt;&#xd;
			&lt;td style=&quot;text-align: left;&quot;&gt;Respiratory Rate:&lt;/td&gt;&#xd;
			&lt;td style=&quot;text-align: left;&quot;&gt;&lt;obs conceptId=&quot;5242AAAAAAAAAAAAAAAAAAAAAAAAAAAAAAAA&quot;&#xd;
					labelText=&quot; &quot; /&gt;&lt;/td&gt;&#xd;
		&lt;/tr&gt;&#xd;
		&lt;tr&gt;&#xd;
			&lt;td style=&quot;text-align: left;&quot;&gt;Oxygen Saturation:&lt;/td&gt;&#xd;
			&lt;td style=&quot;text-align: left;&quot;&gt;&lt;obs conceptId=&quot;5092AAAAAAAAAAAAAAAAAAAAAAAAAAAAAAAA&quot; labelText=&quot;&quot; /&gt;&lt;/td&gt;&#xd;
		&lt;/tr&gt;&#xd;
		&lt;tr&gt;&#xd;
			&lt;td style=&quot;text-align: left;&quot;&gt;MUAC (if child):&lt;/td&gt;&#xd;
			&lt;td style=&quot;text-align: left;&quot;&gt;&lt;obs conceptId=&quot;1343AAAAAAAAAAAAAAAAAAAAAAAAAAAAAAAA&quot;&#xd;
					labelText=&quot; &quot; /&gt;&lt;/td&gt;&#xd;
		&lt;/tr&gt;&#xd;
		&lt;includeIf velocityTest=&quot;$patient.gender == &apos;F&apos; &quot;&gt;&#xd;
		&lt;tr&gt;&#xd;
			&lt;td style=&quot;text-align: left;&quot;&gt;LMP:&lt;/td&gt;&#xd;
			&lt;td style=&quot;text-align: left;&quot;&gt;&lt;obs conceptId=&quot;1427AAAAAAAAAAAAAAAAAAAAAAAAAAAAAAAA&quot;&#xd;
					labelText=&quot; &quot; /&gt;&lt;/td&gt;&#xd;
		&lt;/tr&gt;&#xd;
		&lt;/includeIf&gt;&#xd;
	&lt;/table&gt;&#xd;
	&#xd;
	&lt;div style=&quot;float: left; margin-left: 3em; padding: 0.5em; border: 1px gray solid; background-color: lightyellow;&quot;&gt;&#xd;
		&lt;u&gt;Other Vitals Recorded Today&lt;/u&gt; &lt;br/&gt;&lt;br/&gt;&#xd;
		Weight: &lt;lookup expression=&quot;kenyaemr.obsToday(5089).valueNumeric&quot;/&gt; &lt;br/&gt;&#xd;
		Height: &lt;lookup expression=&quot;kenyaemr.obsToday(5090).valueNumeric&quot;/&gt; &lt;br/&gt;&#xd;
		Temp: &lt;lookup expression=&quot;kenyaemr.obsToday(5088).valueNumeric&quot;/&gt; &lt;br/&gt;&#xd;
		Pulse: &lt;lookup expression=&quot;kenyaemr.obsToday(5087).valueNumeric&quot;/&gt; &lt;br/&gt;&#xd;
		BP: &lt;lookup expression=&quot;kenyaemr.obsToday(5085).valueNumeric&quot;/&gt; / &lt;lookup expression=&quot;kenyaemr.obsToday(5086).valueNumeric&quot;/&gt; &lt;br/&gt;&#xd;
		RR: &lt;lookup expression=&quot;kenyaemr.obsToday(5242).valueNumeric&quot;/&gt; &lt;br/&gt;&#xd;
		O2Sat: &lt;lookup expression=&quot;kenyaemr.obsToday(5092).valueNumeric&quot;/&gt; &lt;br/&gt;&#xd;
		MUAC: &lt;lookup expression=&quot;kenyaemr.obsToday(1343).valueNumeric&quot;/&gt; &lt;br/&gt;&#xd;
	&lt;/div&gt;&#xd;
&lt;/fieldset&gt;&#xd;
&#xd;
&lt;br /&gt;&#xd;
&#xd;
&lt;includeIf velocityTest=&quot;$patient.gender == &apos;F&apos; &quot;&gt;&#xd;
	&lt;fieldset&gt;&#xd;
		&lt;legend&gt;Pregnacy Details&lt;/legend&gt;&#xd;
		&lt;table class=&quot;right-aligned-first&quot; style=&quot;width: 100%;&quot; border=&quot;0&quot;&gt;&#xd;
			&lt;tr&gt;&#xd;
				&lt;td colspan=&quot;2&quot; style=&quot;text-align: left&quot;&gt;&lt;obs conceptId=&quot;5272AAAAAAAAAAAAAAAAAAAAAAAAAAAAAAAA&quot;&#xd;
						labelText=&quot;Is Patient Pregnant?: &quot; answerConceptIds=&quot;1065AAAAAAAAAAAAAAAAAAAAAAAAAAAAAAAA,1066AAAAAAAAAAAAAAAAAAAAAAAAAAAAAAAA&quot;&#xd;
						style=&quot;radio&quot; answerLabels=&quot;Yes,NO&quot; /&gt;&lt;/td&gt;&#xd;
				&lt;td&gt;&lt;/td&gt;&#xd;
			&lt;/tr&gt;&#xd;
			&lt;tr&gt;&#xd;
				&lt;td width=&quot;15%&quot; style=&quot;text-align: left&quot;&gt;ANC Number:&lt;/td&gt;&#xd;
				&lt;td&gt;&lt;obs conceptId=&quot;1425AAAAAAAAAAAAAAAAAAAAAAAAAAAAAAAA&quot; labelText=&quot; &quot; /&gt;&lt;/td&gt;&#xd;
				&lt;td&gt;&lt;/td&gt;&#xd;
			&lt;/tr&gt;&#xd;
			&lt;tr&gt;&#xd;
				&lt;td style=&quot;text-align: left&quot;&gt;EDD:&lt;/td&gt;&#xd;
				&lt;td colspan=&quot;2&quot;&gt;&lt;obs conceptId=&quot;5596AAAAAAAAAAAAAAAAAAAAAAAAAAAAAAAA&quot; showTime=&quot;false&quot; size=&quot;20&quot;&#xd;
						labelText=&quot; &quot; /&gt;&lt;/td&gt;&#xd;
			&lt;/tr&gt;&#xd;
			&lt;tr&gt;&#xd;
				&lt;td style=&quot;text-align: left&quot;&gt;Gravida:&lt;/td&gt;&#xd;
				&lt;td&gt;&lt;obs conceptId=&quot;5624AAAAAAAAAAAAAAAAAAAAAAAAAAAAAAAA&quot; labelText=&quot; &quot; /&gt;&lt;/td&gt;&#xd;
				&lt;td&gt;&lt;/td&gt;&#xd;
			&lt;/tr&gt;&#xd;
			&lt;tr&gt;&#xd;
				&lt;td style=&quot;text-align: left&quot;&gt;Parity:&lt;/td&gt;&#xd;
				&lt;td&gt;&lt;obs conceptId=&quot;1053AAAAAAAAAAAAAAAAAAAAAAAAAAAAAAAA&quot; labelText=&quot; &quot; /&gt;&lt;/td&gt;&#xd;
				&lt;td&gt;&lt;/td&gt;&#xd;
			&lt;/tr&gt;&#xd;
		&lt;/table&gt;&#xd;
	&lt;/fieldset&gt;&#xd;
	&#xd;
	&lt;br /&gt;&#xd;
	&#xd;
	&lt;fieldset&gt;&#xd;
		&lt;legend&gt;Obstetric History&lt;/legend&gt;&#xd;
		&lt;table&gt;&#xd;
			&lt;tr&gt;&#xd;
				&lt;td colspan=&quot;2&quot; width=&quot;27%&quot; style=&quot;text-align: left&quot;&gt;Has patient&#xd;
					recorded any of these events?:&lt;/td&gt;&#xd;
				&lt;td&gt;Abortion: &lt;br /&gt; &lt;obs conceptId=&quot;48AAAAAAAAAAAAAAAAAAAAAAAAAAAAAAAAAA&quot;&#xd;
						labelText=&quot;Miscarriage: &quot; answerConceptIds=&quot;1065AAAAAAAAAAAAAAAAAAAAAAAAAAAAAAAA,1066AAAAAAAAAAAAAAAAAAAAAAAAAAAAAAAA&quot;&#xd;
						style=&quot;radio&quot; answerLabels=&quot;Yes,NO&quot; /&gt;date:&lt;encounterDate&#xd;
						default=&quot;today&quot; /&gt;&#xd;
				&lt;/td&gt;&#xd;
			&lt;/tr&gt;&#xd;
			&lt;tr&gt;&#xd;
				&lt;td colspan=&quot;3&quot; style=&quot;text-align: left&quot;&gt;Date of last Pregnancy:&#xd;
					TODO &lt;br /&gt; Outcome: TODO &lt;br /&gt;&#xd;
				&lt;/td&gt;&#xd;
			&lt;/tr&gt;&#xd;
		&lt;/table&gt;&#xd;
	&lt;/fieldset&gt;&#xd;
&lt;/includeIf&gt;&#xd;
&#xd;
&lt;br /&gt;&#xd;
&#xd;
&lt;fieldset&gt;&#xd;
	&lt;legend&gt;Family Planning Status&lt;/legend&gt;&#xd;
	&lt;table&gt;&#xd;
		&lt;tr&gt;&#xd;
			&lt;td style=&quot;text-align: left&quot;&gt;Family Planning Method:&lt;/td&gt;&#xd;
			&lt;td colspan=&quot;2&quot;&gt;&#xd;
				&lt;table class=&quot;right-aligned-first&quot; style=&quot;width: 90%;&quot; border=&quot;0&quot;&gt;&#xd;
					&lt;obsgroup groupingConceptId=&quot;374AAAAAAAAAAAAAAAAAAAAAAAAAAAAAAAAA&quot;&gt;&#xd;
					&lt;tr&gt;&#xd;
						&lt;td style=&quot;text-align: left&quot;&gt;&lt;obs conceptId=&quot;374AAAAAAAAAAAAAAAAAAAAAAAAAAAAAAAAA&quot;&#xd;
								answerConceptId=&quot;190AAAAAAAAAAAAAAAAAAAAAAAAAAAAAAAAA&quot; answerLabel=&quot;Condoms&quot; style=&quot;checkbox&quot; /&gt;&lt;/td&gt;&#xd;
						&lt;td&gt;&lt;obs conceptId=&quot;374AAAAAAAAAAAAAAAAAAAAAAAAAAAAAAAAA&quot; answerConceptId=&quot;160570AAAAAAAAAAAAAAAAAAAAAAAAAAAAAA&quot;&#xd;
								answerLabel=&quot;Emergency contraceptive pills&quot; style=&quot;checkbox&quot; /&gt;&lt;/td&gt;&#xd;
						&lt;td&gt;&lt;obs conceptId=&quot;374AAAAAAAAAAAAAAAAAAAAAAAAAAAAAAAAA&quot; answerConceptId=&quot;780AAAAAAAAAAAAAAAAAAAAAAAAAAAAAAAAA&quot;&#xd;
								answerLabel=&quot;Oral Contraceptives Pills&quot; style=&quot;checkbox&quot; /&gt;&lt;/td&gt;&#xd;
						&lt;td&gt;&lt;obs conceptId=&quot;374AAAAAAAAAAAAAAAAAAAAAAAAAAAAAAAAA&quot; answerConceptId=&quot;5279AAAAAAAAAAAAAAAAAAAAAAAAAAAAAAAA&quot;&#xd;
								answerLabel=&quot;Injectible&quot; style=&quot;checkbox&quot; /&gt;&lt;/td&gt;&#xd;
					&lt;/tr&gt;&#xd;
					&lt;tr&gt;&#xd;
						&lt;td style=&quot;text-align: left&quot;&gt;&lt;obs conceptId=&quot;374AAAAAAAAAAAAAAAAAAAAAAAAAAAAAAAAA&quot;&#xd;
								answerConceptId=&quot;1359AAAAAAAAAAAAAAAAAAAAAAAAAAAAAAAA&quot; answerLabel=&quot;Implant&quot; style=&quot;checkbox&quot; /&gt;&lt;/td&gt;&#xd;
						&lt;td&gt;&lt;obs conceptId=&quot;374AAAAAAAAAAAAAAAAAAAAAAAAAAAAAAAAA&quot; answerConceptId=&quot;5275AAAAAAAAAAAAAAAAAAAAAAAAAAAAAAAA&quot;&#xd;
								answerLabel=&quot;Intrauterine Device&quot; style=&quot;checkbox&quot; /&gt;&lt;/td&gt;&#xd;
						&lt;td&gt;&lt;obs conceptId=&quot;374AAAAAAAAAAAAAAAAAAAAAAAAAAAAAAAAA&quot; answerConceptId=&quot;136163AAAAAAAAAAAAAAAAAAAAAAAAAAAAAA&quot;&#xd;
								answerLabel=&quot;Lactational Amenorhea Method&quot; style=&quot;checkbox&quot; /&gt;&lt;/td&gt;&#xd;
						&lt;td&gt;&lt;obs conceptId=&quot;374AAAAAAAAAAAAAAAAAAAAAAAAAAAAAAAAA&quot; answerConceptId=&quot;5278AAAAAAAAAAAAAAAAAAAAAAAAAAAAAAAA&quot;&#xd;
								answerLabel=&quot;Diaphram/Cervical Cap&quot; style=&quot;checkbox&quot; /&gt;&lt;/td&gt;&#xd;
					&lt;/tr&gt;&#xd;
					&lt;tr&gt;&#xd;
						&lt;td style=&quot;text-align: left&quot;&gt;&lt;obs conceptId=&quot;374AAAAAAAAAAAAAAAAAAAAAAAAAAAAAAAAA&quot;&#xd;
								answerConceptId=&quot;159524AAAAAAAAAAAAAAAAAAAAAAAAAAAAAA&quot; answerLabel=&quot;Fertility Awareness&quot;&#xd;
								style=&quot;checkbox&quot; /&gt;&lt;/td&gt;&#xd;
						&lt;td&gt;&lt;obs conceptId=&quot;374AAAAAAAAAAAAAAAAAAAAAAAAAAAAAAAAA&quot; answerConceptId=&quot;1472AAAAAAAAAAAAAAAAAAAAAAAAAAAAAAAA&quot;&#xd;
								answerLabel=&quot;Tubal Ligation&quot; style=&quot;checkbox&quot; /&gt;&lt;/td&gt;&#xd;
						&lt;td&gt;&lt;obs conceptId=&quot;374AAAAAAAAAAAAAAAAAAAAAAAAAAAAAAAAA&quot; answerConceptId=&quot;1489AAAAAAAAAAAAAAAAAAAAAAAAAAAAAAAA&quot;&#xd;
								answerLabel=&quot;Vasectomy&quot; style=&quot;checkbox&quot; /&gt;&lt;/td&gt;&#xd;
						&lt;td&gt;&lt;obs conceptId=&quot;374AAAAAAAAAAAAAAAAAAAAAAAAAAAAAAAAA&quot; answerConceptId=&quot;1175AAAAAAAAAAAAAAAAAAAAAAAAAAAAAAAA&quot;&#xd;
								answerLabel=&quot;Undecided&quot; style=&quot;checkbox&quot; /&gt;&lt;/td&gt;&#xd;
					&lt;/tr&gt;&#xd;
					&lt;/obsgroup&gt;&#xd;
				&lt;/table&gt;&#xd;
			&lt;/td&gt;&#xd;
		&lt;/tr&gt;&#xd;
		&lt;tr&gt;&#xd;
			&lt;td style=&quot;text-align: left&quot;&gt;Reason(s) Not on FP:&lt;/td&gt;&#xd;
			&lt;td colspan=&quot;2&quot;&gt;&#xd;
				&lt;table&gt;&#xd;
					&lt;obsgroup groupingConceptId=&quot;160575AAAAAAAAAAAAAAAAAAAAAAAAAAAAAA&quot;&gt;&#xd;
					&lt;tr&gt;&#xd;
						&lt;td style=&quot;text-align: left&quot;&gt;&lt;obs conceptId=&quot;160575AAAAAAAAAAAAAAAAAAAAAAAAAAAAAA&quot;&#xd;
								answerConceptId=&quot;160571AAAAAAAAAAAAAAAAAAAAAAAAAAAAAA&quot; answerLabel=&quot;Wants to get Pregnant&quot;&#xd;
								style=&quot;checkbox&quot; /&gt;&lt;/td&gt;&#xd;
					&lt;/tr&gt;&#xd;
					&lt;tr&gt;&#xd;
						&lt;td style=&quot;text-align: left&quot;&gt;&lt;obs conceptId=&quot;160575AAAAAAAAAAAAAAAAAAAAAAAAAAAAAA&quot;&#xd;
								answerConceptId=&quot;160572AAAAAAAAAAAAAAAAAAAAAAAAAAAAAA&quot; answerLabel=&quot;Thinks can&apos;t get pregnant&quot;&#xd;
								style=&quot;checkbox&quot; /&gt;&lt;/td&gt;&#xd;
					&lt;/tr&gt;&#xd;
					&lt;tr&gt;&#xd;
						&lt;td style=&quot;text-align: left&quot;&gt;&lt;obs conceptId=&quot;160575AAAAAAAAAAAAAAAAAAAAAAAAAAAAAA&quot;&#xd;
								answerConceptId=&quot;160573AAAAAAAAAAAAAAAAAAAAAAAAAAAAAA&quot; answerLabel=&quot;Not sexually active now&quot;&#xd;
								style=&quot;checkbox&quot; /&gt;&lt;/td&gt;&#xd;
					&lt;/tr&gt;&#xd;
					&lt;/obsgroup&gt;&#xd;
				&lt;/table&gt;&#xd;
			&lt;/td&gt;&#xd;
		&lt;/tr&gt;&#xd;
	&lt;/table&gt;&#xd;
&lt;/fieldset&gt;&#xd;
&#xd;
&lt;div align=&quot;center&quot;&gt;&#xd;
	&lt;submit /&gt;&#xd;
&lt;/div&gt;&#xd;
&#xd;
&lt;script&gt;&#xd;
function roundNumber(number, digits) {&#xd;
    var multiple = Math.pow(10, digits);&#xd;
    var rndedNum = Math.round(number * multiple) / multiple;&#xd;
    return rndedNum;&#xd;
}&#xd;
&#xd;
function calculateBmi() {&#xd;
    var wt = parseFloat(getValue(&apos;weight.value&apos;));&#xd;
    var ht = parseFloat(getValue(&apos;height.value&apos;)) / 100;&#xd;
    if (!isNaN(wt) &amp;amp;&amp;amp; !isNaN(ht)) {&#xd;
        var bmi = wt/(ht*ht)&#xd;
        var msg = roundNumber(bmi, 2);&#xd;
        if (bmi &amp;lt; 10 || bmi &gt; 50) {&#xd;
            msg += &apos; &amp;lt;i&amp;gt;Abnormal value, verify weight and height are entered correctly!&amp;lt;/i&amp;gt;&apos;;&#xd;
        }&#xd;
        $j(&apos;#bmi-calculated&apos;).html(msg);&#xd;
    } else {&#xd;
        $j(&apos;#bmi-calculated&apos;).html(&apos;&apos;);&#xd;
    }&#xd;
}&#xd;
&#xd;
$j(function() {&#xd;
    getField(&apos;weight.value&apos;).change(calculateBmi);&#xd;
    getField(&apos;height.value&apos;).change(calculateBmi);&#xd;
})&#xd;
&lt;/script&gt; &lt;/htmlform&gt;</xmlData>
    <dependencies class="set" id="127">
      <org.openmrs.EncounterRole reference="14"/>
    </dependencies>
  </org.openmrs.module.htmlformentry.HtmlForm>
</list>
