<?xml version="1.0" encoding="UTF-8"?>
<list id="1">
  <org.openmrs.PatientIdentifierType id="2" uuid="05ee9cf4-7242-4a17-b4d4-00f707265c8a">
    <name>Unique Patient Number</name>
    <description>Assigned to every HIV patient, from the facility code (from the master facility list) and a sequential number</description>
    <creator/>
    <dateCreated id="3">2012-06-25 01:43:42</dateCreated>
    <retired>false</retired>
    <patientIdentifierTypeId>3</patientIdentifierTypeId>
    <format>\d+</format>
    <required>false</required>
    <formatDescription>facility code, followed by sequential number</formatDescription>
    <checkDigit>false</checkDigit>
    <locationBehavior>NOT_USED</locationBehavior>
  </org.openmrs.PatientIdentifierType>
  <org.openmrs.PatientIdentifierType id="4" uuid="dfacd928-0370-4315-99d7-6ec1c9f7ae76">
    <name>OpenMRS ID</name>
    <description>Medical Record Number, generated by OpenMRS for every patient record</description>
    <creator/>
    <dateCreated id="5">2012-06-25 01:44:50</dateCreated>
    <retired>false</retired>
    <patientIdentifierTypeId>4</patientIdentifierTypeId>
    <required>true</required>
    <checkDigit>true</checkDigit>
    <validator>org.openmrs.module.idgen.validator.LuhnMod25IdentifierValidator</validator>
    <locationBehavior>REQUIRED</locationBehavior>
  </org.openmrs.PatientIdentifierType>
  <org.openmrs.PatientIdentifierType id="6" uuid="b4d66522-11fc-45c7-83e3-39a1af21ae0d">
    <name>Patient Clinic Number</name>
    <description>Identifier assigned to the patient at a clinic service. (Not necessarily unique.)</description>
    <creator/>
    <dateCreated id="7">2012-06-25 02:35:39</dateCreated>
    <retired>false</retired>
    <patientIdentifierTypeId>5</patientIdentifierTypeId>
    <required>false</required>
    <checkDigit>false</checkDigit>
    <locationBehavior>REQUIRED</locationBehavior>
  </org.openmrs.PatientIdentifierType>
  <org.openmrs.LocationAttributeType id="8" uuid="8a845a89-6aa5-4111-81d3-0af31c45c002">
    <name>Master Facility Code</name>
    <description>Code for linking to the Ministry of Health&apos;s Master Facility List.&#xd;
(This is a sequential number allocated to each facility when it is added to the master list, allocated by the central database of the ministry.)</description>
    <creator/>
    <dateCreated id="9">2012-06-18 23:33:24</dateCreated>
    <retired>false</retired>
    <minOccurs>0</minOccurs>
    <maxOccurs>1</maxOccurs>
    <datatypeClassname>org.openmrs.customdatatype.datatype.RegexValidatedTextDatatype</datatypeClassname>
    <datatypeConfig>\d{5}</datatypeConfig>
    <locationAttributeTypeId>1</locationAttributeTypeId>
  </org.openmrs.LocationAttributeType>
  <org.openmrs.VisitType id="10" uuid="3371a4d4-f66f-4454-a86d-92c7b3da990c">
    <name>Outpatient</name>
    <description>Visit where the patient is not admitted to the hospital.</description>
    <creator/>
    <dateCreated id="11">2012-06-25 01:38:30</dateCreated>
    <retired>false</retired>
    <visitTypeId>4</visitTypeId>
  </org.openmrs.VisitType>
  <org.openmrs.PersonAttributeType id="12" uuid="b2c38640-2603-4629-aebd-3b54f33f1e3a">
    <name>Telephone Contact</name>
    <description>Telephone number the patient can be contacted at</description>
    <creator/>
    <dateCreated id="13">2012-06-26 06:50:58</dateCreated>
    <retired>false</retired>
    <personAttributeTypeId>8</personAttributeTypeId>
    <format>java.lang.String</format>
    <sortWeight>1.0</sortWeight>
    <searchable>false</searchable>
  </org.openmrs.PersonAttributeType>
  <org.openmrs.PersonAttributeType id="14" uuid="73d34479-2f9e-4de3-a5e6-1f79a17459bb">
    <name>National Id Number</name>
    <description>This represent the national Identity number for patients</description>
    <creator/>
    <dateCreated id="15">2012-11-20 11:34:51</dateCreated>
    <changedBy/>
    <dateChanged id="16">2012-11-20 13:16:20</dateChanged>
    <retired>false</retired>
    <personAttributeTypeId>9</personAttributeTypeId>
    <format>java.lang.String</format>
    <sortWeight>2.0</sortWeight>
    <searchable>false</searchable>
  </org.openmrs.PersonAttributeType>
  <org.openmrs.EncounterType id="17" uuid="abfb143c-5b49-41e5-9ead-f47ee4cc57cf">
    <name>Check out</name>
    <description>Recording data as the patient completes a visit.</description>
    <creator/>
    <dateCreated id="18">2012-06-26 06:16:59</dateCreated>
    <retired>false</retired>
    <encounterTypeId>9</encounterTypeId>
  </org.openmrs.EncounterType>
  <org.openmrs.EncounterType id="19" uuid="d1059fb9-a079-4feb-a749-eedd709ae542">
    <name>Triage</name>
    <description>Collection of limited patient data, prior to a more thorough examination</description>
    <creator/>
    <dateCreated id="20">2012-06-26 06:15:56</dateCreated>
    <retired>false</retired>
    <encounterTypeId>8</encounterTypeId>
  </org.openmrs.EncounterType>
  <org.openmrs.EncounterType id="21" uuid="de78a6be-bfc5-4634-adc3-5f1a280455cc">
    <name>HIV Registration</name>
    <description>Initial data collection for the HIV program</description>
    <creator/>
    <dateCreated id="22">2012-06-26 06:15:01</dateCreated>
    <retired>false</retired>
    <encounterTypeId>7</encounterTypeId>
  </org.openmrs.EncounterType>
  <org.openmrs.EncounterType id="23" uuid="a0034eee-1940-4e35-847f-97537a35d05e">
    <name>HIV Consultation</name>
    <description>Collection of HIV-specific data during the main consultation</description>
    <creator/>
    <dateCreated id="24">2012-06-26 06:20:28</dateCreated>
    <retired>false</retired>
    <encounterTypeId>11</encounterTypeId>
  </org.openmrs.EncounterType>
  <org.openmrs.EncounterType id="25" uuid="17a381d1-7e29-406a-b782-aa903b963c28">
    <name>Lab Results</name>
    <description>Report of laboratory results</description>
    <creator/>
    <dateCreated id="26">2012-06-26 06:44:26</dateCreated>
    <retired>false</retired>
    <encounterTypeId>12</encounterTypeId>
  </org.openmrs.EncounterType>
  <org.openmrs.EncounterType id="27" uuid="465a92f2-baf8-42e9-9612-53064be868e8">
    <name>Consultation</name>
    <description>Collection of clinical data during the main consultation</description>
    <creator/>
    <dateCreated id="28">2012-06-26 06:19:31</dateCreated>
    <retired>false</retired>
    <encounterTypeId>10</encounterTypeId>
  </org.openmrs.EncounterType>
  <org.openmrs.EncounterType id="29" uuid="de1f9d67-b73e-4e1b-90d0-036166fc6995">
    <name>Registration</name>
    <description>Initial data collection for a patient, not specific to any program.</description>
    <creator/>
    <dateCreated id="30">2012-06-26 06:14:17</dateCreated>
    <retired>false</retired>
    <encounterTypeId>6</encounterTypeId>
  </org.openmrs.EncounterType>
  <org.openmrs.Program id="31" uuid="9f144a34-3a4a-44a9-8486-6b7af6cc64f6">
    <name>TB Program</name>
    <description>TB Treatment Program</description>
    <creator/>
    <dateCreated id="32">2012-09-13 01:03:07</dateCreated>
    <retired>false</retired>
    <programId>2</programId>
    <concept id="33" resolves-to="org.openmrs.Concept" uuid="160541AAAAAAAAAAAAAAAAAAAAAAAAAAAAAA">
      <conceptId>160541</conceptId>
      <retired>false</retired>
      <retiredBy/>
      <datatype id="35" resolves-to="org.openmrs.ConceptDatatype" uuid="8d4a4c94-c2cc-11de-8d13-0010c6dffd0f">
        <name>N/A</name>
        <description>Not associated with a datatype (e.g., term answers, sets)</description>
        <creator/>
        <dateCreated id="37">2004-02-02 00:00:00</dateCreated>
        <retired>false</retired>
        <retiredBy/>
        <conceptDatatypeId>4</conceptDatatypeId>
        <hl7Abbreviation>ZZ</hl7Abbreviation>
      </datatype>
      <conceptClass id="38" resolves-to="org.openmrs.ConceptClass" uuid="8d492774-c2cc-11de-8d13-0010c6dffd0f">
        <name>Misc</name>
        <description>Terms which don&apos;t fit other categories</description>
        <creator/>
        <dateCreated id="40">2004-03-02 00:00:00</dateCreated>
        <retired>false</retired>
        <retiredBy/>
        <conceptClassId>11</conceptClassId>
      </conceptClass>
      <set>false</set>
      <version></version>
      <creator/>
      <dateCreated id="41">2012-06-14 16:17:34</dateCreated>
      <changedBy/>
      <dateChanged id="42">2012-06-15 14:16:18</dateChanged>
      <names class="set" id="43">
        <org.openmrs.ConceptName id="44" uuid="108876BBBBBBBBBBBBBBBBBBBBBBBBBBBBBB">
          <conceptNameId>108876</conceptNameId>
          <concept reference="33"/>
          <name>Tuberculosis treatment program</name>
          <locale id="45">en</locale>
          <creator/>
          <dateCreated id="46">2012-06-14 16:17:34</dateCreated>
          <voided>false</voided>
          <voidedBy/>
          <tags class="set" id="47"/>
          <conceptNameType>FULLY_SPECIFIED</conceptNameType>
          <localePreferred>false</localePreferred>
        </org.openmrs.ConceptName>
        <org.openmrs.ConceptName id="48" uuid="108877BBBBBBBBBBBBBBBBBBBBBBBBBBBBBB">
          <conceptNameId>108877</conceptNameId>
          <concept reference="33"/>
          <name>TB Program</name>
          <locale id="49">en</locale>
          <creator/>
          <dateCreated id="50">2012-06-14 16:17:34</dateCreated>
          <voided>false</voided>
          <voidedBy/>
          <tags class="set" id="51"/>
          <conceptNameType>SHORT</conceptNameType>
          <localePreferred>false</localePreferred>
        </org.openmrs.ConceptName>
        <org.openmrs.ConceptName id="52" uuid="108980BBBBBBBBBBBBBBBBBBBBBBBBBBBBBB">
          <conceptNameId>108980</conceptNameId>
          <concept reference="33"/>
          <name>PROGRAMME DE LA TUBERCULOSE</name>
          <locale id="53">fr</locale>
          <creator/>
          <dateCreated id="54">2012-06-15 14:16:18</dateCreated>
          <voided>false</voided>
          <voidedBy/>
          <tags class="set" id="55"/>
          <conceptNameType>FULLY_SPECIFIED</conceptNameType>
          <localePreferred>false</localePreferred>
        </org.openmrs.ConceptName>
      </names>
      <answers class="set" id="56"/>
      <conceptSets class="set" id="57"/>
      <descriptions class="set" id="58"/>
      <conceptMappings class="set" id="59">
        <org.openmrs.ConceptMap id="60" uuid="144621ABBBBBBBBBBBBBBBBBBBBBBBBBBBBB">
          <conceptMapType id="61" resolves-to="org.openmrs.ConceptMapType" uuid="43ac5109-7d8c-11e1-909d-c80aa9edcf4e">
            <name>NARROWER-THAN</name>
            <creator/>
            <dateCreated id="63">2012-07-10 00:00:00</dateCreated>
            <changedBy/>
            <retired>false</retired>
            <retiredBy/>
            <conceptMapTypeId>2</conceptMapTypeId>
            <isHidden>false</isHidden>
          </conceptMapType>
          <creator/>
          <changedBy/>
          <dateCreated id="64">2012-06-14 16:17:34</dateCreated>
          <conceptMapId>144621</conceptMapId>
          <concept reference="33"/>
          <conceptReferenceTerm id="65" resolves-to="org.openmrs.ConceptReferenceTerm" uuid="9b87ca0e-af71-3794-b312-7d5337cad9cf">
            <creator/>
            <dateCreated id="67">2012-06-14 00:00:00</dateCreated>
            <changedBy/>
            <retired>false</retired>
            <retiredBy/>
            <conceptReferenceTermId>144621</conceptReferenceTermId>
            <conceptSource id="68" resolves-to="org.openmrs.ConceptSource" uuid="2ADDDDDDDDDDDDDDDDDDDDDDDDDDDDDDDDDD">
              <name>SNOMED NP</name>
              <description>Non-preferred SNOMED CT mappings</description>
              <creator/>
              <dateCreated id="70">2010-04-25 11:12:44</dateCreated>
              <retired>false</retired>
              <retiredBy/>
              <conceptSourceId>2</conceptSourceId>
            </conceptSource>
            <code>401173007</code>
            <conceptReferenceTermMaps id="71"/>
          </conceptReferenceTerm>
        </org.openmrs.ConceptMap>
        <org.openmrs.ConceptMap id="72" uuid="144620ABBBBBBBBBBBBBBBBBBBBBBBBBBBBB">
          <conceptMapType id="73" resolves-to="org.openmrs.ConceptMapType" uuid="35543629-7d8c-11e1-909d-c80aa9edcf4e">
            <name>SAME-AS</name>
            <creator/>
            <dateCreated id="75">2012-07-10 00:00:00</dateCreated>
            <changedBy/>
            <retired>false</retired>
            <retiredBy/>
            <conceptMapTypeId>1</conceptMapTypeId>
            <isHidden>false</isHidden>
          </conceptMapType>
          <creator/>
          <changedBy/>
          <dateCreated id="76">2012-06-14 16:17:34</dateCreated>
          <conceptMapId>144620</conceptMapId>
          <concept reference="33"/>
          <conceptReferenceTerm id="77" resolves-to="org.openmrs.ConceptReferenceTerm" uuid="8ffc08c5-017e-373e-85a2-fec0ec7be865">
            <creator/>
            <dateCreated id="79">2012-06-14 00:00:00</dateCreated>
            <changedBy/>
            <retired>false</retired>
            <retiredBy/>
            <conceptReferenceTermId>144620</conceptReferenceTermId>
            <conceptSource id="80" resolves-to="org.openmrs.ConceptSource" uuid="1ADDDDDDDDDDDDDDDDDDDDDDDDDDDDDDDDDD">
              <name>SNOMED CT</name>
              <description>SNOMED Preferred mapping</description>
              <creator/>
              <dateCreated id="82">2009-11-19 20:19:16</dateCreated>
              <retired>false</retired>
              <retiredBy/>
              <conceptSourceId>1</conceptSourceId>
            </conceptSource>
            <code>1648</code>
            <conceptReferenceTermMaps id="83"/>
          </conceptReferenceTerm>
        </org.openmrs.ConceptMap>
      </conceptMappings>
    </concept>
    <outcomesConcept id="84" resolves-to="org.openmrs.Concept" uuid="160038AAAAAAAAAAAAAAAAAAAAAAAAAAAAAA">
      <conceptId>160038</conceptId>
      <retired>false</retired>
      <retiredBy/>
      <datatype reference="35"/>
      <conceptClass id="86" resolves-to="org.openmrs.ConceptClass" uuid="1edca11a-768a-102f-83f4-12313b04a615">
        <name>Workflow</name>
        <description>Workflow class</description>
        <creator/>
        <dateCreated id="88">2011-01-17 15:27:43</dateCreated>
        <retired>false</retired>
        <retiredBy/>
        <conceptClassId>16</conceptClassId>
      </conceptClass>
      <set>true</set>
      <version></version>
      <creator/>
      <dateCreated id="89">2011-01-17 21:01:10</dateCreated>
      <changedBy/>
      <names class="set" id="90">
        <org.openmrs.ConceptName id="91" uuid="107697BBBBBBBBBBBBBBBBBBBBBBBBBBBBBB">
          <conceptNameId>107697</conceptNameId>
          <concept reference="84"/>
          <name>MULTI-DRUG RESISTANT TUBERCULOSIS TREATMENT OUTCOME</name>
          <locale id="92">en</locale>
          <creator/>
          <dateCreated id="93">2011-01-17 21:01:10</dateCreated>
          <voided>false</voided>
          <voidedBy/>
          <tags class="set" id="94"/>
          <conceptNameType>FULLY_SPECIFIED</conceptNameType>
          <localePreferred>false</localePreferred>
        </org.openmrs.ConceptName>
      </names>
      <answers class="set" id="95"/>
      <conceptSets class="set" id="96">
        <org.openmrs.ConceptSet id="97" uuid="624AEEEEEEEEEEEEEEEEEEEEEEEEEEEEEEEE">
          <conceptSetId>624</conceptSetId>
          <concept id="98" resolves-to="org.openmrs.Concept" uuid="160034AAAAAAAAAAAAAAAAAAAAAAAAAAAAAA">
            <conceptId>160034</conceptId>
            <retired>false</retired>
            <retiredBy/>
            <datatype reference="35"/>
            <conceptClass id="100" resolves-to="org.openmrs.ConceptClass" uuid="1edca23c-768a-102f-83f4-12313b04a615">
              <name>State</name>
              <description>Workflow state</description>
              <creator/>
              <dateCreated id="102">2011-01-17 15:44:10</dateCreated>
              <retired>false</retired>
              <retiredBy/>
              <conceptClassId>17</conceptClassId>
            </conceptClass>
            <set>false</set>
            <version></version>
            <creator/>
            <dateCreated id="103">2011-01-17 20:51:42</dateCreated>
            <changedBy/>
            <dateChanged id="104">2011-01-17 20:53:23</dateChanged>
            <names class="set" id="105">
              <org.openmrs.ConceptName id="106" uuid="107693BBBBBBBBBBBBBBBBBBBBBBBBBBBBBB">
                <conceptNameId>107693</conceptNameId>
                <concept reference="98"/>
                <name>Died</name>
                <locale id="107">en</locale>
                <creator/>
                <dateCreated id="108">2011-01-17 20:51:42</dateCreated>
                <voided>false</voided>
                <voidedBy/>
                <tags class="set" id="109"/>
                <conceptNameType>FULLY_SPECIFIED</conceptNameType>
                <localePreferred>false</localePreferred>
              </org.openmrs.ConceptName>
            </names>
            <answers class="set" id="110"/>
            <conceptSets class="set" id="111"/>
            <descriptions class="set" id="112"/>
            <conceptMappings class="set" id="113">
              <org.openmrs.ConceptMap id="114" uuid="137924ABBBBBBBBBBBBBBBBBBBBBBBBBBBBB">
                <conceptMapType reference="73"/>
                <creator/>
                <changedBy/>
                <dateCreated id="115">2011-01-17 20:51:42</dateCreated>
                <conceptMapId>137924</conceptMapId>
                <concept reference="98"/>
                <conceptReferenceTerm id="116" resolves-to="org.openmrs.ConceptReferenceTerm" uuid="e84336dd-72b7-32e9-aced-e27dc74212ad">
                  <creator/>
                  <dateCreated id="118">2011-01-17 00:00:00</dateCreated>
                  <changedBy/>
                  <retired>false</retired>
                  <retiredBy/>
                  <conceptReferenceTermId>137924</conceptReferenceTermId>
                  <conceptSource id="119" resolves-to="org.openmrs.ConceptSource" uuid="ddb6b595-0b85-4a80-9243-efe4ba404eef">
                    <name>org.openmrs.module.mdrtb</name>
                    <description>The required concepts for the MDR-TB module</description>
                    <creator/>
                    <dateCreated id="121">2010-12-15 14:00:37</dateCreated>
                    <retired>false</retired>
                    <retiredBy/>
                    <conceptSourceId>15</conceptSourceId>
                  </conceptSource>
                  <code>DIED</code>
                  <conceptReferenceTermMaps id="122"/>
                </conceptReferenceTerm>
              </org.openmrs.ConceptMap>
              <org.openmrs.ConceptMap id="123" uuid="137927ABBBBBBBBBBBBBBBBBBBBBBBBBBBBB">
                <conceptMapType reference="73"/>
                <creator/>
                <changedBy/>
                <dateCreated id="124">2011-01-17 20:53:23</dateCreated>
                <conceptMapId>137927</conceptMapId>
                <concept reference="98"/>
                <conceptReferenceTerm id="125" resolves-to="org.openmrs.ConceptReferenceTerm" uuid="7d45de87-1519-3fba-9941-05dab01b8da1">
                  <creator/>
                  <dateCreated id="127">2010-12-05 00:00:00</dateCreated>
                  <changedBy/>
                  <retired>false</retired>
                  <retiredBy/>
                  <conceptReferenceTermId>137046</conceptReferenceTermId>
                  <conceptSource reference="80"/>
                  <code>397709008</code>
                  <conceptReferenceTermMaps id="128"/>
                </conceptReferenceTerm>
              </org.openmrs.ConceptMap>
            </conceptMappings>
          </concept>
          <conceptSet reference="84"/>
          <sortWeight>2.0</sortWeight>
          <creator/>
          <dateCreated id="129">2011-01-17 21:01:10</dateCreated>
        </org.openmrs.ConceptSet>
        <org.openmrs.ConceptSet id="130" uuid="623AEEEEEEEEEEEEEEEEEEEEEEEEEEEEEEEE">
          <conceptSetId>623</conceptSetId>
          <concept id="131" resolves-to="org.openmrs.Concept" uuid="160031AAAAAAAAAAAAAAAAAAAAAAAAAAAAAA">
            <conceptId>160031</conceptId>
            <retired>false</retired>
            <retiredBy/>
            <datatype reference="35"/>
            <conceptClass reference="100"/>
            <set>false</set>
            <version></version>
            <creator/>
            <dateCreated id="133">2011-01-17 20:43:11</dateCreated>
            <changedBy/>
            <names class="set" id="134">
              <org.openmrs.ConceptName id="135" uuid="107689BBBBBBBBBBBBBBBBBBBBBBBBBBBBBB">
                <conceptNameId>107689</conceptNameId>
                <concept reference="131"/>
                <name>DEFAULTED</name>
                <locale id="136">en</locale>
                <creator/>
                <dateCreated id="137">2011-01-17 20:43:11</dateCreated>
                <voided>false</voided>
                <voidedBy/>
                <tags class="set" id="138"/>
                <conceptNameType>FULLY_SPECIFIED</conceptNameType>
                <localePreferred>false</localePreferred>
              </org.openmrs.ConceptName>
            </names>
            <answers class="set" id="139"/>
            <conceptSets class="set" id="140"/>
            <descriptions class="set" id="141"/>
            <conceptMappings class="set" id="142">
              <org.openmrs.ConceptMap id="143" uuid="137917ABBBBBBBBBBBBBBBBBBBBBBBBBBBBB">
                <conceptMapType reference="73"/>
                <creator/>
                <changedBy/>
                <dateCreated id="144">2011-01-17 20:43:11</dateCreated>
                <conceptMapId>137917</conceptMapId>
                <concept reference="131"/>
                <conceptReferenceTerm id="145" resolves-to="org.openmrs.ConceptReferenceTerm" uuid="ac53128b-3ca3-3fbc-973e-369699331cc7">
                  <creator/>
                  <dateCreated id="147">2011-01-17 00:00:00</dateCreated>
                  <changedBy/>
                  <retired>false</retired>
                  <retiredBy/>
                  <conceptReferenceTermId>137917</conceptReferenceTermId>
                  <conceptSource reference="80"/>
                  <code>275694009</code>
                  <conceptReferenceTermMaps id="148"/>
                </conceptReferenceTerm>
              </org.openmrs.ConceptMap>
              <org.openmrs.ConceptMap id="149" uuid="137918ABBBBBBBBBBBBBBBBBBBBBBBBBBBBB">
                <conceptMapType reference="73"/>
                <creator/>
                <changedBy/>
                <dateCreated id="150">2011-01-17 20:43:11</dateCreated>
                <conceptMapId>137918</conceptMapId>
                <concept reference="131"/>
                <conceptReferenceTerm id="151" resolves-to="org.openmrs.ConceptReferenceTerm" uuid="4205192b-5557-35cb-bea3-c62c65335ed8">
                  <creator/>
                  <dateCreated id="153">2011-01-17 00:00:00</dateCreated>
                  <changedBy/>
                  <retired>false</retired>
                  <retiredBy/>
                  <conceptReferenceTermId>137918</conceptReferenceTermId>
                  <conceptSource reference="119"/>
                  <code>DEFAULTED</code>
                  <conceptReferenceTermMaps id="154"/>
                </conceptReferenceTerm>
              </org.openmrs.ConceptMap>
            </conceptMappings>
          </concept>
          <conceptSet reference="84"/>
          <sortWeight>1.0</sortWeight>
          <creator/>
          <dateCreated id="155">2011-01-17 21:01:10</dateCreated>
        </org.openmrs.ConceptSet>
        <org.openmrs.ConceptSet id="156" uuid="582AEEEEEEEEEEEEEEEEEEEEEEEEEEEEEEEE">
          <conceptSetId>582</conceptSetId>
          <concept id="157" resolves-to="org.openmrs.Concept" uuid="159791AAAAAAAAAAAAAAAAAAAAAAAAAAAAAA">
            <conceptId>159791</conceptId>
            <retired>false</retired>
            <retiredBy/>
            <datatype reference="35"/>
            <conceptClass id="159" resolves-to="org.openmrs.ConceptClass" uuid="8d4918b0-c2cc-11de-8d13-0010c6dffd0f">
              <name>Diagnosis</name>
              <description>Conclusion drawn through findings</description>
              <creator/>
              <dateCreated id="161">2004-02-02 00:00:00</dateCreated>
              <retired>false</retired>
              <retiredBy/>
              <conceptClassId>4</conceptClassId>
            </conceptClass>
            <set>false</set>
            <version></version>
            <creator/>
            <dateCreated id="162">2010-11-12 18:15:51</dateCreated>
            <changedBy/>
            <dateChanged id="163">2011-05-22 17:48:53</dateChanged>
            <names class="set" id="164">
              <org.openmrs.ConceptName id="165" uuid="107263BBBBBBBBBBBBBBBBBBBBBBBBBBBBBB">
                <conceptNameId>107263</conceptNameId>
                <concept reference="157"/>
                <name>cure, outcome</name>
                <locale id="166">en</locale>
                <creator/>
                <dateCreated id="167">2010-11-12 18:15:51</dateCreated>
                <voided>false</voided>
                <voidedBy/>
                <tags class="set" id="168"/>
                <conceptNameType>FULLY_SPECIFIED</conceptNameType>
                <localePreferred>false</localePreferred>
              </org.openmrs.ConceptName>
              <org.openmrs.ConceptName id="169" uuid="107380BBBBBBBBBBBBBBBBBBBBBBBBBBBBBB">
                <conceptNameId>107380</conceptNameId>
                <concept reference="157"/>
                <name>cure</name>
                <locale id="170">en</locale>
                <creator/>
                <dateCreated id="171">2010-11-23 18:34:39</dateCreated>
                <voided>false</voided>
                <voidedBy/>
                <tags class="set" id="172"/>
                <conceptNameType>SHORT</conceptNameType>
                <localePreferred>false</localePreferred>
              </org.openmrs.ConceptName>
              <org.openmrs.ConceptName id="173" uuid="107381BBBBBBBBBBBBBBBBBBBBBBBBBBBBBB">
                <conceptNameId>107381</conceptNameId>
                <concept reference="157"/>
                <name>cured</name>
                <locale id="174">en</locale>
                <creator/>
                <dateCreated id="175">2010-11-23 18:34:39</dateCreated>
                <voided>false</voided>
                <voidedBy/>
                <tags class="set" id="176"/>
                <localePreferred>false</localePreferred>
              </org.openmrs.ConceptName>
            </names>
            <answers class="set" id="177"/>
            <conceptSets class="set" id="178"/>
            <descriptions class="set" id="179">
              <org.openmrs.ConceptDescription id="180" uuid="16387FFFFFFFFFFFFFFFFFFFFFFFFFFFFFFF">
                <conceptDescriptionId>16387</conceptDescriptionId>
                <concept reference="157"/>
                <description>treatment of the disease successfully terminated the problem. Can be generalized to all the diseases as a outcome of the treatment.</description>
                <locale id="181">en</locale>
                <creator/>
                <dateCreated id="182">2010-11-12 18:15:51</dateCreated>
                <changedBy/>
              </org.openmrs.ConceptDescription>
            </descriptions>
            <conceptMappings class="set" id="183">
              <org.openmrs.ConceptMap id="184" uuid="136700ABBBBBBBBBBBBBBBBBBBBBBBBBBBBB">
                <conceptMapType reference="61"/>
                <creator/>
                <changedBy/>
                <dateCreated id="185">2010-11-12 18:15:51</dateCreated>
                <conceptMapId>136700</conceptMapId>
                <concept reference="157"/>
                <conceptReferenceTerm id="186" resolves-to="org.openmrs.ConceptReferenceTerm" uuid="f79e5775-bd22-32a8-ab9b-1acc161f0a4b">
                  <creator/>
                  <dateCreated id="188">2010-11-12 00:00:00</dateCreated>
                  <changedBy/>
                  <retired>false</retired>
                  <retiredBy/>
                  <conceptReferenceTermId>136700</conceptReferenceTermId>
                  <conceptSource id="189" resolves-to="org.openmrs.ConceptSource" uuid="13ADDDDDDDDDDDDDDDDDDDDDDDDDDDDDDDDD">
                    <name>AMPATH</name>
                    <description>AMPATH concept dictionary</description>
                    <creator/>
                    <dateCreated id="191">2010-10-24 17:02:38</dateCreated>
                    <retired>false</retired>
                    <retiredBy/>
                    <conceptSourceId>13</conceptSourceId>
                  </conceptSource>
                  <code>6202</code>
                  <conceptReferenceTermMaps id="192"/>
                </conceptReferenceTerm>
              </org.openmrs.ConceptMap>
              <org.openmrs.ConceptMap id="193" uuid="143636ABBBBBBBBBBBBBBBBBBBBBBBBBBBBB">
                <conceptMapType reference="73"/>
                <creator/>
                <changedBy/>
                <dateCreated id="194">2011-05-22 17:48:53</dateCreated>
                <conceptMapId>143636</conceptMapId>
                <concept reference="157"/>
                <conceptReferenceTerm id="195" resolves-to="org.openmrs.ConceptReferenceTerm" uuid="5a08c64d-12a2-3149-aa0d-b4f42be4b8b0">
                  <creator/>
                  <dateCreated id="197">2011-05-22 00:00:00</dateCreated>
                  <changedBy/>
                  <retired>false</retired>
                  <retiredBy/>
                  <conceptReferenceTermId>143636</conceptReferenceTermId>
                  <conceptSource id="198" resolves-to="org.openmrs.ConceptSource" uuid="fb9aaaf1-65e2-4c18-b53c-16b575f2f385">
                    <name>PIH</name>
                    <description>Equivalent concept ID in Master Partners-in-Health Concept dictionary</description>
                    <creator/>
                    <dateCreated id="200">2010-08-03 01:50:49</dateCreated>
                    <retired>false</retired>
                    <retiredBy/>
                    <conceptSourceId>11</conceptSourceId>
                  </conceptSource>
                  <code>159</code>
                  <conceptReferenceTermMaps id="201"/>
                </conceptReferenceTerm>
              </org.openmrs.ConceptMap>
              <org.openmrs.ConceptMap id="202" uuid="136699ABBBBBBBBBBBBBBBBBBBBBBBBBBBBB">
                <conceptMapType reference="73"/>
                <creator/>
                <changedBy/>
                <dateCreated id="203">2010-11-12 18:15:51</dateCreated>
                <conceptMapId>136699</conceptMapId>
                <concept reference="157"/>
                <conceptReferenceTerm id="204" resolves-to="org.openmrs.ConceptReferenceTerm" uuid="46c3c888-5158-30c0-bb9e-b7b27bf25bf2">
                  <creator/>
                  <dateCreated id="206">2010-11-12 00:00:00</dateCreated>
                  <changedBy/>
                  <retired>false</retired>
                  <retiredBy/>
                  <conceptReferenceTermId>136699</conceptReferenceTermId>
                  <conceptSource reference="80"/>
                  <code>371001000</code>
                  <conceptReferenceTermMaps id="207"/>
                </conceptReferenceTerm>
              </org.openmrs.ConceptMap>
              <org.openmrs.ConceptMap id="208" uuid="137923ABBBBBBBBBBBBBBBBBBBBBBBBBBBBB">
                <conceptMapType reference="73"/>
                <creator/>
                <changedBy/>
                <dateCreated id="209">2011-01-17 20:50:45</dateCreated>
                <conceptMapId>137923</conceptMapId>
                <concept reference="157"/>
                <conceptReferenceTerm id="210" resolves-to="org.openmrs.ConceptReferenceTerm" uuid="8bab0046-1c7f-3195-9c0a-49e76ab38169">
                  <creator/>
                  <dateCreated id="212">2011-01-17 00:00:00</dateCreated>
                  <changedBy/>
                  <retired>false</retired>
                  <retiredBy/>
                  <conceptReferenceTermId>137923</conceptReferenceTermId>
                  <conceptSource reference="119"/>
                  <code>CURED</code>
                  <conceptReferenceTermMaps id="213"/>
                </conceptReferenceTerm>
              </org.openmrs.ConceptMap>
            </conceptMappings>
          </concept>
          <conceptSet reference="84"/>
          <sortWeight>0.0</sortWeight>
          <creator/>
          <dateCreated id="214">2011-01-17 21:01:10</dateCreated>
        </org.openmrs.ConceptSet>
        <org.openmrs.ConceptSet id="215" uuid="626AEEEEEEEEEEEEEEEEEEEEEEEEEEEEEEEE">
          <conceptSetId>626</conceptSetId>
          <concept id="216" resolves-to="org.openmrs.Concept" uuid="160036AAAAAAAAAAAAAAAAAAAAAAAAAAAAAA">
            <conceptId>160036</conceptId>
            <retired>false</retired>
            <retiredBy/>
            <datatype reference="35"/>
            <conceptClass reference="100"/>
            <set>false</set>
            <version></version>
            <creator/>
            <dateCreated id="218">2011-01-17 20:55:51</dateCreated>
            <changedBy/>
            <names class="set" id="219">
              <org.openmrs.ConceptName id="220" uuid="107695BBBBBBBBBBBBBBBBBBBBBBBBBBBBBB">
                <conceptNameId>107695</conceptNameId>
                <concept reference="216"/>
                <name>PATIENT TRANSFERRED OUT</name>
                <locale id="221">en</locale>
                <creator/>
                <dateCreated id="222">2011-01-17 20:55:51</dateCreated>
                <voided>false</voided>
                <voidedBy/>
                <tags class="set" id="223"/>
                <conceptNameType>FULLY_SPECIFIED</conceptNameType>
                <localePreferred>false</localePreferred>
              </org.openmrs.ConceptName>
            </names>
            <answers class="set" id="224"/>
            <conceptSets class="set" id="225"/>
            <descriptions class="set" id="226"/>
            <conceptMappings class="set" id="227">
              <org.openmrs.ConceptMap id="228" uuid="137928ABBBBBBBBBBBBBBBBBBBBBBBBBBBBB">
                <conceptMapType reference="73"/>
                <creator/>
                <changedBy/>
                <dateCreated id="229">2011-01-17 20:55:51</dateCreated>
                <conceptMapId>137928</conceptMapId>
                <concept reference="216"/>
                <conceptReferenceTerm id="230" resolves-to="org.openmrs.ConceptReferenceTerm" uuid="3d82145d-44a5-315f-98e1-8a65af8c2a66">
                  <creator/>
                  <dateCreated id="232">2011-01-17 00:00:00</dateCreated>
                  <changedBy/>
                  <retired>false</retired>
                  <retiredBy/>
                  <conceptReferenceTermId>137928</conceptReferenceTermId>
                  <conceptSource reference="119"/>
                  <code>PATIENT TRANSFERRED OUT</code>
                  <conceptReferenceTermMaps id="233"/>
                </conceptReferenceTerm>
              </org.openmrs.ConceptMap>
              <org.openmrs.ConceptMap id="234" uuid="137929ABBBBBBBBBBBBBBBBBBBBBBBBBBBBB">
                <conceptMapType reference="61"/>
                <creator/>
                <changedBy/>
                <dateCreated id="235">2011-01-17 20:55:51</dateCreated>
                <conceptMapId>137929</conceptMapId>
                <concept reference="216"/>
                <conceptReferenceTerm id="236" resolves-to="org.openmrs.ConceptReferenceTerm" uuid="1ca55422-f98d-3bea-a89a-2ba1edb9d206">
                  <creator/>
                  <dateCreated id="238">2011-01-17 00:00:00</dateCreated>
                  <changedBy/>
                  <retired>false</retired>
                  <retiredBy/>
                  <conceptReferenceTermId>137929</conceptReferenceTermId>
                  <conceptSource reference="68"/>
                  <code>309037001</code>
                  <conceptReferenceTermMaps id="239"/>
                </conceptReferenceTerm>
              </org.openmrs.ConceptMap>
            </conceptMappings>
          </concept>
          <conceptSet reference="84"/>
          <sortWeight>4.0</sortWeight>
          <creator/>
          <dateCreated id="240">2011-01-17 21:01:10</dateCreated>
        </org.openmrs.ConceptSet>
        <org.openmrs.ConceptSet id="241" uuid="99AEEEEEEEEEEEEEEEEEEEEEEEEEEEEEEEEE">
          <conceptSetId>99</conceptSetId>
          <concept id="242" resolves-to="org.openmrs.Concept" uuid="843AAAAAAAAAAAAAAAAAAAAAAAAAAAAAAAAA">
            <conceptId>843</conceptId>
            <retired>false</retired>
            <retiredBy/>
            <datatype reference="35"/>
            <conceptClass id="244" resolves-to="org.openmrs.ConceptClass" uuid="8d491a9a-c2cc-11de-8d13-0010c6dffd0f">
              <name>Finding</name>
              <description>Practitioner observation/finding</description>
              <creator/>
              <dateCreated id="246">2004-03-02 00:00:00</dateCreated>
              <retired>false</retired>
              <retiredBy/>
              <conceptClassId>5</conceptClassId>
            </conceptClass>
            <set>false</set>
            <version></version>
            <creator/>
            <dateCreated id="247">2004-05-04 00:00:00</dateCreated>
            <changedBy/>
            <dateChanged id="248">2011-06-21 13:51:09</dateChanged>
            <names class="set" id="249">
              <org.openmrs.ConceptName id="250" uuid="883BBBBBBBBBBBBBBBBBBBBBBBBBBBBBBBBB">
                <conceptNameId>883</conceptNameId>
                <concept reference="242"/>
                <name>REGIMEN FAILURE</name>
                <locale id="251">en</locale>
                <creator/>
                <dateCreated id="252">2004-05-04 00:00:00</dateCreated>
                <voided>false</voided>
                <voidedBy/>
                <tags class="set" id="253"/>
                <conceptNameType>FULLY_SPECIFIED</conceptNameType>
                <localePreferred>false</localePreferred>
              </org.openmrs.ConceptName>
              <org.openmrs.ConceptName id="254" uuid="106133BBBBBBBBBBBBBBBBBBBBBBBBBBBBBB">
                <conceptNameId>106133</conceptNameId>
                <concept reference="242"/>
                <name>ÉCHEC DU TRAITEMENT</name>
                <locale id="255">fr</locale>
                <creator/>
                <dateCreated id="256">2010-05-03 17:11:19</dateCreated>
                <voided>false</voided>
                <voidedBy/>
                <tags class="set" id="257"/>
                <conceptNameType>FULLY_SPECIFIED</conceptNameType>
                <localePreferred>false</localePreferred>
              </org.openmrs.ConceptName>
            </names>
            <answers class="set" id="258"/>
            <conceptSets class="set" id="259"/>
            <descriptions class="set" id="260">
              <org.openmrs.ConceptDescription id="261" uuid="843FFFFFFFFFFFFFFFFFFFFFFFFFFFFFFFFF">
                <conceptDescriptionId>843</conceptDescriptionId>
                <concept reference="242"/>
                <description>Failure of a therapy or treatment to achieve its end points.</description>
                <locale id="262">en</locale>
                <creator/>
                <dateCreated id="263">2004-05-04 00:00:00</dateCreated>
                <changedBy/>
              </org.openmrs.ConceptDescription>
            </descriptions>
            <conceptMappings class="set" id="264">
              <org.openmrs.ConceptMap id="265" uuid="144075ABBBBBBBBBBBBBBBBBBBBBBBBBBBBB">
                <conceptMapType reference="73"/>
                <creator/>
                <changedBy/>
                <dateCreated id="266">2011-06-21 13:51:09</dateCreated>
                <conceptMapId>144075</conceptMapId>
                <concept reference="242"/>
                <conceptReferenceTerm id="267" resolves-to="org.openmrs.ConceptReferenceTerm" uuid="d889f147-bf55-323b-9cc2-33c1a443ec3a">
                  <creator/>
                  <dateCreated id="269">2011-06-21 00:00:00</dateCreated>
                  <changedBy/>
                  <retired>false</retired>
                  <retiredBy/>
                  <conceptReferenceTermId>144075</conceptReferenceTermId>
                  <conceptSource reference="119"/>
                  <code>FAILED</code>
                  <conceptReferenceTermMaps id="270"/>
                </conceptReferenceTerm>
              </org.openmrs.ConceptMap>
              <org.openmrs.ConceptMap id="271" uuid="134523ABBBBBBBBBBBBBBBBBBBBBBBBBBBBB">
                <conceptMapType reference="73"/>
                <creator/>
                <changedBy/>
                <dateCreated id="272">2010-10-24 13:09:59</dateCreated>
                <conceptMapId>134523</conceptMapId>
                <concept reference="242"/>
                <conceptReferenceTerm id="273" resolves-to="org.openmrs.ConceptReferenceTerm" uuid="e444ab91-872f-382c-a90b-4a5f51d5c92b">
                  <creator/>
                  <dateCreated id="275">2010-10-24 00:00:00</dateCreated>
                  <changedBy/>
                  <retired>false</retired>
                  <retiredBy/>
                  <conceptReferenceTermId>134523</conceptReferenceTermId>
                  <conceptSource reference="189"/>
                  <code>843</code>
                  <conceptReferenceTermMaps id="276"/>
                </conceptReferenceTerm>
              </org.openmrs.ConceptMap>
              <org.openmrs.ConceptMap id="277" uuid="132413ABBBBBBBBBBBBBBBBBBBBBBBBBBBBB">
                <conceptMapType reference="73"/>
                <creator/>
                <changedBy/>
                <dateCreated id="278">2010-05-30 20:58:27</dateCreated>
                <conceptMapId>132413</conceptMapId>
                <concept reference="242"/>
                <conceptReferenceTerm id="279" resolves-to="org.openmrs.ConceptReferenceTerm" uuid="5ef2d6b3-7216-3c57-9039-97906791caa3">
                  <creator/>
                  <dateCreated id="281">2010-05-30 00:00:00</dateCreated>
                  <changedBy/>
                  <retired>false</retired>
                  <retiredBy/>
                  <conceptReferenceTermId>132413</conceptReferenceTermId>
                  <conceptSource reference="80"/>
                  <code>266721009</code>
                  <conceptReferenceTermMaps id="282"/>
                </conceptReferenceTerm>
              </org.openmrs.ConceptMap>
              <org.openmrs.ConceptMap id="283" uuid="136254ABBBBBBBBBBBBBBBBBBBBBBBBBBBBB">
                <conceptMapType reference="73"/>
                <creator/>
                <changedBy/>
                <dateCreated id="284">2010-10-25 15:49:30</dateCreated>
                <conceptMapId>136254</conceptMapId>
                <concept reference="242"/>
                <conceptReferenceTerm id="285" resolves-to="org.openmrs.ConceptReferenceTerm" uuid="bbd546c9-3205-3eb4-b163-355c2aa28433">
                  <creator/>
                  <dateCreated id="287">2010-10-25 00:00:00</dateCreated>
                  <changedBy/>
                  <retired>false</retired>
                  <retiredBy/>
                  <conceptReferenceTermId>136254</conceptReferenceTermId>
                  <conceptSource reference="198"/>
                  <code>843</code>
                  <conceptReferenceTermMaps id="288"/>
                </conceptReferenceTerm>
              </org.openmrs.ConceptMap>
            </conceptMappings>
          </concept>
          <conceptSet reference="84"/>
          <sortWeight>6.0</sortWeight>
          <creator/>
          <dateCreated id="289">2011-01-17 21:01:10</dateCreated>
        </org.openmrs.ConceptSet>
        <org.openmrs.ConceptSet id="290" uuid="625AEEEEEEEEEEEEEEEEEEEEEEEEEEEEEEEE">
          <conceptSetId>625</conceptSetId>
          <concept id="291" resolves-to="org.openmrs.Concept" uuid="160035AAAAAAAAAAAAAAAAAAAAAAAAAAAAAA">
            <conceptId>160035</conceptId>
            <retired>false</retired>
            <retiredBy/>
            <datatype reference="35"/>
            <conceptClass reference="100"/>
            <set>false</set>
            <version></version>
            <creator/>
            <dateCreated id="293">2011-01-17 20:52:18</dateCreated>
            <changedBy/>
            <dateChanged id="294">2011-01-17 20:52:47</dateChanged>
            <names class="set" id="295">
              <org.openmrs.ConceptName id="296" uuid="107694BBBBBBBBBBBBBBBBBBBBBBBBBBBBBB">
                <conceptNameId>107694</conceptNameId>
                <concept reference="291"/>
                <name>Treatment Complete</name>
                <locale id="297">en</locale>
                <creator/>
                <dateCreated id="298">2011-01-17 20:52:18</dateCreated>
                <voided>false</voided>
                <voidedBy/>
                <tags class="set" id="299"/>
                <conceptNameType>FULLY_SPECIFIED</conceptNameType>
                <localePreferred>false</localePreferred>
              </org.openmrs.ConceptName>
            </names>
            <answers class="set" id="300"/>
            <conceptSets class="set" id="301"/>
            <descriptions class="set" id="302"/>
            <conceptMappings class="set" id="303">
              <org.openmrs.ConceptMap id="304" uuid="137925ABBBBBBBBBBBBBBBBBBBBBBBBBBBBB">
                <conceptMapType reference="73"/>
                <creator/>
                <changedBy/>
                <dateCreated id="305">2011-01-17 20:52:18</dateCreated>
                <conceptMapId>137925</conceptMapId>
                <concept reference="291"/>
                <conceptReferenceTerm id="306" resolves-to="org.openmrs.ConceptReferenceTerm" uuid="dea34ad2-c7e7-33ad-b5cf-99f491bebc5e">
                  <creator/>
                  <dateCreated id="308">2011-01-17 00:00:00</dateCreated>
                  <changedBy/>
                  <retired>false</retired>
                  <retiredBy/>
                  <conceptReferenceTermId>137925</conceptReferenceTermId>
                  <conceptSource reference="119"/>
                  <code>TREATMENT COMPLETE</code>
                  <conceptReferenceTermMaps id="309"/>
                </conceptReferenceTerm>
              </org.openmrs.ConceptMap>
              <org.openmrs.ConceptMap id="310" uuid="137926ABBBBBBBBBBBBBBBBBBBBBBBBBBBBB">
                <conceptMapType reference="73"/>
                <creator/>
                <changedBy/>
                <dateCreated id="311">2011-01-17 20:52:47</dateCreated>
                <conceptMapId>137926</conceptMapId>
                <concept reference="291"/>
                <conceptReferenceTerm id="312" resolves-to="org.openmrs.ConceptReferenceTerm" uuid="64f7c3bc-0b98-33a7-bad0-a0ca69d4f858">
                  <creator/>
                  <dateCreated id="314">2010-12-30 00:00:00</dateCreated>
                  <changedBy/>
                  <retired>false</retired>
                  <retiredBy/>
                  <conceptReferenceTermId>137519</conceptReferenceTermId>
                  <conceptSource reference="80"/>
                  <code>182992009</code>
                  <conceptReferenceTermMaps id="315"/>
                </conceptReferenceTerm>
              </org.openmrs.ConceptMap>
            </conceptMappings>
          </concept>
          <conceptSet reference="84"/>
          <sortWeight>3.0</sortWeight>
          <creator/>
          <dateCreated id="316">2011-01-17 21:01:10</dateCreated>
        </org.openmrs.ConceptSet>
        <org.openmrs.ConceptSet id="317" uuid="627AEEEEEEEEEEEEEEEEEEEEEEEEEEEEEEEE">
          <conceptSetId>627</conceptSetId>
          <concept id="318" resolves-to="org.openmrs.Concept" uuid="160037AAAAAAAAAAAAAAAAAAAAAAAAAAAAAA">
            <conceptId>160037</conceptId>
            <retired>false</retired>
            <retiredBy/>
            <datatype reference="35"/>
            <conceptClass reference="100"/>
            <set>false</set>
            <version></version>
            <creator/>
            <dateCreated id="320">2011-01-17 20:59:10</dateCreated>
            <changedBy/>
            <dateChanged id="321">2011-01-17 20:59:35</dateChanged>
            <names class="set" id="322">
              <org.openmrs.ConceptName id="323" uuid="107696BBBBBBBBBBBBBBBBBBBBBBBBBBBBBB">
                <conceptNameId>107696</conceptNameId>
                <concept reference="318"/>
                <name>STILL ON TREATMENT</name>
                <locale id="324">en</locale>
                <creator/>
                <dateCreated id="325">2011-01-17 20:59:10</dateCreated>
                <voided>false</voided>
                <voidedBy/>
                <tags class="set" id="326"/>
                <conceptNameType>FULLY_SPECIFIED</conceptNameType>
                <localePreferred>false</localePreferred>
              </org.openmrs.ConceptName>
            </names>
            <answers class="set" id="327"/>
            <conceptSets class="set" id="328"/>
            <descriptions class="set" id="329"/>
            <conceptMappings class="set" id="330">
              <org.openmrs.ConceptMap id="331" uuid="137930ABBBBBBBBBBBBBBBBBBBBBBBBBBBBB">
                <conceptMapType reference="73"/>
                <creator/>
                <changedBy/>
                <dateCreated id="332">2011-01-17 20:59:10</dateCreated>
                <conceptMapId>137930</conceptMapId>
                <concept reference="318"/>
                <conceptReferenceTerm id="333" resolves-to="org.openmrs.ConceptReferenceTerm" uuid="5a354c6e-e47f-3717-b166-055e7f562122">
                  <creator/>
                  <dateCreated id="335">2011-01-17 00:00:00</dateCreated>
                  <changedBy/>
                  <retired>false</retired>
                  <retiredBy/>
                  <conceptReferenceTermId>137930</conceptReferenceTermId>
                  <conceptSource reference="119"/>
                  <code>STILL ON TREATMENT</code>
                  <conceptReferenceTermMaps id="336"/>
                </conceptReferenceTerm>
              </org.openmrs.ConceptMap>
              <org.openmrs.ConceptMap id="337" uuid="137931ABBBBBBBBBBBBBBBBBBBBBBBBBBBBB">
                <conceptMapType reference="61"/>
                <creator/>
                <changedBy/>
                <dateCreated id="338">2011-01-17 20:59:10</dateCreated>
                <conceptMapId>137931</conceptMapId>
                <concept reference="318"/>
                <conceptReferenceTerm id="339" resolves-to="org.openmrs.ConceptReferenceTerm" uuid="150aa442-956e-3865-acf6-23f87a675332">
                  <creator/>
                  <dateCreated id="341">2011-01-17 00:00:00</dateCreated>
                  <changedBy/>
                  <retired>false</retired>
                  <retiredBy/>
                  <conceptReferenceTermId>137931</conceptReferenceTermId>
                  <conceptSource reference="68"/>
                  <code>410684002</code>
                  <conceptReferenceTermMaps id="342"/>
                </conceptReferenceTerm>
              </org.openmrs.ConceptMap>
            </conceptMappings>
          </concept>
          <conceptSet reference="84"/>
          <sortWeight>5.0</sortWeight>
          <creator/>
          <dateCreated id="343">2011-01-17 21:01:10</dateCreated>
        </org.openmrs.ConceptSet>
      </conceptSets>
      <descriptions class="set" id="344"/>
      <conceptMappings class="set" id="345">
        <org.openmrs.ConceptMap id="346" uuid="137932ABBBBBBBBBBBBBBBBBBBBBBBBBBBBB">
          <conceptMapType reference="73"/>
          <creator/>
          <changedBy/>
          <dateCreated id="347">2011-01-17 21:01:10</dateCreated>
          <conceptMapId>137932</conceptMapId>
          <concept reference="84"/>
          <conceptReferenceTerm id="348" resolves-to="org.openmrs.ConceptReferenceTerm" uuid="75e4b421-8168-3ff6-a3fb-241eb928563a">
            <creator/>
            <dateCreated id="350">2011-01-17 00:00:00</dateCreated>
            <changedBy/>
            <retired>false</retired>
            <retiredBy/>
            <conceptReferenceTermId>137932</conceptReferenceTermId>
            <conceptSource reference="119"/>
            <code>MULTI-DRUG RESISTANT TUBERCULOSIS TREATMENT OUTCOME</code>
            <conceptReferenceTermMaps id="351"/>
          </conceptReferenceTerm>
        </org.openmrs.ConceptMap>
      </conceptMappings>
    </outcomesConcept>
    <allWorkflows id="352"/>
  </org.openmrs.Program>
  <org.openmrs.Program id="353" uuid="dfdc6d40-2f2f-463d-ba90-cc97350441a8">
    <name>HIV Program</name>
    <description>Program for following or treating HIV-positive patients</description>
    <creator/>
    <dateCreated id="354">2012-06-23 04:13:06</dateCreated>
    <changedBy/>
    <dateChanged id="355">2012-08-08 02:05:40</dateChanged>
    <retired>false</retired>
    <programId>1</programId>
    <concept id="356" resolves-to="org.openmrs.Concept" uuid="160631AAAAAAAAAAAAAAAAAAAAAAAAAAAAAA">
      <conceptId>160631</conceptId>
      <retired>false</retired>
      <retiredBy/>
      <datatype reference="35"/>
      <conceptClass id="358" resolves-to="org.openmrs.ConceptClass" uuid="1edca368-768a-102f-83f4-12313b04a615">
        <name>Program</name>
        <description>Program concept</description>
        <creator/>
        <dateCreated id="360">2011-01-18 01:53:56</dateCreated>
        <retired>false</retired>
        <retiredBy/>
        <conceptClassId>18</conceptClassId>
      </conceptClass>
      <set>false</set>
      <version></version>
      <creator/>
      <dateCreated id="361">2012-06-23 14:33:42</dateCreated>
      <changedBy/>
      <names class="set" id="362">
        <org.openmrs.ConceptName id="363" uuid="109079BBBBBBBBBBBBBBBBBBBBBBBBBBBBBB">
          <conceptNameId>109079</conceptNameId>
          <concept reference="356"/>
          <name>HIV Program</name>
          <locale id="364">en</locale>
          <creator/>
          <dateCreated id="365">2012-06-23 14:33:42</dateCreated>
          <voided>false</voided>
          <voidedBy/>
          <tags class="set" id="366"/>
          <conceptNameType>FULLY_SPECIFIED</conceptNameType>
          <localePreferred>false</localePreferred>
        </org.openmrs.ConceptName>
      </names>
      <answers class="set" id="367"/>
      <conceptSets class="set" id="368"/>
      <descriptions class="set" id="369"/>
      <conceptMappings class="set" id="370">
        <org.openmrs.ConceptMap id="371" uuid="144745ABBBBBBBBBBBBBBBBBBBBBBBBBBBBB">
          <conceptMapType reference="73"/>
          <creator/>
          <changedBy/>
          <dateCreated id="372">2012-06-23 14:33:42</dateCreated>
          <conceptMapId>144745</conceptMapId>
          <concept reference="356"/>
          <conceptReferenceTerm id="373" resolves-to="org.openmrs.ConceptReferenceTerm" uuid="88d9d46d-29c3-3708-b504-8a0b8ef76670">
            <creator/>
            <dateCreated id="375">2012-06-23 00:00:00</dateCreated>
            <changedBy/>
            <retired>false</retired>
            <retiredBy/>
            <conceptReferenceTermId>144745</conceptReferenceTermId>
            <conceptSource reference="198"/>
            <code>1482</code>
            <conceptReferenceTermMaps id="376"/>
          </conceptReferenceTerm>
        </org.openmrs.ConceptMap>
        <org.openmrs.ConceptMap id="377" uuid="144744ABBBBBBBBBBBBBBBBBBBBBBBBBBBBB">
          <conceptMapType reference="61"/>
          <creator/>
          <changedBy/>
          <dateCreated id="378">2012-06-23 14:33:42</dateCreated>
          <conceptMapId>144744</conceptMapId>
          <concept reference="356"/>
          <conceptReferenceTerm reference="65"/>
        </org.openmrs.ConceptMap>
      </conceptMappings>
    </concept>
    <outcomesConcept id="379" resolves-to="org.openmrs.Concept" uuid="1695AAAAAAAAAAAAAAAAAAAAAAAAAAAAAAAA">
      <conceptId>1695</conceptId>
      <retired>false</retired>
      <retiredBy/>
      <datatype id="381" resolves-to="org.openmrs.ConceptDatatype" uuid="8d4a48b6-c2cc-11de-8d13-0010c6dffd0f">
        <name>Coded</name>
        <description>Value determined by term dictionary lookup (i.e., term identifier)</description>
        <creator/>
        <dateCreated id="383">2004-02-02 00:00:00</dateCreated>
        <retired>false</retired>
        <retiredBy/>
        <conceptDatatypeId>2</conceptDatatypeId>
        <hl7Abbreviation>CWE</hl7Abbreviation>
      </datatype>
      <conceptClass reference="244"/>
      <set>false</set>
      <version></version>
      <creator/>
      <dateCreated id="384">2009-05-13 12:34:56</dateCreated>
      <changedBy/>
      <dateChanged id="385">2010-12-30 19:41:02</dateChanged>
      <names class="set" id="386">
        <org.openmrs.ConceptName id="387" uuid="86978BBBBBBBBBBBBBBBBBBBBBBBBBBBBBBB">
          <conceptNameId>86978</conceptNameId>
          <concept reference="379"/>
          <name>discharge status</name>
          <locale id="388">en</locale>
          <creator/>
          <dateCreated id="389">2009-05-13 12:34:56</dateCreated>
          <voided>false</voided>
          <voidedBy/>
          <tags class="set" id="390"/>
          <conceptNameType>SHORT</conceptNameType>
          <localePreferred>false</localePreferred>
        </org.openmrs.ConceptName>
        <org.openmrs.ConceptName id="391" uuid="1975BBBBBBBBBBBBBBBBBBBBBBBBBBBBBBBB">
          <conceptNameId>1975</conceptNameId>
          <concept reference="379"/>
          <name>DISCHARGE STATUS</name>
          <locale id="392">en</locale>
          <creator/>
          <dateCreated id="393">2009-05-13 12:34:56</dateCreated>
          <voided>false</voided>
          <voidedBy/>
          <tags class="set" id="394"/>
          <conceptNameType>FULLY_SPECIFIED</conceptNameType>
          <localePreferred>false</localePreferred>
        </org.openmrs.ConceptName>
        <org.openmrs.ConceptName id="395" uuid="105885BBBBBBBBBBBBBBBBBBBBBBBBBBBBBB">
          <conceptNameId>105885</conceptNameId>
          <concept reference="379"/>
          <name>CONDITION DU PATIENT À SA DÉCHARGE</name>
          <locale id="396">fr</locale>
          <creator/>
          <dateCreated id="397">2010-05-03 17:07:47</dateCreated>
          <voided>false</voided>
          <voidedBy/>
          <tags class="set" id="398"/>
          <conceptNameType>FULLY_SPECIFIED</conceptNameType>
          <localePreferred>false</localePreferred>
        </org.openmrs.ConceptName>
      </names>
      <answers class="set" id="399">
        <org.openmrs.ConceptAnswer id="400" uuid="1485CCCCCCCCCCCCCCCCCCCCCCCCCCCCCCCC">
          <conceptAnswerId>1485</conceptAnswerId>
          <concept reference="379"/>
          <answerConcept id="401" resolves-to="org.openmrs.Concept" uuid="5622AAAAAAAAAAAAAAAAAAAAAAAAAAAAAAAA">
            <conceptId>5622</conceptId>
            <retired>false</retired>
            <retiredBy/>
            <datatype reference="35"/>
            <conceptClass reference="38"/>
            <set>false</set>
            <version></version>
            <creator/>
            <dateCreated id="403">2004-08-12 00:00:00</dateCreated>
            <changedBy/>
            <dateChanged id="404">2012-06-03 19:58:40</dateChanged>
            <names class="set" id="405">
              <org.openmrs.ConceptName id="406" uuid="2761BBBBBBBBBBBBBBBBBBBBBBBBBBBBBBBB">
                <conceptNameId>2761</conceptNameId>
                <concept reference="401"/>
                <name>OTHER NON-CODED</name>
                <locale id="407">en</locale>
                <creator/>
                <dateCreated id="408">2004-08-12 00:00:00</dateCreated>
                <voided>false</voided>
                <voidedBy/>
                <tags class="set" id="409"/>
                <conceptNameType>FULLY_SPECIFIED</conceptNameType>
                <localePreferred>false</localePreferred>
              </org.openmrs.ConceptName>
              <org.openmrs.ConceptName id="410" uuid="105802BBBBBBBBBBBBBBBBBBBBBBBBBBBBBB">
                <conceptNameId>105802</conceptNameId>
                <concept reference="401"/>
                <name>Autre et non codé</name>
                <locale id="411">fr</locale>
                <creator/>
                <dateCreated id="412">2010-05-03 16:52:33</dateCreated>
                <voided>false</voided>
                <voidedBy/>
                <tags class="set" id="413"/>
                <conceptNameType>FULLY_SPECIFIED</conceptNameType>
                <localePreferred>false</localePreferred>
              </org.openmrs.ConceptName>
            </names>
            <answers class="set" id="414"/>
            <conceptSets class="set" id="415"/>
            <descriptions class="set" id="416">
              <org.openmrs.ConceptDescription id="417" uuid="2253FFFFFFFFFFFFFFFFFFFFFFFFFFFFFFFF">
                <conceptDescriptionId>2253</conceptDescriptionId>
                <concept reference="401"/>
                <description>A generic, descriptive answer which is a handwritten, non-coded response to a question.</description>
                <locale id="418">en</locale>
                <creator/>
                <dateCreated id="419">2004-08-12 00:00:00</dateCreated>
                <changedBy/>
                <dateChanged id="420">2012-06-03 19:58:40</dateChanged>
              </org.openmrs.ConceptDescription>
            </descriptions>
            <conceptMappings class="set" id="421">
              <org.openmrs.ConceptMap id="422" uuid="135771ABBBBBBBBBBBBBBBBBBBBBBBBBBBBB">
                <conceptMapType reference="73"/>
                <creator/>
                <changedBy/>
                <dateCreated id="423">2010-10-24 13:09:59</dateCreated>
                <conceptMapId>135771</conceptMapId>
                <concept reference="401"/>
                <conceptReferenceTerm id="424" resolves-to="org.openmrs.ConceptReferenceTerm" uuid="de4dbf4f-b5ee-3d32-9ce6-ca2e15c2e1b3">
                  <creator/>
                  <dateCreated id="426">2010-10-24 00:00:00</dateCreated>
                  <changedBy/>
                  <retired>false</retired>
                  <retiredBy/>
                  <conceptReferenceTermId>135771</conceptReferenceTermId>
                  <conceptSource reference="189"/>
                  <code>5622</code>
                  <conceptReferenceTermMaps id="427"/>
                </conceptReferenceTerm>
              </org.openmrs.ConceptMap>
              <org.openmrs.ConceptMap id="428" uuid="144395ABBBBBBBBBBBBBBBBBBBBBBBBBBBBB">
                <conceptMapType reference="73"/>
                <creator/>
                <changedBy/>
                <dateCreated id="429">2012-06-03 19:58:40</dateCreated>
                <conceptMapId>144395</conceptMapId>
                <concept reference="401"/>
                <conceptReferenceTerm id="430" resolves-to="org.openmrs.ConceptReferenceTerm" uuid="49fd39a2-2b4a-38c2-8f0e-0cb9a7e0fe22">
                  <creator/>
                  <dateCreated id="432">2012-06-03 00:00:00</dateCreated>
                  <changedBy/>
                  <retired>false</retired>
                  <retiredBy/>
                  <conceptReferenceTermId>144395</conceptReferenceTermId>
                  <conceptSource id="433" resolves-to="org.openmrs.ConceptSource" uuid="12ADDDDDDDDDDDDDDDDDDDDDDDDDDDDDDDDD">
                    <name>PIH Malawi</name>
                    <description>Partners in Health Malawi concept dictionary</description>
                    <creator/>
                    <dateCreated id="435">2010-10-24 17:02:20</dateCreated>
                    <retired>false</retired>
                    <retiredBy/>
                    <conceptSourceId>12</conceptSourceId>
                  </conceptSource>
                  <code>6408</code>
                  <conceptReferenceTermMaps id="436"/>
                </conceptReferenceTerm>
              </org.openmrs.ConceptMap>
              <org.openmrs.ConceptMap id="437" uuid="143666ABBBBBBBBBBBBBBBBBBBBBBBBBBBBB">
                <conceptMapType reference="73"/>
                <creator/>
                <changedBy/>
                <dateCreated id="438">2011-05-27 14:13:52</dateCreated>
                <conceptMapId>143666</conceptMapId>
                <concept reference="401"/>
                <conceptReferenceTerm id="439" resolves-to="org.openmrs.ConceptReferenceTerm" uuid="142f78e3-31a5-3969-a405-286a699f711f">
                  <creator/>
                  <dateCreated id="441">2011-05-27 00:00:00</dateCreated>
                  <changedBy/>
                  <retired>false</retired>
                  <retiredBy/>
                  <conceptReferenceTermId>143663</conceptReferenceTermId>
                  <conceptSource reference="198"/>
                  <code>5622</code>
                  <conceptReferenceTermMaps id="442"/>
                </conceptReferenceTerm>
              </org.openmrs.ConceptMap>
              <org.openmrs.ConceptMap id="443" uuid="141670ABBBBBBBBBBBBBBBBBBBBBBBBBBBBB">
                <conceptMapType reference="73"/>
                <creator/>
                <changedBy/>
                <dateCreated id="444">2011-02-10 16:54:39</dateCreated>
                <conceptMapId>141670</conceptMapId>
                <concept reference="401"/>
                <conceptReferenceTerm id="445" resolves-to="org.openmrs.ConceptReferenceTerm" uuid="cd9bed8e-d47a-38bd-a677-695644801d87">
                  <creator/>
                  <dateCreated id="447">2011-02-10 00:00:00</dateCreated>
                  <changedBy/>
                  <retired>false</retired>
                  <retiredBy/>
                  <conceptReferenceTermId>141670</conceptReferenceTermId>
                  <conceptSource id="448" resolves-to="org.openmrs.ConceptSource" uuid="14ADDDDDDDDDDDDDDDDDDDDDDDDDDDDDDDDD">
                    <name>SNOMED MVP</name>
                    <description>MVP Namespace Identifier extensions to SNOMED CT</description>
                    <creator/>
                    <dateCreated id="450">2010-12-03 18:18:39</dateCreated>
                    <retired>false</retired>
                    <retiredBy/>
                    <conceptSourceId>14</conceptSourceId>
                  </conceptSource>
                  <code>56221000105001</code>
                  <conceptReferenceTermMaps id="451"/>
                </conceptReferenceTerm>
              </org.openmrs.ConceptMap>
              <org.openmrs.ConceptMap id="452" uuid="137766ABBBBBBBBBBBBBBBBBBBBBBBBBBBBB">
                <conceptMapType reference="61"/>
                <creator/>
                <changedBy/>
                <dateCreated id="453">2011-01-15 13:27:39</dateCreated>
                <conceptMapId>137766</conceptMapId>
                <concept reference="401"/>
                <conceptReferenceTerm id="454" resolves-to="org.openmrs.ConceptReferenceTerm" uuid="17744715-bb7d-3022-96d3-2e2144a778d4">
                  <creator/>
                  <dateCreated id="456">2011-01-15 00:00:00</dateCreated>
                  <changedBy/>
                  <retired>false</retired>
                  <retiredBy/>
                  <conceptReferenceTermId>137766</conceptReferenceTermId>
                  <conceptSource reference="68"/>
                  <code>74964007</code>
                  <conceptReferenceTermMaps id="457"/>
                </conceptReferenceTerm>
              </org.openmrs.ConceptMap>
              <org.openmrs.ConceptMap id="458" uuid="137878ABBBBBBBBBBBBBBBBBBBBBBBBBBBBB">
                <conceptMapType reference="73"/>
                <creator/>
                <changedBy/>
                <dateCreated id="459">2011-01-17 15:43:23</dateCreated>
                <conceptMapId>137878</conceptMapId>
                <concept reference="401"/>
                <conceptReferenceTerm id="460" resolves-to="org.openmrs.ConceptReferenceTerm" uuid="a4138b87-50d9-30b1-aea4-9fc620570cc6">
                  <creator/>
                  <dateCreated id="462">2011-01-17 00:00:00</dateCreated>
                  <changedBy/>
                  <retired>false</retired>
                  <retiredBy/>
                  <conceptReferenceTermId>137878</conceptReferenceTermId>
                  <conceptSource reference="119"/>
                  <code>OTHER</code>
                  <conceptReferenceTermMaps id="463"/>
                </conceptReferenceTerm>
              </org.openmrs.ConceptMap>
            </conceptMappings>
          </answerConcept>
          <creator/>
          <dateCreated id="464">2009-05-13 12:34:56</dateCreated>
          <sortWeight>1485.0</sortWeight>
        </org.openmrs.ConceptAnswer>
        <org.openmrs.ConceptAnswer id="465" uuid="1483CCCCCCCCCCCCCCCCCCCCCCCCCCCCCCCC">
          <conceptAnswerId>1483</conceptAnswerId>
          <concept reference="379"/>
          <answerConcept id="466" resolves-to="org.openmrs.Concept" uuid="1693AAAAAAAAAAAAAAAAAAAAAAAAAAAAAAAA">
            <conceptId>1693</conceptId>
            <retired>false</retired>
            <retiredBy/>
            <datatype id="468" resolves-to="org.openmrs.ConceptDatatype" uuid="8d4a5cca-c2cc-11de-8d13-0010c6dffd0f">
              <name>Boolean</name>
              <description>Boolean value (yes/no, true/false)</description>
              <creator/>
              <dateCreated id="470">2004-08-26 00:00:00</dateCreated>
              <retired>false</retired>
              <retiredBy/>
              <conceptDatatypeId>10</conceptDatatypeId>
              <hl7Abbreviation>BIT</hl7Abbreviation>
            </datatype>
            <conceptClass reference="244"/>
            <set>false</set>
            <version></version>
            <creator/>
            <dateCreated id="471">2009-05-13 12:32:19</dateCreated>
            <changedBy/>
            <dateChanged id="472">2011-02-04 20:58:22</dateChanged>
            <names class="set" id="473">
              <org.openmrs.ConceptName id="474" uuid="1973BBBBBBBBBBBBBBBBBBBBBBBBBBBBBBBB">
                <conceptNameId>1973</conceptNameId>
                <concept reference="466"/>
                <name>TRANSFERRED</name>
                <locale id="475">en</locale>
                <creator/>
                <dateCreated id="476">2009-05-13 12:32:19</dateCreated>
                <voided>false</voided>
                <voidedBy/>
                <tags class="set" id="477"/>
                <conceptNameType>FULLY_SPECIFIED</conceptNameType>
                <localePreferred>false</localePreferred>
              </org.openmrs.ConceptName>
              <org.openmrs.ConceptName id="478" uuid="106177BBBBBBBBBBBBBBBBBBBBBBBBBBBBBB">
                <conceptNameId>106177</conceptNameId>
                <concept reference="466"/>
                <name>TRANSFERT</name>
                <locale id="479">fr</locale>
                <creator/>
                <dateCreated id="480">2010-05-03 17:11:20</dateCreated>
                <voided>false</voided>
                <voidedBy/>
                <tags class="set" id="481"/>
                <conceptNameType>FULLY_SPECIFIED</conceptNameType>
                <localePreferred>false</localePreferred>
              </org.openmrs.ConceptName>
              <org.openmrs.ConceptName id="482" uuid="86976BBBBBBBBBBBBBBBBBBBBBBBBBBBBBBB">
                <conceptNameId>86976</conceptNameId>
                <concept reference="466"/>
                <name>transferred</name>
                <locale id="483">en</locale>
                <creator/>
                <dateCreated id="484">2009-05-13 12:32:19</dateCreated>
                <voided>false</voided>
                <voidedBy/>
                <tags class="set" id="485"/>
                <conceptNameType>SHORT</conceptNameType>
                <localePreferred>false</localePreferred>
              </org.openmrs.ConceptName>
            </names>
            <answers class="set" id="486"/>
            <conceptSets class="set" id="487"/>
            <descriptions class="set" id="488"/>
            <conceptMappings class="set" id="489">
              <org.openmrs.ConceptMap id="490" uuid="132706ABBBBBBBBBBBBBBBBBBBBBBBBBBBBB">
                <conceptMapType reference="73"/>
                <creator/>
                <changedBy/>
                <dateCreated id="491">2010-08-23 15:49:10</dateCreated>
                <conceptMapId>132706</conceptMapId>
                <concept reference="466"/>
                <conceptReferenceTerm id="492" resolves-to="org.openmrs.ConceptReferenceTerm" uuid="82331ac0-721e-3f2b-a456-6387d25c6b7d">
                  <creator/>
                  <dateCreated id="494">2010-08-23 00:00:00</dateCreated>
                  <changedBy/>
                  <retired>false</retired>
                  <retiredBy/>
                  <conceptReferenceTermId>132706</conceptReferenceTermId>
                  <conceptSource reference="198"/>
                  <code>3000</code>
                  <conceptReferenceTermMaps id="495"/>
                </conceptReferenceTerm>
              </org.openmrs.ConceptMap>
              <org.openmrs.ConceptMap id="496" uuid="137531ABBBBBBBBBBBBBBBBBBBBBBBBBBBBB">
                <conceptMapType reference="61"/>
                <creator/>
                <changedBy/>
                <dateCreated id="497">2010-12-30 19:34:43</dateCreated>
                <conceptMapId>137531</conceptMapId>
                <concept reference="466"/>
                <conceptReferenceTerm id="498" resolves-to="org.openmrs.ConceptReferenceTerm" uuid="71bb768c-4d3d-3a7a-afd4-e06988f0146f">
                  <creator/>
                  <dateCreated id="500">2010-12-30 00:00:00</dateCreated>
                  <changedBy/>
                  <retired>false</retired>
                  <retiredBy/>
                  <conceptReferenceTermId>137531</conceptReferenceTermId>
                  <conceptSource reference="68"/>
                  <code>266751003</code>
                  <conceptReferenceTermMaps id="501"/>
                </conceptReferenceTerm>
              </org.openmrs.ConceptMap>
              <org.openmrs.ConceptMap id="502" uuid="132639ABBBBBBBBBBBBBBBBBBBBBBBBBBBBB">
                <conceptMapType reference="73"/>
                <creator/>
                <changedBy/>
                <dateCreated id="503">2010-08-23 15:49:10</dateCreated>
                <conceptMapId>132639</conceptMapId>
                <concept reference="466"/>
                <conceptReferenceTerm id="504" resolves-to="org.openmrs.ConceptReferenceTerm" uuid="0eced425-8304-32e9-af97-fbcecc91dc2a">
                  <creator/>
                  <dateCreated id="506">2010-08-23 00:00:00</dateCreated>
                  <changedBy/>
                  <retired>false</retired>
                  <retiredBy/>
                  <conceptReferenceTermId>132639</conceptReferenceTermId>
                  <conceptSource reference="198"/>
                  <code>1744</code>
                  <conceptReferenceTermMaps id="507"/>
                </conceptReferenceTerm>
              </org.openmrs.ConceptMap>
              <org.openmrs.ConceptMap id="508" uuid="137922ABBBBBBBBBBBBBBBBBBBBBBBBBBBBB">
                <conceptMapType reference="73"/>
                <creator/>
                <changedBy/>
                <dateCreated id="509">2011-01-17 20:47:18</dateCreated>
                <conceptMapId>137922</conceptMapId>
                <concept reference="466"/>
                <conceptReferenceTerm id="510" resolves-to="org.openmrs.ConceptReferenceTerm" uuid="d6164341-f1fb-3e45-b82d-94c2ae65e3d0">
                  <creator/>
                  <dateCreated id="512">2011-01-17 00:00:00</dateCreated>
                  <changedBy/>
                  <retired>false</retired>
                  <retiredBy/>
                  <conceptReferenceTermId>137922</conceptReferenceTermId>
                  <conceptSource reference="119"/>
                  <code>TRANSFER</code>
                  <conceptReferenceTermMaps id="513"/>
                </conceptReferenceTerm>
              </org.openmrs.ConceptMap>
              <org.openmrs.ConceptMap id="514" uuid="141569ABBBBBBBBBBBBBBBBBBBBBBBBBBBBB">
                <conceptMapType reference="73"/>
                <creator/>
                <changedBy/>
                <dateCreated id="515">2011-02-04 20:58:22</dateCreated>
                <conceptMapId>141569</conceptMapId>
                <concept reference="466"/>
                <conceptReferenceTerm id="516" resolves-to="org.openmrs.ConceptReferenceTerm" uuid="b3f7133c-ee98-34ec-a8da-6200b36a5cd8">
                  <creator/>
                  <dateCreated id="518">2011-02-04 00:00:00</dateCreated>
                  <changedBy/>
                  <retired>false</retired>
                  <retiredBy/>
                  <conceptReferenceTermId>141569</conceptReferenceTermId>
                  <conceptSource reference="448"/>
                  <code>16931000105000</code>
                  <conceptReferenceTermMaps id="519"/>
                </conceptReferenceTerm>
              </org.openmrs.ConceptMap>
            </conceptMappings>
          </answerConcept>
          <creator/>
          <dateCreated id="520">2009-05-13 12:34:56</dateCreated>
          <sortWeight>1483.0</sortWeight>
        </org.openmrs.ConceptAnswer>
        <org.openmrs.ConceptAnswer id="521" uuid="1486CCCCCCCCCCCCCCCCCCCCCCCCCCCCCCCC">
          <conceptAnswerId>1486</conceptAnswerId>
          <concept reference="379"/>
          <answerConcept id="522" resolves-to="org.openmrs.Concept" uuid="159AAAAAAAAAAAAAAAAAAAAAAAAAAAAAAAAA">
            <conceptId>159</conceptId>
            <retired>false</retired>
            <retiredBy/>
            <datatype reference="35"/>
            <conceptClass reference="159"/>
            <set>false</set>
            <version></version>
            <creator/>
            <dateCreated id="524">2004-01-01 00:00:00</dateCreated>
            <changedBy/>
            <dateChanged id="525">2010-12-05 17:51:52</dateChanged>
            <names class="set" id="526">
              <org.openmrs.ConceptName id="527" uuid="181BBBBBBBBBBBBBBBBBBBBBBBBBBBBBBBBB">
                <conceptNameId>181</conceptNameId>
                <concept reference="522"/>
                <name>DÉCÉDÉ</name>
                <locale id="528">fr</locale>
                <creator/>
                <dateCreated id="529">2007-08-17 12:32:24</dateCreated>
                <voided>false</voided>
                <voidedBy/>
                <tags class="set" id="530"/>
                <conceptNameType>FULLY_SPECIFIED</conceptNameType>
                <localePreferred>false</localePreferred>
              </org.openmrs.ConceptName>
              <org.openmrs.ConceptName id="531" uuid="180BBBBBBBBBBBBBBBBBBBBBBBBBBBBBBBBB">
                <conceptNameId>180</conceptNameId>
                <concept reference="522"/>
                <name>DECEASED</name>
                <locale id="532">en</locale>
                <creator/>
                <dateCreated id="533">2004-01-01 00:00:00</dateCreated>
                <voided>false</voided>
                <voidedBy/>
                <tags class="set" id="534"/>
                <conceptNameType>FULLY_SPECIFIED</conceptNameType>
                <localePreferred>false</localePreferred>
              </org.openmrs.ConceptName>
              <org.openmrs.ConceptName id="535" uuid="182BBBBBBBBBBBBBBBBBBBBBBBBBBBBBBBBB">
                <conceptNameId>182</conceptNameId>
                <concept reference="522"/>
                <name>Mfiwa</name>
                <locale id="536">sw</locale>
                <creator/>
                <dateCreated id="537">2007-12-11 21:28:21</dateCreated>
                <voided>false</voided>
                <voidedBy/>
                <tags class="set" id="538"/>
                <conceptNameType>FULLY_SPECIFIED</conceptNameType>
                <localePreferred>false</localePreferred>
              </org.openmrs.ConceptName>
            </names>
            <answers class="set" id="539"/>
            <conceptSets class="set" id="540"/>
            <descriptions class="set" id="541">
              <org.openmrs.ConceptDescription id="542" uuid="159FFFFFFFFFFFFFFFFFFFFFFFFFFFFFFFFF">
                <conceptDescriptionId>159</conceptDescriptionId>
                <concept reference="522"/>
                <description>aliyefiwa au mfiwa</description>
                <locale id="543">sw</locale>
                <creator/>
                <dateCreated id="544">2007-12-11 21:28:21</dateCreated>
                <changedBy/>
              </org.openmrs.ConceptDescription>
              <org.openmrs.ConceptDescription id="545" uuid="158FFFFFFFFFFFFFFFFFFFFFFFFFFFFFFFFF">
                <conceptDescriptionId>158</conceptDescriptionId>
                <concept reference="522"/>
                <description>Patient died.</description>
                <locale id="546">en</locale>
                <creator/>
                <dateCreated id="547">2004-01-01 00:00:00</dateCreated>
                <changedBy/>
              </org.openmrs.ConceptDescription>
            </descriptions>
            <conceptMappings class="set" id="548">
              <org.openmrs.ConceptMap id="549" uuid="134021ABBBBBBBBBBBBBBBBBBBBBBBBBBBBB">
                <conceptMapType reference="73"/>
                <creator/>
                <changedBy/>
                <dateCreated id="550">2010-10-24 13:09:59</dateCreated>
                <conceptMapId>134021</conceptMapId>
                <concept reference="522"/>
                <conceptReferenceTerm id="551" resolves-to="org.openmrs.ConceptReferenceTerm" uuid="6e2ddd50-b700-35f1-8a0c-63edb766eb6a">
                  <creator/>
                  <dateCreated id="553">2010-10-24 00:00:00</dateCreated>
                  <changedBy/>
                  <retired>false</retired>
                  <retiredBy/>
                  <conceptReferenceTermId>134021</conceptReferenceTermId>
                  <conceptSource reference="189"/>
                  <code>159</code>
                  <conceptReferenceTermMaps id="554"/>
                </conceptReferenceTerm>
              </org.openmrs.ConceptMap>
              <org.openmrs.ConceptMap id="555" uuid="137046ABBBBBBBBBBBBBBBBBBBBBBBBBBBBB">
                <conceptMapType reference="73"/>
                <creator/>
                <changedBy/>
                <dateCreated id="556">2010-12-05 17:51:52</dateCreated>
                <conceptMapId>137046</conceptMapId>
                <concept reference="522"/>
                <conceptReferenceTerm reference="125"/>
              </org.openmrs.ConceptMap>
            </conceptMappings>
          </answerConcept>
          <creator/>
          <dateCreated id="557">2009-05-13 12:34:56</dateCreated>
          <sortWeight>1486.0</sortWeight>
        </org.openmrs.ConceptAnswer>
        <org.openmrs.ConceptAnswer id="558" uuid="1482CCCCCCCCCCCCCCCCCCCCCCCCCCCCCCCC">
          <conceptAnswerId>1482</conceptAnswerId>
          <concept reference="379"/>
          <answerConcept id="559" resolves-to="org.openmrs.Concept" uuid="1694AAAAAAAAAAAAAAAAAAAAAAAAAAAAAAAA">
            <conceptId>1694</conceptId>
            <retired>false</retired>
            <retiredBy/>
            <datatype reference="468"/>
            <conceptClass reference="244"/>
            <set>false</set>
            <version></version>
            <creator/>
            <dateCreated id="561">2009-05-13 12:33:09</dateCreated>
            <changedBy/>
            <dateChanged id="562">2010-12-30 19:37:50</dateChanged>
            <names class="set" id="563">
              <org.openmrs.ConceptName id="564" uuid="105998BBBBBBBBBBBBBBBBBBBBBBBBBBBBBB">
                <conceptNameId>105998</conceptNameId>
                <concept reference="559"/>
                <name>SORTIE CONTRE AVIS MÉDICAL</name>
                <locale id="565">fr</locale>
                <creator/>
                <dateCreated id="566">2010-05-03 17:11:17</dateCreated>
                <voided>false</voided>
                <voidedBy/>
                <tags class="set" id="567"/>
                <conceptNameType>FULLY_SPECIFIED</conceptNameType>
                <localePreferred>false</localePreferred>
              </org.openmrs.ConceptName>
              <org.openmrs.ConceptName id="568" uuid="86977BBBBBBBBBBBBBBBBBBBBBBBBBBBBBBB">
                <conceptNameId>86977</conceptNameId>
                <concept reference="559"/>
                <name>left AMA</name>
                <locale id="569">en</locale>
                <creator/>
                <dateCreated id="570">2009-05-13 12:33:09</dateCreated>
                <voided>false</voided>
                <voidedBy/>
                <tags class="set" id="571"/>
                <conceptNameType>SHORT</conceptNameType>
                <localePreferred>false</localePreferred>
              </org.openmrs.ConceptName>
              <org.openmrs.ConceptName id="572" uuid="97940BBBBBBBBBBBBBBBBBBBBBBBBBBBBBBB">
                <conceptNameId>97940</conceptNameId>
                <concept reference="559"/>
                <name>SELF-DISCHARGED</name>
                <locale id="573">en</locale>
                <creator/>
                <dateCreated id="574">2009-05-13 12:33:09</dateCreated>
                <voided>false</voided>
                <voidedBy/>
                <tags class="set" id="575"/>
                <localePreferred>false</localePreferred>
              </org.openmrs.ConceptName>
              <org.openmrs.ConceptName id="576" uuid="1974BBBBBBBBBBBBBBBBBBBBBBBBBBBBBBBB">
                <conceptNameId>1974</conceptNameId>
                <concept reference="559"/>
                <name>LEFT AGAINST MEDICAL ADVICE</name>
                <locale id="577">en</locale>
                <creator/>
                <dateCreated id="578">2009-05-13 12:33:09</dateCreated>
                <voided>false</voided>
                <voidedBy/>
                <tags class="set" id="579"/>
                <conceptNameType>FULLY_SPECIFIED</conceptNameType>
                <localePreferred>false</localePreferred>
              </org.openmrs.ConceptName>
              <org.openmrs.ConceptName id="580" uuid="93887BBBBBBBBBBBBBBBBBBBBBBBBBBBBBBB">
                <conceptNameId>93887</conceptNameId>
                <concept reference="559"/>
                <name>LEFT AMA</name>
                <locale id="581">en</locale>
                <creator/>
                <dateCreated id="582">2009-05-13 12:33:09</dateCreated>
                <voided>false</voided>
                <voidedBy/>
                <tags class="set" id="583"/>
                <localePreferred>false</localePreferred>
              </org.openmrs.ConceptName>
            </names>
            <answers class="set" id="584"/>
            <conceptSets class="set" id="585"/>
            <descriptions class="set" id="586"/>
            <conceptMappings class="set" id="587">
              <org.openmrs.ConceptMap id="588" uuid="137532ABBBBBBBBBBBBBBBBBBBBBBBBBBBBB">
                <conceptMapType reference="73"/>
                <creator/>
                <changedBy/>
                <dateCreated id="589">2010-12-30 19:37:50</dateCreated>
                <conceptMapId>137532</conceptMapId>
                <concept reference="559"/>
                <conceptReferenceTerm id="590" resolves-to="org.openmrs.ConceptReferenceTerm" uuid="2549e903-25a0-3738-844d-fe896e63cb0d">
                  <creator/>
                  <dateCreated id="592">2010-12-30 00:00:00</dateCreated>
                  <changedBy/>
                  <retired>false</retired>
                  <retiredBy/>
                  <conceptReferenceTermId>137532</conceptReferenceTermId>
                  <conceptSource reference="80"/>
                  <code>445060000</code>
                  <conceptReferenceTermMaps id="593"/>
                </conceptReferenceTerm>
              </org.openmrs.ConceptMap>
            </conceptMappings>
          </answerConcept>
          <creator/>
          <dateCreated id="594">2009-05-13 12:34:56</dateCreated>
          <sortWeight>1482.0</sortWeight>
        </org.openmrs.ConceptAnswer>
        <org.openmrs.ConceptAnswer id="595" uuid="1484CCCCCCCCCCCCCCCCCCCCCCCCCCCCCCCC">
          <conceptAnswerId>1484</conceptAnswerId>
          <concept reference="379"/>
          <answerConcept id="596" resolves-to="org.openmrs.Concept" uuid="1692AAAAAAAAAAAAAAAAAAAAAAAAAAAAAAAA">
            <conceptId>1692</conceptId>
            <retired>false</retired>
            <retiredBy/>
            <datatype reference="468"/>
            <conceptClass reference="244"/>
            <set>false</set>
            <version></version>
            <creator/>
            <dateCreated id="598">2009-05-13 12:31:43</dateCreated>
            <changedBy/>
            <dateChanged id="599">2010-09-23 12:54:09</dateChanged>
            <names class="set" id="600">
              <org.openmrs.ConceptName id="601" uuid="86975BBBBBBBBBBBBBBBBBBBBBBBBBBBBBBB">
                <conceptNameId>86975</conceptNameId>
                <concept reference="596"/>
                <name>discharged</name>
                <locale id="602">en</locale>
                <creator/>
                <dateCreated id="603">2009-05-13 12:31:43</dateCreated>
                <voided>false</voided>
                <voidedBy/>
                <tags class="set" id="604"/>
                <conceptNameType>SHORT</conceptNameType>
                <localePreferred>false</localePreferred>
              </org.openmrs.ConceptName>
              <org.openmrs.ConceptName id="605" uuid="105886BBBBBBBBBBBBBBBBBBBBBBBBBBBBBB">
                <conceptNameId>105886</conceptNameId>
                <concept reference="596"/>
                <name>DÉCHARGE SIGNÉE</name>
                <locale id="606">fr</locale>
                <creator/>
                <dateCreated id="607">2010-05-03 17:07:47</dateCreated>
                <voided>false</voided>
                <voidedBy/>
                <tags class="set" id="608"/>
                <conceptNameType>FULLY_SPECIFIED</conceptNameType>
                <localePreferred>false</localePreferred>
              </org.openmrs.ConceptName>
              <org.openmrs.ConceptName id="609" uuid="1972BBBBBBBBBBBBBBBBBBBBBBBBBBBBBBBB">
                <conceptNameId>1972</conceptNameId>
                <concept reference="596"/>
                <name>DISCHARGED</name>
                <locale id="610">en</locale>
                <creator/>
                <dateCreated id="611">2009-05-13 12:31:43</dateCreated>
                <voided>false</voided>
                <voidedBy/>
                <tags class="set" id="612"/>
                <conceptNameType>FULLY_SPECIFIED</conceptNameType>
                <localePreferred>false</localePreferred>
              </org.openmrs.ConceptName>
            </names>
            <answers class="set" id="613"/>
            <conceptSets class="set" id="614"/>
            <descriptions class="set" id="615"/>
            <conceptMappings class="set" id="616">
              <org.openmrs.ConceptMap id="617" uuid="132726ABBBBBBBBBBBBBBBBBBBBBBBBBBBBB">
                <conceptMapType reference="73"/>
                <creator/>
                <changedBy/>
                <dateCreated id="618">2010-08-23 15:49:10</dateCreated>
                <conceptMapId>132726</conceptMapId>
                <concept reference="596"/>
                <conceptReferenceTerm id="619" resolves-to="org.openmrs.ConceptReferenceTerm" uuid="fc81d755-a94c-34aa-8440-9980df0cb6a3">
                  <creator/>
                  <dateCreated id="621">2010-08-23 00:00:00</dateCreated>
                  <changedBy/>
                  <retired>false</retired>
                  <retiredBy/>
                  <conceptReferenceTermId>132726</conceptReferenceTermId>
                  <conceptSource reference="80"/>
                  <code>183665006</code>
                  <conceptReferenceTermMaps id="622"/>
                </conceptReferenceTerm>
              </org.openmrs.ConceptMap>
              <org.openmrs.ConceptMap id="623" uuid="133415ABBBBBBBBBBBBBBBBBBBBBBBBBBBBB">
                <conceptMapType reference="73"/>
                <creator/>
                <changedBy/>
                <dateCreated id="624">2010-09-20 17:27:10</dateCreated>
                <conceptMapId>133415</conceptMapId>
                <concept reference="596"/>
                <conceptReferenceTerm id="625" resolves-to="org.openmrs.ConceptReferenceTerm" uuid="c3cff5e9-e759-3bbf-8a39-6e8adb497f1d">
                  <creator/>
                  <dateCreated id="627">2010-09-20 00:00:00</dateCreated>
                  <changedBy/>
                  <retired>false</retired>
                  <retiredBy/>
                  <conceptReferenceTermId>133415</conceptReferenceTermId>
                  <conceptSource reference="198"/>
                  <code>3626</code>
                  <conceptReferenceTermMaps id="628"/>
                </conceptReferenceTerm>
              </org.openmrs.ConceptMap>
            </conceptMappings>
          </answerConcept>
          <creator/>
          <dateCreated id="629">2009-05-13 12:34:56</dateCreated>
          <sortWeight>1484.0</sortWeight>
        </org.openmrs.ConceptAnswer>
      </answers>
      <conceptSets class="set" id="630"/>
      <descriptions class="set" id="631">
        <org.openmrs.ConceptDescription id="632" uuid="1529FFFFFFFFFFFFFFFFFFFFFFFFFFFFFFFF">
          <conceptDescriptionId>1529</conceptDescriptionId>
          <concept reference="379"/>
          <description>Status of patient on discharge.</description>
          <locale id="633">en</locale>
          <creator/>
          <dateCreated id="634">2009-05-13 12:34:56</dateCreated>
          <changedBy/>
        </org.openmrs.ConceptDescription>
      </descriptions>
      <conceptMappings class="set" id="635">
        <org.openmrs.ConceptMap id="636" uuid="137533ABBBBBBBBBBBBBBBBBBBBBBBBBBBBB">
          <conceptMapType reference="73"/>
          <creator/>
          <changedBy/>
          <dateCreated id="637">2010-12-30 19:41:02</dateCreated>
          <conceptMapId>137533</conceptMapId>
          <concept reference="379"/>
          <conceptReferenceTerm id="638" resolves-to="org.openmrs.ConceptReferenceTerm" uuid="a595264f-9d6f-36f2-9ae6-141f1f0efdd7">
            <creator/>
            <dateCreated id="640">2010-12-30 00:00:00</dateCreated>
            <changedBy/>
            <retired>false</retired>
            <retiredBy/>
            <conceptReferenceTermId>137533</conceptReferenceTermId>
            <conceptSource reference="80"/>
            <code>309039003</code>
            <conceptReferenceTermMaps id="641"/>
          </conceptReferenceTerm>
        </org.openmrs.ConceptMap>
      </conceptMappings>
    </outcomesConcept>
    <allWorkflows id="642"/>
  </org.openmrs.Program>
  <org.openmrs.Provider id="643" uuid="ae01b8ff-a4cc-4012-bcf7-72359e852e14">
    <creator/>
    <dateCreated id="644">2012-08-08 23:40:58</dateCreated>
    <retired>false</retired>
    <attributes id="645"/>
    <log class="org.apache.commons.logging.impl.SLF4JLocationAwareLog" id="646">
      <name>org.openmrs.Provider</name>
    </log>
    <providerId>2</providerId>
    <person id="647" resolves-to="org.openmrs.Person" uuid="1cc7dc79-ad09-4897-8a1d-0b3d3226e9ee">
      <voided>false</voided>
      <personId>9</personId>
      <addresses class="tree-set" id="649">
        <no-comparator/>
      </addresses>
      <names class="tree-set" id="650">
        <no-comparator/>
        <org.openmrs.PersonName id="651" uuid="02d1c5a1-ee17-4b0b-ad7a-5f37766d020e">
          <creator/>
          <dateCreated id="652">2012-08-08 23:40:16</dateCreated>
          <voided>false</voided>
          <personNameId>9</personNameId>
          <person reference="647"/>
          <preferred>false</preferred>
          <givenName>Unknown</givenName>
          <familyName>Provider</familyName>
        </org.openmrs.PersonName>
      </names>
      <attributes class="tree-set" id="653">
        <no-comparator/>
      </attributes>
      <gender>F</gender>
      <birthdateEstimated>false</birthdateEstimated>
      <dead>false</dead>
      <personCreator/>
      <personDateCreated id="654">2012-08-08 23:40:16</personDateCreated>
      <personVoided>false</personVoided>
      <isPatient>false</isPatient>
    </person>
    <identifier>UNKNOWN</identifier>
  </org.openmrs.Provider>
</list>
