<?xml version="1.0" encoding="UTF-8"?>
<package id="1" uuid="337af0fd-1c50-4ed7-9f36-9762b4b69ab8">
  <dateCreated id="2">2012-05-20 00:07:05</dateCreated>
  <name>Vitals Form test</name>
  <description>Testing</description>
  <openmrsVersion>1.9.0 SNAPSHOT Build 26883</openmrsVersion>
  <version>1</version>
  <groupUuid>b45eaa94-6269-4a1e-8052-1e1cd79422a9</groupUuid>
  <modules id="3">
    <entry>
      <string>htmlwidgets</string>
      <string>1.6.0</string>
    </entry>
    <entry>
      <string>uilibrary</string>
      <string>1.1</string>
    </entry>
    <entry>
      <string>moduledistro</string>
      <string>1.2-SNAPSHOT</string>
    </entry>
    <entry>
      <string>kenyaemr</string>
      <string>1.0-SNAPSHOT</string>
    </entry>
    <entry>
      <string>uiframework</string>
      <string>1.3</string>
    </entry>
    <entry>
      <string>htmlformentry</string>
      <string>1.9.3</string>
    </entry>
    <entry>
      <string>htmlformentry19ext</string>
      <string>0.9</string>
    </entry>
    <entry>
      <string>metadatasharing</string>
      <string>1.0.7</string>
    </entry>
    <entry>
      <string>distribution</string>
      <string>1.0-SNAPSHOT</string>
    </entry>
    <entry>
      <string>appframework</string>
      <string>1.0-SNAPSHOT</string>
    </entry>
    <entry>
      <string>logic</string>
      <string>0.5.2</string>
    </entry>
    <entry>
      <string>serialization.xstream</string>
      <string>0.2.5</string>
    </entry>
  </modules>
  <items class="linked-hash-set" id="4">
    <org.openmrs.module.metadatasharing.Item id="5" uuid="dad7e166-1fe7-4245-8e8d-ff6db787ad31">
      <id>2</id>
      <classname>org.openmrs.module.htmlformentry.HtmlForm</classname>
      <dateChanged id="6">2012-05-17 17:26:35</dateChanged>
      <retired>false</retired>
    </org.openmrs.module.metadatasharing.Item>
  </items>
  <relatedItems class="linked-hash-set" id="7">
    <org.openmrs.module.metadatasharing.Item id="8" uuid="a1f01e2e-b556-4f84-8311-35dc4b249e3d">
      <id>3</id>
      <classname>org.openmrs.Form</classname>
      <dateChanged id="9">2012-05-17 17:02:19</dateChanged>
      <retired>false</retired>
    </org.openmrs.module.metadatasharing.Item>
    <org.openmrs.module.metadatasharing.Item id="10" uuid="345368b9-060e-4d9f-9630-039eca730505">
      <id>9</id>
      <classname>org.openmrs.EncounterType</classname>
      <dateChanged id="11">2012-05-17 17:01:52</dateChanged>
      <retired>false</retired>
    </org.openmrs.module.metadatasharing.Item>
    <org.openmrs.module.metadatasharing.Item id="12" uuid="7ec1b064-629c-11e1-82bf-27f24891fe48">
      <id>5089</id>
      <classname>org.openmrs.ConceptNumeric</classname>
      <dateChanged id="13">2005-02-25 00:00:00</dateChanged>
      <retired>false</retired>
    </org.openmrs.module.metadatasharing.Item>
    <org.openmrs.module.metadatasharing.Item id="14" uuid="8d4a4488-c2cc-11de-8d13-0010c6dffd0f">
      <id>1</id>
      <classname>org.openmrs.ConceptDatatype</classname>
      <dateChanged id="15">2004-02-02 00:00:00</dateChanged>
      <retired>false</retired>
    </org.openmrs.module.metadatasharing.Item>
    <org.openmrs.module.metadatasharing.Item id="16" uuid="8d4907b2-c2cc-11de-8d13-0010c6dffd0f">
      <id>1</id>
      <classname>org.openmrs.ConceptClass</classname>
      <dateChanged id="17">2004-02-02 00:00:00</dateChanged>
      <retired>false</retired>
    </org.openmrs.module.metadatasharing.Item>
    <org.openmrs.module.metadatasharing.Item id="18" uuid="7ee0d660-629c-11e1-82bf-27f24891fe48">
      <id>2553</id>
      <classname>org.openmrs.ConceptName</classname>
      <dateChanged id="19">2004-08-12 00:00:00</dateChanged>
    </org.openmrs.module.metadatasharing.Item>
    <org.openmrs.module.metadatasharing.Item id="20" uuid="7edce762-629c-11e1-82bf-27f24891fe48">
      <id>1439</id>
      <classname>org.openmrs.ConceptName</classname>
      <dateChanged id="21">2004-08-12 00:00:00</dateChanged>
    </org.openmrs.module.metadatasharing.Item>
    <org.openmrs.module.metadatasharing.Item id="22" uuid="7ed1a172-629c-11e1-82bf-27f24891fe48">
      <id>1418</id>
      <classname>org.openmrs.ConceptDescription</classname>
      <dateChanged id="23">2004-08-12 00:00:00</dateChanged>
    </org.openmrs.module.metadatasharing.Item>
    <org.openmrs.module.metadatasharing.Item id="24" uuid="7ec1b12c-629c-11e1-82bf-27f24891fe48">
      <id>5090</id>
      <classname>org.openmrs.ConceptNumeric</classname>
      <dateChanged id="25">2005-02-25 00:00:00</dateChanged>
      <retired>false</retired>
    </org.openmrs.module.metadatasharing.Item>
    <org.openmrs.module.metadatasharing.Item id="26" uuid="7ee0b892-629c-11e1-82bf-27f24891fe48">
      <id>2503</id>
      <classname>org.openmrs.ConceptName</classname>
      <dateChanged id="27">2004-08-12 00:00:00</dateChanged>
    </org.openmrs.module.metadatasharing.Item>
    <org.openmrs.module.metadatasharing.Item id="28" uuid="7edce7ee-629c-11e1-82bf-27f24891fe48">
      <id>1440</id>
      <classname>org.openmrs.ConceptName</classname>
      <dateChanged id="29">2004-08-12 00:00:00</dateChanged>
    </org.openmrs.module.metadatasharing.Item>
    <org.openmrs.module.metadatasharing.Item id="30" uuid="7ed1a208-629c-11e1-82bf-27f24891fe48">
      <id>1419</id>
      <classname>org.openmrs.ConceptDescription</classname>
      <dateChanged id="31">2004-08-12 00:00:00</dateChanged>
    </org.openmrs.module.metadatasharing.Item>
    <org.openmrs.module.metadatasharing.Item id="32" uuid="7ec1ad9e-629c-11e1-82bf-27f24891fe48">
      <id>5085</id>
      <classname>org.openmrs.ConceptNumeric</classname>
      <dateChanged id="33">2005-02-24 00:00:00</dateChanged>
      <retired>false</retired>
    </org.openmrs.module.metadatasharing.Item>
    <org.openmrs.module.metadatasharing.Item id="34" uuid="7ee3c1a4-629c-11e1-82bf-27f24891fe48">
      <id>3319</id>
      <classname>org.openmrs.ConceptName</classname>
      <dateChanged id="35">2004-10-07 00:00:00</dateChanged>
    </org.openmrs.module.metadatasharing.Item>
    <org.openmrs.module.metadatasharing.Item id="36" uuid="7ee394b8-629c-11e1-82bf-27f24891fe48">
      <id>3259</id>
      <classname>org.openmrs.ConceptName</classname>
      <dateChanged id="37">2004-10-07 00:00:00</dateChanged>
    </org.openmrs.module.metadatasharing.Item>
    <org.openmrs.module.metadatasharing.Item id="38" uuid="7ee0c9d6-629c-11e1-82bf-27f24891fe48">
      <id>2533</id>
      <classname>org.openmrs.ConceptName</classname>
      <dateChanged id="39">2004-08-12 00:00:00</dateChanged>
    </org.openmrs.module.metadatasharing.Item>
    <org.openmrs.module.metadatasharing.Item id="40" uuid="7edce50a-629c-11e1-82bf-27f24891fe48">
      <id>1435</id>
      <classname>org.openmrs.ConceptName</classname>
      <dateChanged id="41">2004-08-12 00:00:00</dateChanged>
    </org.openmrs.module.metadatasharing.Item>
    <org.openmrs.module.metadatasharing.Item id="42" uuid="7ed19efc-629c-11e1-82bf-27f24891fe48">
      <id>1414</id>
      <classname>org.openmrs.ConceptDescription</classname>
      <dateChanged id="43">2004-08-12 00:00:00</dateChanged>
    </org.openmrs.module.metadatasharing.Item>
    <org.openmrs.module.metadatasharing.Item id="44" uuid="73bbb069-9781-4afc-a9d1-54b6b2270e04">
      <id>2</id>
      <classname>org.openmrs.EncounterRole</classname>
      <dateChanged id="45">2011-12-09 00:00:00</dateChanged>
      <retired>false</retired>
    </org.openmrs.module.metadatasharing.Item>
    <org.openmrs.module.metadatasharing.Item id="46" uuid="8d6c993e-c2cc-11de-8d13-0010c6dffd0f">
      <id>1</id>
      <classname>org.openmrs.Location</classname>
      <dateChanged id="47">2005-09-22 00:00:00</dateChanged>
      <retired>false</retired>
    </org.openmrs.module.metadatasharing.Item>
    <org.openmrs.module.metadatasharing.Item id="48" uuid="7ec1ae48-629c-11e1-82bf-27f24891fe48">
      <id>5086</id>
      <classname>org.openmrs.ConceptNumeric</classname>
      <dateChanged id="49">2005-02-24 00:00:00</dateChanged>
      <retired>false</retired>
    </org.openmrs.module.metadatasharing.Item>
    <org.openmrs.module.metadatasharing.Item id="50" uuid="7ee1bf62-629c-11e1-82bf-27f24891fe48">
      <id>2780</id>
      <classname>org.openmrs.ConceptName</classname>
      <dateChanged id="51">2004-10-07 00:00:00</dateChanged>
    </org.openmrs.module.metadatasharing.Item>
    <org.openmrs.module.metadatasharing.Item id="52" uuid="7ee09ff6-629c-11e1-82bf-27f24891fe48">
      <id>2469</id>
      <classname>org.openmrs.ConceptName</classname>
      <dateChanged id="53">2004-08-12 00:00:00</dateChanged>
    </org.openmrs.module.metadatasharing.Item>
    <org.openmrs.module.metadatasharing.Item id="54" uuid="7edce5aa-629c-11e1-82bf-27f24891fe48">
      <id>1436</id>
      <classname>org.openmrs.ConceptName</classname>
      <dateChanged id="55">2004-08-12 00:00:00</dateChanged>
    </org.openmrs.module.metadatasharing.Item>
    <org.openmrs.module.metadatasharing.Item id="56" uuid="7ee1cd04-629c-11e1-82bf-27f24891fe48">
      <id>2803</id>
      <classname>org.openmrs.ConceptName</classname>
      <dateChanged id="57">2004-10-07 00:00:00</dateChanged>
    </org.openmrs.module.metadatasharing.Item>
    <org.openmrs.module.metadatasharing.Item id="58" uuid="7ed19f92-629c-11e1-82bf-27f24891fe48">
      <id>1415</id>
      <classname>org.openmrs.ConceptDescription</classname>
      <dateChanged id="59">2004-08-12 00:00:00</dateChanged>
    </org.openmrs.module.metadatasharing.Item>
  </relatedItems>
</package>
