<?xml version="1.0" encoding="UTF-8"?>
<list id="1">
  <org.openmrs.module.htmlformentry.HtmlForm id="2" uuid="dad7e166-1fe7-4245-8e8d-ff6db787ad31">
    <creator/>
    <dateCreated id="3">2012-05-17 17:02:19</dateCreated>
    <changedBy/>
    <dateChanged id="4">2012-05-17 17:26:35</dateChanged>
    <retired>false</retired>
    <id>2</id>
    <form id="5" resolves-to="org.openmrs.Form" uuid="a1f01e2e-b556-4f84-8311-35dc4b249e3d">
      <name>Vitals</name>
      <creator/>
      <dateCreated id="7">2012-05-17 17:02:19</dateCreated>
      <retired>false</retired>
      <formId>3</formId>
      <version>1.0</version>
      <published>false</published>
      <encounterType id="8" resolves-to="org.openmrs.EncounterType" uuid="345368b9-060e-4d9f-9630-039eca730505">
        <name>Vitals</name>
        <description>Taking of vital signs without a more complete evaluation.</description>
        <creator/>
        <dateCreated id="10">2012-05-17 17:01:52</dateCreated>
        <retired>false</retired>
        <encounterTypeId>9</encounterTypeId>
      </encounterType>
      <formFields id="11"/>
    </form>
    <xmlData>&lt;htmlform&gt;&#xd;
	&lt;style&gt;&#xd;
		table.vitals td:first-child {&#xd;
			text-align: right;&#xd;
		}&#xd;
		table.baseline-aligned td {&#xd;
			vertical-align: baseline;&#xd;
		}&#xd;
	&lt;/style&gt;&#xd;
&#xd;
		&lt;table class=&quot;baseline-aligned&quot; width=&quot;100%&quot;&gt;&#xd;
			&lt;tr&gt;&#xd;
				&lt;td&gt;Name: &lt;lookup class=&quot;value&quot; expression=&quot;patient.personName&quot;/&gt;&lt;/td&gt;&#xd;
				&lt;td&gt;Gender: &lt;lookup class=&quot;value&quot; expression=&quot;patient.gender&quot;/&gt;&lt;/td&gt;&#xd;
				&lt;td&gt;Birthdate: &lt;lookup class=&quot;value&quot; complexExpression=&quot;#if( \$patient.birthdateEstimated ) ~#end&quot;/&gt; &lt;lookup class=&quot;value&quot; expression=&quot;patient.birthdate&quot;/&gt;&#xd;
				&lt;/td&gt;&#xd;
			&lt;/tr&gt;&#xd;
		&lt;/table&gt;&#xd;
&#xd;
&lt;div style=&quot;display: none&quot;&gt;&#xd;
    &lt;encounterLocation default=&quot;8d6c993e-c2cc-11de-8d13-0010c6dffd0f&quot;/&gt;&#xd;
&lt;/div&gt;&#xd;
&#xd;
		&lt;table class=&quot;vitals&quot;&gt;&#xd;
			&lt;tr&gt;&#xd;
				&lt;td&gt;Date:&lt;/td&gt;&#xd;
				&lt;td&gt;&lt;encounterDate default=&quot;today&quot;/&gt;&lt;/td&gt;&#xd;
			&lt;/tr&gt;&#xd;
			&lt;tr&gt;&#xd;
				&lt;td&gt;Recorded by:&lt;/td&gt;&#xd;
				&lt;td&gt;&lt;encounterProviderAndRole encounterRole=&quot;73bbb069-9781-4afc-a9d1-54b6b2270e04&quot; default=&quot;currentUser&quot; required=&quot;true&quot;/&gt;&lt;/td&gt;&#xd;
			&lt;/tr&gt;&#xd;
&lt;tr&gt;&#xd;
&lt;td colspan=&quot;2&quot;&gt;&lt;hr/&gt;&lt;/td&gt;&#xd;
&lt;/tr&gt;&#xd;
&lt;tr&gt;&#xd;
&lt;td&gt;Weight:&lt;/td&gt;&#xd;
&lt;td&gt;&lt;obs conceptId=&quot;7ec1b064-629c-11e1-82bf-27f24891fe48&quot;/&gt;kg&lt;/td&gt;&#xd;
&lt;/tr&gt;&#xd;
&lt;tr&gt;&#xd;
&lt;td&gt;Height:&lt;/td&gt;&#xd;
&lt;td&gt;&lt;obs conceptId=&quot;7ec1b12c-629c-11e1-82bf-27f24891fe48&quot;/&gt;cm&lt;/td&gt;&#xd;
&lt;/tr&gt;&#xd;
&lt;tr&gt;&#xd;
&lt;td&gt;BP:&lt;/td&gt;&#xd;
&lt;td&gt;&lt;obs conceptId=&quot;7ec1ad9e-629c-11e1-82bf-27f24891fe48&quot; size=&quot;5&quot;/&gt; / &lt;obs conceptId=&quot;7ec1ae48-629c-11e1-82bf-27f24891fe48&quot; size=&quot;3&quot;/&gt;&lt;/td&gt;&#xd;
&lt;/tr&gt;&#xd;
&lt;tr&gt;&#xd;
&lt;td&gt;&lt;/td&gt;&#xd;
&lt;td&gt;&lt;submit/&gt;&lt;/td&gt;&#xd;
&lt;/tr&gt;&#xd;
		&lt;/table&gt;&#xd;
&lt;/htmlform&gt;</xmlData>
    <dependencies class="set" id="12">
      <org.openmrs.ConceptNumeric id="13" uuid="7ec1b064-629c-11e1-82bf-27f24891fe48">
        <conceptId>5089</conceptId>
        <retired>false</retired>
        <datatype id="14" resolves-to="org.openmrs.ConceptDatatype" uuid="8d4a4488-c2cc-11de-8d13-0010c6dffd0f">
          <name>Numeric</name>
          <description>Numeric value, including integer or float (e.g., creatinine, weight)</description>
          <creator/>
          <dateCreated id="16">2004-02-02 00:00:00</dateCreated>
          <retired>false</retired>
          <conceptDatatypeId>1</conceptDatatypeId>
          <hl7Abbreviation>NM</hl7Abbreviation>
        </datatype>
        <conceptClass id="17" resolves-to="org.openmrs.ConceptClass" uuid="8d4907b2-c2cc-11de-8d13-0010c6dffd0f">
          <name>Test</name>
          <description>Acq. during patient encounter (vitals, labs, etc.)</description>
          <creator/>
          <dateCreated id="19">2004-02-02 00:00:00</dateCreated>
          <retired>false</retired>
          <conceptClassId>1</conceptClassId>
        </conceptClass>
        <set>false</set>
        <version></version>
        <creator/>
        <dateCreated id="20">2004-08-12 00:00:00</dateCreated>
        <changedBy/>
        <dateChanged id="21">2005-02-25 00:00:00</dateChanged>
        <names class="set" id="22">
          <org.openmrs.ConceptName id="23" uuid="7ee0d660-629c-11e1-82bf-27f24891fe48">
            <conceptNameId>2553</conceptNameId>
            <concept class="org.openmrs.ConceptNumeric" reference="13"/>
            <name>WT</name>
            <locale id="24">en</locale>
            <creator/>
            <dateCreated id="25">2004-08-12 00:00:00</dateCreated>
            <voided>false</voided>
            <tags class="set" id="26"/>
            <conceptNameType>SHORT</conceptNameType>
            <localePreferred>false</localePreferred>
          </org.openmrs.ConceptName>
          <org.openmrs.ConceptName id="27" uuid="7edce762-629c-11e1-82bf-27f24891fe48">
            <conceptNameId>1439</conceptNameId>
            <concept class="org.openmrs.ConceptNumeric" reference="13"/>
            <name>WEIGHT (KG)</name>
            <locale id="28">en</locale>
            <creator/>
            <dateCreated id="29">2004-08-12 00:00:00</dateCreated>
            <voided>false</voided>
            <tags class="set" id="30"/>
            <conceptNameType>FULLY_SPECIFIED</conceptNameType>
            <localePreferred>false</localePreferred>
          </org.openmrs.ConceptName>
        </names>
        <answers class="set" id="31"/>
        <conceptSets class="set" id="32"/>
        <descriptions class="set" id="33">
          <org.openmrs.ConceptDescription id="34" uuid="7ed1a172-629c-11e1-82bf-27f24891fe48">
            <conceptDescriptionId>1418</conceptDescriptionId>
            <concept class="org.openmrs.ConceptNumeric" reference="13"/>
            <description>Patient&apos;s weight in kilograms.</description>
            <locale id="35">en</locale>
            <creator/>
            <dateCreated id="36">2004-08-12 00:00:00</dateCreated>
          </org.openmrs.ConceptDescription>
        </descriptions>
        <conceptMappings class="set" id="37"/>
        <hiAbsolute>250.0</hiAbsolute>
        <lowAbsolute>0.0</lowAbsolute>
        <units>kg</units>
        <precise>true</precise>
      </org.openmrs.ConceptNumeric>
      <org.openmrs.ConceptNumeric id="38" uuid="7ec1b12c-629c-11e1-82bf-27f24891fe48">
        <conceptId>5090</conceptId>
        <retired>false</retired>
        <datatype reference="14"/>
        <conceptClass reference="17"/>
        <set>false</set>
        <version></version>
        <creator/>
        <dateCreated id="39">2004-08-12 00:00:00</dateCreated>
        <changedBy/>
        <dateChanged id="40">2005-02-25 00:00:00</dateChanged>
        <names class="set" id="41">
          <org.openmrs.ConceptName id="42" uuid="7ee0b892-629c-11e1-82bf-27f24891fe48">
            <conceptNameId>2503</conceptNameId>
            <concept class="org.openmrs.ConceptNumeric" reference="38"/>
            <name>HT</name>
            <locale id="43">en</locale>
            <creator/>
            <dateCreated id="44">2004-08-12 00:00:00</dateCreated>
            <voided>false</voided>
            <tags class="set" id="45"/>
            <conceptNameType>SHORT</conceptNameType>
            <localePreferred>false</localePreferred>
          </org.openmrs.ConceptName>
          <org.openmrs.ConceptName id="46" uuid="7edce7ee-629c-11e1-82bf-27f24891fe48">
            <conceptNameId>1440</conceptNameId>
            <concept class="org.openmrs.ConceptNumeric" reference="38"/>
            <name>HEIGHT (CM)</name>
            <locale id="47">en</locale>
            <creator/>
            <dateCreated id="48">2004-08-12 00:00:00</dateCreated>
            <voided>false</voided>
            <tags class="set" id="49"/>
            <conceptNameType>FULLY_SPECIFIED</conceptNameType>
            <localePreferred>false</localePreferred>
          </org.openmrs.ConceptName>
        </names>
        <answers class="set" id="50"/>
        <conceptSets class="set" id="51"/>
        <descriptions class="set" id="52">
          <org.openmrs.ConceptDescription id="53" uuid="7ed1a208-629c-11e1-82bf-27f24891fe48">
            <conceptDescriptionId>1419</conceptDescriptionId>
            <concept class="org.openmrs.ConceptNumeric" reference="38"/>
            <description>Patient&apos;s height in centimeters.</description>
            <locale id="54">en</locale>
            <creator/>
            <dateCreated id="55">2004-08-12 00:00:00</dateCreated>
          </org.openmrs.ConceptDescription>
        </descriptions>
        <conceptMappings class="set" id="56"/>
        <hiAbsolute>228.0</hiAbsolute>
        <lowAbsolute>10.0</lowAbsolute>
        <units>cm</units>
        <precise>true</precise>
      </org.openmrs.ConceptNumeric>
      <org.openmrs.ConceptNumeric id="57" uuid="7ec1ad9e-629c-11e1-82bf-27f24891fe48">
        <conceptId>5085</conceptId>
        <retired>false</retired>
        <datatype reference="14"/>
        <conceptClass reference="17"/>
        <set>false</set>
        <version></version>
        <creator/>
        <dateCreated id="58">2004-08-12 00:00:00</dateCreated>
        <changedBy/>
        <dateChanged id="59">2005-02-24 00:00:00</dateChanged>
        <names class="set" id="60">
          <org.openmrs.ConceptName id="61" uuid="7ee3c1a4-629c-11e1-82bf-27f24891fe48">
            <conceptNameId>3319</conceptNameId>
            <concept class="org.openmrs.ConceptNumeric" reference="57"/>
            <name>SYSTOLIC</name>
            <locale id="62">en</locale>
            <creator/>
            <dateCreated id="63">2004-10-07 00:00:00</dateCreated>
            <voided>false</voided>
            <tags class="set" id="64"/>
            <localePreferred>false</localePreferred>
          </org.openmrs.ConceptName>
          <org.openmrs.ConceptName id="65" uuid="7ee394b8-629c-11e1-82bf-27f24891fe48">
            <conceptNameId>3259</conceptNameId>
            <concept class="org.openmrs.ConceptNumeric" reference="57"/>
            <name>SBP</name>
            <locale id="66">en</locale>
            <creator/>
            <dateCreated id="67">2004-10-07 00:00:00</dateCreated>
            <voided>false</voided>
            <tags class="set" id="68"/>
            <localePreferred>false</localePreferred>
          </org.openmrs.ConceptName>
          <org.openmrs.ConceptName id="69" uuid="7edce50a-629c-11e1-82bf-27f24891fe48">
            <conceptNameId>1435</conceptNameId>
            <concept class="org.openmrs.ConceptNumeric" reference="57"/>
            <name>SYSTOLIC BLOOD PRESSURE</name>
            <locale id="70">en</locale>
            <creator/>
            <dateCreated id="71">2004-08-12 00:00:00</dateCreated>
            <voided>false</voided>
            <tags class="set" id="72"/>
            <conceptNameType>FULLY_SPECIFIED</conceptNameType>
            <localePreferred>false</localePreferred>
          </org.openmrs.ConceptName>
          <org.openmrs.ConceptName id="73" uuid="7ee0c9d6-629c-11e1-82bf-27f24891fe48">
            <conceptNameId>2533</conceptNameId>
            <concept class="org.openmrs.ConceptNumeric" reference="57"/>
            <name>SBP</name>
            <locale id="74">en</locale>
            <creator/>
            <dateCreated id="75">2004-08-12 00:00:00</dateCreated>
            <voided>false</voided>
            <tags class="set" id="76"/>
            <conceptNameType>SHORT</conceptNameType>
            <localePreferred>false</localePreferred>
          </org.openmrs.ConceptName>
        </names>
        <answers class="set" id="77"/>
        <conceptSets class="set" id="78"/>
        <descriptions class="set" id="79">
          <org.openmrs.ConceptDescription id="80" uuid="7ed19efc-629c-11e1-82bf-27f24891fe48">
            <conceptDescriptionId>1414</conceptDescriptionId>
            <concept class="org.openmrs.ConceptNumeric" reference="57"/>
            <description>A patient&apos;s systolic blood pressure measurement (taken with a manual cuff in either a sitting or standing position)</description>
            <locale id="81">en</locale>
            <creator/>
            <dateCreated id="82">2004-08-12 00:00:00</dateCreated>
          </org.openmrs.ConceptDescription>
        </descriptions>
        <conceptMappings class="set" id="83"/>
        <hiAbsolute>250.0</hiAbsolute>
        <lowAbsolute>0.0</lowAbsolute>
        <units>mmHg</units>
        <precise>false</precise>
      </org.openmrs.ConceptNumeric>
      <org.openmrs.EncounterRole id="84" uuid="73bbb069-9781-4afc-a9d1-54b6b2270e04">
        <name>Nurse</name>
        <description>A Nurse encounter role</description>
        <creator/>
        <dateCreated id="85">2011-12-09 00:00:00</dateCreated>
        <retired>false</retired>
        <encounterRoleId>2</encounterRoleId>
      </org.openmrs.EncounterRole>
      <org.openmrs.Location id="86" uuid="8d6c993e-c2cc-11de-8d13-0010c6dffd0f">
        <name>Unknown Location</name>
        <description>Value unknown</description>
        <creator/>
        <dateCreated id="87">2005-09-22 00:00:00</dateCreated>
        <retired>false</retired>
        <attributes id="88"/>
        <locationId>1</locationId>
        <childLocations id="89"/>
        <tags id="90"/>
      </org.openmrs.Location>
      <org.openmrs.ConceptNumeric id="91" uuid="7ec1ae48-629c-11e1-82bf-27f24891fe48">
        <conceptId>5086</conceptId>
        <retired>false</retired>
        <datatype reference="14"/>
        <conceptClass reference="17"/>
        <set>false</set>
        <version></version>
        <creator/>
        <dateCreated id="92">2004-08-12 00:00:00</dateCreated>
        <changedBy/>
        <dateChanged id="93">2005-02-24 00:00:00</dateChanged>
        <names class="set" id="94">
          <org.openmrs.ConceptName id="95" uuid="7ee1bf62-629c-11e1-82bf-27f24891fe48">
            <conceptNameId>2780</conceptNameId>
            <concept class="org.openmrs.ConceptNumeric" reference="91"/>
            <name>DBP</name>
            <locale id="96">en</locale>
            <creator/>
            <dateCreated id="97">2004-10-07 00:00:00</dateCreated>
            <voided>false</voided>
            <tags class="set" id="98"/>
            <localePreferred>false</localePreferred>
          </org.openmrs.ConceptName>
          <org.openmrs.ConceptName id="99" uuid="7ee09ff6-629c-11e1-82bf-27f24891fe48">
            <conceptNameId>2469</conceptNameId>
            <concept class="org.openmrs.ConceptNumeric" reference="91"/>
            <name>DBP</name>
            <locale id="100">en</locale>
            <creator/>
            <dateCreated id="101">2004-08-12 00:00:00</dateCreated>
            <voided>false</voided>
            <tags class="set" id="102"/>
            <conceptNameType>SHORT</conceptNameType>
            <localePreferred>false</localePreferred>
          </org.openmrs.ConceptName>
          <org.openmrs.ConceptName id="103" uuid="7edce5aa-629c-11e1-82bf-27f24891fe48">
            <conceptNameId>1436</conceptNameId>
            <concept class="org.openmrs.ConceptNumeric" reference="91"/>
            <name>DIASTOLIC BLOOD PRESSURE</name>
            <locale id="104">en</locale>
            <creator/>
            <dateCreated id="105">2004-08-12 00:00:00</dateCreated>
            <voided>false</voided>
            <tags class="set" id="106"/>
            <conceptNameType>FULLY_SPECIFIED</conceptNameType>
            <localePreferred>false</localePreferred>
          </org.openmrs.ConceptName>
          <org.openmrs.ConceptName id="107" uuid="7ee1cd04-629c-11e1-82bf-27f24891fe48">
            <conceptNameId>2803</conceptNameId>
            <concept class="org.openmrs.ConceptNumeric" reference="91"/>
            <name>DIASTOLIC</name>
            <locale id="108">en</locale>
            <creator/>
            <dateCreated id="109">2004-10-07 00:00:00</dateCreated>
            <voided>false</voided>
            <tags class="set" id="110"/>
            <localePreferred>false</localePreferred>
          </org.openmrs.ConceptName>
        </names>
        <answers class="set" id="111"/>
        <conceptSets class="set" id="112"/>
        <descriptions class="set" id="113">
          <org.openmrs.ConceptDescription id="114" uuid="7ed19f92-629c-11e1-82bf-27f24891fe48">
            <conceptDescriptionId>1415</conceptDescriptionId>
            <concept class="org.openmrs.ConceptNumeric" reference="91"/>
            <description>A patient&apos;s diastolic blood pressure measurement (taken with a manual cuff in either a sitting or standing position)</description>
            <locale id="115">en</locale>
            <creator/>
            <dateCreated id="116">2004-08-12 00:00:00</dateCreated>
          </org.openmrs.ConceptDescription>
        </descriptions>
        <conceptMappings class="set" id="117"/>
        <hiAbsolute>150.0</hiAbsolute>
        <lowAbsolute>0.0</lowAbsolute>
        <units>mmHg</units>
        <precise>false</precise>
      </org.openmrs.ConceptNumeric>
    </dependencies>
  </org.openmrs.module.htmlformentry.HtmlForm>
</list>
