<?xml version="1.0" encoding="UTF-8"?>
<list id="1">
  <org.openmrs.Drug id="2" uuid="0dbc4971-67ea-40d7-8089-7c327e5f3c6e">
    <name>Pyrazinamide (400mg)</name>
    <creator/>
    <dateCreated id="3">2013-02-25 16:06:50</dateCreated>
    <retired>false</retired>
    <drugId>1</drugId>
    <combination>true</combination>
    <dosageForm id="4" resolves-to="org.openmrs.Concept" uuid="1513AAAAAAAAAAAAAAAAAAAAAAAAAAAAAAAA">
      <conceptId>1513</conceptId>
      <retired>false</retired>
      <datatype id="6" resolves-to="org.openmrs.ConceptDatatype" uuid="8d4a4c94-c2cc-11de-8d13-0010c6dffd0f">
        <name>N/A</name>
        <description>Not associated with a datatype (e.g., term answers, sets)</description>
        <creator/>
        <dateCreated id="8">2004-02-02 00:00:00</dateCreated>
        <retired>false</retired>
        <retiredBy/>
        <conceptDatatypeId>4</conceptDatatypeId>
        <hl7Abbreviation>ZZ</hl7Abbreviation>
      </datatype>
      <conceptClass id="9" resolves-to="org.openmrs.ConceptClass" uuid="8d492774-c2cc-11de-8d13-0010c6dffd0f">
        <name>Misc</name>
        <description>Terms which don&apos;t fit other categories</description>
        <creator/>
        <dateCreated id="11">2004-03-02 00:00:00</dateCreated>
        <retired>false</retired>
        <conceptClassId>11</conceptClassId>
      </conceptClass>
      <set>false</set>
      <creator/>
      <dateCreated id="12">2007-10-21 22:05:03</dateCreated>
      <changedBy/>
      <dateChanged id="13">2013-02-28 14:10:48</dateChanged>
      <names class="set" id="14">
        <org.openmrs.ConceptName id="15" uuid="1766BBBBBBBBBBBBBBBBBBBBBBBBBBBBBBBB">
          <conceptNameId>1766</conceptNameId>
          <concept reference="4"/>
          <name>COMPRIMÉ</name>
          <locale id="16">fr</locale>
          <creator/>
          <dateCreated id="17">2007-10-21 22:08:03</dateCreated>
          <voided>false</voided>
          <tags class="set" id="18"/>
          <conceptNameType>FULLY_SPECIFIED</conceptNameType>
          <localePreferred>true</localePreferred>
        </org.openmrs.ConceptName>
        <org.openmrs.ConceptName id="19" uuid="1765BBBBBBBBBBBBBBBBBBBBBBBBBBBBBBBB">
          <conceptNameId>1765</conceptNameId>
          <concept reference="4"/>
          <name>TABLET</name>
          <locale id="20">en</locale>
          <creator/>
          <dateCreated id="21">2007-10-21 22:05:03</dateCreated>
          <voided>false</voided>
          <tags class="set" id="22"/>
          <conceptNameType>FULLY_SPECIFIED</conceptNameType>
          <localePreferred>true</localePreferred>
        </org.openmrs.ConceptName>
      </names>
      <answers class="set" id="23"/>
      <conceptSets class="set" id="24"/>
      <descriptions class="set" id="25"/>
      <conceptMappings class="set" id="26">
        <org.openmrs.ConceptMap id="27" uuid="132488ABBBBBBBBBBBBBBBBBBBBBBBBBBBBB">
          <conceptMapType id="28" resolves-to="org.openmrs.ConceptMapType" uuid="35543629-7d8c-11e1-909d-c80aa9edcf4e">
            <name>SAME-AS</name>
            <creator/>
            <dateCreated id="30">2013-01-31 00:00:00</dateCreated>
            <changedBy/>
            <dateChanged id="31">2013-02-28 14:10:48</dateChanged>
            <retired>false</retired>
            <conceptMapTypeId>1</conceptMapTypeId>
            <isHidden>false</isHidden>
          </conceptMapType>
          <creator/>
          <changedBy/>
          <dateCreated id="32">2010-07-28 15:50:29</dateCreated>
          <conceptMapId>132488</conceptMapId>
          <concept reference="4"/>
          <conceptReferenceTerm id="33" resolves-to="org.openmrs.ConceptReferenceTerm" uuid="2a92c7ba-28dd-3b1c-8ba2-e18eff1ccaf7">
            <creator/>
            <dateCreated id="35">2010-07-28 00:00:00</dateCreated>
            <changedBy/>
            <dateChanged id="36">2013-02-28 14:10:48</dateChanged>
            <retired>false</retired>
            <conceptReferenceTermId>132488</conceptReferenceTermId>
            <conceptSource id="37" resolves-to="org.openmrs.ConceptSource" uuid="1ADDDDDDDDDDDDDDDDDDDDDDDDDDDDDDDDDD">
              <name>SNOMED CT</name>
              <description>SNOMED Preferred mapping</description>
              <creator/>
              <dateCreated id="39">2009-11-19 20:19:16</dateCreated>
              <retired>false</retired>
              <conceptSourceId>1</conceptSourceId>
            </conceptSource>
            <code>385055001</code>
            <conceptReferenceTermMaps id="40"/>
          </conceptReferenceTerm>
        </org.openmrs.ConceptMap>
        <org.openmrs.ConceptMap id="41" uuid="135161ABBBBBBBBBBBBBBBBBBBBBBBBBBBBB">
          <conceptMapType reference="28"/>
          <creator/>
          <changedBy/>
          <dateCreated id="42">2010-10-24 13:09:59</dateCreated>
          <conceptMapId>135161</conceptMapId>
          <concept reference="4"/>
          <conceptReferenceTerm id="43" resolves-to="org.openmrs.ConceptReferenceTerm" uuid="e1edd2b2-04aa-3a5d-8b95-bda796e028d8">
            <creator/>
            <dateCreated id="45">2010-10-24 00:00:00</dateCreated>
            <changedBy/>
            <dateChanged id="46">2013-02-28 14:10:48</dateChanged>
            <retired>false</retired>
            <conceptReferenceTermId>135161</conceptReferenceTermId>
            <conceptSource id="47" resolves-to="org.openmrs.ConceptSource" uuid="13ADDDDDDDDDDDDDDDDDDDDDDDDDDDDDDDDD">
              <name>AMPATH</name>
              <description>AMPATH concept dictionary</description>
              <creator/>
              <dateCreated id="49">2010-10-24 17:02:38</dateCreated>
              <retired>false</retired>
              <conceptSourceId>13</conceptSourceId>
            </conceptSource>
            <code>1936</code>
            <conceptReferenceTermMaps id="50"/>
          </conceptReferenceTerm>
        </org.openmrs.ConceptMap>
        <org.openmrs.ConceptMap id="51" uuid="132740ABBBBBBBBBBBBBBBBBBBBBBBBBBBBB">
          <conceptMapType reference="28"/>
          <creator/>
          <changedBy/>
          <dateCreated id="52">2010-08-23 15:49:10</dateCreated>
          <conceptMapId>132740</conceptMapId>
          <concept reference="4"/>
          <conceptReferenceTerm id="53" resolves-to="org.openmrs.ConceptReferenceTerm" uuid="e48d1822-c089-33d8-b6a1-fcd148000673">
            <creator/>
            <dateCreated id="55">2010-08-23 00:00:00</dateCreated>
            <changedBy/>
            <dateChanged id="56">2013-02-28 14:10:48</dateChanged>
            <retired>false</retired>
            <conceptReferenceTermId>132740</conceptReferenceTermId>
            <conceptSource id="57" resolves-to="org.openmrs.ConceptSource" uuid="fb9aaaf1-65e2-4c18-b53c-16b575f2f385">
              <name>PIH</name>
              <description>Equivalent concept ID in Master Partners-in-Health Concept dictionary</description>
              <creator/>
              <dateCreated id="59">2010-08-03 01:50:49</dateCreated>
              <retired>false</retired>
              <conceptSourceId>11</conceptSourceId>
            </conceptSource>
            <code>4020</code>
            <conceptReferenceTermMaps id="60"/>
          </conceptReferenceTerm>
        </org.openmrs.ConceptMap>
      </conceptMappings>
    </dosageForm>
    <doseStrength>400.0</doseStrength>
    <units>mg</units>
    <concept id="61" resolves-to="org.openmrs.Concept" uuid="82900AAAAAAAAAAAAAAAAAAAAAAAAAAAAAAA">
      <conceptId>82900</conceptId>
      <retired>false</retired>
      <datatype reference="6"/>
      <conceptClass id="63" resolves-to="org.openmrs.ConceptClass" uuid="8d490dfc-c2cc-11de-8d13-0010c6dffd0f">
        <name>Drug</name>
        <description>Drug</description>
        <creator/>
        <dateCreated id="65">2004-02-02 00:00:00</dateCreated>
        <retired>false</retired>
        <conceptClassId>3</conceptClassId>
      </conceptClass>
      <set>false</set>
      <creator/>
      <dateCreated id="66">2006-12-17 00:00:00</dateCreated>
      <changedBy/>
      <dateChanged id="67">2013-02-28 14:10:48</dateChanged>
      <names class="set" id="68">
        <org.openmrs.ConceptName id="69" uuid="107648BBBBBBBBBBBBBBBBBBBBBBBBBBBBBB">
          <conceptNameId>107648</conceptNameId>
          <concept reference="61"/>
          <name>Z</name>
          <locale id="70">en</locale>
          <creator/>
          <dateCreated id="71">2011-01-17 16:11:51</dateCreated>
          <voided>false</voided>
          <tags class="set" id="72"/>
          <conceptNameType>SHORT</conceptNameType>
          <localePreferred>false</localePreferred>
        </org.openmrs.ConceptName>
        <org.openmrs.ConceptName id="73" uuid="7696BBBBBBBBBBBBBBBBBBBBBBBBBBBBBBBB">
          <conceptNameId>7696</conceptNameId>
          <concept reference="61"/>
          <name>PYRAZINAMIDE</name>
          <locale id="74">en</locale>
          <creator/>
          <dateCreated id="75">2006-12-17 00:00:00</dateCreated>
          <voided>false</voided>
          <tags class="set" id="76"/>
          <conceptNameType>FULLY_SPECIFIED</conceptNameType>
          <localePreferred>true</localePreferred>
        </org.openmrs.ConceptName>
      </names>
      <answers class="set" id="77"/>
      <conceptSets class="set" id="78"/>
      <descriptions class="set" id="79">
        <org.openmrs.ConceptDescription id="80" uuid="16533FFFFFFFFFFFFFFFFFFFFFFFFFFFFFFF">
          <conceptDescriptionId>16533</conceptDescriptionId>
          <concept reference="61"/>
          <description>Antituberculosis agent used to treat patients with active tuberculosis, usually in combination with other agents.</description>
          <locale id="81">en</locale>
          <creator/>
          <dateCreated id="82">2011-01-17 16:11:51</dateCreated>
          <changedBy/>
        </org.openmrs.ConceptDescription>
      </descriptions>
      <conceptMappings class="set" id="83">
        <org.openmrs.ConceptMap id="84" uuid="135197ABBBBBBBBBBBBBBBBBBBBBBBBBBBBB">
          <conceptMapType reference="28"/>
          <creator/>
          <changedBy/>
          <dateCreated id="85">2010-10-24 13:09:59</dateCreated>
          <conceptMapId>135197</conceptMapId>
          <concept reference="61"/>
          <conceptReferenceTerm id="86" resolves-to="org.openmrs.ConceptReferenceTerm" uuid="7bb23b4f-3751-3417-8128-00e3f77621fd">
            <creator/>
            <dateCreated id="88">2010-10-24 00:00:00</dateCreated>
            <changedBy/>
            <dateChanged id="89">2013-02-28 14:10:48</dateChanged>
            <retired>false</retired>
            <conceptReferenceTermId>135192</conceptReferenceTermId>
            <conceptSource reference="47"/>
            <code>2226</code>
            <conceptReferenceTermMaps id="90"/>
          </conceptReferenceTerm>
        </org.openmrs.ConceptMap>
        <org.openmrs.ConceptMap id="91" uuid="135218ABBBBBBBBBBBBBBBBBBBBBBBBBBBBB">
          <conceptMapType reference="28"/>
          <creator/>
          <changedBy/>
          <dateCreated id="92">2010-10-24 13:09:59</dateCreated>
          <conceptMapId>135218</conceptMapId>
          <concept reference="61"/>
          <conceptReferenceTerm id="93" resolves-to="org.openmrs.ConceptReferenceTerm" uuid="e90983cd-1e98-3590-b5b6-0488262c78c0">
            <creator/>
            <dateCreated id="95">2010-10-24 00:00:00</dateCreated>
            <changedBy/>
            <dateChanged id="96">2013-02-28 14:10:48</dateChanged>
            <retired>false</retired>
            <conceptReferenceTermId>135215</conceptReferenceTermId>
            <conceptSource reference="47"/>
            <code>2230</code>
            <conceptReferenceTermMaps id="97"/>
          </conceptReferenceTerm>
        </org.openmrs.ConceptMap>
        <org.openmrs.ConceptMap id="98" uuid="131264ABBBBBBBBBBBBBBBBBBBBBBBBBBBBB">
          <conceptMapType reference="28"/>
          <creator/>
          <changedBy/>
          <dateCreated id="99">2010-04-27 12:02:49</dateCreated>
          <conceptMapId>131264</conceptMapId>
          <concept reference="61"/>
          <conceptReferenceTerm id="100" resolves-to="org.openmrs.ConceptReferenceTerm" uuid="78fe0f19-a37b-37ee-a108-ca4b78afdb54">
            <creator/>
            <dateCreated id="102">2010-04-27 00:00:00</dateCreated>
            <changedBy/>
            <dateChanged id="103">2013-02-28 14:10:48</dateChanged>
            <retired>false</retired>
            <conceptReferenceTermId>131264</conceptReferenceTermId>
            <conceptSource id="104" resolves-to="org.openmrs.ConceptSource" uuid="4ADDDDDDDDDDDDDDDDDDDDDDDDDDDDDDDDDD">
              <name>RxNORM</name>
              <description>RxNORM CUI</description>
              <creator/>
              <dateCreated id="106">2010-04-25 11:13:48</dateCreated>
              <retired>false</retired>
              <conceptSourceId>4</conceptSourceId>
            </conceptSource>
            <code>8987</code>
            <conceptReferenceTermMaps id="107"/>
          </conceptReferenceTerm>
        </org.openmrs.ConceptMap>
        <org.openmrs.ConceptMap id="108" uuid="135203ABBBBBBBBBBBBBBBBBBBBBBBBBBBBB">
          <conceptMapType reference="28"/>
          <creator/>
          <changedBy/>
          <dateCreated id="109">2010-10-24 13:09:59</dateCreated>
          <conceptMapId>135203</conceptMapId>
          <concept reference="61"/>
          <conceptReferenceTerm id="110" resolves-to="org.openmrs.ConceptReferenceTerm" uuid="4bf57548-2113-3ad6-8471-4b75e5fea3cd">
            <creator/>
            <dateCreated id="112">2010-10-24 00:00:00</dateCreated>
            <changedBy/>
            <dateChanged id="113">2013-02-28 14:10:48</dateChanged>
            <retired>false</retired>
            <conceptReferenceTermId>135198</conceptReferenceTermId>
            <conceptSource reference="47"/>
            <code>2227</code>
            <conceptReferenceTermMaps id="114"/>
          </conceptReferenceTerm>
        </org.openmrs.ConceptMap>
        <org.openmrs.ConceptMap id="115" uuid="135209ABBBBBBBBBBBBBBBBBBBBBBBBBBBBB">
          <conceptMapType reference="28"/>
          <creator/>
          <changedBy/>
          <dateCreated id="116">2010-10-24 13:09:59</dateCreated>
          <conceptMapId>135209</conceptMapId>
          <concept reference="61"/>
          <conceptReferenceTerm id="117" resolves-to="org.openmrs.ConceptReferenceTerm" uuid="1cf21115-73e7-35e8-907b-76a7c2f30dc8">
            <creator/>
            <dateCreated id="119">2010-10-24 00:00:00</dateCreated>
            <changedBy/>
            <dateChanged id="120">2013-02-28 14:10:48</dateChanged>
            <retired>false</retired>
            <conceptReferenceTermId>135204</conceptReferenceTermId>
            <conceptSource reference="47"/>
            <code>2228</code>
            <conceptReferenceTermMaps id="121"/>
          </conceptReferenceTerm>
        </org.openmrs.ConceptMap>
        <org.openmrs.ConceptMap id="122" uuid="135214ABBBBBBBBBBBBBBBBBBBBBBBBBBBBB">
          <conceptMapType reference="28"/>
          <creator/>
          <changedBy/>
          <dateCreated id="123">2010-10-24 13:09:59</dateCreated>
          <conceptMapId>135214</conceptMapId>
          <concept reference="61"/>
          <conceptReferenceTerm id="124" resolves-to="org.openmrs.ConceptReferenceTerm" uuid="e61bd844-083b-3128-bfa9-40d5fc683166">
            <creator/>
            <dateCreated id="126">2010-10-24 00:00:00</dateCreated>
            <changedBy/>
            <dateChanged id="127">2013-02-28 14:10:48</dateChanged>
            <retired>false</retired>
            <conceptReferenceTermId>135210</conceptReferenceTermId>
            <conceptSource reference="47"/>
            <code>2229</code>
            <conceptReferenceTermMaps id="128"/>
          </conceptReferenceTerm>
        </org.openmrs.ConceptMap>
        <org.openmrs.ConceptMap id="129" uuid="137883ABBBBBBBBBBBBBBBBBBBBBBBBBBBBB">
          <conceptMapType reference="28"/>
          <creator/>
          <changedBy/>
          <dateCreated id="130">2011-01-17 16:11:51</dateCreated>
          <conceptMapId>137883</conceptMapId>
          <concept reference="61"/>
          <conceptReferenceTerm id="131" resolves-to="org.openmrs.ConceptReferenceTerm" uuid="4d31b996-847b-3a8f-92f6-20a85b4067ff">
            <creator/>
            <dateCreated id="133">2011-01-17 00:00:00</dateCreated>
            <changedBy/>
            <dateChanged id="134">2013-02-28 14:10:48</dateChanged>
            <retired>false</retired>
            <conceptReferenceTermId>137883</conceptReferenceTermId>
            <conceptSource id="135" resolves-to="org.openmrs.ConceptSource" uuid="ddb6b595-0b85-4a80-9243-efe4ba404eef">
              <name>org.openmrs.module.mdrtb</name>
              <description>The required concepts for the MDR-TB module</description>
              <creator/>
              <dateCreated id="137">2010-12-15 14:00:37</dateCreated>
              <retired>false</retired>
              <conceptSourceId>15</conceptSourceId>
            </conceptSource>
            <code>PYRAZINAMIDE</code>
            <conceptReferenceTermMaps id="138"/>
          </conceptReferenceTerm>
        </org.openmrs.ConceptMap>
        <org.openmrs.ConceptMap id="139" uuid="135978ABBBBBBBBBBBBBBBBBBBBBBBBBBBBB">
          <conceptMapType reference="28"/>
          <creator/>
          <changedBy/>
          <dateCreated id="140">2010-10-24 13:09:59</dateCreated>
          <conceptMapId>135978</conceptMapId>
          <concept reference="61"/>
          <conceptReferenceTerm id="141" resolves-to="org.openmrs.ConceptReferenceTerm" uuid="af010c03-8ef2-39a0-9d2c-af30233335f2">
            <creator/>
            <dateCreated id="143">2010-10-24 00:00:00</dateCreated>
            <changedBy/>
            <dateChanged id="144">2013-02-28 14:10:48</dateChanged>
            <retired>false</retired>
            <conceptReferenceTermId>135978</conceptReferenceTermId>
            <conceptSource reference="47"/>
            <code>5829</code>
            <conceptReferenceTermMaps id="145"/>
          </conceptReferenceTerm>
        </org.openmrs.ConceptMap>
        <org.openmrs.ConceptMap id="146" uuid="139222ABBBBBBBBBBBBBBBBBBBBBBBBBBBBB">
          <conceptMapType reference="28"/>
          <creator/>
          <changedBy/>
          <dateCreated id="147">2011-02-02 00:21:47</dateCreated>
          <conceptMapId>139222</conceptMapId>
          <concept reference="61"/>
          <conceptReferenceTerm id="148" resolves-to="org.openmrs.ConceptReferenceTerm" uuid="99aa1bb6-1fe0-379e-829d-41a07c4274d2">
            <creator/>
            <dateCreated id="150">2011-02-02 00:00:00</dateCreated>
            <changedBy/>
            <dateChanged id="151">2013-02-28 14:10:48</dateChanged>
            <retired>false</retired>
            <conceptReferenceTermId>139222</conceptReferenceTermId>
            <conceptSource reference="37"/>
            <code>13592004</code>
            <conceptReferenceTermMaps id="152"/>
          </conceptReferenceTerm>
        </org.openmrs.ConceptMap>
      </conceptMappings>
    </concept>
  </org.openmrs.Drug>
  <org.openmrs.Drug id="153" uuid="13b56178-a15b-4070-951d-2ce813cccc32">
    <name>Streptomycin</name>
    <creator/>
    <dateCreated id="154">2013-02-25 16:11:41</dateCreated>
    <retired>false</retired>
    <drugId>2</drugId>
    <combination>false</combination>
    <dosageForm id="155" resolves-to="org.openmrs.Concept" uuid="1516AAAAAAAAAAAAAAAAAAAAAAAAAAAAAAAA">
      <conceptId>1516</conceptId>
      <retired>false</retired>
      <datatype reference="6"/>
      <conceptClass reference="9"/>
      <set>false</set>
      <creator/>
      <dateCreated id="157">2007-10-21 22:13:01</dateCreated>
      <changedBy/>
      <dateChanged id="158">2013-02-28 14:10:48</dateChanged>
      <names class="set" id="159">
        <org.openmrs.ConceptName id="160" uuid="1771BBBBBBBBBBBBBBBBBBBBBBBBBBBBBBBB">
          <conceptNameId>1771</conceptNameId>
          <concept reference="155"/>
          <name>SOLUTION FOR INJECTION</name>
          <locale id="161">en</locale>
          <creator/>
          <dateCreated id="162">2007-10-21 22:13:01</dateCreated>
          <voided>false</voided>
          <tags class="set" id="163"/>
          <conceptNameType>FULLY_SPECIFIED</conceptNameType>
          <localePreferred>true</localePreferred>
        </org.openmrs.ConceptName>
        <org.openmrs.ConceptName id="164" uuid="1772BBBBBBBBBBBBBBBBBBBBBBBBBBBBBBBB">
          <conceptNameId>1772</conceptNameId>
          <concept reference="155"/>
          <name>SOLUTION POUR INJECTION</name>
          <locale id="165">fr</locale>
          <creator/>
          <dateCreated id="166">2007-10-21 22:13:01</dateCreated>
          <voided>false</voided>
          <tags class="set" id="167"/>
          <conceptNameType>FULLY_SPECIFIED</conceptNameType>
          <localePreferred>true</localePreferred>
        </org.openmrs.ConceptName>
      </names>
      <answers class="set" id="168"/>
      <conceptSets class="set" id="169"/>
      <descriptions class="set" id="170"/>
      <conceptMappings class="set" id="171">
        <org.openmrs.ConceptMap id="172" uuid="132480ABBBBBBBBBBBBBBBBBBBBBBBBBBBBB">
          <conceptMapType reference="28"/>
          <creator/>
          <changedBy/>
          <dateCreated id="173">2010-07-28 15:40:46</dateCreated>
          <conceptMapId>132480</conceptMapId>
          <concept reference="155"/>
          <conceptReferenceTerm id="174" resolves-to="org.openmrs.ConceptReferenceTerm" uuid="c21ebd00-17da-3f86-92cb-d03b78a3700e">
            <creator/>
            <dateCreated id="176">2010-07-28 00:00:00</dateCreated>
            <changedBy/>
            <dateChanged id="177">2013-02-28 14:10:48</dateChanged>
            <retired>false</retired>
            <conceptReferenceTermId>132480</conceptReferenceTermId>
            <conceptSource reference="37"/>
            <code>385219001</code>
            <conceptReferenceTermMaps id="178"/>
          </conceptReferenceTerm>
        </org.openmrs.ConceptMap>
      </conceptMappings>
    </dosageForm>
    <doseStrength>1.0</doseStrength>
    <units>g</units>
    <concept id="179" resolves-to="org.openmrs.Concept" uuid="84360AAAAAAAAAAAAAAAAAAAAAAAAAAAAAAA">
      <conceptId>84360</conceptId>
      <retired>false</retired>
      <datatype reference="6"/>
      <conceptClass reference="63"/>
      <set>false</set>
      <creator/>
      <dateCreated id="181">2006-12-17 00:00:00</dateCreated>
      <changedBy/>
      <dateChanged id="182">2013-02-28 14:10:48</dateChanged>
      <names class="set" id="183">
        <org.openmrs.ConceptName id="184" uuid="8118BBBBBBBBBBBBBBBBBBBBBBBBBBBBBBBB">
          <conceptNameId>8118</conceptNameId>
          <concept reference="179"/>
          <name>STREPTOMYCIN</name>
          <locale id="185">en</locale>
          <creator/>
          <dateCreated id="186">2006-12-17 00:00:00</dateCreated>
          <voided>false</voided>
          <tags class="set" id="187"/>
          <conceptNameType>FULLY_SPECIFIED</conceptNameType>
          <localePreferred>true</localePreferred>
        </org.openmrs.ConceptName>
        <org.openmrs.ConceptName id="188" uuid="107645BBBBBBBBBBBBBBBBBBBBBBBBBBBBBB">
          <conceptNameId>107645</conceptNameId>
          <concept reference="179"/>
          <name>S</name>
          <locale id="189">en</locale>
          <creator/>
          <dateCreated id="190">2011-01-17 16:09:04</dateCreated>
          <voided>false</voided>
          <tags class="set" id="191"/>
          <conceptNameType>SHORT</conceptNameType>
          <localePreferred>false</localePreferred>
        </org.openmrs.ConceptName>
      </names>
      <answers class="set" id="192"/>
      <conceptSets class="set" id="193"/>
      <descriptions class="set" id="194"/>
      <conceptMappings class="set" id="195">
        <org.openmrs.ConceptMap id="196" uuid="143634ABBBBBBBBBBBBBBBBBBBBBBBBBBBBB">
          <conceptMapType reference="28"/>
          <creator/>
          <changedBy/>
          <dateCreated id="197">2011-05-22 17:36:10</dateCreated>
          <conceptMapId>143634</conceptMapId>
          <concept reference="179"/>
          <conceptReferenceTerm id="198" resolves-to="org.openmrs.ConceptReferenceTerm" uuid="5b935a8f-4224-328b-aae6-b4fb5e772a74">
            <creator/>
            <dateCreated id="200">2011-05-22 00:00:00</dateCreated>
            <changedBy/>
            <dateChanged id="201">2013-02-28 14:10:48</dateChanged>
            <retired>false</retired>
            <conceptReferenceTermId>143634</conceptReferenceTermId>
            <conceptSource reference="57"/>
            <code>438</code>
            <conceptReferenceTermMaps id="202"/>
          </conceptReferenceTerm>
        </org.openmrs.ConceptMap>
        <org.openmrs.ConceptMap id="203" uuid="131686ABBBBBBBBBBBBBBBBBBBBBBBBBBBBB">
          <conceptMapType reference="28"/>
          <creator/>
          <changedBy/>
          <dateCreated id="204">2010-04-27 12:02:49</dateCreated>
          <conceptMapId>131686</conceptMapId>
          <concept reference="179"/>
          <conceptReferenceTerm id="205" resolves-to="org.openmrs.ConceptReferenceTerm" uuid="7b1e7e67-6f62-367f-a787-0abf2be48215">
            <creator/>
            <dateCreated id="207">2010-04-27 00:00:00</dateCreated>
            <changedBy/>
            <dateChanged id="208">2013-02-28 14:10:48</dateChanged>
            <retired>false</retired>
            <conceptReferenceTermId>131686</conceptReferenceTermId>
            <conceptSource reference="104"/>
            <code>10109</code>
            <conceptReferenceTermMaps id="209"/>
          </conceptReferenceTerm>
        </org.openmrs.ConceptMap>
        <org.openmrs.ConceptMap id="210" uuid="137880ABBBBBBBBBBBBBBBBBBBBBBBBBBBBB">
          <conceptMapType reference="28"/>
          <creator/>
          <changedBy/>
          <dateCreated id="211">2011-01-17 16:08:44</dateCreated>
          <conceptMapId>137880</conceptMapId>
          <concept reference="179"/>
          <conceptReferenceTerm id="212" resolves-to="org.openmrs.ConceptReferenceTerm" uuid="4b4eef3d-931f-3c59-8d74-3333f0285411">
            <creator/>
            <dateCreated id="214">2011-01-17 00:00:00</dateCreated>
            <changedBy/>
            <dateChanged id="215">2013-02-28 14:10:48</dateChanged>
            <retired>false</retired>
            <conceptReferenceTermId>137880</conceptReferenceTermId>
            <conceptSource reference="135"/>
            <code>STREPTOMYCIN</code>
            <conceptReferenceTermMaps id="216"/>
          </conceptReferenceTerm>
        </org.openmrs.ConceptMap>
        <org.openmrs.ConceptMap id="217" uuid="139295ABBBBBBBBBBBBBBBBBBBBBBBBBBBBB">
          <conceptMapType reference="28"/>
          <creator/>
          <changedBy/>
          <dateCreated id="218">2011-02-02 00:21:47</dateCreated>
          <conceptMapId>139295</conceptMapId>
          <concept reference="179"/>
          <conceptReferenceTerm id="219" resolves-to="org.openmrs.ConceptReferenceTerm" uuid="6615da94-2993-3c1e-817e-fe53c24092ba">
            <creator/>
            <dateCreated id="221">2011-02-02 00:00:00</dateCreated>
            <changedBy/>
            <dateChanged id="222">2013-02-28 14:10:48</dateChanged>
            <retired>false</retired>
            <conceptReferenceTermId>139295</conceptReferenceTermId>
            <conceptSource reference="37"/>
            <code>40877002</code>
            <conceptReferenceTermMaps id="223"/>
          </conceptReferenceTerm>
        </org.openmrs.ConceptMap>
        <org.openmrs.ConceptMap id="224" uuid="135219ABBBBBBBBBBBBBBBBBBBBBBBBBBBBB">
          <conceptMapType reference="28"/>
          <creator/>
          <changedBy/>
          <dateCreated id="225">2010-10-24 13:09:59</dateCreated>
          <conceptMapId>135219</conceptMapId>
          <concept reference="179"/>
          <conceptReferenceTerm reference="93"/>
        </org.openmrs.ConceptMap>
        <org.openmrs.ConceptMap id="226" uuid="134236ABBBBBBBBBBBBBBBBBBBBBBBBBBBBB">
          <conceptMapType reference="28"/>
          <creator/>
          <changedBy/>
          <dateCreated id="227">2010-10-24 13:09:59</dateCreated>
          <conceptMapId>134236</conceptMapId>
          <concept reference="179"/>
          <conceptReferenceTerm id="228" resolves-to="org.openmrs.ConceptReferenceTerm" uuid="cc9b6820-3d1a-3f7d-8ded-e177d672fae9">
            <creator/>
            <dateCreated id="230">2010-10-24 00:00:00</dateCreated>
            <changedBy/>
            <dateChanged id="231">2013-02-28 14:10:48</dateChanged>
            <retired>false</retired>
            <conceptReferenceTermId>134236</conceptReferenceTermId>
            <conceptSource reference="47"/>
            <code>438</code>
            <conceptReferenceTermMaps id="232"/>
          </conceptReferenceTerm>
        </org.openmrs.ConceptMap>
      </conceptMappings>
    </concept>
  </org.openmrs.Drug>
  <org.openmrs.Drug id="233" uuid="161f633d-ab5d-4cd1-94c5-7a012dedc388">
    <name>Rifampicin (60mg)</name>
    <creator/>
    <dateCreated id="234">2013-02-25 16:04:13</dateCreated>
    <dateChanged id="235">2013-02-25 16:05:19</dateChanged>
    <retired>false</retired>
    <drugId>3</drugId>
    <combination>true</combination>
    <doseStrength>60.0</doseStrength>
    <units>mg</units>
    <concept id="236" resolves-to="org.openmrs.Concept" uuid="767AAAAAAAAAAAAAAAAAAAAAAAAAAAAAAAAA">
      <conceptId>767</conceptId>
      <retired>false</retired>
      <datatype reference="6"/>
      <conceptClass reference="63"/>
      <set>false</set>
      <creator/>
      <dateCreated id="238">2004-03-20 00:00:00</dateCreated>
      <changedBy/>
      <dateChanged id="239">2013-02-28 14:10:48</dateChanged>
      <names class="set" id="240">
        <org.openmrs.ConceptName id="241" uuid="97551BBBBBBBBBBBBBBBBBBBBBBBBBBBBBBB">
          <conceptNameId>97551</conceptNameId>
          <concept reference="236"/>
          <name>Rifadin</name>
          <locale id="242">en</locale>
          <creator/>
          <dateCreated id="243">2007-10-18 09:35:54</dateCreated>
          <voided>false</voided>
          <tags class="set" id="244"/>
          <localePreferred>false</localePreferred>
        </org.openmrs.ConceptName>
        <org.openmrs.ConceptName id="245" uuid="97557BBBBBBBBBBBBBBBBBBBBBBBBBBBBBBB">
          <conceptNameId>97557</conceptNameId>
          <concept reference="236"/>
          <name>RIFAMPIN</name>
          <locale id="246">en</locale>
          <creator/>
          <dateCreated id="247">2005-01-12 00:00:00</dateCreated>
          <voided>false</voided>
          <tags class="set" id="248"/>
          <localePreferred>false</localePreferred>
        </org.openmrs.ConceptName>
        <org.openmrs.ConceptName id="249" uuid="97567BBBBBBBBBBBBBBBBBBBBBBBBBBBBBBB">
          <conceptNameId>97567</conceptNameId>
          <concept reference="236"/>
          <name>Rimactane</name>
          <locale id="250">en</locale>
          <creator/>
          <dateCreated id="251">2007-10-18 09:35:54</dateCreated>
          <voided>false</voided>
          <tags class="set" id="252"/>
          <localePreferred>false</localePreferred>
        </org.openmrs.ConceptName>
        <org.openmrs.ConceptName id="253" uuid="97553BBBBBBBBBBBBBBBBBBBBBBBBBBBBBBB">
          <conceptNameId>97553</conceptNameId>
          <concept reference="236"/>
          <name>Rifadin IV</name>
          <locale id="254">en</locale>
          <creator/>
          <dateCreated id="255">2007-10-18 09:35:54</dateCreated>
          <voided>false</voided>
          <tags class="set" id="256"/>
          <localePreferred>false</localePreferred>
        </org.openmrs.ConceptName>
        <org.openmrs.ConceptName id="257" uuid="803BBBBBBBBBBBBBBBBBBBBBBBBBBBBBBBBB">
          <conceptNameId>803</conceptNameId>
          <concept reference="236"/>
          <name>RIFAMPICIN</name>
          <locale id="258">en</locale>
          <creator/>
          <dateCreated id="259">2004-03-20 00:00:00</dateCreated>
          <voided>false</voided>
          <tags class="set" id="260"/>
          <conceptNameType>FULLY_SPECIFIED</conceptNameType>
          <localePreferred>true</localePreferred>
        </org.openmrs.ConceptName>
        <org.openmrs.ConceptName id="261" uuid="107654BBBBBBBBBBBBBBBBBBBBBBBBBBBBBB">
          <conceptNameId>107654</conceptNameId>
          <concept reference="236"/>
          <name>R</name>
          <locale id="262">en</locale>
          <creator/>
          <dateCreated id="263">2011-01-17 16:16:26</dateCreated>
          <voided>false</voided>
          <tags class="set" id="264"/>
          <conceptNameType>SHORT</conceptNameType>
          <localePreferred>false</localePreferred>
        </org.openmrs.ConceptName>
      </names>
      <answers class="set" id="265"/>
      <conceptSets class="set" id="266"/>
      <descriptions class="set" id="267">
        <org.openmrs.ConceptDescription id="268" uuid="767FFFFFFFFFFFFFFFFFFFFFFFFFFFFFFFFF">
          <conceptDescriptionId>767</conceptDescriptionId>
          <concept reference="236"/>
          <description>Semisynthetic antibiotic often used in tuberculosis, leprosy and meningococcal treatment/prophylaxis.  Also commonly known as Rifampin.</description>
          <locale id="269">en</locale>
          <creator/>
          <dateCreated id="270">2004-03-20 00:00:00</dateCreated>
          <changedBy/>
          <dateChanged id="271">2012-10-04 16:54:49</dateChanged>
        </org.openmrs.ConceptDescription>
      </descriptions>
      <conceptMappings class="set" id="272">
        <org.openmrs.ConceptMap id="273" uuid="135192ABBBBBBBBBBBBBBBBBBBBBBBBBBBBB">
          <conceptMapType reference="28"/>
          <creator/>
          <changedBy/>
          <dateCreated id="274">2010-10-24 13:09:59</dateCreated>
          <conceptMapId>135192</conceptMapId>
          <concept reference="236"/>
          <conceptReferenceTerm reference="86"/>
        </org.openmrs.ConceptMap>
        <org.openmrs.ConceptMap id="275" uuid="134463ABBBBBBBBBBBBBBBBBBBBBBBBBBBBB">
          <conceptMapType reference="28"/>
          <creator/>
          <changedBy/>
          <dateCreated id="276">2010-10-24 13:09:59</dateCreated>
          <conceptMapId>134463</conceptMapId>
          <concept reference="236"/>
          <conceptReferenceTerm id="277" resolves-to="org.openmrs.ConceptReferenceTerm" uuid="dceea0ac-be2e-3340-bdfe-d8b3baa782e1">
            <creator/>
            <dateCreated id="279">2010-10-24 00:00:00</dateCreated>
            <changedBy/>
            <dateChanged id="280">2013-02-28 14:10:48</dateChanged>
            <retired>false</retired>
            <conceptReferenceTermId>134463</conceptReferenceTermId>
            <conceptSource reference="47"/>
            <code>767</code>
            <conceptReferenceTermMaps id="281"/>
          </conceptReferenceTerm>
        </org.openmrs.ConceptMap>
        <org.openmrs.ConceptMap id="282" uuid="135198ABBBBBBBBBBBBBBBBBBBBBBBBBBBBB">
          <conceptMapType reference="28"/>
          <creator/>
          <changedBy/>
          <dateCreated id="283">2010-10-24 13:09:59</dateCreated>
          <conceptMapId>135198</conceptMapId>
          <concept reference="236"/>
          <conceptReferenceTerm reference="110"/>
        </org.openmrs.ConceptMap>
        <org.openmrs.ConceptMap id="284" uuid="135215ABBBBBBBBBBBBBBBBBBBBBBBBBBBBB">
          <conceptMapType reference="28"/>
          <creator/>
          <changedBy/>
          <dateCreated id="285">2010-10-24 13:09:59</dateCreated>
          <conceptMapId>135215</conceptMapId>
          <concept reference="236"/>
          <conceptReferenceTerm reference="93"/>
        </org.openmrs.ConceptMap>
        <org.openmrs.ConceptMap id="286" uuid="137889ABBBBBBBBBBBBBBBBBBBBBBBBBBBBB">
          <conceptMapType reference="28"/>
          <creator/>
          <changedBy/>
          <dateCreated id="287">2011-01-17 16:16:26</dateCreated>
          <conceptMapId>137889</conceptMapId>
          <concept reference="236"/>
          <conceptReferenceTerm id="288" resolves-to="org.openmrs.ConceptReferenceTerm" uuid="fe47b44a-8690-365d-9198-57ec162581e3">
            <creator/>
            <dateCreated id="290">2011-01-17 00:00:00</dateCreated>
            <changedBy/>
            <dateChanged id="291">2013-02-28 14:10:48</dateChanged>
            <retired>false</retired>
            <conceptReferenceTermId>137889</conceptReferenceTermId>
            <conceptSource reference="135"/>
            <code>RIFAMPICIN</code>
            <conceptReferenceTermMaps id="292"/>
          </conceptReferenceTerm>
        </org.openmrs.ConceptMap>
        <org.openmrs.ConceptMap id="293" uuid="145890ABBBBBBBBBBBBBBBBBBBBBBBBBBBBB">
          <conceptMapType id="294" resolves-to="org.openmrs.ConceptMapType" uuid="43ac5109-7d8c-11e1-909d-c80aa9edcf4e">
            <name>NARROWER-THAN</name>
            <creator/>
            <dateCreated id="296">2013-01-31 00:00:00</dateCreated>
            <changedBy/>
            <dateChanged id="297">2013-02-28 14:10:48</dateChanged>
            <retired>false</retired>
            <conceptMapTypeId>2</conceptMapTypeId>
            <isHidden>false</isHidden>
          </conceptMapType>
          <creator/>
          <changedBy/>
          <dateCreated id="298">2012-10-04 16:54:49</dateCreated>
          <conceptMapId>145890</conceptMapId>
          <concept reference="236"/>
          <conceptReferenceTerm id="299" resolves-to="org.openmrs.ConceptReferenceTerm" uuid="fd488ed3-fa32-3f9e-8b51-be3ef503abd0">
            <creator/>
            <dateCreated id="301">2012-10-04 00:00:00</dateCreated>
            <changedBy/>
            <dateChanged id="302">2013-02-28 14:10:48</dateChanged>
            <retired>false</retired>
            <conceptReferenceTermId>145890</conceptReferenceTermId>
            <conceptSource id="303" resolves-to="org.openmrs.ConceptSource" uuid="2ADDDDDDDDDDDDDDDDDDDDDDDDDDDDDDDDDD">
              <name>SNOMED NP</name>
              <description>Non-preferred SNOMED CT mappings</description>
              <creator/>
              <dateCreated id="305">2010-04-25 11:12:44</dateCreated>
              <retired>false</retired>
              <conceptSourceId>2</conceptSourceId>
            </conceptSource>
            <code>387159009</code>
            <conceptReferenceTermMaps id="306"/>
          </conceptReferenceTerm>
        </org.openmrs.ConceptMap>
        <org.openmrs.ConceptMap id="307" uuid="135204ABBBBBBBBBBBBBBBBBBBBBBBBBBBBB">
          <conceptMapType reference="28"/>
          <creator/>
          <changedBy/>
          <dateCreated id="308">2010-10-24 13:09:59</dateCreated>
          <conceptMapId>135204</conceptMapId>
          <concept reference="236"/>
          <conceptReferenceTerm reference="117"/>
        </org.openmrs.ConceptMap>
        <org.openmrs.ConceptMap id="309" uuid="133856ABBBBBBBBBBBBBBBBBBBBBBBBBBBBB">
          <conceptMapType reference="28"/>
          <creator/>
          <changedBy/>
          <dateCreated id="310">2010-10-10 20:50:13</dateCreated>
          <conceptMapId>133856</conceptMapId>
          <concept reference="236"/>
          <conceptReferenceTerm id="311" resolves-to="org.openmrs.ConceptReferenceTerm" uuid="23a33f2f-5a37-3b27-9213-e8ff651d4d75">
            <creator/>
            <dateCreated id="313">2010-04-27 00:00:00</dateCreated>
            <changedBy/>
            <dateChanged id="314">2013-02-28 14:10:48</dateChanged>
            <retired>false</retired>
            <conceptReferenceTermId>131385</conceptReferenceTermId>
            <conceptSource reference="104"/>
            <code>9384</code>
            <conceptReferenceTermMaps id="315"/>
          </conceptReferenceTerm>
        </org.openmrs.ConceptMap>
        <org.openmrs.ConceptMap id="316" uuid="135210ABBBBBBBBBBBBBBBBBBBBBBBBBBBBB">
          <conceptMapType reference="28"/>
          <creator/>
          <changedBy/>
          <dateCreated id="317">2010-10-24 13:09:59</dateCreated>
          <conceptMapId>135210</conceptMapId>
          <concept reference="236"/>
          <conceptReferenceTerm reference="124"/>
        </org.openmrs.ConceptMap>
        <org.openmrs.ConceptMap id="318" uuid="135255ABBBBBBBBBBBBBBBBBBBBBBBBBBBBB">
          <conceptMapType reference="28"/>
          <creator/>
          <changedBy/>
          <dateCreated id="319">2010-10-24 13:09:59</dateCreated>
          <conceptMapId>135255</conceptMapId>
          <concept reference="236"/>
          <conceptReferenceTerm id="320" resolves-to="org.openmrs.ConceptReferenceTerm" uuid="25d13ad5-0dd1-39a3-90a8-3578b15e9b86">
            <creator/>
            <dateCreated id="322">2010-10-24 00:00:00</dateCreated>
            <changedBy/>
            <dateChanged id="323">2013-02-28 14:10:48</dateChanged>
            <retired>false</retired>
            <conceptReferenceTermId>135255</conceptReferenceTermId>
            <conceptSource reference="47"/>
            <code>2315</code>
            <conceptReferenceTermMaps id="324"/>
          </conceptReferenceTerm>
        </org.openmrs.ConceptMap>
        <org.openmrs.ConceptMap id="325" uuid="145891ABBBBBBBBBBBBBBBBBBBBBBBBBBBBB">
          <conceptMapType reference="28"/>
          <creator/>
          <changedBy/>
          <dateCreated id="326">2012-10-04 16:54:49</dateCreated>
          <conceptMapId>145891</conceptMapId>
          <concept reference="236"/>
          <conceptReferenceTerm id="327" resolves-to="org.openmrs.ConceptReferenceTerm" uuid="63e994ec-7553-389f-a410-8864bdf16434">
            <creator/>
            <dateCreated id="329">2011-02-02 00:00:00</dateCreated>
            <changedBy/>
            <dateChanged id="330">2013-02-28 14:10:48</dateChanged>
            <retired>false</retired>
            <conceptReferenceTermId>139241</conceptReferenceTermId>
            <conceptSource reference="37"/>
            <code>29175007</code>
            <conceptReferenceTermMaps id="331"/>
          </conceptReferenceTerm>
        </org.openmrs.ConceptMap>
      </conceptMappings>
    </concept>
  </org.openmrs.Drug>
  <org.openmrs.Drug id="332" uuid="52690c5a-e9cd-4561-8aad-3b646fb7deaa">
    <name>Ethambutol (275mg)</name>
    <creator/>
    <dateCreated id="333">2013-02-25 16:08:41</dateCreated>
    <retired>false</retired>
    <drugId>4</drugId>
    <combination>true</combination>
    <dosageForm reference="4"/>
    <doseStrength>275.0</doseStrength>
    <units>mg</units>
    <concept id="334" resolves-to="org.openmrs.Concept" uuid="75948AAAAAAAAAAAAAAAAAAAAAAAAAAAAAAA">
      <conceptId>75948</conceptId>
      <retired>false</retired>
      <datatype reference="6"/>
      <conceptClass reference="63"/>
      <set>false</set>
      <creator/>
      <dateCreated id="336">2006-12-17 00:00:00</dateCreated>
      <changedBy/>
      <dateChanged id="337">2013-02-28 14:10:48</dateChanged>
      <names class="set" id="338">
        <org.openmrs.ConceptName id="339" uuid="107653BBBBBBBBBBBBBBBBBBBBBBBBBBBBBB">
          <conceptNameId>107653</conceptNameId>
          <concept reference="334"/>
          <name>E</name>
          <locale id="340">en</locale>
          <creator/>
          <dateCreated id="341">2011-01-17 16:15:39</dateCreated>
          <voided>false</voided>
          <tags class="set" id="342"/>
          <conceptNameType>SHORT</conceptNameType>
          <localePreferred>false</localePreferred>
        </org.openmrs.ConceptName>
        <org.openmrs.ConceptName id="343" uuid="5413BBBBBBBBBBBBBBBBBBBBBBBBBBBBBBBB">
          <conceptNameId>5413</conceptNameId>
          <concept reference="334"/>
          <name>ETHAMBUTOL</name>
          <locale id="344">en</locale>
          <creator/>
          <dateCreated id="345">2006-12-17 00:00:00</dateCreated>
          <voided>false</voided>
          <tags class="set" id="346"/>
          <conceptNameType>FULLY_SPECIFIED</conceptNameType>
          <localePreferred>true</localePreferred>
        </org.openmrs.ConceptName>
        <org.openmrs.ConceptName id="347" uuid="94966BBBBBBBBBBBBBBBBBBBBBBBBBBBBBBB">
          <conceptNameId>94966</conceptNameId>
          <concept reference="334"/>
          <name>Myambutol</name>
          <locale id="348">en</locale>
          <creator/>
          <dateCreated id="349">2007-10-18 09:35:54</dateCreated>
          <voided>false</voided>
          <tags class="set" id="350"/>
          <localePreferred>false</localePreferred>
        </org.openmrs.ConceptName>
      </names>
      <answers class="set" id="351"/>
      <conceptSets class="set" id="352"/>
      <descriptions class="set" id="353">
        <org.openmrs.ConceptDescription id="354" uuid="16538FFFFFFFFFFFFFFFFFFFFFFFFFFFFFFF">
          <conceptDescriptionId>16538</conceptDescriptionId>
          <concept reference="334"/>
          <description>Anti-mycobaterial drug used to treat active tuberculosis. Always used with other antimycobacterial agents.</description>
          <locale id="355">en</locale>
          <creator/>
          <dateCreated id="356">2011-01-17 16:15:39</dateCreated>
          <changedBy/>
        </org.openmrs.ConceptDescription>
      </descriptions>
      <conceptMappings class="set" id="357">
        <org.openmrs.ConceptMap id="358" uuid="128984ABBBBBBBBBBBBBBBBBBBBBBBBBBBBB">
          <conceptMapType reference="28"/>
          <creator/>
          <changedBy/>
          <dateCreated id="359">2010-04-27 12:02:49</dateCreated>
          <conceptMapId>128984</conceptMapId>
          <concept reference="334"/>
          <conceptReferenceTerm id="360" resolves-to="org.openmrs.ConceptReferenceTerm" uuid="5821c585-b19e-31c8-a01f-b5ede0fc4302">
            <creator/>
            <dateCreated id="362">2010-04-27 00:00:00</dateCreated>
            <changedBy/>
            <dateChanged id="363">2013-02-28 14:10:48</dateChanged>
            <retired>false</retired>
            <conceptReferenceTermId>128984</conceptReferenceTermId>
            <conceptSource reference="104"/>
            <code>4110</code>
            <conceptReferenceTermMaps id="364"/>
          </conceptReferenceTerm>
        </org.openmrs.ConceptMap>
        <org.openmrs.ConceptMap id="365" uuid="138655ABBBBBBBBBBBBBBBBBBBBBBBBBBBBB">
          <conceptMapType reference="28"/>
          <creator/>
          <changedBy/>
          <dateCreated id="366">2011-02-02 00:21:47</dateCreated>
          <conceptMapId>138655</conceptMapId>
          <concept reference="334"/>
          <conceptReferenceTerm id="367" resolves-to="org.openmrs.ConceptReferenceTerm" uuid="fffeb690-049f-312b-9595-278e91b4e165">
            <creator/>
            <dateCreated id="369">2011-02-02 00:00:00</dateCreated>
            <changedBy/>
            <dateChanged id="370">2013-02-28 14:10:48</dateChanged>
            <retired>false</retired>
            <conceptReferenceTermId>138655</conceptReferenceTermId>
            <conceptSource reference="37"/>
            <code>24450004</code>
            <conceptReferenceTermMaps id="371"/>
          </conceptReferenceTerm>
        </org.openmrs.ConceptMap>
        <org.openmrs.ConceptMap id="372" uuid="135207ABBBBBBBBBBBBBBBBBBBBBBBBBBBBB">
          <conceptMapType reference="28"/>
          <creator/>
          <changedBy/>
          <dateCreated id="373">2010-10-24 13:09:59</dateCreated>
          <conceptMapId>135207</conceptMapId>
          <concept reference="334"/>
          <conceptReferenceTerm reference="117"/>
        </org.openmrs.ConceptMap>
        <org.openmrs.ConceptMap id="374" uuid="134443ABBBBBBBBBBBBBBBBBBBBBBBBBBBBB">
          <conceptMapType reference="28"/>
          <creator/>
          <changedBy/>
          <dateCreated id="375">2010-10-24 13:09:59</dateCreated>
          <conceptMapId>134443</conceptMapId>
          <concept reference="334"/>
          <conceptReferenceTerm id="376" resolves-to="org.openmrs.ConceptReferenceTerm" uuid="d3033896-b40f-36bc-b9a1-4909e9484d15">
            <creator/>
            <dateCreated id="378">2010-10-24 00:00:00</dateCreated>
            <changedBy/>
            <dateChanged id="379">2013-02-28 14:10:48</dateChanged>
            <retired>false</retired>
            <conceptReferenceTermId>134443</conceptReferenceTermId>
            <conceptSource reference="47"/>
            <code>745</code>
            <conceptReferenceTermMaps id="380"/>
          </conceptReferenceTerm>
        </org.openmrs.ConceptMap>
        <org.openmrs.ConceptMap id="381" uuid="143635ABBBBBBBBBBBBBBBBBBBBBBBBBBBBB">
          <conceptMapType reference="28"/>
          <creator/>
          <changedBy/>
          <dateCreated id="382">2011-05-22 17:38:07</dateCreated>
          <conceptMapId>143635</conceptMapId>
          <concept reference="334"/>
          <conceptReferenceTerm id="383" resolves-to="org.openmrs.ConceptReferenceTerm" uuid="f6e6afb5-48ea-3a33-93eb-f235ad6ce49b">
            <creator/>
            <dateCreated id="385">2011-05-22 00:00:00</dateCreated>
            <changedBy/>
            <dateChanged id="386">2013-02-28 14:10:48</dateChanged>
            <retired>false</retired>
            <conceptReferenceTermId>143635</conceptReferenceTermId>
            <conceptSource reference="57"/>
            <code>745</code>
            <conceptReferenceTermMaps id="387"/>
          </conceptReferenceTerm>
        </org.openmrs.ConceptMap>
        <org.openmrs.ConceptMap id="388" uuid="135216ABBBBBBBBBBBBBBBBBBBBBBBBBBBBB">
          <conceptMapType reference="28"/>
          <creator/>
          <changedBy/>
          <dateCreated id="389">2010-10-24 13:09:59</dateCreated>
          <conceptMapId>135216</conceptMapId>
          <concept reference="334"/>
          <conceptReferenceTerm reference="93"/>
        </org.openmrs.ConceptMap>
        <org.openmrs.ConceptMap id="390" uuid="137888ABBBBBBBBBBBBBBBBBBBBBBBBBBBBB">
          <conceptMapType reference="28"/>
          <creator/>
          <changedBy/>
          <dateCreated id="391">2011-01-17 16:15:39</dateCreated>
          <conceptMapId>137888</conceptMapId>
          <concept reference="334"/>
          <conceptReferenceTerm id="392" resolves-to="org.openmrs.ConceptReferenceTerm" uuid="4e5d8c91-8800-3df2-8afe-8221ce2e5e42">
            <creator/>
            <dateCreated id="394">2011-01-17 00:00:00</dateCreated>
            <changedBy/>
            <dateChanged id="395">2013-02-28 14:10:48</dateChanged>
            <retired>false</retired>
            <conceptReferenceTermId>137888</conceptReferenceTermId>
            <conceptSource reference="135"/>
            <code>ETHAMBUTOL</code>
            <conceptReferenceTermMaps id="396"/>
          </conceptReferenceTerm>
        </org.openmrs.ConceptMap>
        <org.openmrs.ConceptMap id="397" uuid="135195ABBBBBBBBBBBBBBBBBBBBBBBBBBBBB">
          <conceptMapType reference="28"/>
          <creator/>
          <changedBy/>
          <dateCreated id="398">2010-10-24 13:09:59</dateCreated>
          <conceptMapId>135195</conceptMapId>
          <concept reference="334"/>
          <conceptReferenceTerm reference="86"/>
        </org.openmrs.ConceptMap>
        <org.openmrs.ConceptMap id="399" uuid="135201ABBBBBBBBBBBBBBBBBBBBBBBBBBBBB">
          <conceptMapType reference="28"/>
          <creator/>
          <changedBy/>
          <dateCreated id="400">2010-10-24 13:09:59</dateCreated>
          <conceptMapId>135201</conceptMapId>
          <concept reference="334"/>
          <conceptReferenceTerm reference="110"/>
        </org.openmrs.ConceptMap>
      </conceptMappings>
    </concept>
  </org.openmrs.Drug>
  <org.openmrs.Drug id="401" uuid="97810e6b-cfcf-44fa-b63c-5d3e12cbe8d7">
    <name>Isoniazid (75mg)</name>
    <creator/>
    <dateCreated id="402">2013-02-25 16:05:13</dateCreated>
    <retired>false</retired>
    <drugId>5</drugId>
    <combination>true</combination>
    <dosageForm reference="4"/>
    <doseStrength>75.0</doseStrength>
    <units>mg</units>
    <concept id="403" resolves-to="org.openmrs.Concept" uuid="78280AAAAAAAAAAAAAAAAAAAAAAAAAAAAAAA">
      <conceptId>78280</conceptId>
      <retired>false</retired>
      <datatype reference="6"/>
      <conceptClass reference="63"/>
      <set>false</set>
      <creator/>
      <dateCreated id="405">2006-12-17 00:00:00</dateCreated>
      <changedBy/>
      <dateChanged id="406">2013-02-28 14:10:48</dateChanged>
      <names class="set" id="407">
        <org.openmrs.ConceptName id="408" uuid="98233BBBBBBBBBBBBBBBBBBBBBBBBBBBBBBB">
          <conceptNameId>98233</conceptNameId>
          <concept reference="403"/>
          <name>Soniazio</name>
          <locale id="409">en</locale>
          <creator/>
          <dateCreated id="410">2007-10-18 09:35:54</dateCreated>
          <voided>false</voided>
          <tags class="set" id="411"/>
          <localePreferred>false</localePreferred>
        </org.openmrs.ConceptName>
        <org.openmrs.ConceptName id="412" uuid="6234BBBBBBBBBBBBBBBBBBBBBBBBBBBBBBBB">
          <conceptNameId>6234</conceptNameId>
          <concept reference="403"/>
          <name>ISONIAZID</name>
          <locale id="413">en</locale>
          <creator/>
          <dateCreated id="414">2006-12-17 00:00:00</dateCreated>
          <voided>false</voided>
          <tags class="set" id="415"/>
          <conceptNameType>FULLY_SPECIFIED</conceptNameType>
          <localePreferred>true</localePreferred>
        </org.openmrs.ConceptName>
        <org.openmrs.ConceptName id="416" uuid="99380BBBBBBBBBBBBBBBBBBBBBBBBBBBBBBB">
          <conceptNameId>99380</conceptNameId>
          <concept reference="403"/>
          <name>Tubizid</name>
          <locale id="417">en</locale>
          <creator/>
          <dateCreated id="418">2007-10-18 09:35:54</dateCreated>
          <voided>false</voided>
          <tags class="set" id="419"/>
          <localePreferred>false</localePreferred>
        </org.openmrs.ConceptName>
        <org.openmrs.ConceptName id="420" uuid="107647BBBBBBBBBBBBBBBBBBBBBBBBBBBBBB">
          <conceptNameId>107647</conceptNameId>
          <concept reference="403"/>
          <name>INH</name>
          <locale id="421">en</locale>
          <creator/>
          <dateCreated id="422">2011-01-17 16:10:35</dateCreated>
          <voided>false</voided>
          <tags class="set" id="423"/>
          <conceptNameType>SHORT</conceptNameType>
          <localePreferred>false</localePreferred>
        </org.openmrs.ConceptName>
        <org.openmrs.ConceptName id="424" uuid="95598BBBBBBBBBBBBBBBBBBBBBBBBBBBBBBB">
          <conceptNameId>95598</conceptNameId>
          <concept reference="403"/>
          <name>Nydrazid</name>
          <locale id="425">en</locale>
          <creator/>
          <dateCreated id="426">2007-10-18 09:35:54</dateCreated>
          <voided>false</voided>
          <tags class="set" id="427"/>
          <localePreferred>false</localePreferred>
        </org.openmrs.ConceptName>
      </names>
      <answers class="set" id="428"/>
      <conceptSets class="set" id="429"/>
      <descriptions class="set" id="430">
        <org.openmrs.ConceptDescription id="431" uuid="16532FFFFFFFFFFFFFFFFFFFFFFFFFFFFFFF">
          <conceptDescriptionId>16532</conceptDescriptionId>
          <concept reference="403"/>
          <description>A crystalline antibacterial compound (C6H7N3O) used in the treatment of tuberculosis.</description>
          <locale id="432">en</locale>
          <creator/>
          <dateCreated id="433">2011-01-17 16:10:48</dateCreated>
          <changedBy/>
          <dateChanged id="434">2013-02-28 14:10:48</dateChanged>
        </org.openmrs.ConceptDescription>
      </descriptions>
      <conceptMappings class="set" id="435">
        <org.openmrs.ConceptMap id="436" uuid="135208ABBBBBBBBBBBBBBBBBBBBBBBBBBBBB">
          <conceptMapType reference="28"/>
          <creator/>
          <changedBy/>
          <dateCreated id="437">2010-10-24 13:09:59</dateCreated>
          <conceptMapId>135208</conceptMapId>
          <concept reference="403"/>
          <conceptReferenceTerm reference="117"/>
        </org.openmrs.ConceptMap>
        <org.openmrs.ConceptMap id="438" uuid="134448ABBBBBBBBBBBBBBBBBBBBBBBBBBBBB">
          <conceptMapType reference="28"/>
          <creator/>
          <changedBy/>
          <dateCreated id="439">2010-10-24 13:09:59</dateCreated>
          <conceptMapId>134448</conceptMapId>
          <concept reference="403"/>
          <conceptReferenceTerm id="440" resolves-to="org.openmrs.ConceptReferenceTerm" uuid="dc0c23d1-0d04-3d4b-833b-b5c4c1f98f9e">
            <creator/>
            <dateCreated id="442">2010-10-24 00:00:00</dateCreated>
            <changedBy/>
            <dateChanged id="443">2013-02-28 14:10:48</dateChanged>
            <retired>false</retired>
            <conceptReferenceTermId>134448</conceptReferenceTermId>
            <conceptSource reference="47"/>
            <code>750</code>
            <conceptReferenceTermMaps id="444"/>
          </conceptReferenceTerm>
        </org.openmrs.ConceptMap>
        <org.openmrs.ConceptMap id="445" uuid="135202ABBBBBBBBBBBBBBBBBBBBBBBBBBBBB">
          <conceptMapType reference="28"/>
          <creator/>
          <changedBy/>
          <dateCreated id="446">2010-10-24 13:09:59</dateCreated>
          <conceptMapId>135202</conceptMapId>
          <concept reference="403"/>
          <conceptReferenceTerm reference="110"/>
        </org.openmrs.ConceptMap>
        <org.openmrs.ConceptMap id="447" uuid="134371ABBBBBBBBBBBBBBBBBBBBBBBBBBBBB">
          <conceptMapType reference="28"/>
          <creator/>
          <changedBy/>
          <dateCreated id="448">2010-10-24 13:09:59</dateCreated>
          <conceptMapId>134371</conceptMapId>
          <concept reference="403"/>
          <conceptReferenceTerm id="449" resolves-to="org.openmrs.ConceptReferenceTerm" uuid="413897c8-1a78-3477-8400-91fcd46221f7">
            <creator/>
            <dateCreated id="451">2010-10-24 00:00:00</dateCreated>
            <changedBy/>
            <dateChanged id="452">2013-02-28 14:10:48</dateChanged>
            <retired>false</retired>
            <conceptReferenceTermId>134371</conceptReferenceTermId>
            <conceptSource reference="47"/>
            <code>656</code>
            <conceptReferenceTermMaps id="453"/>
          </conceptReferenceTerm>
        </org.openmrs.ConceptMap>
        <org.openmrs.ConceptMap id="454" uuid="138822ABBBBBBBBBBBBBBBBBBBBBBBBBBBBB">
          <conceptMapType reference="28"/>
          <creator/>
          <changedBy/>
          <dateCreated id="455">2011-02-02 00:21:47</dateCreated>
          <conceptMapId>138822</conceptMapId>
          <concept reference="403"/>
          <conceptReferenceTerm id="456" resolves-to="org.openmrs.ConceptReferenceTerm" uuid="dd6adeb0-f8a4-3a0d-b6f1-cb3904e4facc">
            <creator/>
            <dateCreated id="458">2011-02-02 00:00:00</dateCreated>
            <changedBy/>
            <dateChanged id="459">2013-02-28 14:10:48</dateChanged>
            <retired>false</retired>
            <conceptReferenceTermId>138822</conceptReferenceTermId>
            <conceptSource reference="37"/>
            <code>81335000</code>
            <conceptReferenceTermMaps id="460"/>
          </conceptReferenceTerm>
        </org.openmrs.ConceptMap>
        <org.openmrs.ConceptMap id="461" uuid="135217ABBBBBBBBBBBBBBBBBBBBBBBBBBBBB">
          <conceptMapType reference="28"/>
          <creator/>
          <changedBy/>
          <dateCreated id="462">2010-10-24 13:09:59</dateCreated>
          <conceptMapId>135217</conceptMapId>
          <concept reference="403"/>
          <conceptReferenceTerm reference="93"/>
        </org.openmrs.ConceptMap>
        <org.openmrs.ConceptMap id="463" uuid="137882ABBBBBBBBBBBBBBBBBBBBBBBBBBBBB">
          <conceptMapType reference="28"/>
          <creator/>
          <changedBy/>
          <dateCreated id="464">2011-01-17 16:10:35</dateCreated>
          <conceptMapId>137882</conceptMapId>
          <concept reference="403"/>
          <conceptReferenceTerm id="465" resolves-to="org.openmrs.ConceptReferenceTerm" uuid="fe6d72de-9613-3fc2-a1b1-8d7abe93944c">
            <creator/>
            <dateCreated id="467">2011-01-17 00:00:00</dateCreated>
            <changedBy/>
            <dateChanged id="468">2013-02-28 14:10:48</dateChanged>
            <retired>false</retired>
            <conceptReferenceTermId>137882</conceptReferenceTermId>
            <conceptSource reference="135"/>
            <code>ISONIAZID</code>
            <conceptReferenceTermMaps id="469"/>
          </conceptReferenceTerm>
        </org.openmrs.ConceptMap>
        <org.openmrs.ConceptMap id="470" uuid="135213ABBBBBBBBBBBBBBBBBBBBBBBBBBBBB">
          <conceptMapType reference="28"/>
          <creator/>
          <changedBy/>
          <dateCreated id="471">2010-10-24 13:09:59</dateCreated>
          <conceptMapId>135213</conceptMapId>
          <concept reference="403"/>
          <conceptReferenceTerm reference="124"/>
        </org.openmrs.ConceptMap>
        <org.openmrs.ConceptMap id="472" uuid="135196ABBBBBBBBBBBBBBBBBBBBBBBBBBBBB">
          <conceptMapType reference="28"/>
          <creator/>
          <changedBy/>
          <dateCreated id="473">2010-10-24 13:09:59</dateCreated>
          <conceptMapId>135196</conceptMapId>
          <concept reference="403"/>
          <conceptReferenceTerm reference="86"/>
        </org.openmrs.ConceptMap>
        <org.openmrs.ConceptMap id="474" uuid="129803ABBBBBBBBBBBBBBBBBBBBBBBBBBBBB">
          <conceptMapType reference="28"/>
          <creator/>
          <changedBy/>
          <dateCreated id="475">2010-04-27 12:02:49</dateCreated>
          <conceptMapId>129803</conceptMapId>
          <concept reference="403"/>
          <conceptReferenceTerm id="476" resolves-to="org.openmrs.ConceptReferenceTerm" uuid="eba93c0b-ce3c-301b-863d-73f112e26d96">
            <creator/>
            <dateCreated id="478">2010-04-27 00:00:00</dateCreated>
            <changedBy/>
            <dateChanged id="479">2013-02-28 14:10:48</dateChanged>
            <retired>false</retired>
            <conceptReferenceTermId>129803</conceptReferenceTermId>
            <conceptSource reference="104"/>
            <code>6038</code>
            <conceptReferenceTermMaps id="480"/>
          </conceptReferenceTerm>
        </org.openmrs.ConceptMap>
        <org.openmrs.ConceptMap id="481" uuid="143575ABBBBBBBBBBBBBBBBBBBBBBBBBBBBB">
          <conceptMapType reference="28"/>
          <creator/>
          <changedBy/>
          <dateCreated id="482">2011-05-15 13:58:07</dateCreated>
          <conceptMapId>143575</conceptMapId>
          <concept reference="403"/>
          <conceptReferenceTerm id="483" resolves-to="org.openmrs.ConceptReferenceTerm" uuid="97057652-6c31-3897-9ab6-4f7b9d6707f4">
            <creator/>
            <dateCreated id="485">2011-05-15 00:00:00</dateCreated>
            <changedBy/>
            <dateChanged id="486">2013-02-28 14:10:48</dateChanged>
            <retired>false</retired>
            <conceptReferenceTermId>143575</conceptReferenceTermId>
            <conceptSource reference="57"/>
            <code>656</code>
            <conceptReferenceTermMaps id="487"/>
          </conceptReferenceTerm>
        </org.openmrs.ConceptMap>
      </conceptMappings>
    </concept>
  </org.openmrs.Drug>
  <org.openmrs.Drug id="488" uuid="9a012906-3778-4e2e-848f-e0272bfe9e27">
    <name>Isoniazid (30mg)</name>
    <creator/>
    <dateCreated id="489">2013-02-25 16:05:54</dateCreated>
    <retired>false</retired>
    <drugId>6</drugId>
    <combination>true</combination>
    <doseStrength>30.0</doseStrength>
    <units>mg</units>
    <concept reference="403"/>
  </org.openmrs.Drug>
  <org.openmrs.Drug id="490" uuid="a74fefc6-931d-47b9-b282-5d6c8c8d8060">
    <name>Rifampicin (150mg)</name>
    <creator/>
    <dateCreated id="491">2013-02-25 16:02:57</dateCreated>
    <dateChanged id="492">2013-02-25 16:05:23</dateChanged>
    <retired>false</retired>
    <drugId>7</drugId>
    <combination>true</combination>
    <dosageForm reference="4"/>
    <doseStrength>150.0</doseStrength>
    <units>mg</units>
    <concept reference="236"/>
  </org.openmrs.Drug>
  <org.openmrs.Drug id="493" uuid="c97032a4-2136-4e92-8ff8-3fc6faab4133">
    <name>Pyrazinamide (150mg)</name>
    <creator/>
    <dateCreated id="494">2013-02-25 16:07:21</dateCreated>
    <retired>false</retired>
    <drugId>8</drugId>
    <combination>true</combination>
    <doseStrength>150.0</doseStrength>
    <units>mg</units>
    <concept reference="61"/>
  </org.openmrs.Drug>
</list>
