<?xml version="1.0" encoding="UTF-8"?>
<list id="1">
  <org.openmrs.VisitType id="2" uuid="73bbb069-9781-4afc-a9d1-54b6b2270e01">
    <name>Outpatient Consult</name>
    <description>Patient came for a general consult</description>
    <creator/>
    <dateCreated id="3">2011-12-09 00:00:00</dateCreated>
    <changedBy/>
    <dateChanged id="4">2012-05-14 12:02:12</dateChanged>
    <retired>false</retired>
    <visitTypeId>1</visitTypeId>
  </org.openmrs.VisitType>
  <org.openmrs.VisitType id="5" uuid="73bbb069-9781-4afc-a9d1-54b6b2270e02">
    <name>Hospitalization</name>
    <description>Patient was admitted to the hospital</description>
    <creator/>
    <dateCreated id="6">2011-12-09 00:00:00</dateCreated>
    <changedBy/>
    <dateChanged id="7">2012-05-14 12:02:12</dateChanged>
    <retired>false</retired>
    <visitTypeId>2</visitTypeId>
  </org.openmrs.VisitType>
  <org.openmrs.VisitType id="8" uuid="a74032ac-9624-11e1-bc86-da3a922f3783">
    <name>HIV Consult</name>
    <description>Patient came for an HIV consult</description>
    <creator/>
    <dateCreated id="9">2012-05-04 13:20:18</dateCreated>
    <changedBy/>
    <dateChanged id="10">2012-05-14 12:02:12</dateChanged>
    <retired>false</retired>
    <visitTypeId>3</visitTypeId>
  </org.openmrs.VisitType>
  <org.openmrs.EncounterType id="11" uuid="94ad2b98-5f0a-4eee-96e4-446412bf5306">
    <name>HIV Consult</name>
    <description>Initial or followup consultation in HIV clinic</description>
    <creator/>
    <dateCreated id="12">2012-05-14 12:08:06</dateCreated>
    <retired>false</retired>
    <encounterTypeId>6</encounterTypeId>
  </org.openmrs.EncounterType>
  <org.openmrs.EncounterType id="13" uuid="f2f4760e-0539-4461-ae0e-128e6b679882">
    <name>Primary Care Consult</name>
    <description>Consult in primary care clinic</description>
    <creator/>
    <dateCreated id="14">2012-05-14 12:08:37</dateCreated>
    <retired>false</retired>
    <encounterTypeId>7</encounterTypeId>
  </org.openmrs.EncounterType>
  <org.openmrs.EncounterType id="15" uuid="88bdd354-2310-4e63-b8fb-953e56969ca3">
    <name>HIV Exit from Care</name>
    <description>Records Exit-from-Care in the HIV program, either by transfer, death, or loss-to-followup.</description>
    <creator/>
    <dateCreated id="16">2012-05-14 12:09:31</dateCreated>
    <retired>false</retired>
    <encounterTypeId>8</encounterTypeId>
  </org.openmrs.EncounterType>
  <org.openmrs.EncounterType id="17" uuid="cb93cdea-6d03-4283-9996-c9f3dc77cec3">
    <name>HIV Registration</name>
    <description>Initial data collection for the HIV program</description>
    <creator/>
    <dateCreated id="18">2012-05-14 12:07:17</dateCreated>
    <retired>false</retired>
    <encounterTypeId>5</encounterTypeId>
  </org.openmrs.EncounterType>
  <org.openmrs.EncounterRole id="19" uuid="73bbb069-9781-4afc-a9d1-54b6b2270e04">
    <name>Nurse</name>
    <description>A Nurse encounter role</description>
    <creator/>
    <dateCreated id="20">2011-12-09 00:00:00</dateCreated>
    <retired>false</retired>
    <encounterRoleId>2</encounterRoleId>
  </org.openmrs.EncounterRole>
  <org.openmrs.EncounterRole id="21" uuid="73bbb069-9781-4afc-a9d1-54b6b2270e03">
    <name>Doctor</name>
    <description>A Doctor encounter role</description>
    <creator/>
    <dateCreated id="22">2011-12-09 00:00:00</dateCreated>
    <retired>false</retired>
    <encounterRoleId>1</encounterRoleId>
  </org.openmrs.EncounterRole>
  <org.openmrs.EncounterRole id="23" uuid="a0b03050-c99b-11e0-9572-0800200c9a66">
    <name>Unknown</name>
    <description>Unknown encounter role for legacy providers with no encounter role set</description>
    <creator/>
    <dateCreated id="24">2011-08-18 14:00:00</dateCreated>
    <retired>false</retired>
    <encounterRoleId>3</encounterRoleId>
  </org.openmrs.EncounterRole>
</list>
