<?xml version="1.0" encoding="UTF-8"?>
<list id="1">
  <org.openmrs.PatientIdentifierType id="2" uuid="05ee9cf4-7242-4a17-b4d4-00f707265c8a">
    <name>Unique Patient Number</name>
    <description>Assigned to every HIV patient, from the facility code (from the master facility list) and a sequential number</description>
    <creator/>
    <dateCreated id="3">2012-06-25 01:43:42</dateCreated>
    <retired>false</retired>
    <patientIdentifierTypeId>3</patientIdentifierTypeId>
    <format>\d+</format>
    <required>false</required>
    <formatDescription>facility code, followed by sequential number</formatDescription>
    <checkDigit>false</checkDigit>
    <locationBehavior>NOT_USED</locationBehavior>
  </org.openmrs.PatientIdentifierType>
  <org.openmrs.PatientIdentifierType id="4" uuid="dfacd928-0370-4315-99d7-6ec1c9f7ae76">
    <name>OpenMRS ID</name>
    <description>Medical Record Number, generated by OpenMRS for every patient record</description>
    <creator/>
    <dateCreated id="5">2012-06-25 01:44:50</dateCreated>
    <retired>false</retired>
    <patientIdentifierTypeId>4</patientIdentifierTypeId>
    <required>true</required>
    <checkDigit>true</checkDigit>
    <validator>org.openmrs.module.idgen.validator.LuhnMod25IdentifierValidator</validator>
    <locationBehavior>REQUIRED</locationBehavior>
  </org.openmrs.PatientIdentifierType>
  <org.openmrs.PatientIdentifierType id="6" uuid="b4d66522-11fc-45c7-83e3-39a1af21ae0d">
    <name>Patient Clinic Number</name>
    <description>Identifier assigned to the patient at a clinic service. (Not necessarily unique.)</description>
    <creator/>
    <dateCreated id="7">2012-06-25 02:35:39</dateCreated>
    <retired>false</retired>
    <patientIdentifierTypeId>5</patientIdentifierTypeId>
    <required>false</required>
    <checkDigit>false</checkDigit>
    <locationBehavior>REQUIRED</locationBehavior>
  </org.openmrs.PatientIdentifierType>
  <org.openmrs.LocationAttributeType id="8" uuid="8a845a89-6aa5-4111-81d3-0af31c45c002">
    <name>Master Facility Code</name>
    <description>Code for linking to the Ministry of Health&apos;s Master Facility List.&#xd;
(This is a sequential number allocated to each facility when it is added to the master list, allocated by the central database of the ministry.)</description>
    <creator/>
    <dateCreated id="9">2012-06-18 23:33:24</dateCreated>
    <retired>false</retired>
    <minOccurs>0</minOccurs>
    <maxOccurs>1</maxOccurs>
    <datatypeClassname>org.openmrs.customdatatype.datatype.RegexValidatedTextDatatype</datatypeClassname>
    <datatypeConfig>\d{5}</datatypeConfig>
    <locationAttributeTypeId>1</locationAttributeTypeId>
  </org.openmrs.LocationAttributeType>
  <org.openmrs.VisitType id="10" uuid="3371a4d4-f66f-4454-a86d-92c7b3da990c">
    <name>Outpatient</name>
    <description>Visit where the patient is not admitted to the hospital.</description>
    <creator/>
    <dateCreated id="11">2012-06-25 01:38:30</dateCreated>
    <retired>false</retired>
    <visitTypeId>4</visitTypeId>
  </org.openmrs.VisitType>
  <org.openmrs.PersonAttributeType id="12" uuid="b2c38640-2603-4629-aebd-3b54f33f1e3a">
    <name>Telephone Contact</name>
    <description>Telephone number the patient can be contacted at</description>
    <creator/>
    <dateCreated id="13">2012-06-26 06:50:58</dateCreated>
    <retired>false</retired>
    <personAttributeTypeId>8</personAttributeTypeId>
    <format>java.lang.String</format>
    <sortWeight>1.0</sortWeight>
    <searchable>false</searchable>
  </org.openmrs.PersonAttributeType>
  <org.openmrs.PersonAttributeType id="14" uuid="342a1d39-c541-4b29-8818-930916f4c2dc">
    <name>Next of Kin contact</name>
    <description>The contact of next of kin</description>
    <creator/>
    <dateCreated id="15">2012-11-22 07:39:00</dateCreated>
    <retired>false</retired>
    <personAttributeTypeId>11</personAttributeTypeId>
    <format>java.lang.String</format>
    <sortWeight>4.0</sortWeight>
    <searchable>false</searchable>
  </org.openmrs.PersonAttributeType>
  <org.openmrs.PersonAttributeType id="16" uuid="d0aa9fd1-2ac5-45d8-9c5e-4317c622c8f5">
    <name>Next of Kin relationship</name>
    <description>Next of kin relationship to the patient</description>
    <creator/>
    <dateCreated id="17">2012-11-22 07:41:05</dateCreated>
    <changedBy/>
    <dateChanged id="18">2012-12-09 09:31:23</dateChanged>
    <retired>false</retired>
    <personAttributeTypeId>12</personAttributeTypeId>
    <format>java.lang.String</format>
    <foreignKey>1530</foreignKey>
    <sortWeight>5.0</sortWeight>
    <searchable>false</searchable>
  </org.openmrs.PersonAttributeType>
  <org.openmrs.PersonAttributeType id="19" uuid="7cf22bec-d90a-46ad-9f48-035952261294">
    <name>Next of Kin address</name>
    <description>The address of the next of kin</description>
    <creator/>
    <dateCreated id="20">2012-11-22 07:42:58</dateCreated>
    <retired>false</retired>
    <personAttributeTypeId>13</personAttributeTypeId>
    <format>java.lang.String</format>
    <sortWeight>6.0</sortWeight>
    <searchable>false</searchable>
  </org.openmrs.PersonAttributeType>
  <org.openmrs.PersonAttributeType id="21" uuid="73d34479-2f9e-4de3-a5e6-1f79a17459bb">
    <name>National Id Number</name>
    <description>This represent the national Identity number for patients</description>
    <creator/>
    <dateCreated id="22">2012-11-20 11:34:51</dateCreated>
    <changedBy/>
    <dateChanged id="23">2012-11-20 13:16:20</dateChanged>
    <retired>false</retired>
    <personAttributeTypeId>9</personAttributeTypeId>
    <format>java.lang.String</format>
    <sortWeight>2.0</sortWeight>
    <searchable>false</searchable>
  </org.openmrs.PersonAttributeType>
  <org.openmrs.PersonAttributeType id="24" uuid="830bef6d-b01f-449d-9f8d-ac0fede8dbd3">
    <name>Name of Next of Kin</name>
    <description>This attribute will hold the name of next of kin</description>
    <creator/>
    <dateCreated id="25">2012-11-22 07:38:11</dateCreated>
    <retired>false</retired>
    <personAttributeTypeId>10</personAttributeTypeId>
    <format>java.lang.String</format>
    <sortWeight>3.0</sortWeight>
    <searchable>false</searchable>
  </org.openmrs.PersonAttributeType>
  <org.openmrs.EncounterType id="26" uuid="abfb143c-5b49-41e5-9ead-f47ee4cc57cf">
    <name>Check out</name>
    <description>Recording data as the patient completes a visit.</description>
    <creator/>
    <dateCreated id="27">2012-06-26 06:16:59</dateCreated>
    <retired>false</retired>
    <encounterTypeId>9</encounterTypeId>
  </org.openmrs.EncounterType>
  <org.openmrs.EncounterType id="28" uuid="d1059fb9-a079-4feb-a749-eedd709ae542">
    <name>Triage</name>
    <description>Collection of limited patient data, prior to a more thorough examination</description>
    <creator/>
    <dateCreated id="29">2012-06-26 06:15:56</dateCreated>
    <retired>false</retired>
    <encounterTypeId>8</encounterTypeId>
  </org.openmrs.EncounterType>
  <org.openmrs.EncounterType id="30" uuid="de78a6be-bfc5-4634-adc3-5f1a280455cc">
    <name>HIV Registration</name>
    <description>Initial data collection for the HIV program</description>
    <creator/>
    <dateCreated id="31">2012-06-26 06:15:01</dateCreated>
    <retired>false</retired>
    <encounterTypeId>7</encounterTypeId>
  </org.openmrs.EncounterType>
  <org.openmrs.EncounterType id="32" uuid="a0034eee-1940-4e35-847f-97537a35d05e">
    <name>HIV Consultation</name>
    <description>Collection of HIV-specific data during the main consultation</description>
    <creator/>
    <dateCreated id="33">2012-06-26 06:20:28</dateCreated>
    <retired>false</retired>
    <encounterTypeId>11</encounterTypeId>
  </org.openmrs.EncounterType>
  <org.openmrs.EncounterType id="34" uuid="94af1829-2f76-41d4-baf6-3f21dec66ae7">
    <name>HIV Retrospective Summary</name>
    <description>HIV visit summary entered retrospectively</description>
    <creator/>
    <dateCreated id="35">2013-01-14 21:52:18</dateCreated>
    <retired>false</retired>
    <encounterTypeId>13</encounterTypeId>
  </org.openmrs.EncounterType>
  <org.openmrs.EncounterType id="36" uuid="17a381d1-7e29-406a-b782-aa903b963c28">
    <name>Lab Results</name>
    <description>Report of laboratory results</description>
    <creator/>
    <dateCreated id="37">2012-06-26 06:44:26</dateCreated>
    <retired>false</retired>
    <encounterTypeId>12</encounterTypeId>
  </org.openmrs.EncounterType>
  <org.openmrs.EncounterType id="38" uuid="465a92f2-baf8-42e9-9612-53064be868e8">
    <name>Consultation</name>
    <description>Collection of clinical data during the main consultation</description>
    <creator/>
    <dateCreated id="39">2012-06-26 06:19:31</dateCreated>
    <retired>false</retired>
    <encounterTypeId>10</encounterTypeId>
  </org.openmrs.EncounterType>
  <org.openmrs.EncounterType id="40" uuid="de1f9d67-b73e-4e1b-90d0-036166fc6995">
    <name>Registration</name>
    <description>Initial data collection for a patient, not specific to any program.</description>
    <creator/>
    <dateCreated id="41">2012-06-26 06:14:17</dateCreated>
    <retired>false</retired>
    <encounterTypeId>6</encounterTypeId>
  </org.openmrs.EncounterType>
  <org.openmrs.Program id="42" uuid="9f144a34-3a4a-44a9-8486-6b7af6cc64f6">
    <name>TB Program</name>
    <description>TB Treatment Program</description>
    <creator/>
    <dateCreated id="43">2012-09-13 01:03:07</dateCreated>
    <retired>false</retired>
    <programId>2</programId>
    <concept id="44" resolves-to="org.openmrs.Concept" uuid="160541AAAAAAAAAAAAAAAAAAAAAAAAAAAAAA">
      <conceptId>160541</conceptId>
      <retired>false</retired>
      <retiredBy/>
      <datatype id="46" resolves-to="org.openmrs.ConceptDatatype" uuid="8d4a4c94-c2cc-11de-8d13-0010c6dffd0f">
        <name>N/A</name>
        <description>Not associated with a datatype (e.g., term answers, sets)</description>
        <creator/>
        <dateCreated id="48">2004-02-02 00:00:00</dateCreated>
        <retired>false</retired>
        <retiredBy/>
        <conceptDatatypeId>4</conceptDatatypeId>
        <hl7Abbreviation>ZZ</hl7Abbreviation>
      </datatype>
      <conceptClass id="49" resolves-to="org.openmrs.ConceptClass" uuid="8d492774-c2cc-11de-8d13-0010c6dffd0f">
        <name>Misc</name>
        <description>Terms which don&apos;t fit other categories</description>
        <creator/>
        <dateCreated id="51">2004-03-02 00:00:00</dateCreated>
        <retired>false</retired>
        <retiredBy/>
        <conceptClassId>11</conceptClassId>
      </conceptClass>
      <set>false</set>
      <version></version>
      <creator/>
      <dateCreated id="52">2012-06-14 16:17:34</dateCreated>
      <changedBy/>
      <dateChanged id="53">2012-06-15 14:16:18</dateChanged>
      <names class="set" id="54">
        <org.openmrs.ConceptName id="55" uuid="108876BBBBBBBBBBBBBBBBBBBBBBBBBBBBBB">
          <conceptNameId>108876</conceptNameId>
          <concept reference="44"/>
          <name>Tuberculosis treatment program</name>
          <locale id="56">en</locale>
          <creator/>
          <dateCreated id="57">2012-06-14 16:17:34</dateCreated>
          <voided>false</voided>
          <voidedBy/>
          <tags class="set" id="58"/>
          <conceptNameType>FULLY_SPECIFIED</conceptNameType>
          <localePreferred>false</localePreferred>
        </org.openmrs.ConceptName>
        <org.openmrs.ConceptName id="59" uuid="108877BBBBBBBBBBBBBBBBBBBBBBBBBBBBBB">
          <conceptNameId>108877</conceptNameId>
          <concept reference="44"/>
          <name>TB Program</name>
          <locale id="60">en</locale>
          <creator/>
          <dateCreated id="61">2012-06-14 16:17:34</dateCreated>
          <voided>false</voided>
          <voidedBy/>
          <tags class="set" id="62"/>
          <conceptNameType>SHORT</conceptNameType>
          <localePreferred>false</localePreferred>
        </org.openmrs.ConceptName>
        <org.openmrs.ConceptName id="63" uuid="108980BBBBBBBBBBBBBBBBBBBBBBBBBBBBBB">
          <conceptNameId>108980</conceptNameId>
          <concept reference="44"/>
          <name>PROGRAMME DE LA TUBERCULOSE</name>
          <locale id="64">fr</locale>
          <creator/>
          <dateCreated id="65">2012-06-15 14:16:18</dateCreated>
          <voided>false</voided>
          <voidedBy/>
          <tags class="set" id="66"/>
          <conceptNameType>FULLY_SPECIFIED</conceptNameType>
          <localePreferred>false</localePreferred>
        </org.openmrs.ConceptName>
      </names>
      <answers class="set" id="67"/>
      <conceptSets class="set" id="68"/>
      <descriptions class="set" id="69"/>
      <conceptMappings class="set" id="70">
        <org.openmrs.ConceptMap id="71" uuid="144621ABBBBBBBBBBBBBBBBBBBBBBBBBBBBB">
          <conceptMapType id="72" resolves-to="org.openmrs.ConceptMapType" uuid="43ac5109-7d8c-11e1-909d-c80aa9edcf4e">
            <name>NARROWER-THAN</name>
            <creator/>
            <dateCreated id="74">2012-07-10 00:00:00</dateCreated>
            <changedBy/>
            <retired>false</retired>
            <retiredBy/>
            <conceptMapTypeId>2</conceptMapTypeId>
            <isHidden>false</isHidden>
          </conceptMapType>
          <creator/>
          <changedBy/>
          <dateCreated id="75">2012-06-14 16:17:34</dateCreated>
          <conceptMapId>144621</conceptMapId>
          <concept reference="44"/>
          <conceptReferenceTerm id="76" resolves-to="org.openmrs.ConceptReferenceTerm" uuid="9b87ca0e-af71-3794-b312-7d5337cad9cf">
            <creator/>
            <dateCreated id="78">2012-06-14 00:00:00</dateCreated>
            <changedBy/>
            <retired>false</retired>
            <retiredBy/>
            <conceptReferenceTermId>144621</conceptReferenceTermId>
            <conceptSource id="79" resolves-to="org.openmrs.ConceptSource" uuid="2ADDDDDDDDDDDDDDDDDDDDDDDDDDDDDDDDDD">
              <name>SNOMED NP</name>
              <description>Non-preferred SNOMED CT mappings</description>
              <creator/>
              <dateCreated id="81">2010-04-25 11:12:44</dateCreated>
              <retired>false</retired>
              <retiredBy/>
              <conceptSourceId>2</conceptSourceId>
            </conceptSource>
            <code>401173007</code>
            <conceptReferenceTermMaps id="82"/>
          </conceptReferenceTerm>
        </org.openmrs.ConceptMap>
        <org.openmrs.ConceptMap id="83" uuid="144620ABBBBBBBBBBBBBBBBBBBBBBBBBBBBB">
          <conceptMapType id="84" resolves-to="org.openmrs.ConceptMapType" uuid="35543629-7d8c-11e1-909d-c80aa9edcf4e">
            <name>SAME-AS</name>
            <creator/>
            <dateCreated id="86">2012-07-10 00:00:00</dateCreated>
            <changedBy/>
            <retired>false</retired>
            <retiredBy/>
            <conceptMapTypeId>1</conceptMapTypeId>
            <isHidden>false</isHidden>
          </conceptMapType>
          <creator/>
          <changedBy/>
          <dateCreated id="87">2012-06-14 16:17:34</dateCreated>
          <conceptMapId>144620</conceptMapId>
          <concept reference="44"/>
          <conceptReferenceTerm id="88" resolves-to="org.openmrs.ConceptReferenceTerm" uuid="8ffc08c5-017e-373e-85a2-fec0ec7be865">
            <creator/>
            <dateCreated id="90">2012-06-14 00:00:00</dateCreated>
            <changedBy/>
            <retired>false</retired>
            <retiredBy/>
            <conceptReferenceTermId>144620</conceptReferenceTermId>
            <conceptSource id="91" resolves-to="org.openmrs.ConceptSource" uuid="1ADDDDDDDDDDDDDDDDDDDDDDDDDDDDDDDDDD">
              <name>SNOMED CT</name>
              <description>SNOMED Preferred mapping</description>
              <creator/>
              <dateCreated id="93">2009-11-19 20:19:16</dateCreated>
              <retired>false</retired>
              <retiredBy/>
              <conceptSourceId>1</conceptSourceId>
            </conceptSource>
            <code>1648</code>
            <conceptReferenceTermMaps id="94"/>
          </conceptReferenceTerm>
        </org.openmrs.ConceptMap>
      </conceptMappings>
    </concept>
    <outcomesConcept id="95" resolves-to="org.openmrs.Concept" uuid="160038AAAAAAAAAAAAAAAAAAAAAAAAAAAAAA">
      <conceptId>160038</conceptId>
      <retired>false</retired>
      <retiredBy/>
      <datatype reference="46"/>
      <conceptClass id="97" resolves-to="org.openmrs.ConceptClass" uuid="1edca11a-768a-102f-83f4-12313b04a615">
        <name>Workflow</name>
        <description>Workflow class</description>
        <creator/>
        <dateCreated id="99">2011-01-17 15:27:43</dateCreated>
        <retired>false</retired>
        <retiredBy/>
        <conceptClassId>16</conceptClassId>
      </conceptClass>
      <set>true</set>
      <version></version>
      <creator/>
      <dateCreated id="100">2011-01-17 21:01:10</dateCreated>
      <changedBy/>
      <names class="set" id="101">
        <org.openmrs.ConceptName id="102" uuid="107697BBBBBBBBBBBBBBBBBBBBBBBBBBBBBB">
          <conceptNameId>107697</conceptNameId>
          <concept reference="95"/>
          <name>MULTI-DRUG RESISTANT TUBERCULOSIS TREATMENT OUTCOME</name>
          <locale id="103">en</locale>
          <creator/>
          <dateCreated id="104">2011-01-17 21:01:10</dateCreated>
          <voided>false</voided>
          <voidedBy/>
          <tags class="set" id="105"/>
          <conceptNameType>FULLY_SPECIFIED</conceptNameType>
          <localePreferred>false</localePreferred>
        </org.openmrs.ConceptName>
      </names>
      <answers class="set" id="106"/>
      <conceptSets class="set" id="107">
        <org.openmrs.ConceptSet id="108" uuid="624AEEEEEEEEEEEEEEEEEEEEEEEEEEEEEEEE">
          <conceptSetId>624</conceptSetId>
          <concept id="109" resolves-to="org.openmrs.Concept" uuid="160034AAAAAAAAAAAAAAAAAAAAAAAAAAAAAA">
            <conceptId>160034</conceptId>
            <retired>false</retired>
            <retiredBy/>
            <datatype reference="46"/>
            <conceptClass id="111" resolves-to="org.openmrs.ConceptClass" uuid="1edca23c-768a-102f-83f4-12313b04a615">
              <name>State</name>
              <description>Workflow state</description>
              <creator/>
              <dateCreated id="113">2011-01-17 15:44:10</dateCreated>
              <retired>false</retired>
              <retiredBy/>
              <conceptClassId>17</conceptClassId>
            </conceptClass>
            <set>false</set>
            <version></version>
            <creator/>
            <dateCreated id="114">2011-01-17 20:51:42</dateCreated>
            <changedBy/>
            <dateChanged id="115">2011-01-17 20:53:23</dateChanged>
            <names class="set" id="116">
              <org.openmrs.ConceptName id="117" uuid="107693BBBBBBBBBBBBBBBBBBBBBBBBBBBBBB">
                <conceptNameId>107693</conceptNameId>
                <concept reference="109"/>
                <name>Died</name>
                <locale id="118">en</locale>
                <creator/>
                <dateCreated id="119">2011-01-17 20:51:42</dateCreated>
                <voided>false</voided>
                <voidedBy/>
                <tags class="set" id="120"/>
                <conceptNameType>FULLY_SPECIFIED</conceptNameType>
                <localePreferred>false</localePreferred>
              </org.openmrs.ConceptName>
            </names>
            <answers class="set" id="121"/>
            <conceptSets class="set" id="122"/>
            <descriptions class="set" id="123"/>
            <conceptMappings class="set" id="124">
              <org.openmrs.ConceptMap id="125" uuid="137924ABBBBBBBBBBBBBBBBBBBBBBBBBBBBB">
                <conceptMapType reference="84"/>
                <creator/>
                <changedBy/>
                <dateCreated id="126">2011-01-17 20:51:42</dateCreated>
                <conceptMapId>137924</conceptMapId>
                <concept reference="109"/>
                <conceptReferenceTerm id="127" resolves-to="org.openmrs.ConceptReferenceTerm" uuid="e84336dd-72b7-32e9-aced-e27dc74212ad">
                  <creator/>
                  <dateCreated id="129">2011-01-17 00:00:00</dateCreated>
                  <changedBy/>
                  <retired>false</retired>
                  <retiredBy/>
                  <conceptReferenceTermId>137924</conceptReferenceTermId>
                  <conceptSource id="130" resolves-to="org.openmrs.ConceptSource" uuid="ddb6b595-0b85-4a80-9243-efe4ba404eef">
                    <name>org.openmrs.module.mdrtb</name>
                    <description>The required concepts for the MDR-TB module</description>
                    <creator/>
                    <dateCreated id="132">2010-12-15 14:00:37</dateCreated>
                    <retired>false</retired>
                    <retiredBy/>
                    <conceptSourceId>15</conceptSourceId>
                  </conceptSource>
                  <code>DIED</code>
                  <conceptReferenceTermMaps id="133"/>
                </conceptReferenceTerm>
              </org.openmrs.ConceptMap>
              <org.openmrs.ConceptMap id="134" uuid="137927ABBBBBBBBBBBBBBBBBBBBBBBBBBBBB">
                <conceptMapType reference="84"/>
                <creator/>
                <changedBy/>
                <dateCreated id="135">2011-01-17 20:53:23</dateCreated>
                <conceptMapId>137927</conceptMapId>
                <concept reference="109"/>
                <conceptReferenceTerm id="136" resolves-to="org.openmrs.ConceptReferenceTerm" uuid="7d45de87-1519-3fba-9941-05dab01b8da1">
                  <creator/>
                  <dateCreated id="138">2010-12-05 00:00:00</dateCreated>
                  <changedBy/>
                  <retired>false</retired>
                  <retiredBy/>
                  <conceptReferenceTermId>137046</conceptReferenceTermId>
                  <conceptSource reference="91"/>
                  <code>397709008</code>
                  <conceptReferenceTermMaps id="139"/>
                </conceptReferenceTerm>
              </org.openmrs.ConceptMap>
            </conceptMappings>
          </concept>
          <conceptSet reference="95"/>
          <sortWeight>2.0</sortWeight>
          <creator/>
          <dateCreated id="140">2011-01-17 21:01:10</dateCreated>
        </org.openmrs.ConceptSet>
        <org.openmrs.ConceptSet id="141" uuid="623AEEEEEEEEEEEEEEEEEEEEEEEEEEEEEEEE">
          <conceptSetId>623</conceptSetId>
          <concept id="142" resolves-to="org.openmrs.Concept" uuid="160031AAAAAAAAAAAAAAAAAAAAAAAAAAAAAA">
            <conceptId>160031</conceptId>
            <retired>false</retired>
            <retiredBy/>
            <datatype reference="46"/>
            <conceptClass reference="111"/>
            <set>false</set>
            <version></version>
            <creator/>
            <dateCreated id="144">2011-01-17 20:43:11</dateCreated>
            <changedBy/>
            <names class="set" id="145">
              <org.openmrs.ConceptName id="146" uuid="107689BBBBBBBBBBBBBBBBBBBBBBBBBBBBBB">
                <conceptNameId>107689</conceptNameId>
                <concept reference="142"/>
                <name>DEFAULTED</name>
                <locale id="147">en</locale>
                <creator/>
                <dateCreated id="148">2011-01-17 20:43:11</dateCreated>
                <voided>false</voided>
                <voidedBy/>
                <tags class="set" id="149"/>
                <conceptNameType>FULLY_SPECIFIED</conceptNameType>
                <localePreferred>false</localePreferred>
              </org.openmrs.ConceptName>
            </names>
            <answers class="set" id="150"/>
            <conceptSets class="set" id="151"/>
            <descriptions class="set" id="152"/>
            <conceptMappings class="set" id="153">
              <org.openmrs.ConceptMap id="154" uuid="137917ABBBBBBBBBBBBBBBBBBBBBBBBBBBBB">
                <conceptMapType reference="84"/>
                <creator/>
                <changedBy/>
                <dateCreated id="155">2011-01-17 20:43:11</dateCreated>
                <conceptMapId>137917</conceptMapId>
                <concept reference="142"/>
                <conceptReferenceTerm id="156" resolves-to="org.openmrs.ConceptReferenceTerm" uuid="ac53128b-3ca3-3fbc-973e-369699331cc7">
                  <creator/>
                  <dateCreated id="158">2011-01-17 00:00:00</dateCreated>
                  <changedBy/>
                  <retired>false</retired>
                  <retiredBy/>
                  <conceptReferenceTermId>137917</conceptReferenceTermId>
                  <conceptSource reference="91"/>
                  <code>275694009</code>
                  <conceptReferenceTermMaps id="159"/>
                </conceptReferenceTerm>
              </org.openmrs.ConceptMap>
              <org.openmrs.ConceptMap id="160" uuid="137918ABBBBBBBBBBBBBBBBBBBBBBBBBBBBB">
                <conceptMapType reference="84"/>
                <creator/>
                <changedBy/>
                <dateCreated id="161">2011-01-17 20:43:11</dateCreated>
                <conceptMapId>137918</conceptMapId>
                <concept reference="142"/>
                <conceptReferenceTerm id="162" resolves-to="org.openmrs.ConceptReferenceTerm" uuid="4205192b-5557-35cb-bea3-c62c65335ed8">
                  <creator/>
                  <dateCreated id="164">2011-01-17 00:00:00</dateCreated>
                  <changedBy/>
                  <retired>false</retired>
                  <retiredBy/>
                  <conceptReferenceTermId>137918</conceptReferenceTermId>
                  <conceptSource reference="130"/>
                  <code>DEFAULTED</code>
                  <conceptReferenceTermMaps id="165"/>
                </conceptReferenceTerm>
              </org.openmrs.ConceptMap>
            </conceptMappings>
          </concept>
          <conceptSet reference="95"/>
          <sortWeight>1.0</sortWeight>
          <creator/>
          <dateCreated id="166">2011-01-17 21:01:10</dateCreated>
        </org.openmrs.ConceptSet>
        <org.openmrs.ConceptSet id="167" uuid="582AEEEEEEEEEEEEEEEEEEEEEEEEEEEEEEEE">
          <conceptSetId>582</conceptSetId>
          <concept id="168" resolves-to="org.openmrs.Concept" uuid="159791AAAAAAAAAAAAAAAAAAAAAAAAAAAAAA">
            <conceptId>159791</conceptId>
            <retired>false</retired>
            <retiredBy/>
            <datatype reference="46"/>
            <conceptClass id="170" resolves-to="org.openmrs.ConceptClass" uuid="8d4918b0-c2cc-11de-8d13-0010c6dffd0f">
              <name>Diagnosis</name>
              <description>Conclusion drawn through findings</description>
              <creator/>
              <dateCreated id="172">2004-02-02 00:00:00</dateCreated>
              <retired>false</retired>
              <retiredBy/>
              <conceptClassId>4</conceptClassId>
            </conceptClass>
            <set>false</set>
            <version></version>
            <creator/>
            <dateCreated id="173">2010-11-12 18:15:51</dateCreated>
            <changedBy/>
            <dateChanged id="174">2011-05-22 17:48:53</dateChanged>
            <names class="set" id="175">
              <org.openmrs.ConceptName id="176" uuid="107263BBBBBBBBBBBBBBBBBBBBBBBBBBBBBB">
                <conceptNameId>107263</conceptNameId>
                <concept reference="168"/>
                <name>cure, outcome</name>
                <locale id="177">en</locale>
                <creator/>
                <dateCreated id="178">2010-11-12 18:15:51</dateCreated>
                <voided>false</voided>
                <voidedBy/>
                <tags class="set" id="179"/>
                <conceptNameType>FULLY_SPECIFIED</conceptNameType>
                <localePreferred>false</localePreferred>
              </org.openmrs.ConceptName>
              <org.openmrs.ConceptName id="180" uuid="107380BBBBBBBBBBBBBBBBBBBBBBBBBBBBBB">
                <conceptNameId>107380</conceptNameId>
                <concept reference="168"/>
                <name>cure</name>
                <locale id="181">en</locale>
                <creator/>
                <dateCreated id="182">2010-11-23 18:34:39</dateCreated>
                <voided>false</voided>
                <voidedBy/>
                <tags class="set" id="183"/>
                <conceptNameType>SHORT</conceptNameType>
                <localePreferred>false</localePreferred>
              </org.openmrs.ConceptName>
              <org.openmrs.ConceptName id="184" uuid="107381BBBBBBBBBBBBBBBBBBBBBBBBBBBBBB">
                <conceptNameId>107381</conceptNameId>
                <concept reference="168"/>
                <name>cured</name>
                <locale id="185">en</locale>
                <creator/>
                <dateCreated id="186">2010-11-23 18:34:39</dateCreated>
                <voided>false</voided>
                <voidedBy/>
                <tags class="set" id="187"/>
                <localePreferred>false</localePreferred>
              </org.openmrs.ConceptName>
            </names>
            <answers class="set" id="188"/>
            <conceptSets class="set" id="189"/>
            <descriptions class="set" id="190">
              <org.openmrs.ConceptDescription id="191" uuid="16387FFFFFFFFFFFFFFFFFFFFFFFFFFFFFFF">
                <conceptDescriptionId>16387</conceptDescriptionId>
                <concept reference="168"/>
                <description>treatment of the disease successfully terminated the problem. Can be generalized to all the diseases as a outcome of the treatment.</description>
                <locale id="192">en</locale>
                <creator/>
                <dateCreated id="193">2010-11-12 18:15:51</dateCreated>
                <changedBy/>
              </org.openmrs.ConceptDescription>
            </descriptions>
            <conceptMappings class="set" id="194">
              <org.openmrs.ConceptMap id="195" uuid="136700ABBBBBBBBBBBBBBBBBBBBBBBBBBBBB">
                <conceptMapType reference="72"/>
                <creator/>
                <changedBy/>
                <dateCreated id="196">2010-11-12 18:15:51</dateCreated>
                <conceptMapId>136700</conceptMapId>
                <concept reference="168"/>
                <conceptReferenceTerm id="197" resolves-to="org.openmrs.ConceptReferenceTerm" uuid="f79e5775-bd22-32a8-ab9b-1acc161f0a4b">
                  <creator/>
                  <dateCreated id="199">2010-11-12 00:00:00</dateCreated>
                  <changedBy/>
                  <retired>false</retired>
                  <retiredBy/>
                  <conceptReferenceTermId>136700</conceptReferenceTermId>
                  <conceptSource id="200" resolves-to="org.openmrs.ConceptSource" uuid="13ADDDDDDDDDDDDDDDDDDDDDDDDDDDDDDDDD">
                    <name>AMPATH</name>
                    <description>AMPATH concept dictionary</description>
                    <creator/>
                    <dateCreated id="202">2010-10-24 17:02:38</dateCreated>
                    <retired>false</retired>
                    <retiredBy/>
                    <conceptSourceId>13</conceptSourceId>
                  </conceptSource>
                  <code>6202</code>
                  <conceptReferenceTermMaps id="203"/>
                </conceptReferenceTerm>
              </org.openmrs.ConceptMap>
              <org.openmrs.ConceptMap id="204" uuid="143636ABBBBBBBBBBBBBBBBBBBBBBBBBBBBB">
                <conceptMapType reference="84"/>
                <creator/>
                <changedBy/>
                <dateCreated id="205">2011-05-22 17:48:53</dateCreated>
                <conceptMapId>143636</conceptMapId>
                <concept reference="168"/>
                <conceptReferenceTerm id="206" resolves-to="org.openmrs.ConceptReferenceTerm" uuid="5a08c64d-12a2-3149-aa0d-b4f42be4b8b0">
                  <creator/>
                  <dateCreated id="208">2011-05-22 00:00:00</dateCreated>
                  <changedBy/>
                  <retired>false</retired>
                  <retiredBy/>
                  <conceptReferenceTermId>143636</conceptReferenceTermId>
                  <conceptSource id="209" resolves-to="org.openmrs.ConceptSource" uuid="fb9aaaf1-65e2-4c18-b53c-16b575f2f385">
                    <name>PIH</name>
                    <description>Equivalent concept ID in Master Partners-in-Health Concept dictionary</description>
                    <creator/>
                    <dateCreated id="211">2010-08-03 01:50:49</dateCreated>
                    <retired>false</retired>
                    <retiredBy/>
                    <conceptSourceId>11</conceptSourceId>
                  </conceptSource>
                  <code>159</code>
                  <conceptReferenceTermMaps id="212"/>
                </conceptReferenceTerm>
              </org.openmrs.ConceptMap>
              <org.openmrs.ConceptMap id="213" uuid="136699ABBBBBBBBBBBBBBBBBBBBBBBBBBBBB">
                <conceptMapType reference="84"/>
                <creator/>
                <changedBy/>
                <dateCreated id="214">2010-11-12 18:15:51</dateCreated>
                <conceptMapId>136699</conceptMapId>
                <concept reference="168"/>
                <conceptReferenceTerm id="215" resolves-to="org.openmrs.ConceptReferenceTerm" uuid="46c3c888-5158-30c0-bb9e-b7b27bf25bf2">
                  <creator/>
                  <dateCreated id="217">2010-11-12 00:00:00</dateCreated>
                  <changedBy/>
                  <retired>false</retired>
                  <retiredBy/>
                  <conceptReferenceTermId>136699</conceptReferenceTermId>
                  <conceptSource reference="91"/>
                  <code>371001000</code>
                  <conceptReferenceTermMaps id="218"/>
                </conceptReferenceTerm>
              </org.openmrs.ConceptMap>
              <org.openmrs.ConceptMap id="219" uuid="137923ABBBBBBBBBBBBBBBBBBBBBBBBBBBBB">
                <conceptMapType reference="84"/>
                <creator/>
                <changedBy/>
                <dateCreated id="220">2011-01-17 20:50:45</dateCreated>
                <conceptMapId>137923</conceptMapId>
                <concept reference="168"/>
                <conceptReferenceTerm id="221" resolves-to="org.openmrs.ConceptReferenceTerm" uuid="8bab0046-1c7f-3195-9c0a-49e76ab38169">
                  <creator/>
                  <dateCreated id="223">2011-01-17 00:00:00</dateCreated>
                  <changedBy/>
                  <retired>false</retired>
                  <retiredBy/>
                  <conceptReferenceTermId>137923</conceptReferenceTermId>
                  <conceptSource reference="130"/>
                  <code>CURED</code>
                  <conceptReferenceTermMaps id="224"/>
                </conceptReferenceTerm>
              </org.openmrs.ConceptMap>
            </conceptMappings>
          </concept>
          <conceptSet reference="95"/>
          <sortWeight>0.0</sortWeight>
          <creator/>
          <dateCreated id="225">2011-01-17 21:01:10</dateCreated>
        </org.openmrs.ConceptSet>
        <org.openmrs.ConceptSet id="226" uuid="626AEEEEEEEEEEEEEEEEEEEEEEEEEEEEEEEE">
          <conceptSetId>626</conceptSetId>
          <concept id="227" resolves-to="org.openmrs.Concept" uuid="160036AAAAAAAAAAAAAAAAAAAAAAAAAAAAAA">
            <conceptId>160036</conceptId>
            <retired>false</retired>
            <retiredBy/>
            <datatype reference="46"/>
            <conceptClass reference="111"/>
            <set>false</set>
            <version></version>
            <creator/>
            <dateCreated id="229">2011-01-17 20:55:51</dateCreated>
            <changedBy/>
            <names class="set" id="230">
              <org.openmrs.ConceptName id="231" uuid="107695BBBBBBBBBBBBBBBBBBBBBBBBBBBBBB">
                <conceptNameId>107695</conceptNameId>
                <concept reference="227"/>
                <name>PATIENT TRANSFERRED OUT</name>
                <locale id="232">en</locale>
                <creator/>
                <dateCreated id="233">2011-01-17 20:55:51</dateCreated>
                <voided>false</voided>
                <voidedBy/>
                <tags class="set" id="234"/>
                <conceptNameType>FULLY_SPECIFIED</conceptNameType>
                <localePreferred>false</localePreferred>
              </org.openmrs.ConceptName>
            </names>
            <answers class="set" id="235"/>
            <conceptSets class="set" id="236"/>
            <descriptions class="set" id="237"/>
            <conceptMappings class="set" id="238">
              <org.openmrs.ConceptMap id="239" uuid="137928ABBBBBBBBBBBBBBBBBBBBBBBBBBBBB">
                <conceptMapType reference="84"/>
                <creator/>
                <changedBy/>
                <dateCreated id="240">2011-01-17 20:55:51</dateCreated>
                <conceptMapId>137928</conceptMapId>
                <concept reference="227"/>
                <conceptReferenceTerm id="241" resolves-to="org.openmrs.ConceptReferenceTerm" uuid="3d82145d-44a5-315f-98e1-8a65af8c2a66">
                  <creator/>
                  <dateCreated id="243">2011-01-17 00:00:00</dateCreated>
                  <changedBy/>
                  <retired>false</retired>
                  <retiredBy/>
                  <conceptReferenceTermId>137928</conceptReferenceTermId>
                  <conceptSource reference="130"/>
                  <code>PATIENT TRANSFERRED OUT</code>
                  <conceptReferenceTermMaps id="244"/>
                </conceptReferenceTerm>
              </org.openmrs.ConceptMap>
              <org.openmrs.ConceptMap id="245" uuid="137929ABBBBBBBBBBBBBBBBBBBBBBBBBBBBB">
                <conceptMapType reference="72"/>
                <creator/>
                <changedBy/>
                <dateCreated id="246">2011-01-17 20:55:51</dateCreated>
                <conceptMapId>137929</conceptMapId>
                <concept reference="227"/>
                <conceptReferenceTerm id="247" resolves-to="org.openmrs.ConceptReferenceTerm" uuid="1ca55422-f98d-3bea-a89a-2ba1edb9d206">
                  <creator/>
                  <dateCreated id="249">2011-01-17 00:00:00</dateCreated>
                  <changedBy/>
                  <retired>false</retired>
                  <retiredBy/>
                  <conceptReferenceTermId>137929</conceptReferenceTermId>
                  <conceptSource reference="79"/>
                  <code>309037001</code>
                  <conceptReferenceTermMaps id="250"/>
                </conceptReferenceTerm>
              </org.openmrs.ConceptMap>
            </conceptMappings>
          </concept>
          <conceptSet reference="95"/>
          <sortWeight>4.0</sortWeight>
          <creator/>
          <dateCreated id="251">2011-01-17 21:01:10</dateCreated>
        </org.openmrs.ConceptSet>
        <org.openmrs.ConceptSet id="252" uuid="99AEEEEEEEEEEEEEEEEEEEEEEEEEEEEEEEEE">
          <conceptSetId>99</conceptSetId>
          <concept id="253" resolves-to="org.openmrs.Concept" uuid="843AAAAAAAAAAAAAAAAAAAAAAAAAAAAAAAAA">
            <conceptId>843</conceptId>
            <retired>false</retired>
            <retiredBy/>
            <datatype reference="46"/>
            <conceptClass id="255" resolves-to="org.openmrs.ConceptClass" uuid="8d491a9a-c2cc-11de-8d13-0010c6dffd0f">
              <name>Finding</name>
              <description>Practitioner observation/finding</description>
              <creator/>
              <dateCreated id="257">2004-03-02 00:00:00</dateCreated>
              <retired>false</retired>
              <retiredBy/>
              <conceptClassId>5</conceptClassId>
            </conceptClass>
            <set>false</set>
            <version></version>
            <creator/>
            <dateCreated id="258">2004-05-04 00:00:00</dateCreated>
            <changedBy/>
            <dateChanged id="259">2011-06-21 13:51:09</dateChanged>
            <names class="set" id="260">
              <org.openmrs.ConceptName id="261" uuid="883BBBBBBBBBBBBBBBBBBBBBBBBBBBBBBBBB">
                <conceptNameId>883</conceptNameId>
                <concept reference="253"/>
                <name>REGIMEN FAILURE</name>
                <locale id="262">en</locale>
                <creator/>
                <dateCreated id="263">2004-05-04 00:00:00</dateCreated>
                <voided>false</voided>
                <voidedBy/>
                <tags class="set" id="264"/>
                <conceptNameType>FULLY_SPECIFIED</conceptNameType>
                <localePreferred>false</localePreferred>
              </org.openmrs.ConceptName>
              <org.openmrs.ConceptName id="265" uuid="106133BBBBBBBBBBBBBBBBBBBBBBBBBBBBBB">
                <conceptNameId>106133</conceptNameId>
                <concept reference="253"/>
                <name>ÉCHEC DU TRAITEMENT</name>
                <locale id="266">fr</locale>
                <creator/>
                <dateCreated id="267">2010-05-03 17:11:19</dateCreated>
                <voided>false</voided>
                <voidedBy/>
                <tags class="set" id="268"/>
                <conceptNameType>FULLY_SPECIFIED</conceptNameType>
                <localePreferred>false</localePreferred>
              </org.openmrs.ConceptName>
            </names>
            <answers class="set" id="269"/>
            <conceptSets class="set" id="270"/>
            <descriptions class="set" id="271">
              <org.openmrs.ConceptDescription id="272" uuid="843FFFFFFFFFFFFFFFFFFFFFFFFFFFFFFFFF">
                <conceptDescriptionId>843</conceptDescriptionId>
                <concept reference="253"/>
                <description>Failure of a therapy or treatment to achieve its end points.</description>
                <locale id="273">en</locale>
                <creator/>
                <dateCreated id="274">2004-05-04 00:00:00</dateCreated>
                <changedBy/>
              </org.openmrs.ConceptDescription>
            </descriptions>
            <conceptMappings class="set" id="275">
              <org.openmrs.ConceptMap id="276" uuid="144075ABBBBBBBBBBBBBBBBBBBBBBBBBBBBB">
                <conceptMapType reference="84"/>
                <creator/>
                <changedBy/>
                <dateCreated id="277">2011-06-21 13:51:09</dateCreated>
                <conceptMapId>144075</conceptMapId>
                <concept reference="253"/>
                <conceptReferenceTerm id="278" resolves-to="org.openmrs.ConceptReferenceTerm" uuid="d889f147-bf55-323b-9cc2-33c1a443ec3a">
                  <creator/>
                  <dateCreated id="280">2011-06-21 00:00:00</dateCreated>
                  <changedBy/>
                  <retired>false</retired>
                  <retiredBy/>
                  <conceptReferenceTermId>144075</conceptReferenceTermId>
                  <conceptSource reference="130"/>
                  <code>FAILED</code>
                  <conceptReferenceTermMaps id="281"/>
                </conceptReferenceTerm>
              </org.openmrs.ConceptMap>
              <org.openmrs.ConceptMap id="282" uuid="134523ABBBBBBBBBBBBBBBBBBBBBBBBBBBBB">
                <conceptMapType reference="84"/>
                <creator/>
                <changedBy/>
                <dateCreated id="283">2010-10-24 13:09:59</dateCreated>
                <conceptMapId>134523</conceptMapId>
                <concept reference="253"/>
                <conceptReferenceTerm id="284" resolves-to="org.openmrs.ConceptReferenceTerm" uuid="e444ab91-872f-382c-a90b-4a5f51d5c92b">
                  <creator/>
                  <dateCreated id="286">2010-10-24 00:00:00</dateCreated>
                  <changedBy/>
                  <retired>false</retired>
                  <retiredBy/>
                  <conceptReferenceTermId>134523</conceptReferenceTermId>
                  <conceptSource reference="200"/>
                  <code>843</code>
                  <conceptReferenceTermMaps id="287"/>
                </conceptReferenceTerm>
              </org.openmrs.ConceptMap>
              <org.openmrs.ConceptMap id="288" uuid="132413ABBBBBBBBBBBBBBBBBBBBBBBBBBBBB">
                <conceptMapType reference="84"/>
                <creator/>
                <changedBy/>
                <dateCreated id="289">2010-05-30 20:58:27</dateCreated>
                <conceptMapId>132413</conceptMapId>
                <concept reference="253"/>
                <conceptReferenceTerm id="290" resolves-to="org.openmrs.ConceptReferenceTerm" uuid="5ef2d6b3-7216-3c57-9039-97906791caa3">
                  <creator/>
                  <dateCreated id="292">2010-05-30 00:00:00</dateCreated>
                  <changedBy/>
                  <retired>false</retired>
                  <retiredBy/>
                  <conceptReferenceTermId>132413</conceptReferenceTermId>
                  <conceptSource reference="91"/>
                  <code>266721009</code>
                  <conceptReferenceTermMaps id="293"/>
                </conceptReferenceTerm>
              </org.openmrs.ConceptMap>
              <org.openmrs.ConceptMap id="294" uuid="136254ABBBBBBBBBBBBBBBBBBBBBBBBBBBBB">
                <conceptMapType reference="84"/>
                <creator/>
                <changedBy/>
                <dateCreated id="295">2010-10-25 15:49:30</dateCreated>
                <conceptMapId>136254</conceptMapId>
                <concept reference="253"/>
                <conceptReferenceTerm id="296" resolves-to="org.openmrs.ConceptReferenceTerm" uuid="bbd546c9-3205-3eb4-b163-355c2aa28433">
                  <creator/>
                  <dateCreated id="298">2010-10-25 00:00:00</dateCreated>
                  <changedBy/>
                  <retired>false</retired>
                  <retiredBy/>
                  <conceptReferenceTermId>136254</conceptReferenceTermId>
                  <conceptSource reference="209"/>
                  <code>843</code>
                  <conceptReferenceTermMaps id="299"/>
                </conceptReferenceTerm>
              </org.openmrs.ConceptMap>
            </conceptMappings>
          </concept>
          <conceptSet reference="95"/>
          <sortWeight>6.0</sortWeight>
          <creator/>
          <dateCreated id="300">2011-01-17 21:01:10</dateCreated>
        </org.openmrs.ConceptSet>
        <org.openmrs.ConceptSet id="301" uuid="625AEEEEEEEEEEEEEEEEEEEEEEEEEEEEEEEE">
          <conceptSetId>625</conceptSetId>
          <concept id="302" resolves-to="org.openmrs.Concept" uuid="160035AAAAAAAAAAAAAAAAAAAAAAAAAAAAAA">
            <conceptId>160035</conceptId>
            <retired>false</retired>
            <retiredBy/>
            <datatype reference="46"/>
            <conceptClass reference="111"/>
            <set>false</set>
            <version></version>
            <creator/>
            <dateCreated id="304">2011-01-17 20:52:18</dateCreated>
            <changedBy/>
            <dateChanged id="305">2011-01-17 20:52:47</dateChanged>
            <names class="set" id="306">
              <org.openmrs.ConceptName id="307" uuid="107694BBBBBBBBBBBBBBBBBBBBBBBBBBBBBB">
                <conceptNameId>107694</conceptNameId>
                <concept reference="302"/>
                <name>Treatment Complete</name>
                <locale id="308">en</locale>
                <creator/>
                <dateCreated id="309">2011-01-17 20:52:18</dateCreated>
                <voided>false</voided>
                <voidedBy/>
                <tags class="set" id="310"/>
                <conceptNameType>FULLY_SPECIFIED</conceptNameType>
                <localePreferred>false</localePreferred>
              </org.openmrs.ConceptName>
            </names>
            <answers class="set" id="311"/>
            <conceptSets class="set" id="312"/>
            <descriptions class="set" id="313"/>
            <conceptMappings class="set" id="314">
              <org.openmrs.ConceptMap id="315" uuid="137925ABBBBBBBBBBBBBBBBBBBBBBBBBBBBB">
                <conceptMapType reference="84"/>
                <creator/>
                <changedBy/>
                <dateCreated id="316">2011-01-17 20:52:18</dateCreated>
                <conceptMapId>137925</conceptMapId>
                <concept reference="302"/>
                <conceptReferenceTerm id="317" resolves-to="org.openmrs.ConceptReferenceTerm" uuid="dea34ad2-c7e7-33ad-b5cf-99f491bebc5e">
                  <creator/>
                  <dateCreated id="319">2011-01-17 00:00:00</dateCreated>
                  <changedBy/>
                  <retired>false</retired>
                  <retiredBy/>
                  <conceptReferenceTermId>137925</conceptReferenceTermId>
                  <conceptSource reference="130"/>
                  <code>TREATMENT COMPLETE</code>
                  <conceptReferenceTermMaps id="320"/>
                </conceptReferenceTerm>
              </org.openmrs.ConceptMap>
              <org.openmrs.ConceptMap id="321" uuid="137926ABBBBBBBBBBBBBBBBBBBBBBBBBBBBB">
                <conceptMapType reference="84"/>
                <creator/>
                <changedBy/>
                <dateCreated id="322">2011-01-17 20:52:47</dateCreated>
                <conceptMapId>137926</conceptMapId>
                <concept reference="302"/>
                <conceptReferenceTerm id="323" resolves-to="org.openmrs.ConceptReferenceTerm" uuid="64f7c3bc-0b98-33a7-bad0-a0ca69d4f858">
                  <creator/>
                  <dateCreated id="325">2010-12-30 00:00:00</dateCreated>
                  <changedBy/>
                  <retired>false</retired>
                  <retiredBy/>
                  <conceptReferenceTermId>137519</conceptReferenceTermId>
                  <conceptSource reference="91"/>
                  <code>182992009</code>
                  <conceptReferenceTermMaps id="326"/>
                </conceptReferenceTerm>
              </org.openmrs.ConceptMap>
            </conceptMappings>
          </concept>
          <conceptSet reference="95"/>
          <sortWeight>3.0</sortWeight>
          <creator/>
          <dateCreated id="327">2011-01-17 21:01:10</dateCreated>
        </org.openmrs.ConceptSet>
        <org.openmrs.ConceptSet id="328" uuid="627AEEEEEEEEEEEEEEEEEEEEEEEEEEEEEEEE">
          <conceptSetId>627</conceptSetId>
          <concept id="329" resolves-to="org.openmrs.Concept" uuid="160037AAAAAAAAAAAAAAAAAAAAAAAAAAAAAA">
            <conceptId>160037</conceptId>
            <retired>false</retired>
            <retiredBy/>
            <datatype reference="46"/>
            <conceptClass reference="111"/>
            <set>false</set>
            <version></version>
            <creator/>
            <dateCreated id="331">2011-01-17 20:59:10</dateCreated>
            <changedBy/>
            <dateChanged id="332">2011-01-17 20:59:35</dateChanged>
            <names class="set" id="333">
              <org.openmrs.ConceptName id="334" uuid="107696BBBBBBBBBBBBBBBBBBBBBBBBBBBBBB">
                <conceptNameId>107696</conceptNameId>
                <concept reference="329"/>
                <name>STILL ON TREATMENT</name>
                <locale id="335">en</locale>
                <creator/>
                <dateCreated id="336">2011-01-17 20:59:10</dateCreated>
                <voided>false</voided>
                <voidedBy/>
                <tags class="set" id="337"/>
                <conceptNameType>FULLY_SPECIFIED</conceptNameType>
                <localePreferred>false</localePreferred>
              </org.openmrs.ConceptName>
            </names>
            <answers class="set" id="338"/>
            <conceptSets class="set" id="339"/>
            <descriptions class="set" id="340"/>
            <conceptMappings class="set" id="341">
              <org.openmrs.ConceptMap id="342" uuid="137930ABBBBBBBBBBBBBBBBBBBBBBBBBBBBB">
                <conceptMapType reference="84"/>
                <creator/>
                <changedBy/>
                <dateCreated id="343">2011-01-17 20:59:10</dateCreated>
                <conceptMapId>137930</conceptMapId>
                <concept reference="329"/>
                <conceptReferenceTerm id="344" resolves-to="org.openmrs.ConceptReferenceTerm" uuid="5a354c6e-e47f-3717-b166-055e7f562122">
                  <creator/>
                  <dateCreated id="346">2011-01-17 00:00:00</dateCreated>
                  <changedBy/>
                  <retired>false</retired>
                  <retiredBy/>
                  <conceptReferenceTermId>137930</conceptReferenceTermId>
                  <conceptSource reference="130"/>
                  <code>STILL ON TREATMENT</code>
                  <conceptReferenceTermMaps id="347"/>
                </conceptReferenceTerm>
              </org.openmrs.ConceptMap>
              <org.openmrs.ConceptMap id="348" uuid="137931ABBBBBBBBBBBBBBBBBBBBBBBBBBBBB">
                <conceptMapType reference="72"/>
                <creator/>
                <changedBy/>
                <dateCreated id="349">2011-01-17 20:59:10</dateCreated>
                <conceptMapId>137931</conceptMapId>
                <concept reference="329"/>
                <conceptReferenceTerm id="350" resolves-to="org.openmrs.ConceptReferenceTerm" uuid="150aa442-956e-3865-acf6-23f87a675332">
                  <creator/>
                  <dateCreated id="352">2011-01-17 00:00:00</dateCreated>
                  <changedBy/>
                  <retired>false</retired>
                  <retiredBy/>
                  <conceptReferenceTermId>137931</conceptReferenceTermId>
                  <conceptSource reference="79"/>
                  <code>410684002</code>
                  <conceptReferenceTermMaps id="353"/>
                </conceptReferenceTerm>
              </org.openmrs.ConceptMap>
            </conceptMappings>
          </concept>
          <conceptSet reference="95"/>
          <sortWeight>5.0</sortWeight>
          <creator/>
          <dateCreated id="354">2011-01-17 21:01:10</dateCreated>
        </org.openmrs.ConceptSet>
      </conceptSets>
      <descriptions class="set" id="355"/>
      <conceptMappings class="set" id="356">
        <org.openmrs.ConceptMap id="357" uuid="137932ABBBBBBBBBBBBBBBBBBBBBBBBBBBBB">
          <conceptMapType reference="84"/>
          <creator/>
          <changedBy/>
          <dateCreated id="358">2011-01-17 21:01:10</dateCreated>
          <conceptMapId>137932</conceptMapId>
          <concept reference="95"/>
          <conceptReferenceTerm id="359" resolves-to="org.openmrs.ConceptReferenceTerm" uuid="75e4b421-8168-3ff6-a3fb-241eb928563a">
            <creator/>
            <dateCreated id="361">2011-01-17 00:00:00</dateCreated>
            <changedBy/>
            <retired>false</retired>
            <retiredBy/>
            <conceptReferenceTermId>137932</conceptReferenceTermId>
            <conceptSource reference="130"/>
            <code>MULTI-DRUG RESISTANT TUBERCULOSIS TREATMENT OUTCOME</code>
            <conceptReferenceTermMaps id="362"/>
          </conceptReferenceTerm>
        </org.openmrs.ConceptMap>
      </conceptMappings>
    </outcomesConcept>
    <allWorkflows id="363"/>
  </org.openmrs.Program>
  <org.openmrs.Program id="364" uuid="dfdc6d40-2f2f-463d-ba90-cc97350441a8">
    <name>HIV Program</name>
    <description>Program for following or treating HIV-positive patients</description>
    <creator/>
    <dateCreated id="365">2012-06-23 04:13:06</dateCreated>
    <changedBy/>
    <dateChanged id="366">2012-08-08 02:05:40</dateChanged>
    <retired>false</retired>
    <programId>1</programId>
    <concept id="367" resolves-to="org.openmrs.Concept" uuid="160631AAAAAAAAAAAAAAAAAAAAAAAAAAAAAA">
      <conceptId>160631</conceptId>
      <retired>false</retired>
      <retiredBy/>
      <datatype reference="46"/>
      <conceptClass id="369" resolves-to="org.openmrs.ConceptClass" uuid="1edca368-768a-102f-83f4-12313b04a615">
        <name>Program</name>
        <description>Program concept</description>
        <creator/>
        <dateCreated id="371">2011-01-18 01:53:56</dateCreated>
        <retired>false</retired>
        <retiredBy/>
        <conceptClassId>18</conceptClassId>
      </conceptClass>
      <set>false</set>
      <version></version>
      <creator/>
      <dateCreated id="372">2012-06-23 14:33:42</dateCreated>
      <changedBy/>
      <names class="set" id="373">
        <org.openmrs.ConceptName id="374" uuid="109079BBBBBBBBBBBBBBBBBBBBBBBBBBBBBB">
          <conceptNameId>109079</conceptNameId>
          <concept reference="367"/>
          <name>HIV Program</name>
          <locale id="375">en</locale>
          <creator/>
          <dateCreated id="376">2012-06-23 14:33:42</dateCreated>
          <voided>false</voided>
          <voidedBy/>
          <tags class="set" id="377"/>
          <conceptNameType>FULLY_SPECIFIED</conceptNameType>
          <localePreferred>false</localePreferred>
        </org.openmrs.ConceptName>
      </names>
      <answers class="set" id="378"/>
      <conceptSets class="set" id="379"/>
      <descriptions class="set" id="380"/>
      <conceptMappings class="set" id="381">
        <org.openmrs.ConceptMap id="382" uuid="144745ABBBBBBBBBBBBBBBBBBBBBBBBBBBBB">
          <conceptMapType reference="84"/>
          <creator/>
          <changedBy/>
          <dateCreated id="383">2012-06-23 14:33:42</dateCreated>
          <conceptMapId>144745</conceptMapId>
          <concept reference="367"/>
          <conceptReferenceTerm id="384" resolves-to="org.openmrs.ConceptReferenceTerm" uuid="88d9d46d-29c3-3708-b504-8a0b8ef76670">
            <creator/>
            <dateCreated id="386">2012-06-23 00:00:00</dateCreated>
            <changedBy/>
            <retired>false</retired>
            <retiredBy/>
            <conceptReferenceTermId>144745</conceptReferenceTermId>
            <conceptSource reference="209"/>
            <code>1482</code>
            <conceptReferenceTermMaps id="387"/>
          </conceptReferenceTerm>
        </org.openmrs.ConceptMap>
        <org.openmrs.ConceptMap id="388" uuid="144744ABBBBBBBBBBBBBBBBBBBBBBBBBBBBB">
          <conceptMapType reference="72"/>
          <creator/>
          <changedBy/>
          <dateCreated id="389">2012-06-23 14:33:42</dateCreated>
          <conceptMapId>144744</conceptMapId>
          <concept reference="367"/>
          <conceptReferenceTerm reference="76"/>
        </org.openmrs.ConceptMap>
      </conceptMappings>
    </concept>
    <outcomesConcept id="390" resolves-to="org.openmrs.Concept" uuid="1695AAAAAAAAAAAAAAAAAAAAAAAAAAAAAAAA">
      <conceptId>1695</conceptId>
      <retired>false</retired>
      <retiredBy/>
      <datatype id="392" resolves-to="org.openmrs.ConceptDatatype" uuid="8d4a48b6-c2cc-11de-8d13-0010c6dffd0f">
        <name>Coded</name>
        <description>Value determined by term dictionary lookup (i.e., term identifier)</description>
        <creator/>
        <dateCreated id="394">2004-02-02 00:00:00</dateCreated>
        <retired>false</retired>
        <retiredBy/>
        <conceptDatatypeId>2</conceptDatatypeId>
        <hl7Abbreviation>CWE</hl7Abbreviation>
      </datatype>
      <conceptClass reference="255"/>
      <set>false</set>
      <version></version>
      <creator/>
      <dateCreated id="395">2009-05-13 12:34:56</dateCreated>
      <changedBy/>
      <dateChanged id="396">2010-12-30 19:41:02</dateChanged>
      <names class="set" id="397">
        <org.openmrs.ConceptName id="398" uuid="86978BBBBBBBBBBBBBBBBBBBBBBBBBBBBBBB">
          <conceptNameId>86978</conceptNameId>
          <concept reference="390"/>
          <name>discharge status</name>
          <locale id="399">en</locale>
          <creator/>
          <dateCreated id="400">2009-05-13 12:34:56</dateCreated>
          <voided>false</voided>
          <voidedBy/>
          <tags class="set" id="401"/>
          <conceptNameType>SHORT</conceptNameType>
          <localePreferred>false</localePreferred>
        </org.openmrs.ConceptName>
        <org.openmrs.ConceptName id="402" uuid="1975BBBBBBBBBBBBBBBBBBBBBBBBBBBBBBBB">
          <conceptNameId>1975</conceptNameId>
          <concept reference="390"/>
          <name>DISCHARGE STATUS</name>
          <locale id="403">en</locale>
          <creator/>
          <dateCreated id="404">2009-05-13 12:34:56</dateCreated>
          <voided>false</voided>
          <voidedBy/>
          <tags class="set" id="405"/>
          <conceptNameType>FULLY_SPECIFIED</conceptNameType>
          <localePreferred>false</localePreferred>
        </org.openmrs.ConceptName>
        <org.openmrs.ConceptName id="406" uuid="105885BBBBBBBBBBBBBBBBBBBBBBBBBBBBBB">
          <conceptNameId>105885</conceptNameId>
          <concept reference="390"/>
          <name>CONDITION DU PATIENT À SA DÉCHARGE</name>
          <locale id="407">fr</locale>
          <creator/>
          <dateCreated id="408">2010-05-03 17:07:47</dateCreated>
          <voided>false</voided>
          <voidedBy/>
          <tags class="set" id="409"/>
          <conceptNameType>FULLY_SPECIFIED</conceptNameType>
          <localePreferred>false</localePreferred>
        </org.openmrs.ConceptName>
      </names>
      <answers class="set" id="410">
        <org.openmrs.ConceptAnswer id="411" uuid="1485CCCCCCCCCCCCCCCCCCCCCCCCCCCCCCCC">
          <conceptAnswerId>1485</conceptAnswerId>
          <concept reference="390"/>
          <answerConcept id="412" resolves-to="org.openmrs.Concept" uuid="5622AAAAAAAAAAAAAAAAAAAAAAAAAAAAAAAA">
            <conceptId>5622</conceptId>
            <retired>false</retired>
            <retiredBy/>
            <datatype reference="46"/>
            <conceptClass reference="49"/>
            <set>false</set>
            <version></version>
            <creator/>
            <dateCreated id="414">2004-08-12 00:00:00</dateCreated>
            <changedBy/>
            <dateChanged id="415">2012-06-03 19:58:40</dateChanged>
            <names class="set" id="416">
              <org.openmrs.ConceptName id="417" uuid="2761BBBBBBBBBBBBBBBBBBBBBBBBBBBBBBBB">
                <conceptNameId>2761</conceptNameId>
                <concept reference="412"/>
                <name>OTHER NON-CODED</name>
                <locale id="418">en</locale>
                <creator/>
                <dateCreated id="419">2004-08-12 00:00:00</dateCreated>
                <voided>false</voided>
                <voidedBy/>
                <tags class="set" id="420"/>
                <conceptNameType>FULLY_SPECIFIED</conceptNameType>
                <localePreferred>false</localePreferred>
              </org.openmrs.ConceptName>
              <org.openmrs.ConceptName id="421" uuid="105802BBBBBBBBBBBBBBBBBBBBBBBBBBBBBB">
                <conceptNameId>105802</conceptNameId>
                <concept reference="412"/>
                <name>Autre et non codé</name>
                <locale id="422">fr</locale>
                <creator/>
                <dateCreated id="423">2010-05-03 16:52:33</dateCreated>
                <voided>false</voided>
                <voidedBy/>
                <tags class="set" id="424"/>
                <conceptNameType>FULLY_SPECIFIED</conceptNameType>
                <localePreferred>false</localePreferred>
              </org.openmrs.ConceptName>
            </names>
            <answers class="set" id="425"/>
            <conceptSets class="set" id="426"/>
            <descriptions class="set" id="427">
              <org.openmrs.ConceptDescription id="428" uuid="2253FFFFFFFFFFFFFFFFFFFFFFFFFFFFFFFF">
                <conceptDescriptionId>2253</conceptDescriptionId>
                <concept reference="412"/>
                <description>A generic, descriptive answer which is a handwritten, non-coded response to a question.</description>
                <locale id="429">en</locale>
                <creator/>
                <dateCreated id="430">2004-08-12 00:00:00</dateCreated>
                <changedBy/>
                <dateChanged id="431">2012-06-03 19:58:40</dateChanged>
              </org.openmrs.ConceptDescription>
            </descriptions>
            <conceptMappings class="set" id="432">
              <org.openmrs.ConceptMap id="433" uuid="135771ABBBBBBBBBBBBBBBBBBBBBBBBBBBBB">
                <conceptMapType reference="84"/>
                <creator/>
                <changedBy/>
                <dateCreated id="434">2010-10-24 13:09:59</dateCreated>
                <conceptMapId>135771</conceptMapId>
                <concept reference="412"/>
                <conceptReferenceTerm id="435" resolves-to="org.openmrs.ConceptReferenceTerm" uuid="de4dbf4f-b5ee-3d32-9ce6-ca2e15c2e1b3">
                  <creator/>
                  <dateCreated id="437">2010-10-24 00:00:00</dateCreated>
                  <changedBy/>
                  <retired>false</retired>
                  <retiredBy/>
                  <conceptReferenceTermId>135771</conceptReferenceTermId>
                  <conceptSource reference="200"/>
                  <code>5622</code>
                  <conceptReferenceTermMaps id="438"/>
                </conceptReferenceTerm>
              </org.openmrs.ConceptMap>
              <org.openmrs.ConceptMap id="439" uuid="144395ABBBBBBBBBBBBBBBBBBBBBBBBBBBBB">
                <conceptMapType reference="84"/>
                <creator/>
                <changedBy/>
                <dateCreated id="440">2012-06-03 19:58:40</dateCreated>
                <conceptMapId>144395</conceptMapId>
                <concept reference="412"/>
                <conceptReferenceTerm id="441" resolves-to="org.openmrs.ConceptReferenceTerm" uuid="49fd39a2-2b4a-38c2-8f0e-0cb9a7e0fe22">
                  <creator/>
                  <dateCreated id="443">2012-06-03 00:00:00</dateCreated>
                  <changedBy/>
                  <retired>false</retired>
                  <retiredBy/>
                  <conceptReferenceTermId>144395</conceptReferenceTermId>
                  <conceptSource id="444" resolves-to="org.openmrs.ConceptSource" uuid="12ADDDDDDDDDDDDDDDDDDDDDDDDDDDDDDDDD">
                    <name>PIH Malawi</name>
                    <description>Partners in Health Malawi concept dictionary</description>
                    <creator/>
                    <dateCreated id="446">2010-10-24 17:02:20</dateCreated>
                    <retired>false</retired>
                    <retiredBy/>
                    <conceptSourceId>12</conceptSourceId>
                  </conceptSource>
                  <code>6408</code>
                  <conceptReferenceTermMaps id="447"/>
                </conceptReferenceTerm>
              </org.openmrs.ConceptMap>
              <org.openmrs.ConceptMap id="448" uuid="143666ABBBBBBBBBBBBBBBBBBBBBBBBBBBBB">
                <conceptMapType reference="84"/>
                <creator/>
                <changedBy/>
                <dateCreated id="449">2011-05-27 14:13:52</dateCreated>
                <conceptMapId>143666</conceptMapId>
                <concept reference="412"/>
                <conceptReferenceTerm id="450" resolves-to="org.openmrs.ConceptReferenceTerm" uuid="142f78e3-31a5-3969-a405-286a699f711f">
                  <creator/>
                  <dateCreated id="452">2011-05-27 00:00:00</dateCreated>
                  <changedBy/>
                  <retired>false</retired>
                  <retiredBy/>
                  <conceptReferenceTermId>143663</conceptReferenceTermId>
                  <conceptSource reference="209"/>
                  <code>5622</code>
                  <conceptReferenceTermMaps id="453"/>
                </conceptReferenceTerm>
              </org.openmrs.ConceptMap>
              <org.openmrs.ConceptMap id="454" uuid="141670ABBBBBBBBBBBBBBBBBBBBBBBBBBBBB">
                <conceptMapType reference="84"/>
                <creator/>
                <changedBy/>
                <dateCreated id="455">2011-02-10 16:54:39</dateCreated>
                <conceptMapId>141670</conceptMapId>
                <concept reference="412"/>
                <conceptReferenceTerm id="456" resolves-to="org.openmrs.ConceptReferenceTerm" uuid="cd9bed8e-d47a-38bd-a677-695644801d87">
                  <creator/>
                  <dateCreated id="458">2011-02-10 00:00:00</dateCreated>
                  <changedBy/>
                  <retired>false</retired>
                  <retiredBy/>
                  <conceptReferenceTermId>141670</conceptReferenceTermId>
                  <conceptSource id="459" resolves-to="org.openmrs.ConceptSource" uuid="14ADDDDDDDDDDDDDDDDDDDDDDDDDDDDDDDDD">
                    <name>SNOMED MVP</name>
                    <description>MVP Namespace Identifier extensions to SNOMED CT</description>
                    <creator/>
                    <dateCreated id="461">2010-12-03 18:18:39</dateCreated>
                    <retired>false</retired>
                    <retiredBy/>
                    <conceptSourceId>14</conceptSourceId>
                  </conceptSource>
                  <code>56221000105001</code>
                  <conceptReferenceTermMaps id="462"/>
                </conceptReferenceTerm>
              </org.openmrs.ConceptMap>
              <org.openmrs.ConceptMap id="463" uuid="137766ABBBBBBBBBBBBBBBBBBBBBBBBBBBBB">
                <conceptMapType reference="72"/>
                <creator/>
                <changedBy/>
                <dateCreated id="464">2011-01-15 13:27:39</dateCreated>
                <conceptMapId>137766</conceptMapId>
                <concept reference="412"/>
                <conceptReferenceTerm id="465" resolves-to="org.openmrs.ConceptReferenceTerm" uuid="17744715-bb7d-3022-96d3-2e2144a778d4">
                  <creator/>
                  <dateCreated id="467">2011-01-15 00:00:00</dateCreated>
                  <changedBy/>
                  <retired>false</retired>
                  <retiredBy/>
                  <conceptReferenceTermId>137766</conceptReferenceTermId>
                  <conceptSource reference="79"/>
                  <code>74964007</code>
                  <conceptReferenceTermMaps id="468"/>
                </conceptReferenceTerm>
              </org.openmrs.ConceptMap>
              <org.openmrs.ConceptMap id="469" uuid="137878ABBBBBBBBBBBBBBBBBBBBBBBBBBBBB">
                <conceptMapType reference="84"/>
                <creator/>
                <changedBy/>
                <dateCreated id="470">2011-01-17 15:43:23</dateCreated>
                <conceptMapId>137878</conceptMapId>
                <concept reference="412"/>
                <conceptReferenceTerm id="471" resolves-to="org.openmrs.ConceptReferenceTerm" uuid="a4138b87-50d9-30b1-aea4-9fc620570cc6">
                  <creator/>
                  <dateCreated id="473">2011-01-17 00:00:00</dateCreated>
                  <changedBy/>
                  <retired>false</retired>
                  <retiredBy/>
                  <conceptReferenceTermId>137878</conceptReferenceTermId>
                  <conceptSource reference="130"/>
                  <code>OTHER</code>
                  <conceptReferenceTermMaps id="474"/>
                </conceptReferenceTerm>
              </org.openmrs.ConceptMap>
            </conceptMappings>
          </answerConcept>
          <creator/>
          <dateCreated id="475">2009-05-13 12:34:56</dateCreated>
          <sortWeight>1485.0</sortWeight>
        </org.openmrs.ConceptAnswer>
        <org.openmrs.ConceptAnswer id="476" uuid="1483CCCCCCCCCCCCCCCCCCCCCCCCCCCCCCCC">
          <conceptAnswerId>1483</conceptAnswerId>
          <concept reference="390"/>
          <answerConcept id="477" resolves-to="org.openmrs.Concept" uuid="1693AAAAAAAAAAAAAAAAAAAAAAAAAAAAAAAA">
            <conceptId>1693</conceptId>
            <retired>false</retired>
            <retiredBy/>
            <datatype id="479" resolves-to="org.openmrs.ConceptDatatype" uuid="8d4a5cca-c2cc-11de-8d13-0010c6dffd0f">
              <name>Boolean</name>
              <description>Boolean value (yes/no, true/false)</description>
              <creator/>
              <dateCreated id="481">2004-08-26 00:00:00</dateCreated>
              <retired>false</retired>
              <retiredBy/>
              <conceptDatatypeId>10</conceptDatatypeId>
              <hl7Abbreviation>BIT</hl7Abbreviation>
            </datatype>
            <conceptClass reference="255"/>
            <set>false</set>
            <version></version>
            <creator/>
            <dateCreated id="482">2009-05-13 12:32:19</dateCreated>
            <changedBy/>
            <dateChanged id="483">2011-02-04 20:58:22</dateChanged>
            <names class="set" id="484">
              <org.openmrs.ConceptName id="485" uuid="1973BBBBBBBBBBBBBBBBBBBBBBBBBBBBBBBB">
                <conceptNameId>1973</conceptNameId>
                <concept reference="477"/>
                <name>TRANSFERRED</name>
                <locale id="486">en</locale>
                <creator/>
                <dateCreated id="487">2009-05-13 12:32:19</dateCreated>
                <voided>false</voided>
                <voidedBy/>
                <tags class="set" id="488"/>
                <conceptNameType>FULLY_SPECIFIED</conceptNameType>
                <localePreferred>false</localePreferred>
              </org.openmrs.ConceptName>
              <org.openmrs.ConceptName id="489" uuid="106177BBBBBBBBBBBBBBBBBBBBBBBBBBBBBB">
                <conceptNameId>106177</conceptNameId>
                <concept reference="477"/>
                <name>TRANSFERT</name>
                <locale id="490">fr</locale>
                <creator/>
                <dateCreated id="491">2010-05-03 17:11:20</dateCreated>
                <voided>false</voided>
                <voidedBy/>
                <tags class="set" id="492"/>
                <conceptNameType>FULLY_SPECIFIED</conceptNameType>
                <localePreferred>false</localePreferred>
              </org.openmrs.ConceptName>
              <org.openmrs.ConceptName id="493" uuid="86976BBBBBBBBBBBBBBBBBBBBBBBBBBBBBBB">
                <conceptNameId>86976</conceptNameId>
                <concept reference="477"/>
                <name>transferred</name>
                <locale id="494">en</locale>
                <creator/>
                <dateCreated id="495">2009-05-13 12:32:19</dateCreated>
                <voided>false</voided>
                <voidedBy/>
                <tags class="set" id="496"/>
                <conceptNameType>SHORT</conceptNameType>
                <localePreferred>false</localePreferred>
              </org.openmrs.ConceptName>
            </names>
            <answers class="set" id="497"/>
            <conceptSets class="set" id="498"/>
            <descriptions class="set" id="499"/>
            <conceptMappings class="set" id="500">
              <org.openmrs.ConceptMap id="501" uuid="132706ABBBBBBBBBBBBBBBBBBBBBBBBBBBBB">
                <conceptMapType reference="84"/>
                <creator/>
                <changedBy/>
                <dateCreated id="502">2010-08-23 15:49:10</dateCreated>
                <conceptMapId>132706</conceptMapId>
                <concept reference="477"/>
                <conceptReferenceTerm id="503" resolves-to="org.openmrs.ConceptReferenceTerm" uuid="82331ac0-721e-3f2b-a456-6387d25c6b7d">
                  <creator/>
                  <dateCreated id="505">2010-08-23 00:00:00</dateCreated>
                  <changedBy/>
                  <retired>false</retired>
                  <retiredBy/>
                  <conceptReferenceTermId>132706</conceptReferenceTermId>
                  <conceptSource reference="209"/>
                  <code>3000</code>
                  <conceptReferenceTermMaps id="506"/>
                </conceptReferenceTerm>
              </org.openmrs.ConceptMap>
              <org.openmrs.ConceptMap id="507" uuid="137531ABBBBBBBBBBBBBBBBBBBBBBBBBBBBB">
                <conceptMapType reference="72"/>
                <creator/>
                <changedBy/>
                <dateCreated id="508">2010-12-30 19:34:43</dateCreated>
                <conceptMapId>137531</conceptMapId>
                <concept reference="477"/>
                <conceptReferenceTerm id="509" resolves-to="org.openmrs.ConceptReferenceTerm" uuid="71bb768c-4d3d-3a7a-afd4-e06988f0146f">
                  <creator/>
                  <dateCreated id="511">2010-12-30 00:00:00</dateCreated>
                  <changedBy/>
                  <retired>false</retired>
                  <retiredBy/>
                  <conceptReferenceTermId>137531</conceptReferenceTermId>
                  <conceptSource reference="79"/>
                  <code>266751003</code>
                  <conceptReferenceTermMaps id="512"/>
                </conceptReferenceTerm>
              </org.openmrs.ConceptMap>
              <org.openmrs.ConceptMap id="513" uuid="132639ABBBBBBBBBBBBBBBBBBBBBBBBBBBBB">
                <conceptMapType reference="84"/>
                <creator/>
                <changedBy/>
                <dateCreated id="514">2010-08-23 15:49:10</dateCreated>
                <conceptMapId>132639</conceptMapId>
                <concept reference="477"/>
                <conceptReferenceTerm id="515" resolves-to="org.openmrs.ConceptReferenceTerm" uuid="0eced425-8304-32e9-af97-fbcecc91dc2a">
                  <creator/>
                  <dateCreated id="517">2010-08-23 00:00:00</dateCreated>
                  <changedBy/>
                  <retired>false</retired>
                  <retiredBy/>
                  <conceptReferenceTermId>132639</conceptReferenceTermId>
                  <conceptSource reference="209"/>
                  <code>1744</code>
                  <conceptReferenceTermMaps id="518"/>
                </conceptReferenceTerm>
              </org.openmrs.ConceptMap>
              <org.openmrs.ConceptMap id="519" uuid="137922ABBBBBBBBBBBBBBBBBBBBBBBBBBBBB">
                <conceptMapType reference="84"/>
                <creator/>
                <changedBy/>
                <dateCreated id="520">2011-01-17 20:47:18</dateCreated>
                <conceptMapId>137922</conceptMapId>
                <concept reference="477"/>
                <conceptReferenceTerm id="521" resolves-to="org.openmrs.ConceptReferenceTerm" uuid="d6164341-f1fb-3e45-b82d-94c2ae65e3d0">
                  <creator/>
                  <dateCreated id="523">2011-01-17 00:00:00</dateCreated>
                  <changedBy/>
                  <retired>false</retired>
                  <retiredBy/>
                  <conceptReferenceTermId>137922</conceptReferenceTermId>
                  <conceptSource reference="130"/>
                  <code>TRANSFER</code>
                  <conceptReferenceTermMaps id="524"/>
                </conceptReferenceTerm>
              </org.openmrs.ConceptMap>
              <org.openmrs.ConceptMap id="525" uuid="141569ABBBBBBBBBBBBBBBBBBBBBBBBBBBBB">
                <conceptMapType reference="84"/>
                <creator/>
                <changedBy/>
                <dateCreated id="526">2011-02-04 20:58:22</dateCreated>
                <conceptMapId>141569</conceptMapId>
                <concept reference="477"/>
                <conceptReferenceTerm id="527" resolves-to="org.openmrs.ConceptReferenceTerm" uuid="b3f7133c-ee98-34ec-a8da-6200b36a5cd8">
                  <creator/>
                  <dateCreated id="529">2011-02-04 00:00:00</dateCreated>
                  <changedBy/>
                  <retired>false</retired>
                  <retiredBy/>
                  <conceptReferenceTermId>141569</conceptReferenceTermId>
                  <conceptSource reference="459"/>
                  <code>16931000105000</code>
                  <conceptReferenceTermMaps id="530"/>
                </conceptReferenceTerm>
              </org.openmrs.ConceptMap>
            </conceptMappings>
          </answerConcept>
          <creator/>
          <dateCreated id="531">2009-05-13 12:34:56</dateCreated>
          <sortWeight>1483.0</sortWeight>
        </org.openmrs.ConceptAnswer>
        <org.openmrs.ConceptAnswer id="532" uuid="1486CCCCCCCCCCCCCCCCCCCCCCCCCCCCCCCC">
          <conceptAnswerId>1486</conceptAnswerId>
          <concept reference="390"/>
          <answerConcept id="533" resolves-to="org.openmrs.Concept" uuid="159AAAAAAAAAAAAAAAAAAAAAAAAAAAAAAAAA">
            <conceptId>159</conceptId>
            <retired>false</retired>
            <retiredBy/>
            <datatype reference="46"/>
            <conceptClass reference="170"/>
            <set>false</set>
            <version></version>
            <creator/>
            <dateCreated id="535">2004-01-01 00:00:00</dateCreated>
            <changedBy/>
            <dateChanged id="536">2010-12-05 17:51:52</dateChanged>
            <names class="set" id="537">
              <org.openmrs.ConceptName id="538" uuid="181BBBBBBBBBBBBBBBBBBBBBBBBBBBBBBBBB">
                <conceptNameId>181</conceptNameId>
                <concept reference="533"/>
                <name>DÉCÉDÉ</name>
                <locale id="539">fr</locale>
                <creator/>
                <dateCreated id="540">2007-08-17 12:32:24</dateCreated>
                <voided>false</voided>
                <voidedBy/>
                <tags class="set" id="541"/>
                <conceptNameType>FULLY_SPECIFIED</conceptNameType>
                <localePreferred>false</localePreferred>
              </org.openmrs.ConceptName>
              <org.openmrs.ConceptName id="542" uuid="180BBBBBBBBBBBBBBBBBBBBBBBBBBBBBBBBB">
                <conceptNameId>180</conceptNameId>
                <concept reference="533"/>
                <name>DECEASED</name>
                <locale id="543">en</locale>
                <creator/>
                <dateCreated id="544">2004-01-01 00:00:00</dateCreated>
                <voided>false</voided>
                <voidedBy/>
                <tags class="set" id="545"/>
                <conceptNameType>FULLY_SPECIFIED</conceptNameType>
                <localePreferred>false</localePreferred>
              </org.openmrs.ConceptName>
              <org.openmrs.ConceptName id="546" uuid="182BBBBBBBBBBBBBBBBBBBBBBBBBBBBBBBBB">
                <conceptNameId>182</conceptNameId>
                <concept reference="533"/>
                <name>Mfiwa</name>
                <locale id="547">sw</locale>
                <creator/>
                <dateCreated id="548">2007-12-11 21:28:21</dateCreated>
                <voided>false</voided>
                <voidedBy/>
                <tags class="set" id="549"/>
                <conceptNameType>FULLY_SPECIFIED</conceptNameType>
                <localePreferred>false</localePreferred>
              </org.openmrs.ConceptName>
            </names>
            <answers class="set" id="550"/>
            <conceptSets class="set" id="551"/>
            <descriptions class="set" id="552">
              <org.openmrs.ConceptDescription id="553" uuid="159FFFFFFFFFFFFFFFFFFFFFFFFFFFFFFFFF">
                <conceptDescriptionId>159</conceptDescriptionId>
                <concept reference="533"/>
                <description>aliyefiwa au mfiwa</description>
                <locale id="554">sw</locale>
                <creator/>
                <dateCreated id="555">2007-12-11 21:28:21</dateCreated>
                <changedBy/>
              </org.openmrs.ConceptDescription>
              <org.openmrs.ConceptDescription id="556" uuid="158FFFFFFFFFFFFFFFFFFFFFFFFFFFFFFFFF">
                <conceptDescriptionId>158</conceptDescriptionId>
                <concept reference="533"/>
                <description>Patient died.</description>
                <locale id="557">en</locale>
                <creator/>
                <dateCreated id="558">2004-01-01 00:00:00</dateCreated>
                <changedBy/>
              </org.openmrs.ConceptDescription>
            </descriptions>
            <conceptMappings class="set" id="559">
              <org.openmrs.ConceptMap id="560" uuid="134021ABBBBBBBBBBBBBBBBBBBBBBBBBBBBB">
                <conceptMapType reference="84"/>
                <creator/>
                <changedBy/>
                <dateCreated id="561">2010-10-24 13:09:59</dateCreated>
                <conceptMapId>134021</conceptMapId>
                <concept reference="533"/>
                <conceptReferenceTerm id="562" resolves-to="org.openmrs.ConceptReferenceTerm" uuid="6e2ddd50-b700-35f1-8a0c-63edb766eb6a">
                  <creator/>
                  <dateCreated id="564">2010-10-24 00:00:00</dateCreated>
                  <changedBy/>
                  <retired>false</retired>
                  <retiredBy/>
                  <conceptReferenceTermId>134021</conceptReferenceTermId>
                  <conceptSource reference="200"/>
                  <code>159</code>
                  <conceptReferenceTermMaps id="565"/>
                </conceptReferenceTerm>
              </org.openmrs.ConceptMap>
              <org.openmrs.ConceptMap id="566" uuid="137046ABBBBBBBBBBBBBBBBBBBBBBBBBBBBB">
                <conceptMapType reference="84"/>
                <creator/>
                <changedBy/>
                <dateCreated id="567">2010-12-05 17:51:52</dateCreated>
                <conceptMapId>137046</conceptMapId>
                <concept reference="533"/>
                <conceptReferenceTerm reference="136"/>
              </org.openmrs.ConceptMap>
            </conceptMappings>
          </answerConcept>
          <creator/>
          <dateCreated id="568">2009-05-13 12:34:56</dateCreated>
          <sortWeight>1486.0</sortWeight>
        </org.openmrs.ConceptAnswer>
        <org.openmrs.ConceptAnswer id="569" uuid="1482CCCCCCCCCCCCCCCCCCCCCCCCCCCCCCCC">
          <conceptAnswerId>1482</conceptAnswerId>
          <concept reference="390"/>
          <answerConcept id="570" resolves-to="org.openmrs.Concept" uuid="1694AAAAAAAAAAAAAAAAAAAAAAAAAAAAAAAA">
            <conceptId>1694</conceptId>
            <retired>false</retired>
            <retiredBy/>
            <datatype reference="479"/>
            <conceptClass reference="255"/>
            <set>false</set>
            <version></version>
            <creator/>
            <dateCreated id="572">2009-05-13 12:33:09</dateCreated>
            <changedBy/>
            <dateChanged id="573">2010-12-30 19:37:50</dateChanged>
            <names class="set" id="574">
              <org.openmrs.ConceptName id="575" uuid="105998BBBBBBBBBBBBBBBBBBBBBBBBBBBBBB">
                <conceptNameId>105998</conceptNameId>
                <concept reference="570"/>
                <name>SORTIE CONTRE AVIS MÉDICAL</name>
                <locale id="576">fr</locale>
                <creator/>
                <dateCreated id="577">2010-05-03 17:11:17</dateCreated>
                <voided>false</voided>
                <voidedBy/>
                <tags class="set" id="578"/>
                <conceptNameType>FULLY_SPECIFIED</conceptNameType>
                <localePreferred>false</localePreferred>
              </org.openmrs.ConceptName>
              <org.openmrs.ConceptName id="579" uuid="86977BBBBBBBBBBBBBBBBBBBBBBBBBBBBBBB">
                <conceptNameId>86977</conceptNameId>
                <concept reference="570"/>
                <name>left AMA</name>
                <locale id="580">en</locale>
                <creator/>
                <dateCreated id="581">2009-05-13 12:33:09</dateCreated>
                <voided>false</voided>
                <voidedBy/>
                <tags class="set" id="582"/>
                <conceptNameType>SHORT</conceptNameType>
                <localePreferred>false</localePreferred>
              </org.openmrs.ConceptName>
              <org.openmrs.ConceptName id="583" uuid="97940BBBBBBBBBBBBBBBBBBBBBBBBBBBBBBB">
                <conceptNameId>97940</conceptNameId>
                <concept reference="570"/>
                <name>SELF-DISCHARGED</name>
                <locale id="584">en</locale>
                <creator/>
                <dateCreated id="585">2009-05-13 12:33:09</dateCreated>
                <voided>false</voided>
                <voidedBy/>
                <tags class="set" id="586"/>
                <localePreferred>false</localePreferred>
              </org.openmrs.ConceptName>
              <org.openmrs.ConceptName id="587" uuid="1974BBBBBBBBBBBBBBBBBBBBBBBBBBBBBBBB">
                <conceptNameId>1974</conceptNameId>
                <concept reference="570"/>
                <name>LEFT AGAINST MEDICAL ADVICE</name>
                <locale id="588">en</locale>
                <creator/>
                <dateCreated id="589">2009-05-13 12:33:09</dateCreated>
                <voided>false</voided>
                <voidedBy/>
                <tags class="set" id="590"/>
                <conceptNameType>FULLY_SPECIFIED</conceptNameType>
                <localePreferred>false</localePreferred>
              </org.openmrs.ConceptName>
              <org.openmrs.ConceptName id="591" uuid="93887BBBBBBBBBBBBBBBBBBBBBBBBBBBBBBB">
                <conceptNameId>93887</conceptNameId>
                <concept reference="570"/>
                <name>LEFT AMA</name>
                <locale id="592">en</locale>
                <creator/>
                <dateCreated id="593">2009-05-13 12:33:09</dateCreated>
                <voided>false</voided>
                <voidedBy/>
                <tags class="set" id="594"/>
                <localePreferred>false</localePreferred>
              </org.openmrs.ConceptName>
            </names>
            <answers class="set" id="595"/>
            <conceptSets class="set" id="596"/>
            <descriptions class="set" id="597"/>
            <conceptMappings class="set" id="598">
              <org.openmrs.ConceptMap id="599" uuid="137532ABBBBBBBBBBBBBBBBBBBBBBBBBBBBB">
                <conceptMapType reference="84"/>
                <creator/>
                <changedBy/>
                <dateCreated id="600">2010-12-30 19:37:50</dateCreated>
                <conceptMapId>137532</conceptMapId>
                <concept reference="570"/>
                <conceptReferenceTerm id="601" resolves-to="org.openmrs.ConceptReferenceTerm" uuid="2549e903-25a0-3738-844d-fe896e63cb0d">
                  <creator/>
                  <dateCreated id="603">2010-12-30 00:00:00</dateCreated>
                  <changedBy/>
                  <retired>false</retired>
                  <retiredBy/>
                  <conceptReferenceTermId>137532</conceptReferenceTermId>
                  <conceptSource reference="91"/>
                  <code>445060000</code>
                  <conceptReferenceTermMaps id="604"/>
                </conceptReferenceTerm>
              </org.openmrs.ConceptMap>
            </conceptMappings>
          </answerConcept>
          <creator/>
          <dateCreated id="605">2009-05-13 12:34:56</dateCreated>
          <sortWeight>1482.0</sortWeight>
        </org.openmrs.ConceptAnswer>
        <org.openmrs.ConceptAnswer id="606" uuid="1484CCCCCCCCCCCCCCCCCCCCCCCCCCCCCCCC">
          <conceptAnswerId>1484</conceptAnswerId>
          <concept reference="390"/>
          <answerConcept id="607" resolves-to="org.openmrs.Concept" uuid="1692AAAAAAAAAAAAAAAAAAAAAAAAAAAAAAAA">
            <conceptId>1692</conceptId>
            <retired>false</retired>
            <retiredBy/>
            <datatype reference="479"/>
            <conceptClass reference="255"/>
            <set>false</set>
            <version></version>
            <creator/>
            <dateCreated id="609">2009-05-13 12:31:43</dateCreated>
            <changedBy/>
            <dateChanged id="610">2010-09-23 12:54:09</dateChanged>
            <names class="set" id="611">
              <org.openmrs.ConceptName id="612" uuid="86975BBBBBBBBBBBBBBBBBBBBBBBBBBBBBBB">
                <conceptNameId>86975</conceptNameId>
                <concept reference="607"/>
                <name>discharged</name>
                <locale id="613">en</locale>
                <creator/>
                <dateCreated id="614">2009-05-13 12:31:43</dateCreated>
                <voided>false</voided>
                <voidedBy/>
                <tags class="set" id="615"/>
                <conceptNameType>SHORT</conceptNameType>
                <localePreferred>false</localePreferred>
              </org.openmrs.ConceptName>
              <org.openmrs.ConceptName id="616" uuid="105886BBBBBBBBBBBBBBBBBBBBBBBBBBBBBB">
                <conceptNameId>105886</conceptNameId>
                <concept reference="607"/>
                <name>DÉCHARGE SIGNÉE</name>
                <locale id="617">fr</locale>
                <creator/>
                <dateCreated id="618">2010-05-03 17:07:47</dateCreated>
                <voided>false</voided>
                <voidedBy/>
                <tags class="set" id="619"/>
                <conceptNameType>FULLY_SPECIFIED</conceptNameType>
                <localePreferred>false</localePreferred>
              </org.openmrs.ConceptName>
              <org.openmrs.ConceptName id="620" uuid="1972BBBBBBBBBBBBBBBBBBBBBBBBBBBBBBBB">
                <conceptNameId>1972</conceptNameId>
                <concept reference="607"/>
                <name>DISCHARGED</name>
                <locale id="621">en</locale>
                <creator/>
                <dateCreated id="622">2009-05-13 12:31:43</dateCreated>
                <voided>false</voided>
                <voidedBy/>
                <tags class="set" id="623"/>
                <conceptNameType>FULLY_SPECIFIED</conceptNameType>
                <localePreferred>false</localePreferred>
              </org.openmrs.ConceptName>
            </names>
            <answers class="set" id="624"/>
            <conceptSets class="set" id="625"/>
            <descriptions class="set" id="626"/>
            <conceptMappings class="set" id="627">
              <org.openmrs.ConceptMap id="628" uuid="132726ABBBBBBBBBBBBBBBBBBBBBBBBBBBBB">
                <conceptMapType reference="84"/>
                <creator/>
                <changedBy/>
                <dateCreated id="629">2010-08-23 15:49:10</dateCreated>
                <conceptMapId>132726</conceptMapId>
                <concept reference="607"/>
                <conceptReferenceTerm id="630" resolves-to="org.openmrs.ConceptReferenceTerm" uuid="fc81d755-a94c-34aa-8440-9980df0cb6a3">
                  <creator/>
                  <dateCreated id="632">2010-08-23 00:00:00</dateCreated>
                  <changedBy/>
                  <retired>false</retired>
                  <retiredBy/>
                  <conceptReferenceTermId>132726</conceptReferenceTermId>
                  <conceptSource reference="91"/>
                  <code>183665006</code>
                  <conceptReferenceTermMaps id="633"/>
                </conceptReferenceTerm>
              </org.openmrs.ConceptMap>
              <org.openmrs.ConceptMap id="634" uuid="133415ABBBBBBBBBBBBBBBBBBBBBBBBBBBBB">
                <conceptMapType reference="84"/>
                <creator/>
                <changedBy/>
                <dateCreated id="635">2010-09-20 17:27:10</dateCreated>
                <conceptMapId>133415</conceptMapId>
                <concept reference="607"/>
                <conceptReferenceTerm id="636" resolves-to="org.openmrs.ConceptReferenceTerm" uuid="c3cff5e9-e759-3bbf-8a39-6e8adb497f1d">
                  <creator/>
                  <dateCreated id="638">2010-09-20 00:00:00</dateCreated>
                  <changedBy/>
                  <retired>false</retired>
                  <retiredBy/>
                  <conceptReferenceTermId>133415</conceptReferenceTermId>
                  <conceptSource reference="209"/>
                  <code>3626</code>
                  <conceptReferenceTermMaps id="639"/>
                </conceptReferenceTerm>
              </org.openmrs.ConceptMap>
            </conceptMappings>
          </answerConcept>
          <creator/>
          <dateCreated id="640">2009-05-13 12:34:56</dateCreated>
          <sortWeight>1484.0</sortWeight>
        </org.openmrs.ConceptAnswer>
      </answers>
      <conceptSets class="set" id="641"/>
      <descriptions class="set" id="642">
        <org.openmrs.ConceptDescription id="643" uuid="1529FFFFFFFFFFFFFFFFFFFFFFFFFFFFFFFF">
          <conceptDescriptionId>1529</conceptDescriptionId>
          <concept reference="390"/>
          <description>Status of patient on discharge.</description>
          <locale id="644">en</locale>
          <creator/>
          <dateCreated id="645">2009-05-13 12:34:56</dateCreated>
          <changedBy/>
        </org.openmrs.ConceptDescription>
      </descriptions>
      <conceptMappings class="set" id="646">
        <org.openmrs.ConceptMap id="647" uuid="137533ABBBBBBBBBBBBBBBBBBBBBBBBBBBBB">
          <conceptMapType reference="84"/>
          <creator/>
          <changedBy/>
          <dateCreated id="648">2010-12-30 19:41:02</dateCreated>
          <conceptMapId>137533</conceptMapId>
          <concept reference="390"/>
          <conceptReferenceTerm id="649" resolves-to="org.openmrs.ConceptReferenceTerm" uuid="a595264f-9d6f-36f2-9ae6-141f1f0efdd7">
            <creator/>
            <dateCreated id="651">2010-12-30 00:00:00</dateCreated>
            <changedBy/>
            <retired>false</retired>
            <retiredBy/>
            <conceptReferenceTermId>137533</conceptReferenceTermId>
            <conceptSource reference="91"/>
            <code>309039003</code>
            <conceptReferenceTermMaps id="652"/>
          </conceptReferenceTerm>
        </org.openmrs.ConceptMap>
      </conceptMappings>
    </outcomesConcept>
    <allWorkflows id="653"/>
  </org.openmrs.Program>
  <org.openmrs.Provider id="654" uuid="ae01b8ff-a4cc-4012-bcf7-72359e852e14">
    <creator/>
    <dateCreated id="655">2012-08-08 23:40:58</dateCreated>
    <retired>false</retired>
    <attributes id="656"/>
    <log class="org.apache.commons.logging.impl.SLF4JLocationAwareLog" id="657">
      <name>org.openmrs.Provider</name>
    </log>
    <providerId>2</providerId>
    <person id="658" resolves-to="org.openmrs.Person" uuid="1cc7dc79-ad09-4897-8a1d-0b3d3226e9ee">
      <voided>false</voided>
      <personId>9</personId>
      <addresses class="tree-set" id="660">
        <no-comparator/>
      </addresses>
      <names class="tree-set" id="661">
        <no-comparator/>
        <org.openmrs.PersonName id="662" uuid="02d1c5a1-ee17-4b0b-ad7a-5f37766d020e">
          <creator/>
          <dateCreated id="663">2012-08-08 23:40:16</dateCreated>
          <voided>false</voided>
          <personNameId>9</personNameId>
          <person reference="658"/>
          <preferred>false</preferred>
          <givenName>Unknown</givenName>
          <familyName>Provider</familyName>
        </org.openmrs.PersonName>
      </names>
      <attributes class="tree-set" id="664">
        <no-comparator/>
      </attributes>
      <gender>F</gender>
      <birthdateEstimated>false</birthdateEstimated>
      <dead>false</dead>
      <personCreator/>
      <personDateCreated id="665">2012-08-08 23:40:16</personDateCreated>
      <personVoided>false</personVoided>
      <isPatient>false</isPatient>
    </person>
    <identifier>UNKNOWN</identifier>
  </org.openmrs.Provider>
</list>
