<?xml version="1.0" encoding="UTF-8"?>
<list id="1">
  <org.openmrs.Form id="2" uuid="0038a296-62f8-4099-80e5-c9ea7590c157">
    <name>Progress Note</name>
    <description>Encounter memo field free text to enter additional information mostly complaints and examinations findings.</description>
    <creator/>
    <dateCreated id="3">2012-06-23 13:32:30</dateCreated>
    <dateChanged id="4">2013-01-31 09:11:25</dateChanged>
    <retired>false</retired>
    <formId>13</formId>
    <version>0.0.1</version>
    <published>true</published>
    <encounterType id="5" resolves-to="org.openmrs.EncounterType" uuid="465a92f2-baf8-42e9-9612-53064be868e8">
      <name>Consultation</name>
      <description>Collection of clinical data during the main consultation</description>
      <creator/>
      <dateCreated id="7">2012-06-26 06:19:31</dateCreated>
      <retired>false</retired>
      <encounterTypeId>10</encounterTypeId>
    </encounterType>
    <formFields id="8"/>
  </org.openmrs.Form>
  <org.openmrs.Form id="9" uuid="1dd02c43-904b-4206-8378-7b1a8414c326">
    <name>HEI Discharge Form</name>
    <description>Form used when discharging a child patient from HEI care</description>
    <creator/>
    <dateCreated id="10">2013-03-12 15:52:45</dateCreated>
    <retired>false</retired>
    <formId>14</formId>
    <version>1</version>
    <published>false</published>
    <encounterType id="11" resolves-to="org.openmrs.EncounterType" uuid="abfb143c-5b49-41e5-9ead-f47ee4cc57cf">
      <name>Check Out</name>
      <description>Recording data as the patient completes a visit.</description>
      <creator/>
      <dateCreated id="13">2012-06-26 06:16:59</dateCreated>
      <retired>false</retired>
      <encounterTypeId>9</encounterTypeId>
    </encounterType>
    <formFields id="14"/>
  </org.openmrs.Form>
  <org.openmrs.Form id="15" uuid="23b4ebbd-29ad-455e-be0e-04aa6bc30798">
    <name>MOH 257 Visit Summary</name>
    <description>A summarised visit from page 2 of the MOH257 blue card</description>
    <creator/>
    <dateCreated id="16">2013-01-16 21:32:13</dateCreated>
    <dateChanged id="17">2013-04-18 16:55:03</dateChanged>
    <retired>false</retired>
    <formId>15</formId>
    <version>0.0.1</version>
    <published>false</published>
    <encounterType id="18" resolves-to="org.openmrs.EncounterType" uuid="a0034eee-1940-4e35-847f-97537a35d05e">
      <name>HIV Consultation</name>
      <description>Collection of HIV-specific data during the main consultation</description>
      <creator/>
      <dateCreated id="20">2012-06-26 06:20:28</dateCreated>
      <retired>false</retired>
      <encounterTypeId>11</encounterTypeId>
    </encounterType>
    <formFields id="21"/>
  </org.openmrs.Form>
  <org.openmrs.Form id="22" uuid="2daabb77-7ad6-4952-864b-8d23e109c69d">
    <name>TB Follow up Visit</name>
    <creator/>
    <dateCreated id="23">2012-08-24 16:52:17</dateCreated>
    <dateChanged id="24">2013-04-18 16:56:37</dateChanged>
    <retired>false</retired>
    <formId>16</formId>
    <version>0.0.1</version>
    <published>true</published>
    <encounterType id="25" resolves-to="org.openmrs.EncounterType" uuid="fbf0bfce-e9f4-45bb-935a-59195d8a0e35">
      <name>TB Consultation</name>
      <description>Followup visit for patient on TB program</description>
      <creator/>
      <dateCreated id="27">2013-04-18 09:10:26</dateCreated>
      <retired>false</retired>
      <encounterTypeId>18</encounterTypeId>
    </encounterType>
    <formFields id="28"/>
  </org.openmrs.Form>
  <org.openmrs.Form id="29" uuid="37f6bd8d-586a-4169-95fa-5781f987fe62">
    <name>Triage</name>
    <description>Initial and follow up visits MOH 257</description>
    <creator/>
    <dateCreated id="30">2012-06-20 06:33:38</dateCreated>
    <dateChanged id="31">2013-01-31 09:11:24</dateChanged>
    <retired>false</retired>
    <formId>17</formId>
    <version>0.0.1</version>
    <published>true</published>
    <encounterType id="32" resolves-to="org.openmrs.EncounterType" uuid="d1059fb9-a079-4feb-a749-eedd709ae542">
      <name>Triage</name>
      <description>Collection of limited patient data, prior to a more thorough examination</description>
      <creator/>
      <dateCreated id="34">2012-06-26 06:15:56</dateCreated>
      <retired>false</retired>
      <encounterTypeId>8</encounterTypeId>
    </encounterType>
    <formFields id="35"/>
  </org.openmrs.Form>
  <org.openmrs.Form id="36" uuid="4b296dd0-f6be-4007-9eb8-d0fd4e94fb3a">
    <name>TB Completion</name>
    <creator/>
    <dateCreated id="37">2012-08-24 16:57:23</dateCreated>
    <dateChanged id="38">2013-04-18 16:55:38</dateChanged>
    <retired>false</retired>
    <formId>18</formId>
    <version>0.0.1</version>
    <published>true</published>
    <encounterType id="39" resolves-to="org.openmrs.EncounterType" uuid="d3e3d723-7458-4b4e-8998-408e8a551a84">
      <name>TB Discontinuation</name>
      <description>Discontinuation from the TB program</description>
      <creator/>
      <dateCreated id="41">2013-04-18 08:01:09</dateCreated>
      <retired>false</retired>
      <encounterTypeId>17</encounterTypeId>
    </encounterType>
    <formFields id="42"/>
  </org.openmrs.Form>
  <org.openmrs.Form id="43" uuid="59ed8e62-7f1f-40ae-a2e3-eabe350277ce">
    <name>TB Screening</name>
    <description>TB screening for a HIV patient</description>
    <creator/>
    <dateCreated id="44">2012-06-23 13:36:26</dateCreated>
    <dateChanged id="45">2013-04-18 16:57:08</dateChanged>
    <retired>false</retired>
    <formId>19</formId>
    <version>0.0.1</version>
    <published>true</published>
    <encounterType id="46" resolves-to="org.openmrs.EncounterType" uuid="ed6dacc9-0827-4c82-86be-53c0d8c449be">
      <name>TB Screening</name>
      <description>Screening of patient for TB</description>
      <creator/>
      <dateCreated id="48">2013-03-06 08:04:31</dateCreated>
      <retired>false</retired>
      <encounterTypeId>14</encounterTypeId>
    </encounterType>
    <formFields id="49"/>
  </org.openmrs.Form>
  <org.openmrs.Form id="50" uuid="7e603909-9ed5-4d0c-a688-26ecb05d8b6e">
    <name>Lab Results</name>
    <creator/>
    <dateCreated id="51">2012-06-26 07:31:44</dateCreated>
    <dateChanged id="52">2013-02-11 15:39:52</dateChanged>
    <retired>false</retired>
    <formId>20</formId>
    <version>0.0.1</version>
    <published>true</published>
    <encounterType reference="5"/>
    <formFields id="53"/>
  </org.openmrs.Form>
  <org.openmrs.Form id="54" uuid="7efa0ee0-6617-4cd7-8310-9f95dfee7a82">
    <name>Family History</name>
    <creator/>
    <dateCreated id="55">2012-07-06 15:30:42</dateCreated>
    <dateChanged id="56">2013-01-31 09:11:25</dateChanged>
    <retired>false</retired>
    <formId>21</formId>
    <version>0.0.1</version>
    <published>false</published>
    <encounterType id="57" resolves-to="org.openmrs.EncounterType" uuid="de1f9d67-b73e-4e1b-90d0-036166fc6995">
      <name>Registration</name>
      <description>Initial data collection for a patient, not specific to any program.</description>
      <creator/>
      <dateCreated id="59">2012-06-26 06:14:17</dateCreated>
      <retired>false</retired>
      <encounterTypeId>6</encounterTypeId>
    </encounterType>
    <formFields id="60"/>
  </org.openmrs.Form>
  <org.openmrs.Form id="61" uuid="8553d869-bdc8-4287-8505-910c7c998aff">
    <name>HEI Enrollment Form</name>
    <description>HIV Exposed Infant(HEI) for initial registration of a child patient</description>
    <creator/>
    <dateCreated id="62">2013-03-11 17:33:21</dateCreated>
    <dateChanged id="63">2013-03-11 17:42:01</dateChanged>
    <retired>false</retired>
    <formId>22</formId>
    <version>1</version>
    <published>false</published>
    <encounterType reference="18"/>
    <formFields id="64"/>
  </org.openmrs.Form>
  <org.openmrs.Form id="65" uuid="89994550-9939-40f3-afa6-173bce445c79">
    <name>TB Enrollment</name>
    <creator/>
    <dateCreated id="66">2012-08-24 16:49:40</dateCreated>
    <dateChanged id="67">2013-04-18 16:56:07</dateChanged>
    <retired>false</retired>
    <formId>23</formId>
    <version>0.0.1</version>
    <published>true</published>
    <encounterType id="68" resolves-to="org.openmrs.EncounterType" uuid="9d8498a4-372d-4dc4-a809-513a2434621e">
      <name>TB Enrollment</name>
      <description>Enrollment onto the TB program</description>
      <creator/>
      <dateCreated id="70">2013-04-18 07:51:20</dateCreated>
      <retired>false</retired>
      <encounterTypeId>15</encounterTypeId>
    </encounterType>
    <formFields id="71"/>
  </org.openmrs.Form>
  <org.openmrs.Form id="72" uuid="8e4e1abf-7c08-4ba8-b6d8-19a9f1ccb6c9">
    <name>Obstetric History</name>
    <description>Obstetric History</description>
    <creator/>
    <dateCreated id="73">2012-07-08 20:06:38</dateCreated>
    <dateChanged id="74">2013-01-31 09:11:24</dateChanged>
    <retired>false</retired>
    <formId>24</formId>
    <version>0.0.1</version>
    <published>true</published>
    <encounterType reference="5"/>
    <formFields id="75"/>
  </org.openmrs.Form>
  <org.openmrs.Form id="76" uuid="bd598114-4ef4-47b1-a746-a616180ccfc0">
    <name>Clinical Encounter - HIV addendum</name>
    <description>Additions for the merging of the forms  IMPRESSIONS AND DIAGNOSES, DECISION POINTS and TREATMENT INTERRUPTION (maybe)</description>
    <creator/>
    <dateCreated id="77">2012-07-05 08:43:50</dateCreated>
    <dateChanged id="78">2013-02-13 09:41:21</dateChanged>
    <retired>false</retired>
    <formId>25</formId>
    <version>0.0.1</version>
    <published>true</published>
    <encounterType reference="18"/>
    <formFields id="79"/>
  </org.openmrs.Form>
  <org.openmrs.Form id="80" uuid="d4ff8ad1-19f8-484f-9395-04c755de9a47">
    <name>Other Medications</name>
    <description>For recording medications other than ARV regimens</description>
    <creator/>
    <dateCreated id="81">2012-07-17 04:49:28</dateCreated>
    <dateChanged id="82">2013-01-31 09:11:25</dateChanged>
    <retired>false</retired>
    <formId>26</formId>
    <version>0.1</version>
    <published>false</published>
    <encounterType reference="5"/>
    <formFields id="83"/>
  </org.openmrs.Form>
  <org.openmrs.Form id="84" uuid="e3237ede-fa70-451f-9e6c-0908bc39f8b9">
    <name>HIV Program Discontinuation</name>
    <description>Discontinuation of HIV care, for a variety of possible reasons</description>
    <creator/>
    <dateCreated id="85">2012-06-30 17:30:41</dateCreated>
    <dateChanged id="86">2013-01-31 09:11:25</dateChanged>
    <retired>false</retired>
    <formId>27</formId>
    <version>0.1</version>
    <published>true</published>
    <encounterType reference="11"/>
    <formFields id="87"/>
  </org.openmrs.Form>
  <org.openmrs.Form id="88" uuid="e4b506c1-7379-42b6-a374-284469cba8da">
    <name>HIV Program Enrollment</name>
    <creator/>
    <dateCreated id="89">2012-06-26 06:25:19</dateCreated>
    <dateChanged id="90">2013-01-31 09:11:25</dateChanged>
    <retired>false</retired>
    <formId>28</formId>
    <version>0.1</version>
    <published>true</published>
    <encounterType id="91" resolves-to="org.openmrs.EncounterType" uuid="de78a6be-bfc5-4634-adc3-5f1a280455cc">
      <name>HIV Enrollment</name>
      <description>Enrollment onto the HIV program</description>
      <creator/>
      <dateCreated id="93">2012-06-26 06:15:01</dateCreated>
      <retired>false</retired>
      <encounterTypeId>7</encounterTypeId>
    </encounterType>
    <formFields id="94"/>
  </org.openmrs.Form>
  <org.openmrs.Form id="95" uuid="e958f902-64df-4819-afd4-7fb061f59308">
    <name>Clinical Encounter</name>
    <creator/>
    <dateCreated id="96">2012-06-25 07:20:13</dateCreated>
    <dateChanged id="97">2013-01-31 09:11:25</dateChanged>
    <retired>false</retired>
    <formId>29</formId>
    <version>0.0.1</version>
    <published>false</published>
    <encounterType reference="5"/>
    <formFields id="98"/>
  </org.openmrs.Form>
</list>
