<?xml version="1.0" encoding="UTF-8"?>
<package id="1" uuid="c62cdf21-695f-4d96-8f7c-5ba490149f9b">
  <dateCreated id="2">2013-04-12 10:34:35</dateCreated>
  <name>Kenya EMR Forms</name>
  <description>Forms for the Kenya EMR</description>
  <openmrsVersion>1.9.1  Build 28992</openmrsVersion>
  <version>17</version>
  <groupUuid>eb6791b2-fab4-4915-ab73-4fee8ec84ca6</groupUuid>
  <modules id="3">
    <entry>
      <string>uilibrary</string>
      <string>2.0.3.1</string>
    </entry>
    <entry>
      <string>htmlwidgets</string>
      <string>1.6.4</string>
    </entry>
    <entry>
      <string>uiframework</string>
      <string>2.4</string>
    </entry>
    <entry>
      <string>webservices.rest</string>
      <string>1.1.29293</string>
    </entry>
    <entry>
      <string>validation</string>
      <string>1.0.1</string>
    </entry>
    <entry>
      <string>htmlformentry</string>
      <string>2.0.3</string>
    </entry>
    <entry>
      <string>metadatamapping</string>
      <string>1.0.1</string>
    </entry>
    <entry>
      <string>reportingrest</string>
      <string>1.2</string>
    </entry>
    <entry>
      <string>appframework</string>
      <string>1.3</string>
    </entry>
    <entry>
      <string>logic</string>
      <string>0.5.2</string>
    </entry>
    <entry>
      <string>calculation</string>
      <string>1.0</string>
    </entry>
    <entry>
      <string>moduledistro</string>
      <string>1.2</string>
    </entry>
    <entry>
      <string>idgen</string>
      <string>2.1</string>
    </entry>
    <entry>
      <string>htmlformentry19ext</string>
      <string>0.9</string>
    </entry>
    <entry>
      <string>reporting</string>
      <string>0.7.3.1</string>
    </entry>
    <entry>
      <string>metadatasharing</string>
      <string>1.1.2</string>
    </entry>
    <entry>
      <string>serialization.xstream</string>
      <string>0.2.7</string>
    </entry>
  </modules>
  <items class="linked-hash-set" id="4">
    <org.openmrs.module.metadatasharing.Item id="5" uuid="82a3a38a-7be1-40c3-b35a-17eb21190f09">
      <id>1</id>
      <classname>org.openmrs.module.htmlformentry.HtmlForm</classname>
      <dateChanged id="6">2013-03-22 15:36:13</dateChanged>
      <retired>false</retired>
    </org.openmrs.module.metadatasharing.Item>
    <org.openmrs.module.metadatasharing.Item id="7" uuid="12ef8ec8-c769-49e7-a445-9d2dd0e2fc02">
      <id>3</id>
      <classname>org.openmrs.module.htmlformentry.HtmlForm</classname>
      <dateChanged id="8">2013-03-22 15:24:14</dateChanged>
      <retired>false</retired>
    </org.openmrs.module.metadatasharing.Item>
    <org.openmrs.module.metadatasharing.Item id="9" uuid="a7970840-dea2-4692-921a-d8da69561063">
      <id>19</id>
      <classname>org.openmrs.module.htmlformentry.HtmlForm</classname>
      <dateChanged id="10">2013-03-22 15:22:20</dateChanged>
      <retired>false</retired>
    </org.openmrs.module.metadatasharing.Item>
    <org.openmrs.module.metadatasharing.Item id="11" uuid="20811337-f6ea-4f53-8b61-865bb2d73f1c">
      <id>5</id>
      <classname>org.openmrs.module.htmlformentry.HtmlForm</classname>
      <dateChanged id="12">2013-03-22 15:20:15</dateChanged>
      <retired>false</retired>
    </org.openmrs.module.metadatasharing.Item>
    <org.openmrs.module.metadatasharing.Item id="13" uuid="c86ccf44-06de-4304-91c1-00f83bc9b001">
      <id>7</id>
      <classname>org.openmrs.module.htmlformentry.HtmlForm</classname>
      <dateChanged id="14">2013-03-22 15:20:50</dateChanged>
      <retired>false</retired>
    </org.openmrs.module.metadatasharing.Item>
    <org.openmrs.module.metadatasharing.Item id="15" uuid="0bdf9eac-edd5-4af9-a8d8-67e5613dca0d">
      <id>9</id>
      <classname>org.openmrs.module.htmlformentry.HtmlForm</classname>
      <dateChanged id="16">2013-03-22 15:29:11</dateChanged>
      <retired>false</retired>
    </org.openmrs.module.metadatasharing.Item>
    <org.openmrs.module.metadatasharing.Item id="17" uuid="19805bb0-ea0b-447e-8409-c71f5fc7a76a">
      <id>10</id>
      <classname>org.openmrs.module.htmlformentry.HtmlForm</classname>
      <dateChanged id="18">2013-03-22 15:28:31</dateChanged>
      <retired>false</retired>
    </org.openmrs.module.metadatasharing.Item>
    <org.openmrs.module.metadatasharing.Item id="19" uuid="25c5cadf-d7c4-4048-b009-e15fc035e2c0">
      <id>11</id>
      <classname>org.openmrs.module.htmlformentry.HtmlForm</classname>
      <dateChanged id="20">2013-03-22 15:37:50</dateChanged>
      <retired>false</retired>
    </org.openmrs.module.metadatasharing.Item>
    <org.openmrs.module.metadatasharing.Item id="21" uuid="629a94d4-a703-4c87-b701-e4e0753cf6e3">
      <id>12</id>
      <classname>org.openmrs.module.htmlformentry.HtmlForm</classname>
      <dateChanged id="22">2013-03-22 15:25:28</dateChanged>
      <retired>false</retired>
    </org.openmrs.module.metadatasharing.Item>
    <org.openmrs.module.metadatasharing.Item id="23" uuid="1a2bf46f-dffc-404f-9df3-96dacc394c49">
      <id>13</id>
      <classname>org.openmrs.module.htmlformentry.HtmlForm</classname>
      <dateChanged id="24">2013-03-22 15:18:19</dateChanged>
      <retired>false</retired>
    </org.openmrs.module.metadatasharing.Item>
    <org.openmrs.module.metadatasharing.Item id="25" uuid="d2e1aa72-abc0-4cbf-be1b-33854994f276">
      <id>14</id>
      <classname>org.openmrs.module.htmlformentry.HtmlForm</classname>
      <dateChanged id="26">2013-03-22 15:23:41</dateChanged>
      <retired>false</retired>
    </org.openmrs.module.metadatasharing.Item>
    <org.openmrs.module.metadatasharing.Item id="27" uuid="ec4b2b2d-0a0e-4f10-b02e-508a27ca8cbd">
      <id>15</id>
      <classname>org.openmrs.module.htmlformentry.HtmlForm</classname>
      <dateChanged id="28">2013-03-22 15:24:50</dateChanged>
      <retired>false</retired>
    </org.openmrs.module.metadatasharing.Item>
    <org.openmrs.module.metadatasharing.Item id="29" uuid="dfe62163-d3b9-4175-8a11-8afd9e951d02">
      <id>18</id>
      <classname>org.openmrs.module.htmlformentry.HtmlForm</classname>
      <dateChanged id="30">2013-03-22 15:21:44</dateChanged>
      <retired>false</retired>
    </org.openmrs.module.metadatasharing.Item>
    <org.openmrs.module.metadatasharing.Item id="31" uuid="efc6b2ad-9573-4350-9e23-915a6a9a3c54">
      <id>16</id>
      <classname>org.openmrs.module.htmlformentry.HtmlForm</classname>
      <dateChanged id="32">2013-03-22 15:16:38</dateChanged>
      <retired>false</retired>
    </org.openmrs.module.metadatasharing.Item>
  </items>
  <relatedItems class="linked-hash-set" id="33">
    <org.openmrs.module.metadatasharing.Item id="34" uuid="37f6bd8d-586a-4169-95fa-5781f987fe62">
      <id>1</id>
      <classname>org.openmrs.Form</classname>
      <dateChanged id="35">2013-01-31 09:11:24</dateChanged>
      <retired>false</retired>
    </org.openmrs.module.metadatasharing.Item>
    <org.openmrs.module.metadatasharing.Item id="36" uuid="d1059fb9-a079-4feb-a749-eedd709ae542">
      <id>1</id>
      <classname>org.openmrs.EncounterType</classname>
      <dateChanged id="37">2012-06-26 06:15:56</dateChanged>
      <retired>false</retired>
    </org.openmrs.module.metadatasharing.Item>
    <org.openmrs.module.metadatasharing.Item id="38" uuid="a0b03050-c99b-11e0-9572-0800200c9a66">
      <id>1</id>
      <classname>org.openmrs.EncounterRole</classname>
      <dateChanged id="39">2013-01-31 09:11:25</dateChanged>
      <retired>false</retired>
    </org.openmrs.module.metadatasharing.Item>
    <org.openmrs.module.metadatasharing.Item id="40" uuid="8e4e1abf-7c08-4ba8-b6d8-19a9f1ccb6c9">
      <id>3</id>
      <classname>org.openmrs.Form</classname>
      <dateChanged id="41">2013-01-31 09:11:24</dateChanged>
      <retired>false</retired>
    </org.openmrs.module.metadatasharing.Item>
    <org.openmrs.module.metadatasharing.Item id="42" uuid="465a92f2-baf8-42e9-9612-53064be868e8">
      <id>2</id>
      <classname>org.openmrs.EncounterType</classname>
      <dateChanged id="43">2012-06-26 06:19:31</dateChanged>
      <retired>false</retired>
    </org.openmrs.module.metadatasharing.Item>
    <org.openmrs.module.metadatasharing.Item id="44" uuid="1dd02c43-904b-4206-8378-7b1a8414c326">
      <id>19</id>
      <classname>org.openmrs.Form</classname>
      <dateChanged id="45">2013-03-12 15:52:45</dateChanged>
      <retired>false</retired>
    </org.openmrs.module.metadatasharing.Item>
    <org.openmrs.module.metadatasharing.Item id="46" uuid="abfb143c-5b49-41e5-9ead-f47ee4cc57cf">
      <id>3</id>
      <classname>org.openmrs.EncounterType</classname>
      <dateChanged id="47">2012-06-26 06:16:59</dateChanged>
      <retired>false</retired>
    </org.openmrs.module.metadatasharing.Item>
    <org.openmrs.module.metadatasharing.Item id="48" uuid="7efa0ee0-6617-4cd7-8310-9f95dfee7a82">
      <id>5</id>
      <classname>org.openmrs.Form</classname>
      <dateChanged id="49">2013-01-31 09:11:25</dateChanged>
      <retired>false</retired>
    </org.openmrs.module.metadatasharing.Item>
    <org.openmrs.module.metadatasharing.Item id="50" uuid="de1f9d67-b73e-4e1b-90d0-036166fc6995">
      <id>4</id>
      <classname>org.openmrs.EncounterType</classname>
      <dateChanged id="51">2012-06-26 06:14:17</dateChanged>
      <retired>false</retired>
    </org.openmrs.module.metadatasharing.Item>
    <org.openmrs.module.metadatasharing.Item id="52" uuid="e3237ede-fa70-451f-9e6c-0908bc39f8b9">
      <id>7</id>
      <classname>org.openmrs.Form</classname>
      <dateChanged id="53">2013-01-31 09:11:25</dateChanged>
      <retired>false</retired>
    </org.openmrs.module.metadatasharing.Item>
    <org.openmrs.module.metadatasharing.Item id="54" uuid="dfdc6d40-2f2f-463d-ba90-cc97350441a8">
      <id>2</id>
      <classname>org.openmrs.Program</classname>
      <dateChanged id="55">2013-03-06 12:11:09</dateChanged>
      <retired>false</retired>
    </org.openmrs.module.metadatasharing.Item>
    <org.openmrs.module.metadatasharing.Item id="56" uuid="160631AAAAAAAAAAAAAAAAAAAAAAAAAAAAAA">
      <id>160631</id>
      <classname>org.openmrs.Concept</classname>
      <dateChanged id="57">2013-03-06 12:11:09</dateChanged>
      <retired>false</retired>
    </org.openmrs.module.metadatasharing.Item>
    <org.openmrs.module.metadatasharing.Item id="58" uuid="8d4a4c94-c2cc-11de-8d13-0010c6dffd0f">
      <id>4</id>
      <classname>org.openmrs.ConceptDatatype</classname>
      <dateChanged id="59">2004-02-02 00:00:00</dateChanged>
      <retired>false</retired>
    </org.openmrs.module.metadatasharing.Item>
    <org.openmrs.module.metadatasharing.Item id="60" uuid="1edca368-768a-102f-83f4-12313b04a615">
      <id>18</id>
      <classname>org.openmrs.ConceptClass</classname>
      <dateChanged id="61">2011-01-18 01:53:56</dateChanged>
      <retired>false</retired>
    </org.openmrs.module.metadatasharing.Item>
    <org.openmrs.module.metadatasharing.Item id="62" uuid="109079BBBBBBBBBBBBBBBBBBBBBBBBBBBBBB">
      <id>109079</id>
      <classname>org.openmrs.ConceptName</classname>
      <dateChanged id="63">2012-06-23 14:33:42</dateChanged>
    </org.openmrs.module.metadatasharing.Item>
    <org.openmrs.module.metadatasharing.Item id="64" uuid="144745ABBBBBBBBBBBBBBBBBBBBBBBBBBBBB">
      <id>144745</id>
      <classname>org.openmrs.ConceptMap</classname>
      <dateChanged id="65">2013-03-06 12:11:09</dateChanged>
    </org.openmrs.module.metadatasharing.Item>
    <org.openmrs.module.metadatasharing.Item id="66" uuid="35543629-7d8c-11e1-909d-c80aa9edcf4e">
      <id>1</id>
      <classname>org.openmrs.ConceptMapType</classname>
      <dateChanged id="67">2013-03-06 12:11:09</dateChanged>
      <retired>false</retired>
    </org.openmrs.module.metadatasharing.Item>
    <org.openmrs.module.metadatasharing.Item id="68" uuid="88d9d46d-29c3-3708-b504-8a0b8ef76670">
      <id>144745</id>
      <classname>org.openmrs.ConceptReferenceTerm</classname>
      <dateChanged id="69">2013-03-06 12:11:09</dateChanged>
      <retired>false</retired>
    </org.openmrs.module.metadatasharing.Item>
    <org.openmrs.module.metadatasharing.Item id="70" uuid="fb9aaaf1-65e2-4c18-b53c-16b575f2f385">
      <id>11</id>
      <classname>org.openmrs.ConceptSource</classname>
      <dateChanged id="71">2010-08-03 01:50:49</dateChanged>
      <retired>false</retired>
    </org.openmrs.module.metadatasharing.Item>
    <org.openmrs.module.metadatasharing.Item id="72" uuid="144744ABBBBBBBBBBBBBBBBBBBBBBBBBBBBB">
      <id>144744</id>
      <classname>org.openmrs.ConceptMap</classname>
      <dateChanged id="73">2013-03-06 12:11:09</dateChanged>
    </org.openmrs.module.metadatasharing.Item>
    <org.openmrs.module.metadatasharing.Item id="74" uuid="43ac5109-7d8c-11e1-909d-c80aa9edcf4e">
      <id>2</id>
      <classname>org.openmrs.ConceptMapType</classname>
      <dateChanged id="75">2013-03-06 12:11:09</dateChanged>
      <retired>false</retired>
    </org.openmrs.module.metadatasharing.Item>
    <org.openmrs.module.metadatasharing.Item id="76" uuid="9b87ca0e-af71-3794-b312-7d5337cad9cf">
      <id>144621</id>
      <classname>org.openmrs.ConceptReferenceTerm</classname>
      <dateChanged id="77">2013-03-06 12:11:09</dateChanged>
      <retired>false</retired>
    </org.openmrs.module.metadatasharing.Item>
    <org.openmrs.module.metadatasharing.Item id="78" uuid="2ADDDDDDDDDDDDDDDDDDDDDDDDDDDDDDDDDD">
      <id>2</id>
      <classname>org.openmrs.ConceptSource</classname>
      <dateChanged id="79">2010-04-25 11:12:44</dateChanged>
      <retired>false</retired>
    </org.openmrs.module.metadatasharing.Item>
    <org.openmrs.module.metadatasharing.Item id="80" uuid="1695AAAAAAAAAAAAAAAAAAAAAAAAAAAAAAAA">
      <id>1695</id>
      <classname>org.openmrs.Concept</classname>
      <dateChanged id="81">2013-03-06 12:11:09</dateChanged>
      <retired>false</retired>
    </org.openmrs.module.metadatasharing.Item>
    <org.openmrs.module.metadatasharing.Item id="82" uuid="8d4a48b6-c2cc-11de-8d13-0010c6dffd0f">
      <id>2</id>
      <classname>org.openmrs.ConceptDatatype</classname>
      <dateChanged id="83">2004-02-02 00:00:00</dateChanged>
      <retired>false</retired>
    </org.openmrs.module.metadatasharing.Item>
    <org.openmrs.module.metadatasharing.Item id="84" uuid="8d491a9a-c2cc-11de-8d13-0010c6dffd0f">
      <id>5</id>
      <classname>org.openmrs.ConceptClass</classname>
      <dateChanged id="85">2004-03-02 00:00:00</dateChanged>
      <retired>false</retired>
    </org.openmrs.module.metadatasharing.Item>
    <org.openmrs.module.metadatasharing.Item id="86" uuid="86978BBBBBBBBBBBBBBBBBBBBBBBBBBBBBBB">
      <id>86978</id>
      <classname>org.openmrs.ConceptName</classname>
      <dateChanged id="87">2009-05-13 12:34:56</dateChanged>
    </org.openmrs.module.metadatasharing.Item>
    <org.openmrs.module.metadatasharing.Item id="88" uuid="1975BBBBBBBBBBBBBBBBBBBBBBBBBBBBBBBB">
      <id>1975</id>
      <classname>org.openmrs.ConceptName</classname>
      <dateChanged id="89">2009-05-13 12:34:56</dateChanged>
    </org.openmrs.module.metadatasharing.Item>
    <org.openmrs.module.metadatasharing.Item id="90" uuid="105885BBBBBBBBBBBBBBBBBBBBBBBBBBBBBB">
      <id>105885</id>
      <classname>org.openmrs.ConceptName</classname>
      <dateChanged id="91">2010-05-03 17:07:47</dateChanged>
    </org.openmrs.module.metadatasharing.Item>
    <org.openmrs.module.metadatasharing.Item id="92" uuid="1482CCCCCCCCCCCCCCCCCCCCCCCCCCCCCCCC">
      <id>1482</id>
      <classname>org.openmrs.ConceptAnswer</classname>
      <dateChanged id="93">2009-05-13 12:34:56</dateChanged>
    </org.openmrs.module.metadatasharing.Item>
    <org.openmrs.module.metadatasharing.Item id="94" uuid="1694AAAAAAAAAAAAAAAAAAAAAAAAAAAAAAAA">
      <id>1694</id>
      <classname>org.openmrs.Concept</classname>
      <dateChanged id="95">2013-03-06 12:11:09</dateChanged>
      <retired>false</retired>
    </org.openmrs.module.metadatasharing.Item>
    <org.openmrs.module.metadatasharing.Item id="96" uuid="8d4a5cca-c2cc-11de-8d13-0010c6dffd0f">
      <id>10</id>
      <classname>org.openmrs.ConceptDatatype</classname>
      <dateChanged id="97">2004-08-26 00:00:00</dateChanged>
      <retired>false</retired>
    </org.openmrs.module.metadatasharing.Item>
    <org.openmrs.module.metadatasharing.Item id="98" uuid="105998BBBBBBBBBBBBBBBBBBBBBBBBBBBBBB">
      <id>105998</id>
      <classname>org.openmrs.ConceptName</classname>
      <dateChanged id="99">2010-05-03 17:11:17</dateChanged>
    </org.openmrs.module.metadatasharing.Item>
    <org.openmrs.module.metadatasharing.Item id="100" uuid="86977BBBBBBBBBBBBBBBBBBBBBBBBBBBBBBB">
      <id>86977</id>
      <classname>org.openmrs.ConceptName</classname>
      <dateChanged id="101">2009-05-13 12:33:09</dateChanged>
    </org.openmrs.module.metadatasharing.Item>
    <org.openmrs.module.metadatasharing.Item id="102" uuid="97940BBBBBBBBBBBBBBBBBBBBBBBBBBBBBBB">
      <id>97940</id>
      <classname>org.openmrs.ConceptName</classname>
      <dateChanged id="103">2009-05-13 12:33:09</dateChanged>
    </org.openmrs.module.metadatasharing.Item>
    <org.openmrs.module.metadatasharing.Item id="104" uuid="1974BBBBBBBBBBBBBBBBBBBBBBBBBBBBBBBB">
      <id>1974</id>
      <classname>org.openmrs.ConceptName</classname>
      <dateChanged id="105">2009-05-13 12:33:09</dateChanged>
    </org.openmrs.module.metadatasharing.Item>
    <org.openmrs.module.metadatasharing.Item id="106" uuid="93887BBBBBBBBBBBBBBBBBBBBBBBBBBBBBBB">
      <id>93887</id>
      <classname>org.openmrs.ConceptName</classname>
      <dateChanged id="107">2009-05-13 12:33:09</dateChanged>
    </org.openmrs.module.metadatasharing.Item>
    <org.openmrs.module.metadatasharing.Item id="108" uuid="137532ABBBBBBBBBBBBBBBBBBBBBBBBBBBBB">
      <id>137532</id>
      <classname>org.openmrs.ConceptMap</classname>
      <dateChanged id="109">2013-03-06 12:11:09</dateChanged>
    </org.openmrs.module.metadatasharing.Item>
    <org.openmrs.module.metadatasharing.Item id="110" uuid="2549e903-25a0-3738-844d-fe896e63cb0d">
      <id>137532</id>
      <classname>org.openmrs.ConceptReferenceTerm</classname>
      <dateChanged id="111">2013-03-06 12:11:09</dateChanged>
      <retired>false</retired>
    </org.openmrs.module.metadatasharing.Item>
    <org.openmrs.module.metadatasharing.Item id="112" uuid="1ADDDDDDDDDDDDDDDDDDDDDDDDDDDDDDDDDD">
      <id>1</id>
      <classname>org.openmrs.ConceptSource</classname>
      <dateChanged id="113">2009-11-19 20:19:16</dateChanged>
      <retired>false</retired>
    </org.openmrs.module.metadatasharing.Item>
    <org.openmrs.module.metadatasharing.Item id="114" uuid="1483CCCCCCCCCCCCCCCCCCCCCCCCCCCCCCCC">
      <id>1483</id>
      <classname>org.openmrs.ConceptAnswer</classname>
      <dateChanged id="115">2009-05-13 12:34:56</dateChanged>
    </org.openmrs.module.metadatasharing.Item>
    <org.openmrs.module.metadatasharing.Item id="116" uuid="1693AAAAAAAAAAAAAAAAAAAAAAAAAAAAAAAA">
      <id>1693</id>
      <classname>org.openmrs.Concept</classname>
      <dateChanged id="117">2013-03-06 12:11:09</dateChanged>
      <retired>false</retired>
    </org.openmrs.module.metadatasharing.Item>
    <org.openmrs.module.metadatasharing.Item id="118" uuid="1973BBBBBBBBBBBBBBBBBBBBBBBBBBBBBBBB">
      <id>1973</id>
      <classname>org.openmrs.ConceptName</classname>
      <dateChanged id="119">2009-05-13 12:32:19</dateChanged>
    </org.openmrs.module.metadatasharing.Item>
    <org.openmrs.module.metadatasharing.Item id="120" uuid="106177BBBBBBBBBBBBBBBBBBBBBBBBBBBBBB">
      <id>106177</id>
      <classname>org.openmrs.ConceptName</classname>
      <dateChanged id="121">2010-05-03 17:11:20</dateChanged>
    </org.openmrs.module.metadatasharing.Item>
    <org.openmrs.module.metadatasharing.Item id="122" uuid="86976BBBBBBBBBBBBBBBBBBBBBBBBBBBBBBB">
      <id>86976</id>
      <classname>org.openmrs.ConceptName</classname>
      <dateChanged id="123">2009-05-13 12:32:19</dateChanged>
    </org.openmrs.module.metadatasharing.Item>
    <org.openmrs.module.metadatasharing.Item id="124" uuid="137531ABBBBBBBBBBBBBBBBBBBBBBBBBBBBB">
      <id>137531</id>
      <classname>org.openmrs.ConceptMap</classname>
      <dateChanged id="125">2013-03-06 12:11:09</dateChanged>
    </org.openmrs.module.metadatasharing.Item>
    <org.openmrs.module.metadatasharing.Item id="126" uuid="71bb768c-4d3d-3a7a-afd4-e06988f0146f">
      <id>137531</id>
      <classname>org.openmrs.ConceptReferenceTerm</classname>
      <dateChanged id="127">2013-03-06 12:11:09</dateChanged>
      <retired>false</retired>
    </org.openmrs.module.metadatasharing.Item>
    <org.openmrs.module.metadatasharing.Item id="128" uuid="132706ABBBBBBBBBBBBBBBBBBBBBBBBBBBBB">
      <id>132706</id>
      <classname>org.openmrs.ConceptMap</classname>
      <dateChanged id="129">2013-03-06 12:11:09</dateChanged>
    </org.openmrs.module.metadatasharing.Item>
    <org.openmrs.module.metadatasharing.Item id="130" uuid="82331ac0-721e-3f2b-a456-6387d25c6b7d">
      <id>132706</id>
      <classname>org.openmrs.ConceptReferenceTerm</classname>
      <dateChanged id="131">2013-03-06 12:11:09</dateChanged>
      <retired>false</retired>
    </org.openmrs.module.metadatasharing.Item>
    <org.openmrs.module.metadatasharing.Item id="132" uuid="132639ABBBBBBBBBBBBBBBBBBBBBBBBBBBBB">
      <id>132639</id>
      <classname>org.openmrs.ConceptMap</classname>
      <dateChanged id="133">2013-03-06 12:11:09</dateChanged>
    </org.openmrs.module.metadatasharing.Item>
    <org.openmrs.module.metadatasharing.Item id="134" uuid="0eced425-8304-32e9-af97-fbcecc91dc2a">
      <id>132639</id>
      <classname>org.openmrs.ConceptReferenceTerm</classname>
      <dateChanged id="135">2013-03-06 12:11:09</dateChanged>
      <retired>false</retired>
    </org.openmrs.module.metadatasharing.Item>
    <org.openmrs.module.metadatasharing.Item id="136" uuid="137922ABBBBBBBBBBBBBBBBBBBBBBBBBBBBB">
      <id>137922</id>
      <classname>org.openmrs.ConceptMap</classname>
      <dateChanged id="137">2013-03-06 12:11:09</dateChanged>
    </org.openmrs.module.metadatasharing.Item>
    <org.openmrs.module.metadatasharing.Item id="138" uuid="d6164341-f1fb-3e45-b82d-94c2ae65e3d0">
      <id>137922</id>
      <classname>org.openmrs.ConceptReferenceTerm</classname>
      <dateChanged id="139">2013-03-06 12:11:09</dateChanged>
      <retired>false</retired>
    </org.openmrs.module.metadatasharing.Item>
    <org.openmrs.module.metadatasharing.Item id="140" uuid="ddb6b595-0b85-4a80-9243-efe4ba404eef">
      <id>15</id>
      <classname>org.openmrs.ConceptSource</classname>
      <dateChanged id="141">2010-12-15 14:00:37</dateChanged>
      <retired>false</retired>
    </org.openmrs.module.metadatasharing.Item>
    <org.openmrs.module.metadatasharing.Item id="142" uuid="141569ABBBBBBBBBBBBBBBBBBBBBBBBBBBBB">
      <id>141569</id>
      <classname>org.openmrs.ConceptMap</classname>
      <dateChanged id="143">2013-03-06 12:11:09</dateChanged>
    </org.openmrs.module.metadatasharing.Item>
    <org.openmrs.module.metadatasharing.Item id="144" uuid="b3f7133c-ee98-34ec-a8da-6200b36a5cd8">
      <id>141569</id>
      <classname>org.openmrs.ConceptReferenceTerm</classname>
      <dateChanged id="145">2013-03-06 12:11:09</dateChanged>
      <retired>false</retired>
    </org.openmrs.module.metadatasharing.Item>
    <org.openmrs.module.metadatasharing.Item id="146" uuid="14ADDDDDDDDDDDDDDDDDDDDDDDDDDDDDDDDD">
      <id>14</id>
      <classname>org.openmrs.ConceptSource</classname>
      <dateChanged id="147">2010-12-03 18:18:39</dateChanged>
      <retired>false</retired>
    </org.openmrs.module.metadatasharing.Item>
    <org.openmrs.module.metadatasharing.Item id="148" uuid="1484CCCCCCCCCCCCCCCCCCCCCCCCCCCCCCCC">
      <id>1484</id>
      <classname>org.openmrs.ConceptAnswer</classname>
      <dateChanged id="149">2009-05-13 12:34:56</dateChanged>
    </org.openmrs.module.metadatasharing.Item>
    <org.openmrs.module.metadatasharing.Item id="150" uuid="1692AAAAAAAAAAAAAAAAAAAAAAAAAAAAAAAA">
      <id>1692</id>
      <classname>org.openmrs.Concept</classname>
      <dateChanged id="151">2013-03-06 12:11:09</dateChanged>
      <retired>false</retired>
    </org.openmrs.module.metadatasharing.Item>
    <org.openmrs.module.metadatasharing.Item id="152" uuid="86975BBBBBBBBBBBBBBBBBBBBBBBBBBBBBBB">
      <id>86975</id>
      <classname>org.openmrs.ConceptName</classname>
      <dateChanged id="153">2009-05-13 12:31:43</dateChanged>
    </org.openmrs.module.metadatasharing.Item>
    <org.openmrs.module.metadatasharing.Item id="154" uuid="105886BBBBBBBBBBBBBBBBBBBBBBBBBBBBBB">
      <id>105886</id>
      <classname>org.openmrs.ConceptName</classname>
      <dateChanged id="155">2010-05-03 17:07:47</dateChanged>
    </org.openmrs.module.metadatasharing.Item>
    <org.openmrs.module.metadatasharing.Item id="156" uuid="1972BBBBBBBBBBBBBBBBBBBBBBBBBBBBBBBB">
      <id>1972</id>
      <classname>org.openmrs.ConceptName</classname>
      <dateChanged id="157">2009-05-13 12:31:43</dateChanged>
    </org.openmrs.module.metadatasharing.Item>
    <org.openmrs.module.metadatasharing.Item id="158" uuid="132726ABBBBBBBBBBBBBBBBBBBBBBBBBBBBB">
      <id>132726</id>
      <classname>org.openmrs.ConceptMap</classname>
      <dateChanged id="159">2013-03-06 12:11:09</dateChanged>
    </org.openmrs.module.metadatasharing.Item>
    <org.openmrs.module.metadatasharing.Item id="160" uuid="fc81d755-a94c-34aa-8440-9980df0cb6a3">
      <id>132726</id>
      <classname>org.openmrs.ConceptReferenceTerm</classname>
      <dateChanged id="161">2013-03-06 12:11:09</dateChanged>
      <retired>false</retired>
    </org.openmrs.module.metadatasharing.Item>
    <org.openmrs.module.metadatasharing.Item id="162" uuid="133415ABBBBBBBBBBBBBBBBBBBBBBBBBBBBB">
      <id>133415</id>
      <classname>org.openmrs.ConceptMap</classname>
      <dateChanged id="163">2013-03-06 12:11:09</dateChanged>
    </org.openmrs.module.metadatasharing.Item>
    <org.openmrs.module.metadatasharing.Item id="164" uuid="c3cff5e9-e759-3bbf-8a39-6e8adb497f1d">
      <id>133415</id>
      <classname>org.openmrs.ConceptReferenceTerm</classname>
      <dateChanged id="165">2013-03-06 12:11:09</dateChanged>
      <retired>false</retired>
    </org.openmrs.module.metadatasharing.Item>
    <org.openmrs.module.metadatasharing.Item id="166" uuid="1485CCCCCCCCCCCCCCCCCCCCCCCCCCCCCCCC">
      <id>1485</id>
      <classname>org.openmrs.ConceptAnswer</classname>
      <dateChanged id="167">2009-05-13 12:34:56</dateChanged>
    </org.openmrs.module.metadatasharing.Item>
    <org.openmrs.module.metadatasharing.Item id="168" uuid="5622AAAAAAAAAAAAAAAAAAAAAAAAAAAAAAAA">
      <id>5622</id>
      <classname>org.openmrs.Concept</classname>
      <dateChanged id="169">2013-03-06 12:11:09</dateChanged>
      <retired>false</retired>
    </org.openmrs.module.metadatasharing.Item>
    <org.openmrs.module.metadatasharing.Item id="170" uuid="8d492774-c2cc-11de-8d13-0010c6dffd0f">
      <id>11</id>
      <classname>org.openmrs.ConceptClass</classname>
      <dateChanged id="171">2004-03-02 00:00:00</dateChanged>
      <retired>false</retired>
    </org.openmrs.module.metadatasharing.Item>
    <org.openmrs.module.metadatasharing.Item id="172" uuid="110860BBBBBBBBBBBBBBBBBBBBBBBBBBBBBB">
      <id>110860</id>
      <classname>org.openmrs.ConceptName</classname>
      <dateChanged id="173">2013-03-06 09:06:06</dateChanged>
    </org.openmrs.module.metadatasharing.Item>
    <org.openmrs.module.metadatasharing.Item id="174" uuid="110113BBBBBBBBBBBBBBBBBBBBBBBBBBBBBB">
      <id>110113</id>
      <classname>org.openmrs.ConceptName</classname>
      <dateChanged id="175">2012-08-10 19:17:27</dateChanged>
    </org.openmrs.module.metadatasharing.Item>
    <org.openmrs.module.metadatasharing.Item id="176" uuid="2761BBBBBBBBBBBBBBBBBBBBBBBBBBBBBBBB">
      <id>2761</id>
      <classname>org.openmrs.ConceptName</classname>
      <dateChanged id="177">2004-08-12 00:00:00</dateChanged>
    </org.openmrs.module.metadatasharing.Item>
    <org.openmrs.module.metadatasharing.Item id="178" uuid="105802BBBBBBBBBBBBBBBBBBBBBBBBBBBBBB">
      <id>105802</id>
      <classname>org.openmrs.ConceptName</classname>
      <dateChanged id="179">2010-05-03 16:52:33</dateChanged>
    </org.openmrs.module.metadatasharing.Item>
    <org.openmrs.module.metadatasharing.Item id="180" uuid="2253FFFFFFFFFFFFFFFFFFFFFFFFFFFFFFFF">
      <id>2253</id>
      <classname>org.openmrs.ConceptDescription</classname>
      <dateChanged id="181">2013-03-06 12:11:09</dateChanged>
    </org.openmrs.module.metadatasharing.Item>
    <org.openmrs.module.metadatasharing.Item id="182" uuid="144395ABBBBBBBBBBBBBBBBBBBBBBBBBBBBB">
      <id>144395</id>
      <classname>org.openmrs.ConceptMap</classname>
      <dateChanged id="183">2013-03-06 12:11:09</dateChanged>
    </org.openmrs.module.metadatasharing.Item>
    <org.openmrs.module.metadatasharing.Item id="184" uuid="49fd39a2-2b4a-38c2-8f0e-0cb9a7e0fe22">
      <id>144395</id>
      <classname>org.openmrs.ConceptReferenceTerm</classname>
      <dateChanged id="185">2013-03-06 12:11:09</dateChanged>
      <retired>false</retired>
    </org.openmrs.module.metadatasharing.Item>
    <org.openmrs.module.metadatasharing.Item id="186" uuid="12ADDDDDDDDDDDDDDDDDDDDDDDDDDDDDDDDD">
      <id>12</id>
      <classname>org.openmrs.ConceptSource</classname>
      <dateChanged id="187">2010-10-24 17:02:20</dateChanged>
      <retired>false</retired>
    </org.openmrs.module.metadatasharing.Item>
    <org.openmrs.module.metadatasharing.Item id="188" uuid="135771ABBBBBBBBBBBBBBBBBBBBBBBBBBBBB">
      <id>135771</id>
      <classname>org.openmrs.ConceptMap</classname>
      <dateChanged id="189">2013-03-06 12:11:09</dateChanged>
    </org.openmrs.module.metadatasharing.Item>
    <org.openmrs.module.metadatasharing.Item id="190" uuid="de4dbf4f-b5ee-3d32-9ce6-ca2e15c2e1b3">
      <id>135771</id>
      <classname>org.openmrs.ConceptReferenceTerm</classname>
      <dateChanged id="191">2013-03-06 12:11:09</dateChanged>
      <retired>false</retired>
    </org.openmrs.module.metadatasharing.Item>
    <org.openmrs.module.metadatasharing.Item id="192" uuid="13ADDDDDDDDDDDDDDDDDDDDDDDDDDDDDDDDD">
      <id>13</id>
      <classname>org.openmrs.ConceptSource</classname>
      <dateChanged id="193">2010-10-24 17:02:38</dateChanged>
      <retired>false</retired>
    </org.openmrs.module.metadatasharing.Item>
    <org.openmrs.module.metadatasharing.Item id="194" uuid="143666ABBBBBBBBBBBBBBBBBBBBBBBBBBBBB">
      <id>143666</id>
      <classname>org.openmrs.ConceptMap</classname>
      <dateChanged id="195">2013-03-06 12:11:09</dateChanged>
    </org.openmrs.module.metadatasharing.Item>
    <org.openmrs.module.metadatasharing.Item id="196" uuid="142f78e3-31a5-3969-a405-286a699f711f">
      <id>143663</id>
      <classname>org.openmrs.ConceptReferenceTerm</classname>
      <dateChanged id="197">2013-03-06 12:11:09</dateChanged>
      <retired>false</retired>
    </org.openmrs.module.metadatasharing.Item>
    <org.openmrs.module.metadatasharing.Item id="198" uuid="141670ABBBBBBBBBBBBBBBBBBBBBBBBBBBBB">
      <id>141670</id>
      <classname>org.openmrs.ConceptMap</classname>
      <dateChanged id="199">2013-03-06 12:11:09</dateChanged>
    </org.openmrs.module.metadatasharing.Item>
    <org.openmrs.module.metadatasharing.Item id="200" uuid="cd9bed8e-d47a-38bd-a677-695644801d87">
      <id>141670</id>
      <classname>org.openmrs.ConceptReferenceTerm</classname>
      <dateChanged id="201">2013-03-06 12:11:09</dateChanged>
      <retired>false</retired>
    </org.openmrs.module.metadatasharing.Item>
    <org.openmrs.module.metadatasharing.Item id="202" uuid="137766ABBBBBBBBBBBBBBBBBBBBBBBBBBBBB">
      <id>137766</id>
      <classname>org.openmrs.ConceptMap</classname>
      <dateChanged id="203">2013-03-06 12:11:09</dateChanged>
    </org.openmrs.module.metadatasharing.Item>
    <org.openmrs.module.metadatasharing.Item id="204" uuid="17744715-bb7d-3022-96d3-2e2144a778d4">
      <id>137766</id>
      <classname>org.openmrs.ConceptReferenceTerm</classname>
      <dateChanged id="205">2013-03-06 12:11:09</dateChanged>
      <retired>false</retired>
    </org.openmrs.module.metadatasharing.Item>
    <org.openmrs.module.metadatasharing.Item id="206" uuid="137878ABBBBBBBBBBBBBBBBBBBBBBBBBBBBB">
      <id>137878</id>
      <classname>org.openmrs.ConceptMap</classname>
      <dateChanged id="207">2013-03-06 12:11:09</dateChanged>
    </org.openmrs.module.metadatasharing.Item>
    <org.openmrs.module.metadatasharing.Item id="208" uuid="a4138b87-50d9-30b1-aea4-9fc620570cc6">
      <id>137878</id>
      <classname>org.openmrs.ConceptReferenceTerm</classname>
      <dateChanged id="209">2013-03-06 12:11:09</dateChanged>
      <retired>false</retired>
    </org.openmrs.module.metadatasharing.Item>
    <org.openmrs.module.metadatasharing.Item id="210" uuid="1486CCCCCCCCCCCCCCCCCCCCCCCCCCCCCCCC">
      <id>1486</id>
      <classname>org.openmrs.ConceptAnswer</classname>
      <dateChanged id="211">2009-05-13 12:34:56</dateChanged>
    </org.openmrs.module.metadatasharing.Item>
    <org.openmrs.module.metadatasharing.Item id="212" uuid="159AAAAAAAAAAAAAAAAAAAAAAAAAAAAAAAAA">
      <id>159</id>
      <classname>org.openmrs.Concept</classname>
      <dateChanged id="213">2013-03-06 12:11:09</dateChanged>
      <retired>false</retired>
    </org.openmrs.module.metadatasharing.Item>
    <org.openmrs.module.metadatasharing.Item id="214" uuid="8d4918b0-c2cc-11de-8d13-0010c6dffd0f">
      <id>4</id>
      <classname>org.openmrs.ConceptClass</classname>
      <dateChanged id="215">2004-02-02 00:00:00</dateChanged>
      <retired>false</retired>
    </org.openmrs.module.metadatasharing.Item>
    <org.openmrs.module.metadatasharing.Item id="216" uuid="181BBBBBBBBBBBBBBBBBBBBBBBBBBBBBBBBB">
      <id>181</id>
      <classname>org.openmrs.ConceptName</classname>
      <dateChanged id="217">2007-08-17 12:32:24</dateChanged>
    </org.openmrs.module.metadatasharing.Item>
    <org.openmrs.module.metadatasharing.Item id="218" uuid="180BBBBBBBBBBBBBBBBBBBBBBBBBBBBBBBBB">
      <id>180</id>
      <classname>org.openmrs.ConceptName</classname>
      <dateChanged id="219">2004-01-01 00:00:00</dateChanged>
    </org.openmrs.module.metadatasharing.Item>
    <org.openmrs.module.metadatasharing.Item id="220" uuid="182BBBBBBBBBBBBBBBBBBBBBBBBBBBBBBBBB">
      <id>182</id>
      <classname>org.openmrs.ConceptName</classname>
      <dateChanged id="221">2007-12-11 21:28:21</dateChanged>
    </org.openmrs.module.metadatasharing.Item>
    <org.openmrs.module.metadatasharing.Item id="222" uuid="158FFFFFFFFFFFFFFFFFFFFFFFFFFFFFFFFF">
      <id>158</id>
      <classname>org.openmrs.ConceptDescription</classname>
      <dateChanged id="223">2013-03-06 12:11:09</dateChanged>
    </org.openmrs.module.metadatasharing.Item>
    <org.openmrs.module.metadatasharing.Item id="224" uuid="159FFFFFFFFFFFFFFFFFFFFFFFFFFFFFFFFF">
      <id>159</id>
      <classname>org.openmrs.ConceptDescription</classname>
      <dateChanged id="225">2013-03-06 12:11:09</dateChanged>
    </org.openmrs.module.metadatasharing.Item>
    <org.openmrs.module.metadatasharing.Item id="226" uuid="134021ABBBBBBBBBBBBBBBBBBBBBBBBBBBBB">
      <id>134021</id>
      <classname>org.openmrs.ConceptMap</classname>
      <dateChanged id="227">2013-03-06 12:11:09</dateChanged>
    </org.openmrs.module.metadatasharing.Item>
    <org.openmrs.module.metadatasharing.Item id="228" uuid="6e2ddd50-b700-35f1-8a0c-63edb766eb6a">
      <id>134021</id>
      <classname>org.openmrs.ConceptReferenceTerm</classname>
      <dateChanged id="229">2013-03-06 12:11:09</dateChanged>
      <retired>false</retired>
    </org.openmrs.module.metadatasharing.Item>
    <org.openmrs.module.metadatasharing.Item id="230" uuid="145925ABBBBBBBBBBBBBBBBBBBBBBBBBBBBB">
      <id>145925</id>
      <classname>org.openmrs.ConceptMap</classname>
      <dateChanged id="231">2013-03-06 12:11:09</dateChanged>
    </org.openmrs.module.metadatasharing.Item>
    <org.openmrs.module.metadatasharing.Item id="232" uuid="e71e93a5-d1cd-36ff-ba1e-7a76aa439bf0">
      <id>117231</id>
      <classname>org.openmrs.ConceptReferenceTerm</classname>
      <dateChanged id="233">2013-03-06 12:11:09</dateChanged>
      <retired>false</retired>
    </org.openmrs.module.metadatasharing.Item>
    <org.openmrs.module.metadatasharing.Item id="234" uuid="3f65bd34-26fe-102b-80cb-0017a47871b2">
      <id>3</id>
      <classname>org.openmrs.ConceptSource</classname>
      <dateChanged id="235">2010-04-25 11:13:15</dateChanged>
      <retired>false</retired>
    </org.openmrs.module.metadatasharing.Item>
    <org.openmrs.module.metadatasharing.Item id="236" uuid="137046ABBBBBBBBBBBBBBBBBBBBBBBBBBBBB">
      <id>137046</id>
      <classname>org.openmrs.ConceptMap</classname>
      <dateChanged id="237">2013-03-06 12:11:09</dateChanged>
    </org.openmrs.module.metadatasharing.Item>
    <org.openmrs.module.metadatasharing.Item id="238" uuid="7d45de87-1519-3fba-9941-05dab01b8da1">
      <id>137046</id>
      <classname>org.openmrs.ConceptReferenceTerm</classname>
      <dateChanged id="239">2013-03-06 12:11:09</dateChanged>
      <retired>false</retired>
    </org.openmrs.module.metadatasharing.Item>
    <org.openmrs.module.metadatasharing.Item id="240" uuid="1529FFFFFFFFFFFFFFFFFFFFFFFFFFFFFFFF">
      <id>1529</id>
      <classname>org.openmrs.ConceptDescription</classname>
      <dateChanged id="241">2013-03-06 12:11:09</dateChanged>
    </org.openmrs.module.metadatasharing.Item>
    <org.openmrs.module.metadatasharing.Item id="242" uuid="137533ABBBBBBBBBBBBBBBBBBBBBBBBBBBBB">
      <id>137533</id>
      <classname>org.openmrs.ConceptMap</classname>
      <dateChanged id="243">2013-03-06 12:11:09</dateChanged>
    </org.openmrs.module.metadatasharing.Item>
    <org.openmrs.module.metadatasharing.Item id="244" uuid="a595264f-9d6f-36f2-9ae6-141f1f0efdd7">
      <id>137533</id>
      <classname>org.openmrs.ConceptReferenceTerm</classname>
      <dateChanged id="245">2013-03-06 12:11:09</dateChanged>
      <retired>false</retired>
    </org.openmrs.module.metadatasharing.Item>
    <org.openmrs.module.metadatasharing.Item id="246" uuid="59ed8e62-7f1f-40ae-a2e3-eabe350277ce">
      <id>9</id>
      <classname>org.openmrs.Form</classname>
      <dateChanged id="247">2013-03-06 12:13:09</dateChanged>
      <retired>false</retired>
    </org.openmrs.module.metadatasharing.Item>
    <org.openmrs.module.metadatasharing.Item id="248" uuid="ed6dacc9-0827-4c82-86be-53c0d8c449be">
      <id>10</id>
      <classname>org.openmrs.EncounterType</classname>
      <dateChanged id="249">2013-03-06 08:04:31</dateChanged>
      <retired>false</retired>
    </org.openmrs.module.metadatasharing.Item>
    <org.openmrs.module.metadatasharing.Item id="250" uuid="2daabb77-7ad6-4952-864b-8d23e109c69d">
      <id>10</id>
      <classname>org.openmrs.Form</classname>
      <dateChanged id="251">2013-01-31 09:11:25</dateChanged>
      <retired>false</retired>
    </org.openmrs.module.metadatasharing.Item>
    <org.openmrs.module.metadatasharing.Item id="252" uuid="a0034eee-1940-4e35-847f-97537a35d05e">
      <id>7</id>
      <classname>org.openmrs.EncounterType</classname>
      <dateChanged id="253">2012-06-26 06:20:28</dateChanged>
      <retired>false</retired>
    </org.openmrs.module.metadatasharing.Item>
    <org.openmrs.module.metadatasharing.Item id="254" uuid="e958f902-64df-4819-afd4-7fb061f59308">
      <id>11</id>
      <classname>org.openmrs.Form</classname>
      <dateChanged id="255">2013-01-31 09:11:25</dateChanged>
      <retired>false</retired>
    </org.openmrs.module.metadatasharing.Item>
    <org.openmrs.module.metadatasharing.Item id="256" uuid="0038a296-62f8-4099-80e5-c9ea7590c157">
      <id>12</id>
      <classname>org.openmrs.Form</classname>
      <dateChanged id="257">2013-01-31 09:11:25</dateChanged>
      <retired>false</retired>
    </org.openmrs.module.metadatasharing.Item>
    <org.openmrs.module.metadatasharing.Item id="258" uuid="e4b506c1-7379-42b6-a374-284469cba8da">
      <id>13</id>
      <classname>org.openmrs.Form</classname>
      <dateChanged id="259">2013-01-31 09:11:25</dateChanged>
      <retired>false</retired>
    </org.openmrs.module.metadatasharing.Item>
    <org.openmrs.module.metadatasharing.Item id="260" uuid="de78a6be-bfc5-4634-adc3-5f1a280455cc">
      <id>5</id>
      <classname>org.openmrs.EncounterType</classname>
      <dateChanged id="261">2012-06-26 06:15:01</dateChanged>
      <retired>false</retired>
    </org.openmrs.module.metadatasharing.Item>
    <org.openmrs.module.metadatasharing.Item id="262" uuid="05ee9cf4-7242-4a17-b4d4-00f707265c8a">
      <id>3</id>
      <classname>org.openmrs.PatientIdentifierType</classname>
      <dateChanged id="263">2012-06-25 01:43:42</dateChanged>
      <retired>false</retired>
    </org.openmrs.module.metadatasharing.Item>
    <org.openmrs.module.metadatasharing.Item id="264" uuid="7e603909-9ed5-4d0c-a688-26ecb05d8b6e">
      <id>14</id>
      <classname>org.openmrs.Form</classname>
      <dateChanged id="265">2013-02-11 15:39:52</dateChanged>
      <retired>false</retired>
    </org.openmrs.module.metadatasharing.Item>
    <org.openmrs.module.metadatasharing.Item id="266" uuid="d4ff8ad1-19f8-484f-9395-04c755de9a47">
      <id>15</id>
      <classname>org.openmrs.Form</classname>
      <dateChanged id="267">2013-01-31 09:11:25</dateChanged>
      <retired>false</retired>
    </org.openmrs.module.metadatasharing.Item>
    <org.openmrs.module.metadatasharing.Item id="268" uuid="8553d869-bdc8-4287-8505-910c7c998aff">
      <id>18</id>
      <classname>org.openmrs.Form</classname>
      <dateChanged id="269">2013-03-11 17:42:01</dateChanged>
      <retired>false</retired>
    </org.openmrs.module.metadatasharing.Item>
    <org.openmrs.module.metadatasharing.Item id="270" uuid="bd598114-4ef4-47b1-a746-a616180ccfc0">
      <id>16</id>
      <classname>org.openmrs.Form</classname>
      <dateChanged id="271">2013-02-13 09:41:21</dateChanged>
      <retired>false</retired>
    </org.openmrs.module.metadatasharing.Item>
  </relatedItems>
  <incrementalVersion>false</incrementalVersion>
</package>
