<?xml version="1.0" encoding="UTF-8"?>
<list id="1">
  <org.openmrs.Role id="2" uuid="03921283-6435-4dfa-a264-824ff236616a">
    <description>Can access chart app</description>
    <retired>false</retired>
    <role>Data Clerk</role>
    <privileges id="3">
      <org.openmrs.Privilege id="4" uuid="853dc98e-fd74-479d-ae38-8424e04038f9">
        <description>Run the Reports app</description>
        <retired>false</retired>
        <privilege>App: kenyaemr.reports</privilege>
      </org.openmrs.Privilege>
      <org.openmrs.Privilege id="5" uuid="ec04bc5e-b910-4d4a-9a78-446a49d5c192">
        <description>Run the Medical Chart app</description>
        <retired>false</retired>
        <privilege>App: kenyaemr.medicalChart</privilege>
      </org.openmrs.Privilege>
    </privileges>
    <inheritedRoles id="6">
      <org.openmrs.Role id="7" uuid="14277bd3-452d-4a85-adf5-6c5f4ff08782">
        <description>All viewing and editing API privileges</description>
        <retired>false</retired>
        <role>API Privileges (View and Edit)</role>
        <privileges id="8">
          <org.openmrs.Privilege id="9" uuid="6e75e230-a459-11e1-ad49-080027feb8fe">
            <description>Able to view reports</description>
            <retired>false</retired>
            <privilege>View Reports</privilege>
          </org.openmrs.Privilege>
          <org.openmrs.Privilege id="10" uuid="7d3536c0-bfec-44be-8d92-d62beae534eb">
            <description>Able to view visits</description>
            <retired>false</retired>
            <privilege>View Visits</privilege>
          </org.openmrs.Privilege>
          <org.openmrs.Privilege id="11" uuid="6e75ac48-a459-11e1-ad49-080027feb8fe">
            <description>Able to add/edit/delete relationships</description>
            <retired>false</retired>
            <privilege>Manage Relationships</privilege>
          </org.openmrs.Privilege>
          <org.openmrs.Privilege id="12" uuid="6e75cf70-a459-11e1-ad49-080027feb8fe">
            <description>Ability to see the navigation menu</description>
            <retired>false</retired>
            <privilege>View Navigation Menu</privilege>
          </org.openmrs.Privilege>
          <org.openmrs.Privilege id="13" uuid="30a296ff-f9ce-4c52-b437-c95a1dbb27ad">
            <description>Allows viewing of user-defined rules. (This privilege is not necessary to run rules under normal usage.)</description>
            <retired>false</retired>
            <privilege>View Rule Definitions</privilege>
          </org.openmrs.Privilege>
          <org.openmrs.Privilege id="14" uuid="6e75868c-a459-11e1-ad49-080027feb8fe">
            <description>Able to edit concept proposals in the system</description>
            <retired>false</retired>
            <privilege>Edit Concept Proposals</privilege>
          </org.openmrs.Privilege>
          <org.openmrs.Privilege id="15" uuid="c801c4d1-6eb3-4dec-a595-f27bab8428b1">
            <description>Manage Task Scheduling in Reporting Module</description>
            <retired>false</retired>
            <privilege>Manage Scheduled Report Tasks</privilege>
          </org.openmrs.Privilege>
          <org.openmrs.Privilege id="16" uuid="6e75c12e-a459-11e1-ad49-080027feb8fe">
            <description>Able to view concept datatypes</description>
            <retired>false</retired>
            <privilege>View Concept Datatypes</privilege>
          </org.openmrs.Privilege>
          <org.openmrs.Privilege id="17" uuid="5aaa3baf-bb55-495e-9793-0573ce231ab6">
            <description>Able to edit Provider</description>
            <retired>false</retired>
            <privilege>Manage Providers</privilege>
          </org.openmrs.Privilege>
          <org.openmrs.Privilege id="18" uuid="6e758e70-a459-11e1-ad49-080027feb8fe">
            <description>Able to edit person objects</description>
            <retired>false</retired>
            <privilege>Edit People</privilege>
          </org.openmrs.Privilege>
          <org.openmrs.Privilege id="19" uuid="9a2507e8-023a-45b1-964f-6f193b165f71">
            <description>Allows registering and removal of tokens</description>
            <retired>false</retired>
            <privilege>Manage Tokens</privilege>
          </org.openmrs.Privilege>
          <org.openmrs.Privilege id="20" uuid="6e7593c0-a459-11e1-ad49-080027feb8fe">
            <description>Able to change the passwords of users in OpenMRS</description>
            <retired>false</retired>
            <privilege>Edit User Passwords</privilege>
          </org.openmrs.Privilege>
          <org.openmrs.Privilege id="21" uuid="ea050366-cfb4-41a0-b305-35481a63350d">
            <description>Able to view an HL7 archive item</description>
            <retired>false</retired>
            <privilege>View HL7 Inbound Archive</privilege>
          </org.openmrs.Privilege>
          <org.openmrs.Privilege id="22" uuid="6e756206-a459-11e1-ad49-080027feb8fe">
            <description>Able to add a cohort to the system</description>
            <retired>false</retired>
            <privilege>Add Cohorts</privilege>
          </org.openmrs.Privilege>
          <org.openmrs.Privilege id="23" uuid="06cc3915-226b-47c4-8927-d4d7ec544e23">
            <description>Able to edit problems</description>
            <retired>false</retired>
            <privilege>Edit Problems</privilege>
          </org.openmrs.Privilege>
          <org.openmrs.Privilege id="24" uuid="ee3e05be-4ded-4f1c-948f-5a61dc995502">
            <description>Base privilege for add/edit/delete reporting definitions. This gives access to the administrative menus, but you need to grant additional privileges to manage each specific type of reporting definition</description>
            <retired>false</retired>
            <privilege>Manage Reports</privilege>
          </org.openmrs.Privilege>
          <org.openmrs.Privilege id="25" uuid="58cff801-5b9f-4909-8294-62a4aa07280f">
            <description>Able to add an HL7 archive item</description>
            <retired>false</retired>
            <privilege>Add HL7 Inbound Archive</privilege>
          </org.openmrs.Privilege>
          <org.openmrs.Privilege id="26" uuid="d22a13d9-b1f9-4dc7-b59c-d221092a95bf">
            <description>Able to update an HL7 Source</description>
            <retired>false</retired>
            <privilege>Update HL7 Source</privilege>
          </org.openmrs.Privilege>
          <org.openmrs.Privilege id="27" uuid="6e75a040-a459-11e1-ad49-080027feb8fe">
            <description>Able to add/edit/delete forms</description>
            <retired>false</retired>
            <privilege>Manage Forms</privilege>
          </org.openmrs.Privilege>
          <org.openmrs.Privilege id="28" uuid="6e75bada-a459-11e1-ad49-080027feb8fe">
            <description>Able to view the &apos;Administration&apos; link in the navigation bar</description>
            <retired>false</retired>
            <privilege>View Administration Functions</privilege>
          </org.openmrs.Privilege>
          <org.openmrs.Privilege id="29" uuid="cae72c6c-a21c-478c-9146-481aa5b818a8">
            <description>Able to view encounter roles</description>
            <retired>false</retired>
            <privilege>View Encounter Roles</privilege>
          </org.openmrs.Privilege>
          <org.openmrs.Privilege id="30" uuid="1bd05850-880f-4b13-9c38-55d31da328ef">
            <description>Add/Edit/Remove Report Definitions</description>
            <retired>false</retired>
            <privilege>Manage Report Definitions</privilege>
          </org.openmrs.Privilege>
          <org.openmrs.Privilege id="31" uuid="6e75d9ac-a459-11e1-ad49-080027feb8fe">
            <description>Able to view person attribute types</description>
            <retired>false</retired>
            <privilege>View Person Attribute Types</privilege>
          </org.openmrs.Privilege>
          <org.openmrs.Privilege id="32" uuid="6e75d75e-a459-11e1-ad49-080027feb8fe">
            <description>Able to view patients</description>
            <retired>false</retired>
            <privilege>View Patients</privilege>
          </org.openmrs.Privilege>
          <org.openmrs.Privilege id="33" uuid="6e759726-a459-11e1-ad49-080027feb8fe">
            <description>Able to add/edit/delete user alerts</description>
            <retired>false</retired>
            <privilege>Manage Alerts</privilege>
          </org.openmrs.Privilege>
          <org.openmrs.Privilege id="34" uuid="6e75dace-a459-11e1-ad49-080027feb8fe">
            <description>Able to view user privileges</description>
            <retired>false</retired>
            <privilege>View Privileges</privilege>
          </org.openmrs.Privilege>
          <org.openmrs.Privilege id="35" uuid="c430653d-6385-4b93-989f-d47008284686">
            <description>Able to add/edit/retire encounter roles</description>
            <retired>false</retired>
            <privilege>Manage Encounter Roles</privilege>
          </org.openmrs.Privilege>
          <org.openmrs.Privilege id="36" uuid="6e757296-a459-11e1-ad49-080027feb8fe">
            <description>Able to add report objects</description>
            <retired>false</retired>
            <privilege>Add Report Objects</privilege>
          </org.openmrs.Privilege>
          <org.openmrs.Privilege id="37" uuid="6e75ab1c-a459-11e1-ad49-080027feb8fe">
            <description>Able to add/edit/retire relationship types</description>
            <retired>false</retired>
            <privilege>Manage Relationship Types</privilege>
          </org.openmrs.Privilege>
          <org.openmrs.Privilege id="38" uuid="6e75c80e-a459-11e1-ad49-080027feb8fe">
            <description>Able to view patient encounters</description>
            <retired>false</retired>
            <privilege>View Encounters</privilege>
          </org.openmrs.Privilege>
          <org.openmrs.Privilege id="39" uuid="6e75996a-a459-11e1-ad49-080027feb8fe">
            <description>Able to add/edit/retire concept datatypes</description>
            <retired>false</retired>
            <privilege>Manage Concept Datatypes</privilege>
          </org.openmrs.Privilege>
          <org.openmrs.Privilege id="40" uuid="6e75c6ec-a459-11e1-ad49-080027feb8fe">
            <description>Able to view encounter types</description>
            <retired>false</retired>
            <privilege>View Encounter Types</privilege>
          </org.openmrs.Privilege>
          <org.openmrs.Privilege id="41" uuid="c5311ecd-1896-4d0d-a9d8-1dc72824237d">
            <description>Able to view visit types</description>
            <retired>false</retired>
            <privilege>View Visit Types</privilege>
          </org.openmrs.Privilege>
          <org.openmrs.Privilege id="42" uuid="69cbdcae-7726-4c62-8326-90ed1d303065">
            <description>Add/Edit/Remove Indicator Definitions</description>
            <retired>false</retired>
            <privilege>Manage Indicator Definitions</privilege>
          </org.openmrs.Privilege>
          <org.openmrs.Privilege id="43" uuid="6e756ee0-a459-11e1-ad49-080027feb8fe">
            <description>Able to add patients</description>
            <retired>false</retired>
            <privilege>Add Patients</privilege>
          </org.openmrs.Privilege>
          <org.openmrs.Privilege id="44" uuid="42e33ea9-1243-4b8b-a4da-ff5398d53942">
            <description>Able to add/edit/delete HL7 messages</description>
            <retired>false</retired>
            <privilege>Manage HL7 Messages</privilege>
          </org.openmrs.Privilege>
          <org.openmrs.Privilege id="45" uuid="6e75d2d6-a459-11e1-ad49-080027feb8fe">
            <description>Able to view orders</description>
            <retired>false</retired>
            <privilege>View Orders</privilege>
          </org.openmrs.Privilege>
          <org.openmrs.Privilege id="46" uuid="6e75705c-a459-11e1-ad49-080027feb8fe">
            <description>Able to add person objects</description>
            <retired>false</retired>
            <privilege>Add People</privilege>
          </org.openmrs.Privilege>
          <org.openmrs.Privilege id="47" uuid="6e759a8c-a459-11e1-ad49-080027feb8fe">
            <description>Able to add/edit/delete concept sources</description>
            <retired>false</retired>
            <privilege>Manage Concept Sources</privilege>
          </org.openmrs.Privilege>
          <org.openmrs.Privilege id="48" uuid="01e0c478-9615-4f99-bb03-bf4ef94c6a35">
            <description>Able to add/edit/delete visit types</description>
            <retired>false</retired>
            <privilege>Manage Visit Types</privilege>
          </org.openmrs.Privilege>
          <org.openmrs.Privilege id="49" uuid="6e75a8ce-a459-11e1-ad49-080027feb8fe">
            <description>Able to add/edit/delete privileges</description>
            <retired>false</retired>
            <privilege>Manage Privileges</privilege>
          </org.openmrs.Privilege>
          <org.openmrs.Privilege id="50" uuid="05cb7ceb-69e6-473e-95c8-26c89641e221">
            <description>Able to add/edit/retire concept map types</description>
            <retired>false</retired>
            <privilege>Manage Concept Map Types</privilege>
          </org.openmrs.Privilege>
          <org.openmrs.Privilege id="51" uuid="66eeea19-a149-48ab-8605-81773f6f86ca">
            <description>Allows to create/update/delete token registrations</description>
            <retired>false</retired>
            <privilege>Manage Token Registrations</privilege>
          </org.openmrs.Privilege>
          <org.openmrs.Privilege id="52" uuid="6e7594ec-a459-11e1-ad49-080027feb8fe">
            <description>Able to edit users in OpenMRS</description>
            <retired>false</retired>
            <privilege>Edit Users</privilege>
          </org.openmrs.Privilege>
          <org.openmrs.Privilege id="53" uuid="6e75d092-a459-11e1-ad49-080027feb8fe">
            <description>Able to view patient observations</description>
            <retired>false</retired>
            <privilege>View Observations</privilege>
          </org.openmrs.Privilege>
          <org.openmrs.Privilege id="54" uuid="6e75cb74-a459-11e1-ad49-080027feb8fe">
            <description>Able to view global properties on the administration screen</description>
            <retired>false</retired>
            <privilege>View Global Properties</privilege>
          </org.openmrs.Privilege>
          <org.openmrs.Privilege id="55" uuid="6e75d3ee-a459-11e1-ad49-080027feb8fe">
            <description>Able to view patient cohorts</description>
            <retired>false</retired>
            <privilege>View Patient Cohorts</privilege>
          </org.openmrs.Privilege>
          <org.openmrs.Privilege id="56" uuid="6e75ca52-a459-11e1-ad49-080027feb8fe">
            <description>Able to view forms</description>
            <retired>false</retired>
            <privilege>View Forms</privilege>
          </org.openmrs.Privilege>
          <org.openmrs.Privilege id="57" uuid="6e75a3a6-a459-11e1-ad49-080027feb8fe">
            <description>Able to add/edit/delete locations</description>
            <retired>false</retired>
            <privilege>Manage Locations</privilege>
          </org.openmrs.Privilege>
          <org.openmrs.Privilege id="58" uuid="6e75c930-a459-11e1-ad49-080027feb8fe">
            <description>Able to view field types</description>
            <retired>false</retired>
            <privilege>View Field Types</privilege>
          </org.openmrs.Privilege>
          <org.openmrs.Privilege id="59" uuid="001950ca-0305-4ea5-8ccd-8c98cee150bd">
            <description>Able to view an HL7 Source</description>
            <retired>false</retired>
            <privilege>View HL7 Source</privilege>
          </org.openmrs.Privilege>
          <org.openmrs.Privilege id="60" uuid="059d44f8-dc0f-49fd-bff6-dcfcacfddabc">
            <description>Able to add/edit/delete concept name tags</description>
            <retired>false</retired>
            <privilege>Manage Concept Name tags</privilege>
          </org.openmrs.Privilege>
          <org.openmrs.Privilege id="61" uuid="6e75983e-a459-11e1-ad49-080027feb8fe">
            <description>Able to add/edit/retire concept classes</description>
            <retired>false</retired>
            <privilege>Manage Concept Classes</privilege>
          </org.openmrs.Privilege>
          <org.openmrs.Privilege id="62" uuid="6e7591d6-a459-11e1-ad49-080027feb8fe">
            <description>Able to edit reports</description>
            <retired>false</retired>
            <privilege>Edit Reports</privilege>
          </org.openmrs.Privilege>
          <org.openmrs.Privilege id="63" uuid="6e756684-a459-11e1-ad49-080027feb8fe">
            <description>Able to add patient encounters</description>
            <retired>false</retired>
            <privilege>Add Encounters</privilege>
          </org.openmrs.Privilege>
          <org.openmrs.Privilege id="64" uuid="6ba54fdb-a5fa-4e51-88e0-a41f65d26102">
            <description>Able to update an HL7 Queue item</description>
            <retired>false</retired>
            <privilege>Update HL7 Inbound Queue</privilege>
          </org.openmrs.Privilege>
          <org.openmrs.Privilege id="65" uuid="1b336996-6ed6-45e1-99ab-f848fabd7805">
            <description>Able to view concept map types</description>
            <retired>false</retired>
            <privilege>View Concept Map Types</privilege>
          </org.openmrs.Privilege>
          <org.openmrs.Privilege id="66" uuid="72a16573-5b5f-41c2-ac84-fa61fd858770">
            <description>Allows to view Calculations</description>
            <retired>false</retired>
            <privilege>View Calculations</privilege>
          </org.openmrs.Privilege>
          <org.openmrs.Privilege id="67" uuid="6e75e5a0-a459-11e1-ad49-080027feb8fe">
            <description>Able to view users in OpenMRS</description>
            <retired>false</retired>
            <privilege>View Users</privilege>
          </org.openmrs.Privilege>
          <org.openmrs.Privilege id="68" uuid="6e75de34-a459-11e1-ad49-080027feb8fe">
            <description>Able to view relationship types</description>
            <retired>false</retired>
            <privilege>View Relationship Types</privilege>
          </org.openmrs.Privilege>
          <org.openmrs.Privilege id="69" uuid="6e7590b4-a459-11e1-ad49-080027feb8fe">
            <description>Able to edit report objects</description>
            <retired>false</retired>
            <privilege>Edit Report Objects</privilege>
          </org.openmrs.Privilege>
          <org.openmrs.Privilege id="70" uuid="caa1a6df-5ae1-4f77-82fd-9aff442dc6a5">
            <description>Allows user add, edit, and remove identifier sources</description>
            <retired>false</retired>
            <privilege>Manage Identifier Sources</privilege>
          </org.openmrs.Privilege>
          <org.openmrs.Privilege id="71" uuid="622d4b63-a90a-423b-bee8-6528a798c738">
            <description>Able to view/add/remove the concept stop words</description>
            <retired>false</retired>
            <privilege>Manage Concept Stop Words</privilege>
          </org.openmrs.Privilege>
          <org.openmrs.Privilege id="72" uuid="6e75c5c0-a459-11e1-ad49-080027feb8fe">
            <description>Able to view data entry statistics from the admin screen</description>
            <retired>false</retired>
            <privilege>View Data Entry Statistics</privilege>
          </org.openmrs.Privilege>
          <org.openmrs.Privilege id="73" uuid="3eeee14d-d28d-4062-91a8-8b73ac08168c">
            <description>Able to view/add/edit the implementation id for the system</description>
            <retired>false</retired>
            <privilege>Manage Implementation Id</privilege>
          </org.openmrs.Privilege>
          <org.openmrs.Privilege id="74" uuid="6e75a676-a459-11e1-ad49-080027feb8fe">
            <description>Able to add/edit/retire order types</description>
            <retired>false</retired>
            <privilege>Manage Order Types</privilege>
          </org.openmrs.Privilege>
          <org.openmrs.Privilege id="75" uuid="06155b81-d349-4a10-ac76-ac7d5eab19f0">
            <description>Allows user to upload a batch of identifiers</description>
            <retired>false</retired>
            <privilege>Upload Batch of Identifiers</privilege>
          </org.openmrs.Privilege>
          <org.openmrs.Privilege id="76" uuid="2f22c167-7ceb-4b39-8ed0-0cea6d980938">
            <description>Schedule the running of a report</description>
            <retired>false</retired>
            <privilege>Run Reports</privilege>
          </org.openmrs.Privilege>
          <org.openmrs.Privilege id="77" uuid="6e75c49e-a459-11e1-ad49-080027feb8fe">
            <description>Able to view concept entries</description>
            <retired>false</retired>
            <privilege>View Concepts</privilege>
          </org.openmrs.Privilege>
          <org.openmrs.Privilege id="78" uuid="33e5ca71-9fbc-4a6f-82e0-a8f3ae69d2ee">
            <description>Allows user to generate a batch of identifiers to a file for offline use</description>
            <retired>false</retired>
            <privilege>Generate Batch of Identifiers</privilege>
          </org.openmrs.Privilege>
          <org.openmrs.Privilege id="79" uuid="6e75c250-a459-11e1-ad49-080027feb8fe">
            <description>Able to view concept proposals to the system</description>
            <retired>false</retired>
            <privilege>View Concept Proposals</privilege>
          </org.openmrs.Privilege>
          <org.openmrs.Privilege id="80" uuid="6e759604-a459-11e1-ad49-080027feb8fe">
            <description>Allows user to access Form Entry pages/functions</description>
            <retired>false</retired>
            <privilege>Form Entry</privilege>
          </org.openmrs.Privilege>
          <org.openmrs.Privilege id="81" uuid="6e75b9ae-a459-11e1-ad49-080027feb8fe">
            <description>Allows user to upload/overwrite the XSNs defined for forms</description>
            <retired>false</retired>
            <privilege>Upload XSN</privilege>
          </org.openmrs.Privilege>
          <org.openmrs.Privilege id="82" uuid="6e75d63c-a459-11e1-ad49-080027feb8fe">
            <description>Able to see which programs that patients are in</description>
            <retired>false</retired>
            <privilege>View Patient Programs</privilege>
          </org.openmrs.Privilege>
          <org.openmrs.Privilege id="83" uuid="6e75ad6a-a459-11e1-ad49-080027feb8fe">
            <description>Able to add/edit/delete user roles</description>
            <retired>false</retired>
            <privilege>Manage Roles</privilege>
          </org.openmrs.Privilege>
          <org.openmrs.Privilege id="84" uuid="bc758bc0-c59a-4464-b4e7-73c14eb02e70">
            <description>Able to view concept reference terms</description>
            <retired>false</retired>
            <privilege>View Concept Reference Terms</privilege>
          </org.openmrs.Privilege>
          <org.openmrs.Privilege id="85" uuid="21f5ff7b-cf3d-4594-9f50-9a278ba555df">
            <description>Allows creation and editing of user-defined rules</description>
            <retired>false</retired>
            <privilege>Manage Rule Definitions</privilege>
          </org.openmrs.Privilege>
          <org.openmrs.Privilege id="86" uuid="b303c008-2ff3-4d91-a2d2-2f652951dc6d">
            <description>Allows user add, edit, and remove auto-generation options</description>
            <retired>false</retired>
            <privilege>Manage Auto Generation Options</privilege>
          </org.openmrs.Privilege>
          <org.openmrs.Privilege id="87" uuid="6e75c002-a459-11e1-ad49-080027feb8fe">
            <description>Able to view concept classes</description>
            <retired>false</retired>
            <privilege>View Concept Classes</privilege>
          </org.openmrs.Privilege>
          <org.openmrs.Privilege id="88" uuid="6e75bbfc-a459-11e1-ad49-080027feb8fe">
            <description>Able to view allergies in OpenMRS</description>
            <retired>false</retired>
            <privilege>View Allergies</privilege>
          </org.openmrs.Privilege>
          <org.openmrs.Privilege id="89" uuid="92125eb1-51ff-494f-a722-a3ae26fff0a3">
            <description>Able to add an HL7 Source</description>
            <retired>false</retired>
            <privilege>Add HL7 Source</privilege>
          </org.openmrs.Privilege>
          <org.openmrs.Privilege id="90" uuid="9a80a7e0-30bd-4ba1-b95f-d35d137b0e7e">
            <description>Able to view location attribute types</description>
            <retired>false</retired>
            <privilege>View Location Attribute Types</privilege>
          </org.openmrs.Privilege>
          <org.openmrs.Privilege id="91" uuid="6e75856a-a459-11e1-ad49-080027feb8fe">
            <description>Able to add a cohort to the system</description>
            <retired>false</retired>
            <privilege>Edit Cohorts</privilege>
          </org.openmrs.Privilege>
          <org.openmrs.Privilege id="92" uuid="a673c421-5632-4cdc-a0ec-b743a428fc4c">
            <description>Able to edit visits</description>
            <retired>false</retired>
            <privilege>Edit Visits</privilege>
          </org.openmrs.Privilege>
          <org.openmrs.Privilege id="93" uuid="935a3a73-1773-4ca9-a35c-52e21e8b62aa">
            <description>Remove allergies</description>
            <retired>false</retired>
            <privilege>Remove Allergies</privilege>
          </org.openmrs.Privilege>
          <org.openmrs.Privilege id="94" uuid="6e75df60-a459-11e1-ad49-080027feb8fe">
            <description>Able to view relationships</description>
            <retired>false</retired>
            <privilege>View Relationships</privilege>
          </org.openmrs.Privilege>
          <org.openmrs.Privilege id="95" uuid="0c304002-fb2b-4967-9da0-79526af7cb0e">
            <description>Allows to view token registrations</description>
            <retired>false</retired>
            <privilege>View Token Registrations</privilege>
          </org.openmrs.Privilege>
          <org.openmrs.Privilege id="96" uuid="7c8fe55b-9f49-4d8c-98d0-5764c77ff992">
            <description>Add problems</description>
            <retired>false</retired>
            <privilege>Add Problems</privilege>
          </org.openmrs.Privilege>
          <org.openmrs.Privilege id="97" uuid="6e7587ae-a459-11e1-ad49-080027feb8fe">
            <description>Able to edit patient encounters</description>
            <retired>false</retired>
            <privilege>Edit Encounters</privilege>
          </org.openmrs.Privilege>
          <org.openmrs.Privilege id="98" uuid="6e75c37c-a459-11e1-ad49-080027feb8fe">
            <description>Able to view concept sources</description>
            <retired>false</retired>
            <privilege>View Concept Sources</privilege>
          </org.openmrs.Privilege>
          <org.openmrs.Privilege id="99" uuid="6e75ae8c-a459-11e1-ad49-080027feb8fe">
            <description>Able to add/edit/remove scheduled tasks</description>
            <retired>false</retired>
            <privilege>Manage Scheduler</privilege>
          </org.openmrs.Privilege>
          <org.openmrs.Privilege id="100" uuid="3d5b92ce-f951-4830-aab1-50e9b18bb94d">
            <description>Add/Edit/Remove Dimension Definitions</description>
            <retired>false</retired>
            <privilege>Manage Dimension Definitions</privilege>
          </org.openmrs.Privilege>
          <org.openmrs.Privilege id="101" uuid="6e757174-a459-11e1-ad49-080027feb8fe">
            <description>Able to add relationships</description>
            <retired>false</retired>
            <privilege>Add Relationships</privilege>
          </org.openmrs.Privilege>
          <org.openmrs.Privilege id="102" uuid="6e7574d0-a459-11e1-ad49-080027feb8fe">
            <description>Able to add users to OpenMRS</description>
            <retired>false</retired>
            <privilege>Add Users</privilege>
          </org.openmrs.Privilege>
          <org.openmrs.Privilege id="103" uuid="6e759dfc-a459-11e1-ad49-080027feb8fe">
            <description>Able to add/edit/retire field types</description>
            <retired>false</retired>
            <privilege>Manage Field Types</privilege>
          </org.openmrs.Privilege>
          <org.openmrs.Privilege id="104" uuid="f564f0e5-6a50-4651-9309-dfc84c6c6837">
            <description>Able to add an HL7 error item</description>
            <retired>false</retired>
            <privilege>Add HL7 Inbound Exception</privilege>
          </org.openmrs.Privilege>
          <org.openmrs.Privilege id="105" uuid="6e75d51a-a459-11e1-ad49-080027feb8fe">
            <description>Able to view patient identifiers</description>
            <retired>false</retired>
            <privilege>View Patient Identifiers</privilege>
          </org.openmrs.Privilege>
          <org.openmrs.Privilege id="106" uuid="6e75d1b4-a459-11e1-ad49-080027feb8fe">
            <description>Able to view order types</description>
            <retired>false</retired>
            <privilege>View Order Types</privilege>
          </org.openmrs.Privilege>
          <org.openmrs.Privilege id="107" uuid="6e758d4e-a459-11e1-ad49-080027feb8fe">
            <description>Able to edit patients</description>
            <retired>false</retired>
            <privilege>Edit Patients</privilege>
          </org.openmrs.Privilege>
          <org.openmrs.Privilege id="108" uuid="548e5e65-7811-49df-9f12-3f13dd77f1a5">
            <description>Able to update an HL7 archive item</description>
            <retired>false</retired>
            <privilege>Update HL7 Inbound Exception</privilege>
          </org.openmrs.Privilege>
          <org.openmrs.Privilege id="109" uuid="a8cc4a46-67e2-4622-bc7d-4689fce37ef2">
            <description>Add allergies</description>
            <retired>false</retired>
            <privilege>Add Allergies</privilege>
          </org.openmrs.Privilege>
          <org.openmrs.Privilege id="110" uuid="b03551ba-03b6-4f3c-94d3-64157fd6b580">
            <description>Able to edit allergies</description>
            <retired>false</retired>
            <privilege>Edit Allergies</privilege>
          </org.openmrs.Privilege>
          <org.openmrs.Privilege id="111" uuid="d663bde6-eaa0-465f-bd11-6d870f42fdcc">
            <description>Able to add/edit/retire visit attribute types</description>
            <retired>false</retired>
            <privilege>Manage Visit Attribute Types</privilege>
          </org.openmrs.Privilege>
          <org.openmrs.Privilege id="112" uuid="6e758f92-a459-11e1-ad49-080027feb8fe">
            <description>Able to edit relationships</description>
            <retired>false</retired>
            <privilege>Edit Relationships</privilege>
          </org.openmrs.Privilege>
          <org.openmrs.Privilege id="113" uuid="6e759f1e-a459-11e1-ad49-080027feb8fe">
            <description>Allows user to upload and edit the xsns stored on the server</description>
            <retired>false</retired>
            <privilege>Manage FormEntry XSN</privilege>
          </org.openmrs.Privilege>
          <org.openmrs.Privilege id="114" uuid="6a5e57c7-4f5b-4634-8d96-84378e59c04f">
            <description>Able to add/edit/retire reference terms</description>
            <retired>false</retired>
            <privilege>Manage Concept Reference Terms</privilege>
          </org.openmrs.Privilege>
          <org.openmrs.Privilege id="115" uuid="afcaf817-42f7-4408-b969-40e28ab062e4">
            <description>Able to view Provider</description>
            <retired>false</retired>
            <privilege>View Providers</privilege>
          </org.openmrs.Privilege>
          <org.openmrs.Privilege id="116" uuid="6e759bae-a459-11e1-ad49-080027feb8fe">
            <description>Able to add/edit/delete concept entries</description>
            <retired>false</retired>
            <privilege>Manage Concepts</privilege>
          </org.openmrs.Privilege>
          <org.openmrs.Privilege id="117" uuid="6e75e352-a459-11e1-ad49-080027feb8fe">
            <description>Able to view user roles</description>
            <retired>false</retired>
            <privilege>View Roles</privilege>
          </org.openmrs.Privilege>
          <org.openmrs.Privilege id="118" uuid="40b282c6-7bdb-402a-ac09-acaf46429b25">
            <description>Able to add/edit/delete address templates</description>
            <retired>false</retired>
            <privilege>Manage Address Templates</privilege>
          </org.openmrs.Privilege>
          <org.openmrs.Privilege id="119" uuid="6e758b0a-a459-11e1-ad49-080027feb8fe">
            <description>Able to edit patient identifiers</description>
            <retired>false</retired>
            <privilege>Edit Patient Identifiers</privilege>
          </org.openmrs.Privilege>
          <org.openmrs.Privilege id="120" uuid="6e7588c6-a459-11e1-ad49-080027feb8fe">
            <description>Able to edit patient observations</description>
            <retired>false</retired>
            <privilege>Edit Observations</privilege>
          </org.openmrs.Privilege>
          <org.openmrs.Privilege id="121" uuid="c0664195-f0d9-46e4-a3f8-573e4d1d4a36">
            <description>Able to add/edit/delete location tags</description>
            <retired>false</retired>
            <privilege>Manage Location Tags</privilege>
          </org.openmrs.Privilege>
          <org.openmrs.Privilege id="122" uuid="6e75ce4e-a459-11e1-ad49-080027feb8fe">
            <description>Able to view locations</description>
            <retired>false</retired>
            <privilege>View Locations</privilege>
          </org.openmrs.Privilege>
          <org.openmrs.Privilege id="123" uuid="6e756986-a459-11e1-ad49-080027feb8fe">
            <description>Able to add orders</description>
            <retired>false</retired>
            <privilege>Add Orders</privilege>
          </org.openmrs.Privilege>
          <org.openmrs.Privilege id="124" uuid="6e75a9f0-a459-11e1-ad49-080027feb8fe">
            <description>Able to add/view/delete patient programs</description>
            <retired>false</retired>
            <privilege>Manage Programs</privilege>
          </org.openmrs.Privilege>
          <org.openmrs.Privilege id="125" uuid="6e75d880-a459-11e1-ad49-080027feb8fe">
            <description>Able to view person objects</description>
            <retired>false</retired>
            <privilege>View People</privilege>
          </org.openmrs.Privilege>
          <org.openmrs.Privilege id="126" uuid="4e0a8222-6b18-41ed-aa43-996f573a5df9">
            <description>Able to add an HL7 Queue item</description>
            <retired>false</retired>
            <privilege>Add HL7 Inbound Queue</privilege>
          </org.openmrs.Privilege>
          <org.openmrs.Privilege id="127" uuid="6e75a7ac-a459-11e1-ad49-080027feb8fe">
            <description>Able to add/edit/delete person attribute types</description>
            <retired>false</retired>
            <privilege>Manage Person Attribute Types</privilege>
          </org.openmrs.Privilege>
          <org.openmrs.Privilege id="128" uuid="6e7564f4-a459-11e1-ad49-080027feb8fe">
            <description>Able to add concept proposals to the system</description>
            <retired>false</retired>
            <privilege>Add Concept Proposals</privilege>
          </org.openmrs.Privilege>
          <org.openmrs.Privilege id="129" uuid="90ebbd17-f75f-4698-ac6e-042e5a7f7571">
            <description>Add/Edit/Remove Report Designs</description>
            <retired>false</retired>
            <privilege>Manage Report Designs</privilege>
          </org.openmrs.Privilege>
          <org.openmrs.Privilege id="130" uuid="6e756bac-a459-11e1-ad49-080027feb8fe">
            <description>Able to add patient identifiers</description>
            <retired>false</retired>
            <privilege>Add Patient Identifiers</privilege>
          </org.openmrs.Privilege>
          <org.openmrs.Privilege id="131" uuid="6e75e47e-a459-11e1-ad49-080027feb8fe">
            <description>Able to view and fill out unpublished forms</description>
            <retired>false</retired>
            <privilege>View Unpublished Forms</privilege>
          </org.openmrs.Privilege>
          <org.openmrs.Privilege id="132" uuid="6e759cd0-a459-11e1-ad49-080027feb8fe">
            <description>Able to add/edit/delete encounter types</description>
            <retired>false</retired>
            <privilege>Manage Encounter Types</privilege>
          </org.openmrs.Privilege>
          <org.openmrs.Privilege id="133" uuid="6a0c58cd-b74a-456c-8623-f716184e4892">
            <description>Able to view database changes from the admin screen</description>
            <retired>false</retired>
            <privilege>View Database Changes</privilege>
          </org.openmrs.Privilege>
          <org.openmrs.Privilege id="134" uuid="2060478b-5140-4105-873b-d6340f8ee561">
            <description>Able to update an HL7 archive item</description>
            <retired>false</retired>
            <privilege>Update HL7 Inbound Archive</privilege>
          </org.openmrs.Privilege>
          <org.openmrs.Privilege id="135" uuid="6e758c2c-a459-11e1-ad49-080027feb8fe">
            <description>Able to edit patients in programs</description>
            <retired>false</retired>
            <privilege>Edit Patient Programs</privilege>
          </org.openmrs.Privilege>
          <org.openmrs.Privilege id="136" uuid="5ea57501-b883-4ab7-aedf-9a70fd866ec9">
            <description>Allows the user to test a flag, or set of flags, against a Patient set</description>
            <retired>false</retired>
            <privilege>Test Flags</privilege>
          </org.openmrs.Privilege>
          <org.openmrs.Privilege id="137" uuid="1422819f-0697-48a0-8db1-b0778342518d">
            <description>Able to view visit attribute types</description>
            <retired>false</retired>
            <privilege>View Visit Attribute Types</privilege>
          </org.openmrs.Privilege>
          <org.openmrs.Privilege id="138" uuid="6e75dd12-a459-11e1-ad49-080027feb8fe">
            <description>Able to view patient programs</description>
            <retired>false</retired>
            <privilege>View Programs</privilege>
          </org.openmrs.Privilege>
          <org.openmrs.Privilege id="139" uuid="cee4b37c-5cf4-4ce0-a872-a34f393d1875">
            <description>Able to view an HL7 archive item</description>
            <retired>false</retired>
            <privilege>View HL7 Inbound Exception</privilege>
          </org.openmrs.Privilege>
          <org.openmrs.Privilege id="140" uuid="c48b8a04-1a6c-4196-b796-989c7b962eb6">
            <description>Able to view an HL7 Queue item</description>
            <retired>false</retired>
            <privilege>View HL7 Inbound Queue</privilege>
          </org.openmrs.Privilege>
          <org.openmrs.Privilege id="141" uuid="6e75a162-a459-11e1-ad49-080027feb8fe">
            <description>Able to add/edit global properties</description>
            <retired>false</retired>
            <privilege>Manage Global Properties</privilege>
          </org.openmrs.Privilege>
          <org.openmrs.Privilege id="142" uuid="b806f62a-404e-42ac-b5a5-325d7b263786">
            <description>Able to add/edit/retire location attribute types</description>
            <retired>false</retired>
            <privilege>Manage Location Attribute Types</privilege>
          </org.openmrs.Privilege>
          <org.openmrs.Privilege id="143" uuid="6e756d5a-a459-11e1-ad49-080027feb8fe">
            <description>Able to add patients to programs</description>
            <retired>false</retired>
            <privilege>Add Patient Programs</privilege>
          </org.openmrs.Privilege>
          <org.openmrs.Privilege id="144" uuid="a653e2a1-1ae9-4db3-9928-35a7d6094c11">
            <description>Add/Edit/Remove Cohort Definitions</description>
            <retired>false</retired>
            <privilege>Manage Cohort Definitions</privilege>
          </org.openmrs.Privilege>
          <org.openmrs.Privilege id="145" uuid="fec68962-128e-4b77-bc77-da44bc2106ac">
            <description>Able to add visits</description>
            <retired>false</retired>
            <privilege>Add Visits</privilege>
          </org.openmrs.Privilege>
          <org.openmrs.Privilege id="146" uuid="6e75e10e-a459-11e1-ad49-080027feb8fe">
            <description>Able to view report objects</description>
            <retired>false</retired>
            <privilege>View Report Objects</privilege>
          </org.openmrs.Privilege>
          <org.openmrs.Privilege id="147" uuid="6e75cd2c-a459-11e1-ad49-080027feb8fe">
            <description>Able to view patient identifier types</description>
            <retired>false</retired>
            <privilege>View Identifier Types</privilege>
          </org.openmrs.Privilege>
          <org.openmrs.Privilege id="148" uuid="6e7589e8-a459-11e1-ad49-080027feb8fe">
            <description>Able to edit orders</description>
            <retired>false</retired>
            <privilege>Edit Orders</privilege>
          </org.openmrs.Privilege>
          <org.openmrs.Privilege id="149" uuid="6e75a284-a459-11e1-ad49-080027feb8fe">
            <description>Able to add/edit/delete patient identifier types</description>
            <retired>false</retired>
            <privilege>Manage Identifier Types</privilege>
          </org.openmrs.Privilege>
          <org.openmrs.Privilege id="150" uuid="6e7573b8-a459-11e1-ad49-080027feb8fe">
            <description>Able to add reports</description>
            <retired>false</retired>
            <privilege>Add Reports</privilege>
          </org.openmrs.Privilege>
          <org.openmrs.Privilege id="151" uuid="6c05ee41-41e2-42e9-9618-bfc8d5262c81">
            <description>Able to choose encounter visit handler and enable/disable encounter visits</description>
            <retired>false</retired>
            <privilege>Configure Visits</privilege>
          </org.openmrs.Privilege>
          <org.openmrs.Privilege id="152" uuid="27b92ff4-112b-4134-af25-3ab640afe34c">
            <description>Add/Edit/Remove Data Set Definitions</description>
            <retired>false</retired>
            <privilege>Manage Data Set Definitions</privilege>
          </org.openmrs.Privilege>
          <org.openmrs.Privilege id="153" uuid="6e75dbf0-a459-11e1-ad49-080027feb8fe">
            <description>Able to view problems in OpenMRS</description>
            <retired>false</retired>
            <privilege>View Problems</privilege>
          </org.openmrs.Privilege>
          <org.openmrs.Privilege id="154" uuid="6d21955d-ab53-4bcf-a27a-c2453d5c72df">
            <description>Allows user add, edit, and remove flags</description>
            <retired>false</retired>
            <privilege>Manage Flags</privilege>
          </org.openmrs.Privilege>
          <org.openmrs.Privilege id="155" uuid="6e75680a-a459-11e1-ad49-080027feb8fe">
            <description>Able to add patient observations</description>
            <retired>false</retired>
            <privilege>Add Observations</privilege>
          </org.openmrs.Privilege>
        </privileges>
        <inheritedRoles id="156"/>
        <childRoles id="157">
          <org.openmrs.Role id="158" uuid="8d94f280-c2cc-11de-8d13-0010c6dffd0f">
            <description>Can access all apps except admin, and provide encounters</description>
            <retired>false</retired>
            <role>Provider</role>
            <privileges id="159">
              <org.openmrs.Privilege reference="4"/>
              <org.openmrs.Privilege id="160" uuid="d0d4376f-ba98-4df2-afbe-63e4df95aeb8">
                <description>Run the Provider app</description>
                <retired>false</retired>
                <privilege>App: kenyaemr.medicalEncounter</privilege>
              </org.openmrs.Privilege>
              <org.openmrs.Privilege id="161" uuid="6e7b53f1-baed-4f0f-ab27-861c3257619b">
                <description>Run the Intake app</description>
                <retired>false</retired>
                <privilege>App: kenyaemr.intake</privilege>
              </org.openmrs.Privilege>
              <org.openmrs.Privilege id="162" uuid="3a590423-bd3c-406d-b918-081e2fb2bbae">
                <description>Run the Registration app</description>
                <retired>false</retired>
                <privilege>App: kenyaemr.registration</privilege>
              </org.openmrs.Privilege>
              <org.openmrs.Privilege reference="5"/>
            </privileges>
            <inheritedRoles id="163">
              <org.openmrs.Role reference="7"/>
            </inheritedRoles>
            <childRoles id="164"/>
          </org.openmrs.Role>
          <org.openmrs.Role id="165" uuid="54fb68a3-f41d-4d01-8352-d1ec54884bf6">
            <description>Can access the registration app</description>
            <retired>false</retired>
            <role>Registration</role>
            <privileges id="166">
              <org.openmrs.Privilege reference="162"/>
            </privileges>
            <inheritedRoles id="167">
              <org.openmrs.Role reference="7"/>
            </inheritedRoles>
            <childRoles id="168"/>
          </org.openmrs.Role>
          <org.openmrs.Role reference="2"/>
          <org.openmrs.Role id="169" uuid="01d37c2b-f7ac-469b-804a-4bb7220515da">
            <description>Can access the admin app</description>
            <retired>false</retired>
            <role>System Administrator</role>
            <privileges id="170">
              <org.openmrs.Privilege id="171" uuid="e102c60f-7b49-46d7-8c2d-accc187f2adf">
                <description>Run the Admin app</description>
                <retired>false</retired>
                <privilege>App: kenyaemr.admin</privilege>
              </org.openmrs.Privilege>
            </privileges>
            <inheritedRoles id="172">
              <org.openmrs.Role reference="7"/>
            </inheritedRoles>
            <childRoles id="173"/>
          </org.openmrs.Role>
          <org.openmrs.Role id="174" uuid="fc46bbfe-76ea-4dea-b0f4-b5d9fc95da25">
            <description>Can access the registration and intake apps</description>
            <retired>false</retired>
            <role>Intake</role>
            <privileges id="175">
              <org.openmrs.Privilege reference="161"/>
              <org.openmrs.Privilege reference="162"/>
            </privileges>
            <inheritedRoles id="176">
              <org.openmrs.Role reference="7"/>
            </inheritedRoles>
            <childRoles id="177"/>
          </org.openmrs.Role>
        </childRoles>
      </org.openmrs.Role>
    </inheritedRoles>
    <childRoles id="178"/>
  </org.openmrs.Role>
  <org.openmrs.Role id="179" uuid="2d4495e6-115a-4c5f-8965-d5d01395113a">
    <description>All API privileges</description>
    <retired>false</retired>
    <role>API Privileges</role>
    <privileges id="180">
      <org.openmrs.Privilege id="181" uuid="6e758204-a459-11e1-ad49-080027feb8fe">
        <description>Able to delete report objects</description>
        <retired>false</retired>
        <privilege>Delete Report Objects</privilege>
      </org.openmrs.Privilege>
      <org.openmrs.Privilege reference="9"/>
      <org.openmrs.Privilege reference="10"/>
      <org.openmrs.Privilege reference="11"/>
      <org.openmrs.Privilege reference="12"/>
      <org.openmrs.Privilege reference="13"/>
      <org.openmrs.Privilege reference="15"/>
      <org.openmrs.Privilege reference="14"/>
      <org.openmrs.Privilege reference="16"/>
      <org.openmrs.Privilege reference="17"/>
      <org.openmrs.Privilege reference="18"/>
      <org.openmrs.Privilege reference="19"/>
      <org.openmrs.Privilege reference="20"/>
      <org.openmrs.Privilege reference="21"/>
      <org.openmrs.Privilege reference="22"/>
      <org.openmrs.Privilege reference="23"/>
      <org.openmrs.Privilege reference="24"/>
      <org.openmrs.Privilege id="182" uuid="d1b3445b-afff-4922-ae79-f3e10f7fd9b0">
        <description>Able to delete an HL7 Queue item</description>
        <retired>false</retired>
        <privilege>Delete HL7 Inbound Queue</privilege>
      </org.openmrs.Privilege>
      <org.openmrs.Privilege reference="25"/>
      <org.openmrs.Privilege id="183" uuid="6e7580e2-a459-11e1-ad49-080027feb8fe">
        <description>Able to delete relationships</description>
        <retired>false</retired>
        <privilege>Delete Relationships</privilege>
      </org.openmrs.Privilege>
      <org.openmrs.Privilege reference="26"/>
      <org.openmrs.Privilege reference="28"/>
      <org.openmrs.Privilege reference="27"/>
      <org.openmrs.Privilege reference="29"/>
      <org.openmrs.Privilege reference="30"/>
      <org.openmrs.Privilege reference="31"/>
      <org.openmrs.Privilege reference="32"/>
      <org.openmrs.Privilege reference="33"/>
      <org.openmrs.Privilege reference="34"/>
      <org.openmrs.Privilege reference="35"/>
      <org.openmrs.Privilege reference="36"/>
      <org.openmrs.Privilege reference="37"/>
      <org.openmrs.Privilege reference="38"/>
      <org.openmrs.Privilege reference="39"/>
      <org.openmrs.Privilege reference="40"/>
      <org.openmrs.Privilege reference="41"/>
      <org.openmrs.Privilege id="184" uuid="6e757bb0-a459-11e1-ad49-080027feb8fe">
        <description>Able to delete patient identifiers</description>
        <retired>false</retired>
        <privilege>Delete Patient Identifiers</privilege>
      </org.openmrs.Privilege>
      <org.openmrs.Privilege reference="42"/>
      <org.openmrs.Privilege reference="43"/>
      <org.openmrs.Privilege id="185" uuid="72995fd0-6b2c-4da6-9e0d-3a6973dd5f41">
        <description>Allows user to export and import metadata</description>
        <retired>false</retired>
        <privilege>Share Metadata</privilege>
      </org.openmrs.Privilege>
      <org.openmrs.Privilege reference="45"/>
      <org.openmrs.Privilege id="186" uuid="6e757fb6-a459-11e1-ad49-080027feb8fe">
        <description>Able to delete objects</description>
        <retired>false</retired>
        <privilege>Delete People</privilege>
      </org.openmrs.Privilege>
      <org.openmrs.Privilege reference="46"/>
      <org.openmrs.Privilege reference="47"/>
      <org.openmrs.Privilege reference="48"/>
      <org.openmrs.Privilege reference="49"/>
      <org.openmrs.Privilege reference="50"/>
      <org.openmrs.Privilege reference="51"/>
      <org.openmrs.Privilege reference="52"/>
      <org.openmrs.Privilege reference="53"/>
      <org.openmrs.Privilege reference="54"/>
      <org.openmrs.Privilege reference="55"/>
      <org.openmrs.Privilege reference="56"/>
      <org.openmrs.Privilege reference="57"/>
      <org.openmrs.Privilege reference="58"/>
      <org.openmrs.Privilege reference="59"/>
      <org.openmrs.Privilege reference="60"/>
      <org.openmrs.Privilege reference="61"/>
      <org.openmrs.Privilege reference="63"/>
      <org.openmrs.Privilege reference="62"/>
      <org.openmrs.Privilege reference="64"/>
      <org.openmrs.Privilege id="187" uuid="6e758448-a459-11e1-ad49-080027feb8fe">
        <description>Able to delete users in OpenMRS</description>
        <retired>false</retired>
        <privilege>Delete Users</privilege>
      </org.openmrs.Privilege>
      <org.openmrs.Privilege id="188" uuid="7599a5c5-a547-445a-b40c-bc7bf591ae7c">
        <description>Able to delete visits</description>
        <retired>false</retired>
        <privilege>Delete Visits</privilege>
      </org.openmrs.Privilege>
      <org.openmrs.Privilege reference="65"/>
      <org.openmrs.Privilege reference="66"/>
      <org.openmrs.Privilege reference="67"/>
      <org.openmrs.Privilege reference="68"/>
      <org.openmrs.Privilege reference="69"/>
      <org.openmrs.Privilege reference="70"/>
      <org.openmrs.Privilege reference="71"/>
      <org.openmrs.Privilege reference="72"/>
      <org.openmrs.Privilege reference="73"/>
      <org.openmrs.Privilege reference="74"/>
      <org.openmrs.Privilege reference="75"/>
      <org.openmrs.Privilege reference="76"/>
      <org.openmrs.Privilege reference="77"/>
      <org.openmrs.Privilege reference="78"/>
      <org.openmrs.Privilege reference="79"/>
      <org.openmrs.Privilege reference="80"/>
      <org.openmrs.Privilege reference="81"/>
      <org.openmrs.Privilege reference="82"/>
      <org.openmrs.Privilege reference="83"/>
      <org.openmrs.Privilege reference="84"/>
      <org.openmrs.Privilege id="189" uuid="6e75b80a-a459-11e1-ad49-080027feb8fe">
        <description>Able to purge field types</description>
        <retired>false</retired>
        <privilege>Purge Field Types</privilege>
      </org.openmrs.Privilege>
      <org.openmrs.Privilege reference="85"/>
      <org.openmrs.Privilege reference="86"/>
      <org.openmrs.Privilege reference="87"/>
      <org.openmrs.Privilege reference="88"/>
      <org.openmrs.Privilege id="190" uuid="6e757cd2-a459-11e1-ad49-080027feb8fe">
        <description>Able to delete patients from programs</description>
        <retired>false</retired>
        <privilege>Delete Patient Programs</privilege>
      </org.openmrs.Privilege>
      <org.openmrs.Privilege reference="89"/>
      <org.openmrs.Privilege reference="90"/>
      <org.openmrs.Privilege reference="91"/>
      <org.openmrs.Privilege reference="93"/>
      <org.openmrs.Privilege reference="92"/>
      <org.openmrs.Privilege reference="94"/>
      <org.openmrs.Privilege reference="95"/>
      <org.openmrs.Privilege reference="96"/>
      <org.openmrs.Privilege reference="97"/>
      <org.openmrs.Privilege reference="98"/>
      <org.openmrs.Privilege reference="99"/>
      <org.openmrs.Privilege reference="100"/>
      <org.openmrs.Privilege reference="101"/>
      <org.openmrs.Privilege reference="102"/>
      <org.openmrs.Privilege reference="103"/>
      <org.openmrs.Privilege reference="104"/>
      <org.openmrs.Privilege id="191" uuid="6e75771e-a459-11e1-ad49-080027feb8fe">
        <description>Able to delete concept proposals from the system</description>
        <retired>false</retired>
        <privilege>Delete Concept Proposals</privilege>
      </org.openmrs.Privilege>
      <org.openmrs.Privilege reference="105"/>
      <org.openmrs.Privilege reference="106"/>
      <org.openmrs.Privilege reference="108"/>
      <org.openmrs.Privilege reference="107"/>
      <org.openmrs.Privilege reference="109"/>
      <org.openmrs.Privilege reference="110"/>
      <org.openmrs.Privilege reference="111"/>
      <org.openmrs.Privilege reference="112"/>
      <org.openmrs.Privilege reference="113"/>
      <org.openmrs.Privilege reference="114"/>
      <org.openmrs.Privilege reference="115"/>
      <org.openmrs.Privilege reference="116"/>
      <org.openmrs.Privilege reference="117"/>
      <org.openmrs.Privilege reference="119"/>
      <org.openmrs.Privilege reference="120"/>
      <org.openmrs.Privilege reference="118"/>
      <org.openmrs.Privilege reference="121"/>
      <org.openmrs.Privilege reference="122"/>
      <org.openmrs.Privilege reference="123"/>
      <org.openmrs.Privilege reference="124"/>
      <org.openmrs.Privilege reference="125"/>
      <org.openmrs.Privilege reference="126"/>
      <org.openmrs.Privilege reference="127"/>
      <org.openmrs.Privilege reference="128"/>
      <org.openmrs.Privilege id="192" uuid="6e757840-a459-11e1-ad49-080027feb8fe">
        <description>Able to delete patient encounters</description>
        <retired>false</retired>
        <privilege>Delete Encounters</privilege>
      </org.openmrs.Privilege>
      <org.openmrs.Privilege reference="129"/>
      <org.openmrs.Privilege id="193" uuid="6e757a84-a459-11e1-ad49-080027feb8fe">
        <description>Able to delete orders</description>
        <retired>false</retired>
        <privilege>Delete Orders</privilege>
      </org.openmrs.Privilege>
      <org.openmrs.Privilege reference="130"/>
      <org.openmrs.Privilege id="194" uuid="6e757dfe-a459-11e1-ad49-080027feb8fe">
        <description>Able to delete patients</description>
        <retired>false</retired>
        <privilege>Delete Patients</privilege>
      </org.openmrs.Privilege>
      <org.openmrs.Privilege id="195" uuid="dac8043a-2b39-434f-b44c-7766c6df7f59">
        <description>Remove problems</description>
        <retired>false</retired>
        <privilege>Remove Problems</privilege>
      </org.openmrs.Privilege>
      <org.openmrs.Privilege reference="131"/>
      <org.openmrs.Privilege reference="132"/>
      <org.openmrs.Privilege reference="133"/>
      <org.openmrs.Privilege reference="134"/>
      <org.openmrs.Privilege reference="135"/>
      <org.openmrs.Privilege id="196" uuid="e6dfee40-01e1-426d-91c8-bb6e47fb8d97">
        <description>Able to delete/retire an HL7 archive item</description>
        <retired>false</retired>
        <privilege>Delete HL7 Inbound Archive</privilege>
      </org.openmrs.Privilege>
      <org.openmrs.Privilege reference="136"/>
      <org.openmrs.Privilege id="197" uuid="6e7575f2-a459-11e1-ad49-080027feb8fe">
        <description>Able to add a cohort to the system</description>
        <retired>false</retired>
        <privilege>Delete Cohorts</privilege>
      </org.openmrs.Privilege>
      <org.openmrs.Privilege reference="137"/>
      <org.openmrs.Privilege reference="138"/>
      <org.openmrs.Privilege reference="139"/>
      <org.openmrs.Privilege reference="140"/>
      <org.openmrs.Privilege reference="141"/>
      <org.openmrs.Privilege reference="142"/>
      <org.openmrs.Privilege reference="143"/>
      <org.openmrs.Privilege reference="144"/>
      <org.openmrs.Privilege reference="145"/>
      <org.openmrs.Privilege reference="146"/>
      <org.openmrs.Privilege reference="147"/>
      <org.openmrs.Privilege id="198" uuid="6e757962-a459-11e1-ad49-080027feb8fe">
        <description>Able to delete patient observations</description>
        <retired>false</retired>
        <privilege>Delete Observations</privilege>
      </org.openmrs.Privilege>
      <org.openmrs.Privilege reference="148"/>
      <org.openmrs.Privilege reference="149"/>
      <org.openmrs.Privilege reference="150"/>
      <org.openmrs.Privilege reference="151"/>
      <org.openmrs.Privilege id="199" uuid="5a1ce722-3ba6-4a10-aac4-d61533c07c6f">
        <description>Able to delete an HL7 archive item</description>
        <retired>false</retired>
        <privilege>Delete HL7 Inbound Exception</privilege>
      </org.openmrs.Privilege>
      <org.openmrs.Privilege reference="152"/>
      <org.openmrs.Privilege id="200" uuid="6e758326-a459-11e1-ad49-080027feb8fe">
        <description>Able to delete reports</description>
        <retired>false</retired>
        <privilege>Delete Reports</privilege>
      </org.openmrs.Privilege>
      <org.openmrs.Privilege reference="153"/>
      <org.openmrs.Privilege reference="154"/>
      <org.openmrs.Privilege reference="155"/>
    </privileges>
    <inheritedRoles id="201"/>
    <childRoles id="202">
      <org.openmrs.Role id="203" uuid="18e1a999-f6b7-4de3-bd35-c994f057f86d">
        <description>Can access all apps except admin, and manage encounters</description>
        <retired>false</retired>
        <role>Manager</role>
        <privileges id="204">
          <org.openmrs.Privilege reference="4"/>
          <org.openmrs.Privilege reference="160"/>
          <org.openmrs.Privilege reference="161"/>
          <org.openmrs.Privilege reference="162"/>
          <org.openmrs.Privilege reference="5"/>
        </privileges>
        <inheritedRoles id="205">
          <org.openmrs.Role reference="179"/>
        </inheritedRoles>
        <childRoles id="206"/>
      </org.openmrs.Role>
    </childRoles>
  </org.openmrs.Role>
  <org.openmrs.Role reference="174"/>
  <org.openmrs.Role reference="165"/>
  <org.openmrs.Role reference="203"/>
  <org.openmrs.Role reference="7"/>
  <org.openmrs.Role id="207" uuid="774b2af3-6437-4e5a-a310-547554c7c65c">
    <description>Privileges for non-authenticated users.</description>
    <retired>false</retired>
    <role>Anonymous</role>
    <privileges id="208"/>
    <inheritedRoles id="209"/>
    <childRoles id="210"/>
  </org.openmrs.Role>
  <org.openmrs.Role reference="169"/>
  <org.openmrs.Role id="211" uuid="8d94f852-c2cc-11de-8d13-0010c6dffd0f">
    <description>Can access everything</description>
    <retired>false</retired>
    <role>System Developer</role>
    <privileges id="212"/>
    <inheritedRoles id="213"/>
    <childRoles id="214"/>
  </org.openmrs.Role>
  <org.openmrs.Role reference="158"/>
  <org.openmrs.Role id="215" uuid="f7fd42ef-880e-40c5-972d-e4ae7c990de2">
    <description>Privileges gained once authentication has been established.</description>
    <retired>false</retired>
    <role>Authenticated</role>
    <privileges id="216">
      <org.openmrs.Privilege reference="31"/>
      <org.openmrs.Privilege reference="34"/>
      <org.openmrs.Privilege reference="87"/>
      <org.openmrs.Privilege reference="106"/>
      <org.openmrs.Privilege reference="16"/>
      <org.openmrs.Privilege reference="68"/>
      <org.openmrs.Privilege reference="40"/>
      <org.openmrs.Privilege reference="54"/>
      <org.openmrs.Privilege reference="94"/>
      <org.openmrs.Privilege reference="58"/>
      <org.openmrs.Privilege reference="147"/>
      <org.openmrs.Privilege reference="117"/>
      <org.openmrs.Privilege reference="122"/>
    </privileges>
    <inheritedRoles id="217"/>
    <childRoles id="218"/>
  </org.openmrs.Role>
</list>
