<?xml version="1.0" encoding="UTF-8"?>
<package id="1" uuid="b6b178c6-0fea-4ff7-bf2d-5b29488d2897">
  <dateCreated id="2">2012-05-14 16:10:32</dateCreated>
  <name>Kenya Emr Core Metadata</name>
  <description>Includes EncounterTypes, VisitTypes, etc, for the OpenMRS-based Kenya EMR Application</description>
  <openmrsVersion>1.9.0 SNAPSHOT Build 26883</openmrsVersion>
  <version>2</version>
  <groupUuid>fe64cb1e-5434-4c59-96f0-64db9bad1469</groupUuid>
  <modules id="3">
    <entry>
      <string>uilibrary</string>
      <string>1.1</string>
    </entry>
    <entry>
      <string>htmlwidgets</string>
      <string>1.6.0</string>
    </entry>
    <entry>
      <string>kenyaemr</string>
      <string>1.0-SNAPSHOT</string>
    </entry>
    <entry>
      <string>uiframework</string>
      <string>1.3</string>
    </entry>
    <entry>
      <string>metadatasharing</string>
      <string>1.0.7</string>
    </entry>
    <entry>
      <string>distribution</string>
      <string>1.0-SNAPSHOT</string>
    </entry>
    <entry>
      <string>appframework</string>
      <string>1.0-SNAPSHOT</string>
    </entry>
    <entry>
      <string>logic</string>
      <string>0.5.2</string>
    </entry>
    <entry>
      <string>serialization.xstream</string>
      <string>0.2.5</string>
    </entry>
  </modules>
  <items class="linked-hash-set" id="4">
    <org.openmrs.module.metadatasharing.Item id="5" uuid="73bbb069-9781-4afc-a9d1-54b6b2270e01">
      <id>1</id>
      <classname>org.openmrs.VisitType</classname>
      <dateChanged id="6">2012-05-14 12:02:12</dateChanged>
      <retired>false</retired>
    </org.openmrs.module.metadatasharing.Item>
    <org.openmrs.module.metadatasharing.Item id="7" uuid="73bbb069-9781-4afc-a9d1-54b6b2270e02">
      <id>2</id>
      <classname>org.openmrs.VisitType</classname>
      <dateChanged id="8">2012-05-14 12:02:12</dateChanged>
      <retired>false</retired>
    </org.openmrs.module.metadatasharing.Item>
    <org.openmrs.module.metadatasharing.Item id="9" uuid="a74032ac-9624-11e1-bc86-da3a922f3783">
      <id>3</id>
      <classname>org.openmrs.VisitType</classname>
      <dateChanged id="10">2012-05-14 12:02:12</dateChanged>
      <retired>false</retired>
    </org.openmrs.module.metadatasharing.Item>
    <org.openmrs.module.metadatasharing.Item id="11" uuid="94ad2b98-5f0a-4eee-96e4-446412bf5306">
      <id>6</id>
      <classname>org.openmrs.EncounterType</classname>
      <dateChanged id="12">2012-05-14 12:08:06</dateChanged>
      <retired>false</retired>
    </org.openmrs.module.metadatasharing.Item>
    <org.openmrs.module.metadatasharing.Item id="13" uuid="f2f4760e-0539-4461-ae0e-128e6b679882">
      <id>7</id>
      <classname>org.openmrs.EncounterType</classname>
      <dateChanged id="14">2012-05-14 12:08:37</dateChanged>
      <retired>false</retired>
    </org.openmrs.module.metadatasharing.Item>
    <org.openmrs.module.metadatasharing.Item id="15" uuid="88bdd354-2310-4e63-b8fb-953e56969ca3">
      <id>8</id>
      <classname>org.openmrs.EncounterType</classname>
      <dateChanged id="16">2012-05-14 12:09:31</dateChanged>
      <retired>false</retired>
    </org.openmrs.module.metadatasharing.Item>
    <org.openmrs.module.metadatasharing.Item id="17" uuid="cb93cdea-6d03-4283-9996-c9f3dc77cec3">
      <id>5</id>
      <classname>org.openmrs.EncounterType</classname>
      <dateChanged id="18">2012-05-14 12:07:17</dateChanged>
      <retired>false</retired>
    </org.openmrs.module.metadatasharing.Item>
  </items>
  <relatedItems class="linked-hash-set" id="19"/>
</package>
