<?xml version="1.0" encoding="UTF-8"?>
<package id="1" uuid="e05e4c2f-de5d-497e-be53-a6825ba823b8">
  <dateCreated id="2">2012-06-26 06:58:15</dateCreated>
  <name>Kenya EMR Forms</name>
  <description>Forms for the Kenya OpenMRS EMR</description>
  <openmrsVersion>1.9.0 RC4 Build 27471</openmrsVersion>
  <version>1</version>
  <groupUuid>0fcb9fc5-2afa-4e87-a46d-ee3b5a93b6ca</groupUuid>
  <modules id="3">
    <entry>
      <string>htmlwidgets</string>
      <string>1.6.0</string>
    </entry>
    <entry>
      <string>moduledistro</string>
      <string>1.2-SNAPSHOT</string>
    </entry>
    <entry>
      <string>htmlformentry</string>
      <string>1.9.4</string>
    </entry>
    <entry>
      <string>htmlformentry19ext</string>
      <string>0.9</string>
    </entry>
    <entry>
      <string>idgen</string>
      <string>2.1</string>
    </entry>
    <entry>
      <string>metadatasharing</string>
      <string>1.0.7</string>
    </entry>
    <entry>
      <string>reporting</string>
      <string>0.7.1.1</string>
    </entry>
    <entry>
      <string>logic</string>
      <string>0.5.2</string>
    </entry>
    <entry>
      <string>serialization.xstream</string>
      <string>0.2.5</string>
    </entry>
  </modules>
  <items class="linked-hash-set" id="4">
    <org.openmrs.module.metadatasharing.Item id="5" uuid="02735db9-85cf-444e-b9ef-d59f5a27628d">
      <id>8</id>
      <classname>org.openmrs.module.htmlformentry.HtmlForm</classname>
      <dateChanged id="6">2012-06-26 06:46:39</dateChanged>
      <retired>false</retired>
    </org.openmrs.module.metadatasharing.Item>
    <org.openmrs.module.metadatasharing.Item id="7" uuid="0c4bbc81-9bb9-4d04-b063-255d1cb58c48">
      <id>12</id>
      <classname>org.openmrs.module.htmlformentry.HtmlForm</classname>
      <dateChanged id="8">2012-06-26 06:47:13</dateChanged>
      <retired>false</retired>
    </org.openmrs.module.metadatasharing.Item>
    <org.openmrs.module.metadatasharing.Item id="9" uuid="1a2bf46f-dffc-404f-9df3-96dacc394c49">
      <id>4</id>
      <classname>org.openmrs.module.htmlformentry.HtmlForm</classname>
      <dateChanged id="10">2012-06-26 06:46:54</dateChanged>
      <retired>false</retired>
    </org.openmrs.module.metadatasharing.Item>
    <org.openmrs.module.metadatasharing.Item id="11" uuid="681f7971-72de-4340-a39c-7147df5a24b5">
      <id>10</id>
      <classname>org.openmrs.module.htmlformentry.HtmlForm</classname>
      <dateChanged id="12">2012-06-26 06:46:47</dateChanged>
      <retired>false</retired>
    </org.openmrs.module.metadatasharing.Item>
    <org.openmrs.module.metadatasharing.Item id="13" uuid="6aad25ae-142c-4af7-9f46-f3e65ad67882">
      <id>7</id>
      <classname>org.openmrs.module.htmlformentry.HtmlForm</classname>
      <dateChanged id="14">2012-06-26 06:46:25</dateChanged>
      <retired>false</retired>
    </org.openmrs.module.metadatasharing.Item>
    <org.openmrs.module.metadatasharing.Item id="15" uuid="928f1e66-3b74-4e89-a31a-a08bcef4416c">
      <id>9</id>
      <classname>org.openmrs.module.htmlformentry.HtmlForm</classname>
      <dateChanged id="16">2012-06-26 06:47:30</dateChanged>
      <retired>false</retired>
    </org.openmrs.module.metadatasharing.Item>
    <org.openmrs.module.metadatasharing.Item id="17" uuid="9da2a73f-49f4-46ae-a8cc-49d1c0c49a1b">
      <id>5</id>
      <classname>org.openmrs.module.htmlformentry.HtmlForm</classname>
      <dateChanged id="18">2012-06-26 06:49:01</dateChanged>
      <retired>false</retired>
    </org.openmrs.module.metadatasharing.Item>
    <org.openmrs.module.metadatasharing.Item id="19" uuid="a6591753-dd57-4e32-9034-d1710b147f4c">
      <id>11</id>
      <classname>org.openmrs.module.htmlformentry.HtmlForm</classname>
      <dateChanged id="20">2012-06-26 06:47:03</dateChanged>
      <retired>false</retired>
    </org.openmrs.module.metadatasharing.Item>
    <org.openmrs.module.metadatasharing.Item id="21" uuid="f3d7ba6a-e7ff-40b5-aeb1-73e1ac76bd20">
      <id>6</id>
      <classname>org.openmrs.module.htmlformentry.HtmlForm</classname>
      <dateChanged id="22">2012-06-26 06:47:19</dateChanged>
      <retired>false</retired>
    </org.openmrs.module.metadatasharing.Item>
  </items>
  <relatedItems class="linked-hash-set" id="23">
    <org.openmrs.module.metadatasharing.Item id="24" uuid="5d322948-fccf-4ec3-b2b6-c66ff8b6bb5a">
      <id>8</id>
      <classname>org.openmrs.Form</classname>
      <dateChanged id="25">2012-06-26 06:41:05</dateChanged>
      <retired>false</retired>
    </org.openmrs.module.metadatasharing.Item>
    <org.openmrs.module.metadatasharing.Item id="26" uuid="465a92f2-baf8-42e9-9612-53064be868e8">
      <id>10</id>
      <classname>org.openmrs.EncounterType</classname>
      <dateChanged id="27">2012-06-26 06:19:31</dateChanged>
      <retired>false</retired>
    </org.openmrs.module.metadatasharing.Item>
    <org.openmrs.module.metadatasharing.Item id="28" uuid="a0b03050-c99b-11e0-9572-0800200c9a66">
      <id>1</id>
      <classname>org.openmrs.EncounterRole</classname>
      <dateChanged id="29">2011-08-18 14:00:00</dateChanged>
      <retired>false</retired>
    </org.openmrs.module.metadatasharing.Item>
    <org.openmrs.module.metadatasharing.Item id="30" uuid="0e86357b-70cd-45ae-a3f8-ac43baf9c279">
      <id>12</id>
      <classname>org.openmrs.Form</classname>
      <dateChanged id="31">2012-06-26 06:45:10</dateChanged>
      <retired>false</retired>
    </org.openmrs.module.metadatasharing.Item>
    <org.openmrs.module.metadatasharing.Item id="32" uuid="17a381d1-7e29-406a-b782-aa903b963c28">
      <id>12</id>
      <classname>org.openmrs.EncounterType</classname>
      <dateChanged id="33">2012-06-26 06:44:26</dateChanged>
      <retired>false</retired>
    </org.openmrs.module.metadatasharing.Item>
    <org.openmrs.module.metadatasharing.Item id="34" uuid="e4b506c1-7379-42b6-a374-284469cba8da">
      <id>4</id>
      <classname>org.openmrs.Form</classname>
      <dateChanged id="35">2012-06-26 06:35:19</dateChanged>
      <retired>false</retired>
    </org.openmrs.module.metadatasharing.Item>
    <org.openmrs.module.metadatasharing.Item id="36" uuid="de78a6be-bfc5-4634-adc3-5f1a280455cc">
      <id>7</id>
      <classname>org.openmrs.EncounterType</classname>
      <dateChanged id="37">2012-06-26 06:15:01</dateChanged>
      <retired>false</retired>
    </org.openmrs.module.metadatasharing.Item>
    <org.openmrs.module.metadatasharing.Item id="38" uuid="7aec2c16-675e-412a-8a1c-3b894cebd867">
      <id>10</id>
      <classname>org.openmrs.Form</classname>
      <dateChanged id="39">2012-06-26 06:40:42</dateChanged>
      <retired>false</retired>
    </org.openmrs.module.metadatasharing.Item>
    <org.openmrs.module.metadatasharing.Item id="40" uuid="d146af1b-799f-4079-b4a8-378a08fbfa85">
      <id>7</id>
      <classname>org.openmrs.Form</classname>
      <dateChanged id="41">2012-06-26 06:41:15</dateChanged>
      <retired>false</retired>
    </org.openmrs.module.metadatasharing.Item>
    <org.openmrs.module.metadatasharing.Item id="42" uuid="f2306844-67fa-476c-b990-016f7e941600">
      <id>9</id>
      <classname>org.openmrs.Form</classname>
      <dateChanged id="43">2012-06-26 06:40:51</dateChanged>
      <retired>false</retired>
    </org.openmrs.module.metadatasharing.Item>
    <org.openmrs.module.metadatasharing.Item id="44" uuid="cfc6d344-7a8f-4169-9a9e-0a1db7f95d1b">
      <id>5</id>
      <classname>org.openmrs.Form</classname>
      <dateChanged id="45">2012-06-26 06:36:14</dateChanged>
      <retired>false</retired>
    </org.openmrs.module.metadatasharing.Item>
    <org.openmrs.module.metadatasharing.Item id="46" uuid="d1059fb9-a079-4feb-a749-eedd709ae542">
      <id>8</id>
      <classname>org.openmrs.EncounterType</classname>
      <dateChanged id="47">2012-06-26 06:15:56</dateChanged>
      <retired>false</retired>
    </org.openmrs.module.metadatasharing.Item>
    <org.openmrs.module.metadatasharing.Item id="48" uuid="5085AAAAAAAAAAAAAAAAAAAAAAAAAAAAAAAA">
      <id>5085</id>
      <classname>org.openmrs.ConceptNumeric</classname>
      <dateChanged id="49">2012-06-03 19:38:34</dateChanged>
      <retired>false</retired>
    </org.openmrs.module.metadatasharing.Item>
    <org.openmrs.module.metadatasharing.Item id="50" uuid="8d4a4488-c2cc-11de-8d13-0010c6dffd0f">
      <id>1</id>
      <classname>org.openmrs.ConceptDatatype</classname>
      <dateChanged id="51">2004-02-02 00:00:00</dateChanged>
      <retired>false</retired>
    </org.openmrs.module.metadatasharing.Item>
    <org.openmrs.module.metadatasharing.Item id="52" uuid="8d4907b2-c2cc-11de-8d13-0010c6dffd0f">
      <id>1</id>
      <classname>org.openmrs.ConceptClass</classname>
      <dateChanged id="53">2004-02-02 00:00:00</dateChanged>
      <retired>false</retired>
    </org.openmrs.module.metadatasharing.Item>
    <org.openmrs.module.metadatasharing.Item id="54" uuid="97870BBBBBBBBBBBBBBBBBBBBBBBBBBBBBBB">
      <id>97870</id>
      <classname>org.openmrs.ConceptName</classname>
      <dateChanged id="55">2004-10-07 00:00:00</dateChanged>
    </org.openmrs.module.metadatasharing.Item>
    <org.openmrs.module.metadatasharing.Item id="56" uuid="87029BBBBBBBBBBBBBBBBBBBBBBBBBBBBBBB">
      <id>87029</id>
      <classname>org.openmrs.ConceptName</classname>
      <dateChanged id="57">2004-08-12 00:00:00</dateChanged>
    </org.openmrs.module.metadatasharing.Item>
    <org.openmrs.module.metadatasharing.Item id="58" uuid="107912BBBBBBBBBBBBBBBBBBBBBBBBBBBBBB">
      <id>107912</id>
      <classname>org.openmrs.ConceptName</classname>
      <dateChanged id="59">2011-06-06 22:27:46</dateChanged>
    </org.openmrs.module.metadatasharing.Item>
    <org.openmrs.module.metadatasharing.Item id="60" uuid="98607BBBBBBBBBBBBBBBBBBBBBBBBBBBBBBB">
      <id>98607</id>
      <classname>org.openmrs.ConceptName</classname>
      <dateChanged id="61">2004-10-07 00:00:00</dateChanged>
    </org.openmrs.module.metadatasharing.Item>
    <org.openmrs.module.metadatasharing.Item id="62" uuid="106164BBBBBBBBBBBBBBBBBBBBBBBBBBBBBB">
      <id>106164</id>
      <classname>org.openmrs.ConceptName</classname>
      <dateChanged id="63">2010-05-03 17:11:19</dateChanged>
    </org.openmrs.module.metadatasharing.Item>
    <org.openmrs.module.metadatasharing.Item id="64" uuid="2186BBBBBBBBBBBBBBBBBBBBBBBBBBBBBBBB">
      <id>2186</id>
      <classname>org.openmrs.ConceptName</classname>
      <dateChanged id="65">2004-08-12 00:00:00</dateChanged>
    </org.openmrs.module.metadatasharing.Item>
    <org.openmrs.module.metadatasharing.Item id="66" uuid="1710FFFFFFFFFFFFFFFFFFFFFFFFFFFFFFFF">
      <id>1710</id>
      <classname>org.openmrs.ConceptDescription</classname>
      <dateChanged id="67">2012-06-03 19:38:34</dateChanged>
    </org.openmrs.module.metadatasharing.Item>
    <org.openmrs.module.metadatasharing.Item id="68" uuid="143737ABBBBBBBBBBBBBBBBBBBBBBBBBBBBB">
      <id>143737</id>
      <classname>org.openmrs.ConceptMap</classname>
      <dateChanged id="69">2011-06-06 22:27:46</dateChanged>
    </org.openmrs.module.metadatasharing.Item>
    <org.openmrs.module.metadatasharing.Item id="70" uuid="35543629-7d8c-11e1-909d-c80aa9edcf4e">
      <id>1</id>
      <classname>org.openmrs.ConceptMapType</classname>
      <dateChanged id="71">2012-06-15 00:00:00</dateChanged>
      <retired>false</retired>
    </org.openmrs.module.metadatasharing.Item>
    <org.openmrs.module.metadatasharing.Item id="72" uuid="68eb46e4-236d-31e3-9c73-a0b288a135f4">
      <id>143737</id>
      <classname>org.openmrs.ConceptReferenceTerm</classname>
      <dateChanged id="73">2011-06-06 00:00:00</dateChanged>
      <retired>false</retired>
    </org.openmrs.module.metadatasharing.Item>
    <org.openmrs.module.metadatasharing.Item id="74" uuid="fb9aaaf1-65e2-4c18-b53c-16b575f2f385">
      <id>11</id>
      <classname>org.openmrs.ConceptSource</classname>
      <dateChanged id="75">2010-08-03 01:50:49</dateChanged>
      <retired>false</retired>
    </org.openmrs.module.metadatasharing.Item>
    <org.openmrs.module.metadatasharing.Item id="76" uuid="135313ABBBBBBBBBBBBBBBBBBBBBBBBBBBBB">
      <id>135313</id>
      <classname>org.openmrs.ConceptMap</classname>
      <dateChanged id="77">2010-10-24 13:09:59</dateChanged>
    </org.openmrs.module.metadatasharing.Item>
    <org.openmrs.module.metadatasharing.Item id="78" uuid="6d3ab6b7-a71a-3a93-b807-38bf374882ca">
      <id>135313</id>
      <classname>org.openmrs.ConceptReferenceTerm</classname>
      <dateChanged id="79">2010-10-24 00:00:00</dateChanged>
      <retired>false</retired>
    </org.openmrs.module.metadatasharing.Item>
    <org.openmrs.module.metadatasharing.Item id="80" uuid="13ADDDDDDDDDDDDDDDDDDDDDDDDDDDDDDDDD">
      <id>13</id>
      <classname>org.openmrs.ConceptSource</classname>
      <dateChanged id="81">2010-10-24 17:02:38</dateChanged>
      <retired>false</retired>
    </org.openmrs.module.metadatasharing.Item>
    <org.openmrs.module.metadatasharing.Item id="82" uuid="143736ABBBBBBBBBBBBBBBBBBBBBBBBBBBBB">
      <id>143736</id>
      <classname>org.openmrs.ConceptMap</classname>
      <dateChanged id="83">2011-06-06 22:27:46</dateChanged>
    </org.openmrs.module.metadatasharing.Item>
    <org.openmrs.module.metadatasharing.Item id="84" uuid="afa83433-4bd8-3e42-ab18-1cae376f9f5f">
      <id>143736</id>
      <classname>org.openmrs.ConceptReferenceTerm</classname>
      <dateChanged id="85">2011-06-06 00:00:00</dateChanged>
      <retired>false</retired>
    </org.openmrs.module.metadatasharing.Item>
    <org.openmrs.module.metadatasharing.Item id="86" uuid="ddb6b595-0b85-4a80-9243-efe4ba404eef">
      <id>15</id>
      <classname>org.openmrs.ConceptSource</classname>
      <dateChanged id="87">2010-12-15 14:00:37</dateChanged>
      <retired>false</retired>
    </org.openmrs.module.metadatasharing.Item>
    <org.openmrs.module.metadatasharing.Item id="88" uuid="136940ABBBBBBBBBBBBBBBBBBBBBBBBBBBBB">
      <id>136940</id>
      <classname>org.openmrs.ConceptMap</classname>
      <dateChanged id="89">2010-11-26 15:58:26</dateChanged>
    </org.openmrs.module.metadatasharing.Item>
    <org.openmrs.module.metadatasharing.Item id="90" uuid="0de59c34-7991-3cbd-95d4-78b1e5ac814f">
      <id>136940</id>
      <classname>org.openmrs.ConceptReferenceTerm</classname>
      <dateChanged id="91">2010-11-26 00:00:00</dateChanged>
      <retired>false</retired>
    </org.openmrs.module.metadatasharing.Item>
    <org.openmrs.module.metadatasharing.Item id="92" uuid="1ADDDDDDDDDDDDDDDDDDDDDDDDDDDDDDDDDD">
      <id>1</id>
      <classname>org.openmrs.ConceptSource</classname>
      <dateChanged id="93">2009-11-19 20:19:16</dateChanged>
      <retired>false</retired>
    </org.openmrs.module.metadatasharing.Item>
    <org.openmrs.module.metadatasharing.Item id="94" uuid="144389ABBBBBBBBBBBBBBBBBBBBBBBBBBBBB">
      <id>144389</id>
      <classname>org.openmrs.ConceptMap</classname>
      <dateChanged id="95">2012-06-03 19:38:34</dateChanged>
    </org.openmrs.module.metadatasharing.Item>
    <org.openmrs.module.metadatasharing.Item id="96" uuid="754223ab-8890-30a1-a024-afac52525fa3">
      <id>144389</id>
      <classname>org.openmrs.ConceptReferenceTerm</classname>
      <dateChanged id="97">2012-06-03 00:00:00</dateChanged>
      <retired>false</retired>
    </org.openmrs.module.metadatasharing.Item>
    <org.openmrs.module.metadatasharing.Item id="98" uuid="12ADDDDDDDDDDDDDDDDDDDDDDDDDDDDDDDDD">
      <id>12</id>
      <classname>org.openmrs.ConceptSource</classname>
      <dateChanged id="99">2010-10-24 17:02:20</dateChanged>
      <retired>false</retired>
    </org.openmrs.module.metadatasharing.Item>
    <org.openmrs.module.metadatasharing.Item id="100" uuid="136939ABBBBBBBBBBBBBBBBBBBBBBBBBBBBB">
      <id>136939</id>
      <classname>org.openmrs.ConceptMap</classname>
      <dateChanged id="101">2010-11-26 15:58:26</dateChanged>
    </org.openmrs.module.metadatasharing.Item>
    <org.openmrs.module.metadatasharing.Item id="102" uuid="2332091d-e9ce-39fa-9767-52d3c01f152e">
      <id>136939</id>
      <classname>org.openmrs.ConceptReferenceTerm</classname>
      <dateChanged id="103">2010-11-26 00:00:00</dateChanged>
      <retired>false</retired>
    </org.openmrs.module.metadatasharing.Item>
    <org.openmrs.module.metadatasharing.Item id="104" uuid="5086AAAAAAAAAAAAAAAAAAAAAAAAAAAAAAAA">
      <id>5086</id>
      <classname>org.openmrs.ConceptNumeric</classname>
      <dateChanged id="105">2012-06-03 19:40:32</dateChanged>
      <retired>false</retired>
    </org.openmrs.module.metadatasharing.Item>
    <org.openmrs.module.metadatasharing.Item id="106" uuid="107911BBBBBBBBBBBBBBBBBBBBBBBBBBBBBB">
      <id>107911</id>
      <classname>org.openmrs.ConceptName</classname>
      <dateChanged id="107">2011-06-06 22:26:06</dateChanged>
    </org.openmrs.module.metadatasharing.Item>
    <org.openmrs.module.metadatasharing.Item id="108" uuid="105878BBBBBBBBBBBBBBBBBBBBBBBBBBBBBB">
      <id>105878</id>
      <classname>org.openmrs.ConceptName</classname>
      <dateChanged id="109">2010-05-03 17:07:46</dateChanged>
    </org.openmrs.module.metadatasharing.Item>
    <org.openmrs.module.metadatasharing.Item id="110" uuid="2187BBBBBBBBBBBBBBBBBBBBBBBBBBBBBBBB">
      <id>2187</id>
      <classname>org.openmrs.ConceptName</classname>
      <dateChanged id="111">2004-08-12 00:00:00</dateChanged>
    </org.openmrs.module.metadatasharing.Item>
    <org.openmrs.module.metadatasharing.Item id="112" uuid="90674BBBBBBBBBBBBBBBBBBBBBBBBBBBBBBB">
      <id>90674</id>
      <classname>org.openmrs.ConceptName</classname>
      <dateChanged id="113">2004-10-07 00:00:00</dateChanged>
    </org.openmrs.module.metadatasharing.Item>
    <org.openmrs.module.metadatasharing.Item id="114" uuid="87030BBBBBBBBBBBBBBBBBBBBBBBBBBBBBBB">
      <id>87030</id>
      <classname>org.openmrs.ConceptName</classname>
      <dateChanged id="115">2004-08-12 00:00:00</dateChanged>
    </org.openmrs.module.metadatasharing.Item>
    <org.openmrs.module.metadatasharing.Item id="116" uuid="90287BBBBBBBBBBBBBBBBBBBBBBBBBBBBBBB">
      <id>90287</id>
      <classname>org.openmrs.ConceptName</classname>
      <dateChanged id="117">2004-10-07 00:00:00</dateChanged>
    </org.openmrs.module.metadatasharing.Item>
    <org.openmrs.module.metadatasharing.Item id="118" uuid="1711FFFFFFFFFFFFFFFFFFFFFFFFFFFFFFFF">
      <id>1711</id>
      <classname>org.openmrs.ConceptDescription</classname>
      <dateChanged id="119">2012-06-03 19:40:32</dateChanged>
    </org.openmrs.module.metadatasharing.Item>
    <org.openmrs.module.metadatasharing.Item id="120" uuid="136941ABBBBBBBBBBBBBBBBBBBBBBBBBBBBB">
      <id>136941</id>
      <classname>org.openmrs.ConceptMap</classname>
      <dateChanged id="121">2010-11-26 16:00:52</dateChanged>
    </org.openmrs.module.metadatasharing.Item>
    <org.openmrs.module.metadatasharing.Item id="122" uuid="fc67e17b-e402-338e-9986-33750a7205d0">
      <id>136941</id>
      <classname>org.openmrs.ConceptReferenceTerm</classname>
      <dateChanged id="123">2010-11-26 00:00:00</dateChanged>
      <retired>false</retired>
    </org.openmrs.module.metadatasharing.Item>
    <org.openmrs.module.metadatasharing.Item id="124" uuid="143735ABBBBBBBBBBBBBBBBBBBBBBBBBBBBB">
      <id>143735</id>
      <classname>org.openmrs.ConceptMap</classname>
      <dateChanged id="125">2011-06-06 22:26:06</dateChanged>
    </org.openmrs.module.metadatasharing.Item>
    <org.openmrs.module.metadatasharing.Item id="126" uuid="f27edb49-cf13-393e-8b1f-25ec5f84119a">
      <id>143735</id>
      <classname>org.openmrs.ConceptReferenceTerm</classname>
      <dateChanged id="127">2011-06-06 00:00:00</dateChanged>
      <retired>false</retired>
    </org.openmrs.module.metadatasharing.Item>
    <org.openmrs.module.metadatasharing.Item id="128" uuid="144390ABBBBBBBBBBBBBBBBBBBBBBBBBBBBB">
      <id>144390</id>
      <classname>org.openmrs.ConceptMap</classname>
      <dateChanged id="129">2012-06-03 19:40:32</dateChanged>
    </org.openmrs.module.metadatasharing.Item>
    <org.openmrs.module.metadatasharing.Item id="130" uuid="8abf559e-396d-3fc9-9122-822013c829a5">
      <id>144390</id>
      <classname>org.openmrs.ConceptReferenceTerm</classname>
      <dateChanged id="131">2012-06-03 00:00:00</dateChanged>
      <retired>false</retired>
    </org.openmrs.module.metadatasharing.Item>
    <org.openmrs.module.metadatasharing.Item id="132" uuid="135314ABBBBBBBBBBBBBBBBBBBBBBBBBBBBB">
      <id>135314</id>
      <classname>org.openmrs.ConceptMap</classname>
      <dateChanged id="133">2010-10-24 13:09:59</dateChanged>
    </org.openmrs.module.metadatasharing.Item>
    <org.openmrs.module.metadatasharing.Item id="134" uuid="3f713013-70f6-3af3-9a33-ba433abeaac2">
      <id>135314</id>
      <classname>org.openmrs.ConceptReferenceTerm</classname>
      <dateChanged id="135">2010-10-24 00:00:00</dateChanged>
      <retired>false</retired>
    </org.openmrs.module.metadatasharing.Item>
    <org.openmrs.module.metadatasharing.Item id="136" uuid="5090AAAAAAAAAAAAAAAAAAAAAAAAAAAAAAAA">
      <id>5090</id>
      <classname>org.openmrs.ConceptNumeric</classname>
      <dateChanged id="137">2012-06-03 19:43:48</dateChanged>
      <retired>false</retired>
    </org.openmrs.module.metadatasharing.Item>
    <org.openmrs.module.metadatasharing.Item id="138" uuid="2194BBBBBBBBBBBBBBBBBBBBBBBBBBBBBBBB">
      <id>2194</id>
      <classname>org.openmrs.ConceptName</classname>
      <dateChanged id="139">2004-08-12 00:00:00</dateChanged>
    </org.openmrs.module.metadatasharing.Item>
    <org.openmrs.module.metadatasharing.Item id="140" uuid="106715BBBBBBBBBBBBBBBBBBBBBBBBBBBBBB">
      <id>106715</id>
      <classname>org.openmrs.ConceptName</classname>
      <dateChanged id="141">2010-09-14 12:26:56</dateChanged>
    </org.openmrs.module.metadatasharing.Item>
    <org.openmrs.module.metadatasharing.Item id="142" uuid="87035BBBBBBBBBBBBBBBBBBBBBBBBBBBBBBB">
      <id>87035</id>
      <classname>org.openmrs.ConceptName</classname>
      <dateChanged id="143">2004-08-12 00:00:00</dateChanged>
    </org.openmrs.module.metadatasharing.Item>
    <org.openmrs.module.metadatasharing.Item id="144" uuid="1715FFFFFFFFFFFFFFFFFFFFFFFFFFFFFFFF">
      <id>1715</id>
      <classname>org.openmrs.ConceptDescription</classname>
      <dateChanged id="145">2012-06-03 19:43:48</dateChanged>
    </org.openmrs.module.metadatasharing.Item>
    <org.openmrs.module.metadatasharing.Item id="146" uuid="135318ABBBBBBBBBBBBBBBBBBBBBBBBBBBBB">
      <id>135318</id>
      <classname>org.openmrs.ConceptMap</classname>
      <dateChanged id="147">2010-10-24 13:09:59</dateChanged>
    </org.openmrs.module.metadatasharing.Item>
    <org.openmrs.module.metadatasharing.Item id="148" uuid="d0de6cc0-2802-3fd6-91ef-ffcae1718044">
      <id>135318</id>
      <classname>org.openmrs.ConceptReferenceTerm</classname>
      <dateChanged id="149">2010-10-24 00:00:00</dateChanged>
      <retired>false</retired>
    </org.openmrs.module.metadatasharing.Item>
    <org.openmrs.module.metadatasharing.Item id="150" uuid="136945ABBBBBBBBBBBBBBBBBBBBBBBBBBBBB">
      <id>136945</id>
      <classname>org.openmrs.ConceptMap</classname>
      <dateChanged id="151">2010-11-26 16:15:29</dateChanged>
    </org.openmrs.module.metadatasharing.Item>
    <org.openmrs.module.metadatasharing.Item id="152" uuid="1e08779e-f401-33a0-ba46-c905f8e62e31">
      <id>136945</id>
      <classname>org.openmrs.ConceptReferenceTerm</classname>
      <dateChanged id="153">2010-11-26 00:00:00</dateChanged>
      <retired>false</retired>
    </org.openmrs.module.metadatasharing.Item>
    <org.openmrs.module.metadatasharing.Item id="154" uuid="144392ABBBBBBBBBBBBBBBBBBBBBBBBBBBBB">
      <id>144392</id>
      <classname>org.openmrs.ConceptMap</classname>
      <dateChanged id="155">2012-06-03 19:43:48</dateChanged>
    </org.openmrs.module.metadatasharing.Item>
    <org.openmrs.module.metadatasharing.Item id="156" uuid="9bcd581b-ba7a-3c2d-8696-2cf9fd8f9cc5">
      <id>144392</id>
      <classname>org.openmrs.ConceptReferenceTerm</classname>
      <dateChanged id="157">2012-06-03 00:00:00</dateChanged>
      <retired>false</retired>
    </org.openmrs.module.metadatasharing.Item>
    <org.openmrs.module.metadatasharing.Item id="158" uuid="143580ABBBBBBBBBBBBBBBBBBBBBBBBBBBBB">
      <id>143580</id>
      <classname>org.openmrs.ConceptMap</classname>
      <dateChanged id="159">2011-05-15 18:38:34</dateChanged>
    </org.openmrs.module.metadatasharing.Item>
    <org.openmrs.module.metadatasharing.Item id="160" uuid="b238f582-b399-32fe-91b2-53ed6e7f4fcf">
      <id>143580</id>
      <classname>org.openmrs.ConceptReferenceTerm</classname>
      <dateChanged id="161">2011-05-15 00:00:00</dateChanged>
      <retired>false</retired>
    </org.openmrs.module.metadatasharing.Item>
    <org.openmrs.module.metadatasharing.Item id="162" uuid="5089AAAAAAAAAAAAAAAAAAAAAAAAAAAAAAAA">
      <id>5089</id>
      <classname>org.openmrs.ConceptNumeric</classname>
      <dateChanged id="163">2012-06-03 19:42:32</dateChanged>
      <retired>false</retired>
    </org.openmrs.module.metadatasharing.Item>
    <org.openmrs.module.metadatasharing.Item id="164" uuid="107913BBBBBBBBBBBBBBBBBBBBBBBBBBBBBB">
      <id>107913</id>
      <classname>org.openmrs.ConceptName</classname>
      <dateChanged id="165">2011-06-06 22:29:27</dateChanged>
    </org.openmrs.module.metadatasharing.Item>
    <org.openmrs.module.metadatasharing.Item id="166" uuid="107812BBBBBBBBBBBBBBBBBBBBBBBBBBBBBB">
      <id>107812</id>
      <classname>org.openmrs.ConceptName</classname>
      <dateChanged id="167">2011-03-11 00:43:19</dateChanged>
    </org.openmrs.module.metadatasharing.Item>
    <org.openmrs.module.metadatasharing.Item id="168" uuid="106886BBBBBBBBBBBBBBBBBBBBBBBBBBBBBB">
      <id>106886</id>
      <classname>org.openmrs.ConceptName</classname>
      <dateChanged id="169">2010-10-24 15:47:41</dateChanged>
    </org.openmrs.module.metadatasharing.Item>
    <org.openmrs.module.metadatasharing.Item id="170" uuid="2192BBBBBBBBBBBBBBBBBBBBBBBBBBBBBBBB">
      <id>2192</id>
      <classname>org.openmrs.ConceptName</classname>
      <dateChanged id="171">2007-03-31 17:54:13</dateChanged>
    </org.openmrs.module.metadatasharing.Item>
    <org.openmrs.module.metadatasharing.Item id="172" uuid="87033BBBBBBBBBBBBBBBBBBBBBBBBBBBBBBB">
      <id>87033</id>
      <classname>org.openmrs.ConceptName</classname>
      <dateChanged id="173">2004-08-12 00:00:00</dateChanged>
    </org.openmrs.module.metadatasharing.Item>
    <org.openmrs.module.metadatasharing.Item id="174" uuid="2191BBBBBBBBBBBBBBBBBBBBBBBBBBBBBBBB">
      <id>2191</id>
      <classname>org.openmrs.ConceptName</classname>
      <dateChanged id="175">2004-08-12 00:00:00</dateChanged>
    </org.openmrs.module.metadatasharing.Item>
    <org.openmrs.module.metadatasharing.Item id="176" uuid="2193BBBBBBBBBBBBBBBBBBBBBBBBBBBBBBBB">
      <id>2193</id>
      <classname>org.openmrs.ConceptName</classname>
      <dateChanged id="177">2007-12-14 14:37:55</dateChanged>
    </org.openmrs.module.metadatasharing.Item>
    <org.openmrs.module.metadatasharing.Item id="178" uuid="87034BBBBBBBBBBBBBBBBBBBBBBBBBBBBBBB">
      <id>87034</id>
      <classname>org.openmrs.ConceptName</classname>
      <dateChanged id="179">2007-12-14 14:37:55</dateChanged>
    </org.openmrs.module.metadatasharing.Item>
    <org.openmrs.module.metadatasharing.Item id="180" uuid="1714FFFFFFFFFFFFFFFFFFFFFFFFFFFFFFFF">
      <id>1714</id>
      <classname>org.openmrs.ConceptDescription</classname>
      <dateChanged id="181">2012-06-03 19:42:32</dateChanged>
    </org.openmrs.module.metadatasharing.Item>
    <org.openmrs.module.metadatasharing.Item id="182" uuid="144391ABBBBBBBBBBBBBBBBBBBBBBBBBBBBB">
      <id>144391</id>
      <classname>org.openmrs.ConceptMap</classname>
      <dateChanged id="183">2012-06-03 19:42:32</dateChanged>
    </org.openmrs.module.metadatasharing.Item>
    <org.openmrs.module.metadatasharing.Item id="184" uuid="1cedeeee-5060-3bb6-8153-7450ca1495d4">
      <id>144391</id>
      <classname>org.openmrs.ConceptReferenceTerm</classname>
      <dateChanged id="185">2012-06-03 00:00:00</dateChanged>
      <retired>false</retired>
    </org.openmrs.module.metadatasharing.Item>
    <org.openmrs.module.metadatasharing.Item id="186" uuid="135317ABBBBBBBBBBBBBBBBBBBBBBBBBBBBB">
      <id>135317</id>
      <classname>org.openmrs.ConceptMap</classname>
      <dateChanged id="187">2010-10-24 13:09:59</dateChanged>
    </org.openmrs.module.metadatasharing.Item>
    <org.openmrs.module.metadatasharing.Item id="188" uuid="13ed50b9-a89c-36e3-9dc6-2226aa700a8f">
      <id>135317</id>
      <classname>org.openmrs.ConceptReferenceTerm</classname>
      <dateChanged id="189">2010-10-24 00:00:00</dateChanged>
      <retired>false</retired>
    </org.openmrs.module.metadatasharing.Item>
    <org.openmrs.module.metadatasharing.Item id="190" uuid="143738ABBBBBBBBBBBBBBBBBBBBBBBBBBBBB">
      <id>143738</id>
      <classname>org.openmrs.ConceptMap</classname>
      <dateChanged id="191">2011-06-06 22:29:27</dateChanged>
    </org.openmrs.module.metadatasharing.Item>
    <org.openmrs.module.metadatasharing.Item id="192" uuid="a5a6be34-5e62-37fc-9064-5ca5a4aadcfb">
      <id>143738</id>
      <classname>org.openmrs.ConceptReferenceTerm</classname>
      <dateChanged id="193">2011-06-06 00:00:00</dateChanged>
      <retired>false</retired>
    </org.openmrs.module.metadatasharing.Item>
    <org.openmrs.module.metadatasharing.Item id="194" uuid="133227ABBBBBBBBBBBBBBBBBBBBBBBBBBBBB">
      <id>133227</id>
      <classname>org.openmrs.ConceptMap</classname>
      <dateChanged id="195">2010-09-20 17:27:10</dateChanged>
    </org.openmrs.module.metadatasharing.Item>
    <org.openmrs.module.metadatasharing.Item id="196" uuid="6d659abe-5821-316b-87cb-71412cc30ce7">
      <id>133227</id>
      <classname>org.openmrs.ConceptReferenceTerm</classname>
      <dateChanged id="197">2010-09-20 00:00:00</dateChanged>
      <retired>false</retired>
    </org.openmrs.module.metadatasharing.Item>
    <org.openmrs.module.metadatasharing.Item id="198" uuid="143579ABBBBBBBBBBBBBBBBBBBBBBBBBBBBB">
      <id>143579</id>
      <classname>org.openmrs.ConceptMap</classname>
      <dateChanged id="199">2011-05-15 18:30:08</dateChanged>
    </org.openmrs.module.metadatasharing.Item>
    <org.openmrs.module.metadatasharing.Item id="200" uuid="f70328d9-c960-3a48-83aa-594129112c9b">
      <id>143579</id>
      <classname>org.openmrs.ConceptReferenceTerm</classname>
      <dateChanged id="201">2011-05-15 00:00:00</dateChanged>
      <retired>false</retired>
    </org.openmrs.module.metadatasharing.Item>
    <org.openmrs.module.metadatasharing.Item id="202" uuid="92dde55e-2e29-4a6a-8c66-ac443b224458">
      <id>11</id>
      <classname>org.openmrs.Form</classname>
      <dateChanged id="203">2012-06-26 06:42:53</dateChanged>
      <retired>false</retired>
    </org.openmrs.module.metadatasharing.Item>
    <org.openmrs.module.metadatasharing.Item id="204" uuid="9da711ff-8af7-4dd6-be20-b56307e1fa99">
      <id>6</id>
      <classname>org.openmrs.Form</classname>
      <dateChanged id="205">2012-06-26 06:37:08</dateChanged>
      <retired>false</retired>
    </org.openmrs.module.metadatasharing.Item>
  </relatedItems>
</package>
