<?xml version="1.0" encoding="UTF-8"?>
<list id="1">
  <org.openmrs.module.htmlformentry.HtmlForm id="2" uuid="02735db9-85cf-444e-b9ef-d59f5a27628d">
    <creator/>
    <dateCreated id="3">2012-06-26 06:39:25</dateCreated>
    <changedBy/>
    <dateChanged id="4">2012-06-26 06:46:39</dateChanged>
    <retired>false</retired>
    <id>8</id>
    <form id="5" resolves-to="org.openmrs.Form" uuid="5d322948-fccf-4ec3-b2b6-c66ff8b6bb5a">
      <name>Clinical Encounter</name>
      <creator/>
      <dateCreated id="7">2012-06-26 06:39:25</dateCreated>
      <changedBy/>
      <dateChanged id="8">2012-06-26 06:41:05</dateChanged>
      <retired>false</retired>
      <formId>8</formId>
      <version>0.1</version>
      <published>true</published>
      <encounterType id="9" resolves-to="org.openmrs.EncounterType" uuid="465a92f2-baf8-42e9-9612-53064be868e8">
        <name>Consultation</name>
        <description>Collection of clinical data during the main consultation</description>
        <creator/>
        <dateCreated id="11">2012-06-26 06:19:31</dateCreated>
        <retired>false</retired>
        <encounterTypeId>10</encounterTypeId>
      </encounterType>
      <formFields id="12"/>
    </form>
    <xmlData>&lt;htmlform&gt;&#xd;
	&lt;style&gt;&#xd;
		table.baseline-aligned td {&#xd;
			vertical-align: baseline;&#xd;
		}&#xd;
	&lt;/style&gt;&#xd;
&#xd;
		&lt;table class=&quot;baseline-aligned&quot; width=&quot;100%&quot;&gt;&#xd;
			&lt;tr&gt;&#xd;
				&lt;td&gt;Date: &lt;encounterDate default=&quot;now&quot; showTime=&quot;true&quot;/&gt;&lt;/td&gt;&#xd;
				&lt;td&gt;Provider: &lt;encounterProviderAndRole encounterRole=&quot;a0b03050-c99b-11e0-9572-0800200c9a66&quot; default=&quot;currentUser&quot; required=&quot;true&quot;/&gt;&lt;/td&gt;&#xd;
			&lt;/tr&gt;&#xd;
		&lt;/table&gt;&#xd;
&#xd;
		&lt;table class=&quot;baseline-aligned&quot; width=&quot;100%&quot;&gt;&#xd;
			&lt;tr&gt;&#xd;
				&lt;td&gt;Name: &lt;lookup class=&quot;value&quot; expression=&quot;patient.personName&quot;/&gt;&lt;/td&gt;&#xd;
				&lt;td&gt;Gender: &lt;lookup class=&quot;value&quot; expression=&quot;patient.gender&quot;/&gt;&lt;/td&gt;&#xd;
				&lt;td&gt;Birthdate: &lt;lookup class=&quot;value&quot; complexExpression=&quot;#if( \$patient.birthdateEstimated ) ~#end&quot;/&gt; &lt;lookup class=&quot;value&quot; expression=&quot;patient.birthdate&quot;/&gt;&#xd;
				&lt;/td&gt;&#xd;
			&lt;/tr&gt;&#xd;
		&lt;/table&gt;&#xd;
&#xd;
&lt;div style=&quot;display: none&quot;&gt;&#xd;
    &lt;encounterLocation default=&quot;GlobalProperty:kenyaemr.defaultLocation&quot;/&gt;&#xd;
&lt;/div&gt;&#xd;
&#xd;
&lt;hr/&gt;&#xd;
&#xd;
&lt;br/&gt;&#xd;
TODO&#xd;
&lt;br/&gt;&#xd;
&lt;br/&gt;&#xd;
&#xd;
&lt;submit/&gt;&#xd;
&lt;/htmlform&gt;</xmlData>
    <dependencies class="set" id="13">
      <org.openmrs.EncounterRole id="14" uuid="a0b03050-c99b-11e0-9572-0800200c9a66">
        <name>Unknown</name>
        <description>Unknown encounter role for legacy providers with no encounter role set</description>
        <creator/>
        <dateCreated id="15">2011-08-18 14:00:00</dateCreated>
        <retired>false</retired>
        <encounterRoleId>1</encounterRoleId>
      </org.openmrs.EncounterRole>
    </dependencies>
  </org.openmrs.module.htmlformentry.HtmlForm>
  <org.openmrs.module.htmlformentry.HtmlForm id="16" uuid="0c4bbc81-9bb9-4d04-b063-255d1cb58c48">
    <creator/>
    <dateCreated id="17">2012-06-26 06:45:05</dateCreated>
    <changedBy/>
    <dateChanged id="18">2012-06-26 06:47:13</dateChanged>
    <retired>false</retired>
    <id>12</id>
    <form id="19" resolves-to="org.openmrs.Form" uuid="0e86357b-70cd-45ae-a3f8-ac43baf9c279">
      <name>Lab Results</name>
      <creator/>
      <dateCreated id="21">2012-06-26 06:45:05</dateCreated>
      <changedBy/>
      <dateChanged id="22">2012-06-26 06:45:10</dateChanged>
      <retired>false</retired>
      <formId>12</formId>
      <version>0.1</version>
      <published>true</published>
      <encounterType id="23" resolves-to="org.openmrs.EncounterType" uuid="17a381d1-7e29-406a-b782-aa903b963c28">
        <name>Lab Results</name>
        <description>Report of laboratory results</description>
        <creator/>
        <dateCreated id="25">2012-06-26 06:44:26</dateCreated>
        <retired>false</retired>
        <encounterTypeId>12</encounterTypeId>
      </encounterType>
      <formFields id="26"/>
    </form>
    <xmlData>&lt;htmlform&gt;&#xd;
	&lt;style&gt;&#xd;
		table.baseline-aligned td {&#xd;
			vertical-align: baseline;&#xd;
		}&#xd;
	&lt;/style&gt;&#xd;
&#xd;
		&lt;table class=&quot;baseline-aligned&quot; width=&quot;100%&quot;&gt;&#xd;
			&lt;tr&gt;&#xd;
				&lt;td&gt;Date: &lt;encounterDate default=&quot;now&quot; showTime=&quot;true&quot;/&gt;&lt;/td&gt;&#xd;
				&lt;td&gt;Provider: &lt;encounterProviderAndRole encounterRole=&quot;a0b03050-c99b-11e0-9572-0800200c9a66&quot; default=&quot;currentUser&quot; required=&quot;true&quot;/&gt;&lt;/td&gt;&#xd;
			&lt;/tr&gt;&#xd;
		&lt;/table&gt;&#xd;
&#xd;
		&lt;table class=&quot;baseline-aligned&quot; width=&quot;100%&quot;&gt;&#xd;
			&lt;tr&gt;&#xd;
				&lt;td&gt;Name: &lt;lookup class=&quot;value&quot; expression=&quot;patient.personName&quot;/&gt;&lt;/td&gt;&#xd;
				&lt;td&gt;Gender: &lt;lookup class=&quot;value&quot; expression=&quot;patient.gender&quot;/&gt;&lt;/td&gt;&#xd;
				&lt;td&gt;Birthdate: &lt;lookup class=&quot;value&quot; complexExpression=&quot;#if( \$patient.birthdateEstimated ) ~#end&quot;/&gt; &lt;lookup class=&quot;value&quot; expression=&quot;patient.birthdate&quot;/&gt;&#xd;
				&lt;/td&gt;&#xd;
			&lt;/tr&gt;&#xd;
		&lt;/table&gt;&#xd;
&#xd;
&lt;div style=&quot;display: none&quot;&gt;&#xd;
    &lt;encounterLocation default=&quot;GlobalProperty:kenyaemr.defaultLocation&quot;/&gt;&#xd;
&lt;/div&gt;&#xd;
&#xd;
&lt;hr/&gt;&#xd;
&#xd;
&lt;br/&gt;&#xd;
TODO&#xd;
&lt;br/&gt;&#xd;
&lt;br/&gt;&#xd;
&#xd;
&lt;submit/&gt;&#xd;
&lt;/htmlform&gt;</xmlData>
    <dependencies class="set" id="27">
      <org.openmrs.EncounterRole reference="14"/>
    </dependencies>
  </org.openmrs.module.htmlformentry.HtmlForm>
  <org.openmrs.module.htmlformentry.HtmlForm id="28" uuid="1a2bf46f-dffc-404f-9df3-96dacc394c49">
    <creator/>
    <dateCreated id="29">2012-06-26 06:25:19</dateCreated>
    <changedBy/>
    <dateChanged id="30">2012-06-26 06:46:54</dateChanged>
    <retired>false</retired>
    <id>4</id>
    <form id="31" resolves-to="org.openmrs.Form" uuid="e4b506c1-7379-42b6-a374-284469cba8da">
      <name>HIV Program Enrollment</name>
      <creator/>
      <dateCreated id="33">2012-06-26 06:25:19</dateCreated>
      <changedBy/>
      <dateChanged id="34">2012-06-26 06:35:19</dateChanged>
      <retired>false</retired>
      <formId>4</formId>
      <version>0.1</version>
      <published>true</published>
      <encounterType id="35" resolves-to="org.openmrs.EncounterType" uuid="de78a6be-bfc5-4634-adc3-5f1a280455cc">
        <name>HIV Registration</name>
        <description>Initial data collection for the HIV program</description>
        <creator/>
        <dateCreated id="37">2012-06-26 06:15:01</dateCreated>
        <retired>false</retired>
        <encounterTypeId>7</encounterTypeId>
      </encounterType>
      <formFields id="38"/>
    </form>
    <xmlData>&lt;htmlform&gt;&#xd;
	&lt;style&gt;&#xd;
		table.baseline-aligned td {&#xd;
			vertical-align: baseline;&#xd;
		}&#xd;
	&lt;/style&gt;&#xd;
&#xd;
		&lt;table class=&quot;baseline-aligned&quot; width=&quot;100%&quot;&gt;&#xd;
			&lt;tr&gt;&#xd;
				&lt;td&gt;Date: &lt;encounterDate default=&quot;now&quot; showTime=&quot;true&quot;/&gt;&lt;/td&gt;&#xd;
				&lt;td&gt;Provider: &lt;encounterProviderAndRole encounterRole=&quot;a0b03050-c99b-11e0-9572-0800200c9a66&quot; default=&quot;currentUser&quot; required=&quot;true&quot;/&gt;&lt;/td&gt;&#xd;
			&lt;/tr&gt;&#xd;
		&lt;/table&gt;&#xd;
&#xd;
		&lt;table class=&quot;baseline-aligned&quot; width=&quot;100%&quot;&gt;&#xd;
			&lt;tr&gt;&#xd;
				&lt;td&gt;Name: &lt;lookup class=&quot;value&quot; expression=&quot;patient.personName&quot;/&gt;&lt;/td&gt;&#xd;
				&lt;td&gt;Gender: &lt;lookup class=&quot;value&quot; expression=&quot;patient.gender&quot;/&gt;&lt;/td&gt;&#xd;
				&lt;td&gt;Birthdate: &lt;lookup class=&quot;value&quot; complexExpression=&quot;#if( \$patient.birthdateEstimated ) ~#end&quot;/&gt; &lt;lookup class=&quot;value&quot; expression=&quot;patient.birthdate&quot;/&gt;&#xd;
				&lt;/td&gt;&#xd;
			&lt;/tr&gt;&#xd;
		&lt;/table&gt;&#xd;
&#xd;
&lt;div style=&quot;display: none&quot;&gt;&#xd;
    &lt;encounterLocation default=&quot;GlobalProperty:kenyaemr.defaultLocation&quot;/&gt;&#xd;
&lt;/div&gt;&#xd;
&#xd;
&lt;hr/&gt;&#xd;
&#xd;
&lt;br/&gt;&#xd;
TODO&#xd;
&lt;br/&gt;&#xd;
&lt;br/&gt;&#xd;
&#xd;
&lt;submit/&gt;&#xd;
&lt;/htmlform&gt;</xmlData>
    <dependencies class="set" id="39">
      <org.openmrs.EncounterRole reference="14"/>
    </dependencies>
  </org.openmrs.module.htmlformentry.HtmlForm>
  <org.openmrs.module.htmlformentry.HtmlForm id="40" uuid="681f7971-72de-4340-a39c-7147df5a24b5">
    <creator/>
    <dateCreated id="41">2012-06-26 06:40:35</dateCreated>
    <changedBy/>
    <dateChanged id="42">2012-06-26 06:46:47</dateChanged>
    <retired>false</retired>
    <id>10</id>
    <form id="43" resolves-to="org.openmrs.Form" uuid="7aec2c16-675e-412a-8a1c-3b894cebd867">
      <name>Family Planning and Pregnancy</name>
      <creator/>
      <dateCreated id="45">2012-06-26 06:40:35</dateCreated>
      <changedBy/>
      <dateChanged id="46">2012-06-26 06:40:42</dateChanged>
      <retired>false</retired>
      <formId>10</formId>
      <version>0.1</version>
      <published>true</published>
      <encounterType reference="9"/>
      <formFields id="47"/>
    </form>
    <xmlData>&lt;htmlform&gt;&#xd;
	&lt;style&gt;&#xd;
		table.baseline-aligned td {&#xd;
			vertical-align: baseline;&#xd;
		}&#xd;
	&lt;/style&gt;&#xd;
&#xd;
		&lt;table class=&quot;baseline-aligned&quot; width=&quot;100%&quot;&gt;&#xd;
			&lt;tr&gt;&#xd;
				&lt;td&gt;Date: &lt;encounterDate default=&quot;now&quot; showTime=&quot;true&quot;/&gt;&lt;/td&gt;&#xd;
				&lt;td&gt;Provider: &lt;encounterProviderAndRole encounterRole=&quot;a0b03050-c99b-11e0-9572-0800200c9a66&quot; default=&quot;currentUser&quot; required=&quot;true&quot;/&gt;&lt;/td&gt;&#xd;
			&lt;/tr&gt;&#xd;
		&lt;/table&gt;&#xd;
&#xd;
		&lt;table class=&quot;baseline-aligned&quot; width=&quot;100%&quot;&gt;&#xd;
			&lt;tr&gt;&#xd;
				&lt;td&gt;Name: &lt;lookup class=&quot;value&quot; expression=&quot;patient.personName&quot;/&gt;&lt;/td&gt;&#xd;
				&lt;td&gt;Gender: &lt;lookup class=&quot;value&quot; expression=&quot;patient.gender&quot;/&gt;&lt;/td&gt;&#xd;
				&lt;td&gt;Birthdate: &lt;lookup class=&quot;value&quot; complexExpression=&quot;#if( \$patient.birthdateEstimated ) ~#end&quot;/&gt; &lt;lookup class=&quot;value&quot; expression=&quot;patient.birthdate&quot;/&gt;&#xd;
				&lt;/td&gt;&#xd;
			&lt;/tr&gt;&#xd;
		&lt;/table&gt;&#xd;
&#xd;
&lt;div style=&quot;display: none&quot;&gt;&#xd;
    &lt;encounterLocation default=&quot;GlobalProperty:kenyaemr.defaultLocation&quot;/&gt;&#xd;
&lt;/div&gt;&#xd;
&#xd;
&lt;hr/&gt;&#xd;
&#xd;
&lt;br/&gt;&#xd;
TODO&#xd;
&lt;br/&gt;&#xd;
&lt;br/&gt;&#xd;
&#xd;
&lt;submit/&gt;&#xd;
&lt;/htmlform&gt;</xmlData>
    <dependencies class="set" id="48">
      <org.openmrs.EncounterRole reference="14"/>
    </dependencies>
  </org.openmrs.module.htmlformentry.HtmlForm>
  <org.openmrs.module.htmlformentry.HtmlForm id="49" uuid="6aad25ae-142c-4af7-9f46-f3e65ad67882">
    <creator/>
    <dateCreated id="50">2012-06-26 06:38:23</dateCreated>
    <changedBy/>
    <dateChanged id="51">2012-06-26 06:46:25</dateChanged>
    <retired>false</retired>
    <id>7</id>
    <form id="52" resolves-to="org.openmrs.Form" uuid="d146af1b-799f-4079-b4a8-378a08fbfa85">
      <name>ART History</name>
      <creator/>
      <dateCreated id="54">2012-06-26 06:38:23</dateCreated>
      <changedBy/>
      <dateChanged id="55">2012-06-26 06:41:15</dateChanged>
      <retired>false</retired>
      <formId>7</formId>
      <version>0.1</version>
      <published>true</published>
      <encounterType reference="35"/>
      <formFields id="56"/>
    </form>
    <xmlData>&lt;htmlform&gt;&#xd;
	&lt;style&gt;&#xd;
		table.baseline-aligned td {&#xd;
			vertical-align: baseline;&#xd;
		}&#xd;
	&lt;/style&gt;&#xd;
&#xd;
		&lt;table class=&quot;baseline-aligned&quot; width=&quot;100%&quot;&gt;&#xd;
			&lt;tr&gt;&#xd;
				&lt;td&gt;Date: &lt;encounterDate default=&quot;now&quot; showTime=&quot;true&quot;/&gt;&lt;/td&gt;&#xd;
				&lt;td&gt;Provider: &lt;encounterProviderAndRole encounterRole=&quot;a0b03050-c99b-11e0-9572-0800200c9a66&quot; default=&quot;currentUser&quot; required=&quot;true&quot;/&gt;&lt;/td&gt;&#xd;
			&lt;/tr&gt;&#xd;
		&lt;/table&gt;&#xd;
&#xd;
		&lt;table class=&quot;baseline-aligned&quot; width=&quot;100%&quot;&gt;&#xd;
			&lt;tr&gt;&#xd;
				&lt;td&gt;Name: &lt;lookup class=&quot;value&quot; expression=&quot;patient.personName&quot;/&gt;&lt;/td&gt;&#xd;
				&lt;td&gt;Gender: &lt;lookup class=&quot;value&quot; expression=&quot;patient.gender&quot;/&gt;&lt;/td&gt;&#xd;
				&lt;td&gt;Birthdate: &lt;lookup class=&quot;value&quot; complexExpression=&quot;#if( \$patient.birthdateEstimated ) ~#end&quot;/&gt; &lt;lookup class=&quot;value&quot; expression=&quot;patient.birthdate&quot;/&gt;&#xd;
				&lt;/td&gt;&#xd;
			&lt;/tr&gt;&#xd;
		&lt;/table&gt;&#xd;
&#xd;
&lt;div style=&quot;display: none&quot;&gt;&#xd;
    &lt;encounterLocation default=&quot;GlobalProperty:kenyaemr.defaultLocation&quot;/&gt;&#xd;
&lt;/div&gt;&#xd;
&#xd;
&lt;hr/&gt;&#xd;
&#xd;
&lt;br/&gt;&#xd;
TODO&#xd;
&lt;br/&gt;&#xd;
&lt;br/&gt;&#xd;
&#xd;
&lt;submit/&gt;&#xd;
&lt;/htmlform&gt;</xmlData>
    <dependencies class="set" id="57">
      <org.openmrs.EncounterRole reference="14"/>
    </dependencies>
  </org.openmrs.module.htmlformentry.HtmlForm>
  <org.openmrs.module.htmlformentry.HtmlForm id="58" uuid="928f1e66-3b74-4e89-a31a-a08bcef4416c">
    <creator/>
    <dateCreated id="59">2012-06-26 06:39:47</dateCreated>
    <changedBy/>
    <dateChanged id="60">2012-06-26 06:47:30</dateChanged>
    <retired>false</retired>
    <id>9</id>
    <form id="61" resolves-to="org.openmrs.Form" uuid="f2306844-67fa-476c-b990-016f7e941600">
      <name>TB Screening</name>
      <creator/>
      <dateCreated id="63">2012-06-26 06:39:47</dateCreated>
      <changedBy/>
      <dateChanged id="64">2012-06-26 06:40:51</dateChanged>
      <retired>false</retired>
      <formId>9</formId>
      <version>0.1</version>
      <published>true</published>
      <encounterType reference="9"/>
      <formFields id="65"/>
    </form>
    <xmlData>&lt;htmlform&gt;&#xd;
	&lt;style&gt;&#xd;
		table.baseline-aligned td {&#xd;
			vertical-align: baseline;&#xd;
		}&#xd;
	&lt;/style&gt;&#xd;
&#xd;
		&lt;table class=&quot;baseline-aligned&quot; width=&quot;100%&quot;&gt;&#xd;
			&lt;tr&gt;&#xd;
				&lt;td&gt;Date: &lt;encounterDate default=&quot;now&quot; showTime=&quot;true&quot;/&gt;&lt;/td&gt;&#xd;
				&lt;td&gt;Provider: &lt;encounterProviderAndRole encounterRole=&quot;a0b03050-c99b-11e0-9572-0800200c9a66&quot; default=&quot;currentUser&quot; required=&quot;true&quot;/&gt;&lt;/td&gt;&#xd;
			&lt;/tr&gt;&#xd;
		&lt;/table&gt;&#xd;
&#xd;
		&lt;table class=&quot;baseline-aligned&quot; width=&quot;100%&quot;&gt;&#xd;
			&lt;tr&gt;&#xd;
				&lt;td&gt;Name: &lt;lookup class=&quot;value&quot; expression=&quot;patient.personName&quot;/&gt;&lt;/td&gt;&#xd;
				&lt;td&gt;Gender: &lt;lookup class=&quot;value&quot; expression=&quot;patient.gender&quot;/&gt;&lt;/td&gt;&#xd;
				&lt;td&gt;Birthdate: &lt;lookup class=&quot;value&quot; complexExpression=&quot;#if( \$patient.birthdateEstimated ) ~#end&quot;/&gt; &lt;lookup class=&quot;value&quot; expression=&quot;patient.birthdate&quot;/&gt;&#xd;
				&lt;/td&gt;&#xd;
			&lt;/tr&gt;&#xd;
		&lt;/table&gt;&#xd;
&#xd;
&lt;div style=&quot;display: none&quot;&gt;&#xd;
    &lt;encounterLocation default=&quot;GlobalProperty:kenyaemr.defaultLocation&quot;/&gt;&#xd;
&lt;/div&gt;&#xd;
&#xd;
&lt;hr/&gt;&#xd;
&#xd;
&lt;br/&gt;&#xd;
TODO&#xd;
&lt;br/&gt;&#xd;
&lt;br/&gt;&#xd;
&#xd;
&lt;submit/&gt;&#xd;
&lt;/htmlform&gt;</xmlData>
    <dependencies class="set" id="66">
      <org.openmrs.EncounterRole reference="14"/>
    </dependencies>
  </org.openmrs.module.htmlformentry.HtmlForm>
  <org.openmrs.module.htmlformentry.HtmlForm id="67" uuid="9da2a73f-49f4-46ae-a8cc-49d1c0c49a1b">
    <creator/>
    <dateCreated id="68">2012-06-26 06:36:05</dateCreated>
    <changedBy/>
    <dateChanged id="69">2012-06-26 06:49:01</dateChanged>
    <retired>false</retired>
    <id>5</id>
    <form id="70" resolves-to="org.openmrs.Form" uuid="cfc6d344-7a8f-4169-9a9e-0a1db7f95d1b">
      <name>Vitals and Triage</name>
      <creator/>
      <dateCreated id="72">2012-06-26 06:36:05</dateCreated>
      <changedBy/>
      <dateChanged id="73">2012-06-26 06:36:14</dateChanged>
      <retired>false</retired>
      <formId>5</formId>
      <version>0.1</version>
      <published>true</published>
      <encounterType id="74" resolves-to="org.openmrs.EncounterType" uuid="d1059fb9-a079-4feb-a749-eedd709ae542">
        <name>Triage</name>
        <description>Collection of limited patient data, prior to a more thorough examination</description>
        <creator/>
        <dateCreated id="76">2012-06-26 06:15:56</dateCreated>
        <retired>false</retired>
        <encounterTypeId>8</encounterTypeId>
      </encounterType>
      <formFields id="77"/>
    </form>
    <xmlData>&lt;htmlform&gt;&#xd;
	&lt;style&gt;&#xd;
		table.baseline-aligned td {&#xd;
			vertical-align: baseline;&#xd;
		}&#xd;
		table.vitals td:first-child {&#xd;
			text-align: right;&#xd;
		}&#xd;
	&lt;/style&gt;&#xd;
&#xd;
		&lt;table class=&quot;baseline-aligned&quot; width=&quot;100%&quot;&gt;&#xd;
			&lt;tr&gt;&#xd;
				&lt;td&gt;Date: &lt;encounterDate default=&quot;now&quot; showTime=&quot;true&quot;/&gt;&lt;/td&gt;&#xd;
				&lt;td&gt;Provider: &lt;encounterProviderAndRole encounterRole=&quot;a0b03050-c99b-11e0-9572-0800200c9a66&quot; default=&quot;currentUser&quot; required=&quot;true&quot;/&gt;&lt;/td&gt;&#xd;
			&lt;/tr&gt;&#xd;
		&lt;/table&gt;&#xd;
&#xd;
		&lt;table class=&quot;baseline-aligned&quot; width=&quot;100%&quot;&gt;&#xd;
			&lt;tr&gt;&#xd;
				&lt;td&gt;Name: &lt;lookup class=&quot;value&quot; expression=&quot;patient.personName&quot;/&gt;&lt;/td&gt;&#xd;
				&lt;td&gt;Gender: &lt;lookup class=&quot;value&quot; expression=&quot;patient.gender&quot;/&gt;&lt;/td&gt;&#xd;
				&lt;td&gt;Birthdate: &lt;lookup class=&quot;value&quot; complexExpression=&quot;#if( \$patient.birthdateEstimated ) ~#end&quot;/&gt; &lt;lookup class=&quot;value&quot; expression=&quot;patient.birthdate&quot;/&gt;&#xd;
				&lt;/td&gt;&#xd;
			&lt;/tr&gt;&#xd;
		&lt;/table&gt;&#xd;
&#xd;
&lt;div style=&quot;display: none&quot;&gt;&#xd;
    &lt;encounterLocation default=&quot;GlobalProperty:kenyaemr.defaultLocation&quot;/&gt;&#xd;
&lt;/div&gt;&#xd;
&#xd;
&lt;hr/&gt;&#xd;
&#xd;
&lt;br/&gt;&#xd;
&lt;table class=&quot;vitals&quot;&gt;&#xd;
&lt;tr&gt;&#xd;
&lt;td&gt;Weight:&lt;/td&gt;&#xd;
&lt;td&gt;&lt;obs conceptId=&quot;5089AAAAAAAAAAAAAAAAAAAAAAAAAAAAAAAA&quot;/&gt;kg&lt;/td&gt;&#xd;
&lt;/tr&gt;&#xd;
&lt;tr&gt;&#xd;
&lt;td&gt;Height:&lt;/td&gt;&#xd;
&lt;td&gt;&lt;obs conceptId=&quot;5090AAAAAAAAAAAAAAAAAAAAAAAAAAAAAAAA&quot;/&gt;cm&lt;/td&gt;&#xd;
&lt;/tr&gt;&#xd;
&lt;tr&gt;&#xd;
&lt;td&gt;BP:&lt;/td&gt;&#xd;
&lt;td&gt;&lt;obs conceptId=&quot;5085AAAAAAAAAAAAAAAAAAAAAAAAAAAAAAAA&quot; size=&quot;5&quot;/&gt; / &lt;obs conceptId=&quot;5086AAAAAAAAAAAAAAAAAAAAAAAAAAAAAAAA&quot; size=&quot;3&quot;/&gt;&lt;/td&gt;&#xd;
&lt;/tr&gt;&#xd;
&lt;/table&gt;&#xd;
&lt;br/&gt;&#xd;
&lt;br/&gt;&#xd;
&#xd;
&lt;submit/&gt;&#xd;
&lt;/htmlform&gt;</xmlData>
    <dependencies class="set" id="78">
      <org.openmrs.EncounterRole reference="14"/>
      <org.openmrs.ConceptNumeric id="79" uuid="5085AAAAAAAAAAAAAAAAAAAAAAAAAAAAAAAA">
        <conceptId>5085</conceptId>
        <retired>false</retired>
        <retiredBy/>
        <datatype id="80" resolves-to="org.openmrs.ConceptDatatype" uuid="8d4a4488-c2cc-11de-8d13-0010c6dffd0f">
          <name>Numeric</name>
          <description>Numeric value, including integer or float (e.g., creatinine, weight)</description>
          <creator/>
          <dateCreated id="82">2004-02-02 00:00:00</dateCreated>
          <retired>false</retired>
          <retiredBy/>
          <conceptDatatypeId>1</conceptDatatypeId>
          <hl7Abbreviation>NM</hl7Abbreviation>
        </datatype>
        <conceptClass id="83" resolves-to="org.openmrs.ConceptClass" uuid="8d4907b2-c2cc-11de-8d13-0010c6dffd0f">
          <name>Test</name>
          <description>Acq. during patient encounter (vitals, labs, etc.)</description>
          <creator/>
          <dateCreated id="85">2004-02-02 00:00:00</dateCreated>
          <retired>false</retired>
          <retiredBy/>
          <conceptClassId>1</conceptClassId>
        </conceptClass>
        <set>false</set>
        <version></version>
        <creator/>
        <dateCreated id="86">2004-08-12 00:00:00</dateCreated>
        <changedBy/>
        <dateChanged id="87">2012-06-03 19:38:34</dateChanged>
        <names class="set" id="88">
          <org.openmrs.ConceptName id="89" uuid="97870BBBBBBBBBBBBBBBBBBBBBBBBBBBBBBB">
            <conceptNameId>97870</conceptNameId>
            <concept class="org.openmrs.ConceptNumeric" reference="79"/>
            <name>SBP</name>
            <locale id="90">en</locale>
            <creator/>
            <dateCreated id="91">2004-10-07 00:00:00</dateCreated>
            <voided>false</voided>
            <voidedBy/>
            <voidReason></voidReason>
            <tags class="set" id="92"/>
            <localePreferred>false</localePreferred>
          </org.openmrs.ConceptName>
          <org.openmrs.ConceptName id="93" uuid="87029BBBBBBBBBBBBBBBBBBBBBBBBBBBBBBB">
            <conceptNameId>87029</conceptNameId>
            <concept class="org.openmrs.ConceptNumeric" reference="79"/>
            <name>SBP</name>
            <locale id="94">en</locale>
            <creator/>
            <dateCreated id="95">2004-08-12 00:00:00</dateCreated>
            <voided>false</voided>
            <voidedBy/>
            <tags class="set" id="96"/>
            <conceptNameType>SHORT</conceptNameType>
            <localePreferred>false</localePreferred>
          </org.openmrs.ConceptName>
          <org.openmrs.ConceptName id="97" uuid="107912BBBBBBBBBBBBBBBBBBBBBBBBBBBBBB">
            <conceptNameId>107912</conceptNameId>
            <concept class="org.openmrs.ConceptNumeric" reference="79"/>
            <name>PRESSION SYSTOLIQUE</name>
            <locale id="98">fr</locale>
            <creator/>
            <dateCreated id="99">2011-06-06 22:27:46</dateCreated>
            <voided>false</voided>
            <voidedBy/>
            <voidReason></voidReason>
            <tags class="set" id="100"/>
            <localePreferred>false</localePreferred>
          </org.openmrs.ConceptName>
          <org.openmrs.ConceptName id="101" uuid="98607BBBBBBBBBBBBBBBBBBBBBBBBBBBBBBB">
            <conceptNameId>98607</conceptNameId>
            <concept class="org.openmrs.ConceptNumeric" reference="79"/>
            <name>SYSTOLIC</name>
            <locale id="102">en</locale>
            <creator/>
            <dateCreated id="103">2004-10-07 00:00:00</dateCreated>
            <voided>false</voided>
            <voidedBy/>
            <voidReason></voidReason>
            <tags class="set" id="104"/>
            <localePreferred>false</localePreferred>
          </org.openmrs.ConceptName>
          <org.openmrs.ConceptName id="105" uuid="106164BBBBBBBBBBBBBBBBBBBBBBBBBBBBBB">
            <conceptNameId>106164</conceptNameId>
            <concept class="org.openmrs.ConceptNumeric" reference="79"/>
            <name>TENSION ARTÉRIELLE SYSTOLIQUE</name>
            <locale id="106">fr</locale>
            <creator/>
            <dateCreated id="107">2010-05-03 17:11:19</dateCreated>
            <voided>false</voided>
            <voidedBy/>
            <tags class="set" id="108"/>
            <conceptNameType>FULLY_SPECIFIED</conceptNameType>
            <localePreferred>false</localePreferred>
          </org.openmrs.ConceptName>
          <org.openmrs.ConceptName id="109" uuid="2186BBBBBBBBBBBBBBBBBBBBBBBBBBBBBBBB">
            <conceptNameId>2186</conceptNameId>
            <concept class="org.openmrs.ConceptNumeric" reference="79"/>
            <name>SYSTOLIC BLOOD PRESSURE</name>
            <locale id="110">en</locale>
            <creator/>
            <dateCreated id="111">2004-08-12 00:00:00</dateCreated>
            <voided>false</voided>
            <voidedBy/>
            <tags class="set" id="112"/>
            <conceptNameType>FULLY_SPECIFIED</conceptNameType>
            <localePreferred>false</localePreferred>
          </org.openmrs.ConceptName>
        </names>
        <answers class="set" id="113"/>
        <conceptSets class="set" id="114"/>
        <descriptions class="set" id="115">
          <org.openmrs.ConceptDescription id="116" uuid="1710FFFFFFFFFFFFFFFFFFFFFFFFFFFFFFFF">
            <conceptDescriptionId>1710</conceptDescriptionId>
            <concept class="org.openmrs.ConceptNumeric" reference="79"/>
            <description>A patient&apos;s systolic blood pressure measurement (taken with a manual cuff in either a sitting or standing position)</description>
            <locale id="117">en</locale>
            <creator/>
            <dateCreated id="118">2004-08-12 00:00:00</dateCreated>
            <changedBy/>
            <dateChanged id="119">2012-06-03 19:38:34</dateChanged>
          </org.openmrs.ConceptDescription>
        </descriptions>
        <conceptMappings class="set" id="120">
          <org.openmrs.ConceptMap id="121" uuid="143737ABBBBBBBBBBBBBBBBBBBBBBBBBBBBB">
            <conceptMapType id="122" resolves-to="org.openmrs.ConceptMapType" uuid="35543629-7d8c-11e1-909d-c80aa9edcf4e">
              <name>SAME-AS</name>
              <creator/>
              <dateCreated id="124">2012-06-15 00:00:00</dateCreated>
              <changedBy/>
              <retired>false</retired>
              <retiredBy/>
              <conceptMapTypeId>1</conceptMapTypeId>
              <isHidden>false</isHidden>
            </conceptMapType>
            <creator/>
            <changedBy/>
            <dateCreated id="125">2011-06-06 22:27:46</dateCreated>
            <conceptMapId>143737</conceptMapId>
            <concept class="org.openmrs.ConceptNumeric" reference="79"/>
            <conceptReferenceTerm id="126" resolves-to="org.openmrs.ConceptReferenceTerm" uuid="68eb46e4-236d-31e3-9c73-a0b288a135f4">
              <creator/>
              <dateCreated id="128">2011-06-06 00:00:00</dateCreated>
              <changedBy/>
              <retired>false</retired>
              <retiredBy/>
              <conceptReferenceTermId>143737</conceptReferenceTermId>
              <conceptSource id="129" resolves-to="org.openmrs.ConceptSource" uuid="fb9aaaf1-65e2-4c18-b53c-16b575f2f385">
                <name>PIH</name>
                <description>Equivalent concept ID in Master Partners-in-Health Concept dictionary</description>
                <creator/>
                <dateCreated id="131">2010-08-03 01:50:49</dateCreated>
                <retired>false</retired>
                <retiredBy/>
                <conceptSourceId>11</conceptSourceId>
              </conceptSource>
              <code>5085</code>
              <conceptReferenceTermMaps id="132"/>
            </conceptReferenceTerm>
          </org.openmrs.ConceptMap>
          <org.openmrs.ConceptMap id="133" uuid="135313ABBBBBBBBBBBBBBBBBBBBBBBBBBBBB">
            <conceptMapType reference="122"/>
            <creator/>
            <changedBy/>
            <dateCreated id="134">2010-10-24 13:09:59</dateCreated>
            <conceptMapId>135313</conceptMapId>
            <concept class="org.openmrs.ConceptNumeric" reference="79"/>
            <conceptReferenceTerm id="135" resolves-to="org.openmrs.ConceptReferenceTerm" uuid="6d3ab6b7-a71a-3a93-b807-38bf374882ca">
              <creator/>
              <dateCreated id="137">2010-10-24 00:00:00</dateCreated>
              <changedBy/>
              <retired>false</retired>
              <retiredBy/>
              <conceptReferenceTermId>135313</conceptReferenceTermId>
              <conceptSource id="138" resolves-to="org.openmrs.ConceptSource" uuid="13ADDDDDDDDDDDDDDDDDDDDDDDDDDDDDDDDD">
                <name>AMPATH</name>
                <description>AMPATH concept dictionary</description>
                <creator/>
                <dateCreated id="140">2010-10-24 17:02:38</dateCreated>
                <retired>false</retired>
                <retiredBy/>
                <conceptSourceId>13</conceptSourceId>
              </conceptSource>
              <code>5085</code>
              <conceptReferenceTermMaps id="141"/>
            </conceptReferenceTerm>
          </org.openmrs.ConceptMap>
          <org.openmrs.ConceptMap id="142" uuid="143736ABBBBBBBBBBBBBBBBBBBBBBBBBBBBB">
            <conceptMapType reference="122"/>
            <creator/>
            <changedBy/>
            <dateCreated id="143">2011-06-06 22:27:46</dateCreated>
            <conceptMapId>143736</conceptMapId>
            <concept class="org.openmrs.ConceptNumeric" reference="79"/>
            <conceptReferenceTerm id="144" resolves-to="org.openmrs.ConceptReferenceTerm" uuid="afa83433-4bd8-3e42-ab18-1cae376f9f5f">
              <creator/>
              <dateCreated id="146">2011-06-06 00:00:00</dateCreated>
              <changedBy/>
              <retired>false</retired>
              <retiredBy/>
              <conceptReferenceTermId>143736</conceptReferenceTermId>
              <conceptSource id="147" resolves-to="org.openmrs.ConceptSource" uuid="ddb6b595-0b85-4a80-9243-efe4ba404eef">
                <name>org.openmrs.module.mdrtb</name>
                <description>The required concepts for the MDR-TB module</description>
                <creator/>
                <dateCreated id="149">2010-12-15 14:00:37</dateCreated>
                <retired>false</retired>
                <retiredBy/>
                <conceptSourceId>15</conceptSourceId>
              </conceptSource>
              <code>SYSTOLIC BLOOD PRESSURE</code>
              <conceptReferenceTermMaps id="150"/>
            </conceptReferenceTerm>
          </org.openmrs.ConceptMap>
          <org.openmrs.ConceptMap id="151" uuid="136940ABBBBBBBBBBBBBBBBBBBBBBBBBBBBB">
            <conceptMapType reference="122"/>
            <creator/>
            <changedBy/>
            <dateCreated id="152">2010-11-26 15:58:26</dateCreated>
            <conceptMapId>136940</conceptMapId>
            <concept class="org.openmrs.ConceptNumeric" reference="79"/>
            <conceptReferenceTerm id="153" resolves-to="org.openmrs.ConceptReferenceTerm" uuid="0de59c34-7991-3cbd-95d4-78b1e5ac814f">
              <creator/>
              <dateCreated id="155">2010-11-26 00:00:00</dateCreated>
              <changedBy/>
              <retired>false</retired>
              <retiredBy/>
              <conceptReferenceTermId>136940</conceptReferenceTermId>
              <conceptSource id="156" resolves-to="org.openmrs.ConceptSource" uuid="1ADDDDDDDDDDDDDDDDDDDDDDDDDDDDDDDDDD">
                <name>SNOMED CT</name>
                <description>SNOMED Preferred mapping</description>
                <creator/>
                <dateCreated id="158">2009-11-19 20:19:16</dateCreated>
                <retired>false</retired>
                <retiredBy/>
                <conceptSourceId>1</conceptSourceId>
              </conceptSource>
              <code>271649006</code>
              <conceptReferenceTermMaps id="159"/>
            </conceptReferenceTerm>
          </org.openmrs.ConceptMap>
          <org.openmrs.ConceptMap id="160" uuid="144389ABBBBBBBBBBBBBBBBBBBBBBBBBBBBB">
            <conceptMapType reference="122"/>
            <creator/>
            <changedBy/>
            <dateCreated id="161">2012-06-03 19:38:34</dateCreated>
            <conceptMapId>144389</conceptMapId>
            <concept class="org.openmrs.ConceptNumeric" reference="79"/>
            <conceptReferenceTerm id="162" resolves-to="org.openmrs.ConceptReferenceTerm" uuid="754223ab-8890-30a1-a024-afac52525fa3">
              <creator/>
              <dateCreated id="164">2012-06-03 00:00:00</dateCreated>
              <changedBy/>
              <retired>false</retired>
              <retiredBy/>
              <conceptReferenceTermId>144389</conceptReferenceTermId>
              <conceptSource id="165" resolves-to="org.openmrs.ConceptSource" uuid="12ADDDDDDDDDDDDDDDDDDDDDDDDDDDDDDDDD">
                <name>PIH Malawi</name>
                <description>Partners in Health Malawi concept dictionary</description>
                <creator/>
                <dateCreated id="167">2010-10-24 17:02:20</dateCreated>
                <retired>false</retired>
                <retiredBy/>
                <conceptSourceId>12</conceptSourceId>
              </conceptSource>
              <code>5085</code>
              <conceptReferenceTermMaps id="168"/>
            </conceptReferenceTerm>
          </org.openmrs.ConceptMap>
          <org.openmrs.ConceptMap id="169" uuid="136939ABBBBBBBBBBBBBBBBBBBBBBBBBBBBB">
            <conceptMapType reference="122"/>
            <creator/>
            <changedBy/>
            <dateCreated id="170">2010-11-26 15:58:26</dateCreated>
            <conceptMapId>136939</conceptMapId>
            <concept class="org.openmrs.ConceptNumeric" reference="79"/>
            <conceptReferenceTerm id="171" resolves-to="org.openmrs.ConceptReferenceTerm" uuid="2332091d-e9ce-39fa-9767-52d3c01f152e">
              <creator/>
              <dateCreated id="173">2010-11-26 00:00:00</dateCreated>
              <changedBy/>
              <retired>false</retired>
              <retiredBy/>
              <conceptReferenceTermId>136939</conceptReferenceTermId>
              <conceptSource reference="156"/>
              <code>72313002</code>
              <conceptReferenceTermMaps id="174"/>
            </conceptReferenceTerm>
          </org.openmrs.ConceptMap>
        </conceptMappings>
        <hiAbsolute>250.0</hiAbsolute>
        <lowAbsolute>0.0</lowAbsolute>
        <units>mmHg</units>
        <precise>false</precise>
      </org.openmrs.ConceptNumeric>
      <org.openmrs.ConceptNumeric id="175" uuid="5086AAAAAAAAAAAAAAAAAAAAAAAAAAAAAAAA">
        <conceptId>5086</conceptId>
        <retired>false</retired>
        <retiredBy/>
        <datatype reference="80"/>
        <conceptClass reference="83"/>
        <set>false</set>
        <version></version>
        <creator/>
        <dateCreated id="176">2004-08-12 00:00:00</dateCreated>
        <changedBy/>
        <dateChanged id="177">2012-06-03 19:40:32</dateChanged>
        <names class="set" id="178">
          <org.openmrs.ConceptName id="179" uuid="105878BBBBBBBBBBBBBBBBBBBBBBBBBBBBBB">
            <conceptNameId>105878</conceptNameId>
            <concept class="org.openmrs.ConceptNumeric" reference="175"/>
            <name>TENSION ARTÉRIELLE DIASTOLIQUE</name>
            <locale id="180">fr</locale>
            <creator/>
            <dateCreated id="181">2010-05-03 17:07:46</dateCreated>
            <voided>false</voided>
            <voidedBy/>
            <tags class="set" id="182"/>
            <conceptNameType>FULLY_SPECIFIED</conceptNameType>
            <localePreferred>false</localePreferred>
          </org.openmrs.ConceptName>
          <org.openmrs.ConceptName id="183" uuid="107911BBBBBBBBBBBBBBBBBBBBBBBBBBBBBB">
            <conceptNameId>107911</conceptNameId>
            <concept class="org.openmrs.ConceptNumeric" reference="175"/>
            <name>PRESSION DIASTOLIQUE</name>
            <locale id="184">fr</locale>
            <creator/>
            <dateCreated id="185">2011-06-06 22:26:06</dateCreated>
            <voided>false</voided>
            <voidedBy/>
            <voidReason></voidReason>
            <tags class="set" id="186"/>
            <localePreferred>false</localePreferred>
          </org.openmrs.ConceptName>
          <org.openmrs.ConceptName id="187" uuid="2187BBBBBBBBBBBBBBBBBBBBBBBBBBBBBBBB">
            <conceptNameId>2187</conceptNameId>
            <concept class="org.openmrs.ConceptNumeric" reference="175"/>
            <name>DIASTOLIC BLOOD PRESSURE</name>
            <locale id="188">en</locale>
            <creator/>
            <dateCreated id="189">2004-08-12 00:00:00</dateCreated>
            <voided>false</voided>
            <voidedBy/>
            <tags class="set" id="190"/>
            <conceptNameType>FULLY_SPECIFIED</conceptNameType>
            <localePreferred>false</localePreferred>
          </org.openmrs.ConceptName>
          <org.openmrs.ConceptName id="191" uuid="90674BBBBBBBBBBBBBBBBBBBBBBBBBBBBBBB">
            <conceptNameId>90674</conceptNameId>
            <concept class="org.openmrs.ConceptNumeric" reference="175"/>
            <name>DIASTOLIC</name>
            <locale id="192">en</locale>
            <creator/>
            <dateCreated id="193">2004-10-07 00:00:00</dateCreated>
            <voided>false</voided>
            <voidedBy/>
            <voidReason></voidReason>
            <tags class="set" id="194"/>
            <localePreferred>false</localePreferred>
          </org.openmrs.ConceptName>
          <org.openmrs.ConceptName id="195" uuid="87030BBBBBBBBBBBBBBBBBBBBBBBBBBBBBBB">
            <conceptNameId>87030</conceptNameId>
            <concept class="org.openmrs.ConceptNumeric" reference="175"/>
            <name>DBP</name>
            <locale id="196">en</locale>
            <creator/>
            <dateCreated id="197">2004-08-12 00:00:00</dateCreated>
            <voided>false</voided>
            <voidedBy/>
            <tags class="set" id="198"/>
            <conceptNameType>SHORT</conceptNameType>
            <localePreferred>false</localePreferred>
          </org.openmrs.ConceptName>
          <org.openmrs.ConceptName id="199" uuid="90287BBBBBBBBBBBBBBBBBBBBBBBBBBBBBBB">
            <conceptNameId>90287</conceptNameId>
            <concept class="org.openmrs.ConceptNumeric" reference="175"/>
            <name>DBP</name>
            <locale id="200">en</locale>
            <creator/>
            <dateCreated id="201">2004-10-07 00:00:00</dateCreated>
            <voided>false</voided>
            <voidedBy/>
            <voidReason></voidReason>
            <tags class="set" id="202"/>
            <localePreferred>false</localePreferred>
          </org.openmrs.ConceptName>
        </names>
        <answers class="set" id="203"/>
        <conceptSets class="set" id="204"/>
        <descriptions class="set" id="205">
          <org.openmrs.ConceptDescription id="206" uuid="1711FFFFFFFFFFFFFFFFFFFFFFFFFFFFFFFF">
            <conceptDescriptionId>1711</conceptDescriptionId>
            <concept class="org.openmrs.ConceptNumeric" reference="175"/>
            <description>A patient&apos;s diastolic blood pressure measurement (taken with a manual cuff in either a sitting or standing position)</description>
            <locale id="207">en</locale>
            <creator/>
            <dateCreated id="208">2004-08-12 00:00:00</dateCreated>
            <changedBy/>
            <dateChanged id="209">2012-06-03 19:40:32</dateChanged>
          </org.openmrs.ConceptDescription>
        </descriptions>
        <conceptMappings class="set" id="210">
          <org.openmrs.ConceptMap id="211" uuid="136941ABBBBBBBBBBBBBBBBBBBBBBBBBBBBB">
            <conceptMapType reference="122"/>
            <creator/>
            <changedBy/>
            <dateCreated id="212">2010-11-26 16:00:52</dateCreated>
            <conceptMapId>136941</conceptMapId>
            <concept class="org.openmrs.ConceptNumeric" reference="175"/>
            <conceptReferenceTerm id="213" resolves-to="org.openmrs.ConceptReferenceTerm" uuid="fc67e17b-e402-338e-9986-33750a7205d0">
              <creator/>
              <dateCreated id="215">2010-11-26 00:00:00</dateCreated>
              <changedBy/>
              <retired>false</retired>
              <retiredBy/>
              <conceptReferenceTermId>136941</conceptReferenceTermId>
              <conceptSource reference="156"/>
              <code>271650006</code>
              <conceptReferenceTermMaps id="216"/>
            </conceptReferenceTerm>
          </org.openmrs.ConceptMap>
          <org.openmrs.ConceptMap id="217" uuid="143735ABBBBBBBBBBBBBBBBBBBBBBBBBBBBB">
            <conceptMapType reference="122"/>
            <creator/>
            <changedBy/>
            <dateCreated id="218">2011-06-06 22:26:06</dateCreated>
            <conceptMapId>143735</conceptMapId>
            <concept class="org.openmrs.ConceptNumeric" reference="175"/>
            <conceptReferenceTerm id="219" resolves-to="org.openmrs.ConceptReferenceTerm" uuid="f27edb49-cf13-393e-8b1f-25ec5f84119a">
              <creator/>
              <dateCreated id="221">2011-06-06 00:00:00</dateCreated>
              <changedBy/>
              <retired>false</retired>
              <retiredBy/>
              <conceptReferenceTermId>143735</conceptReferenceTermId>
              <conceptSource reference="129"/>
              <code>5086</code>
              <conceptReferenceTermMaps id="222"/>
            </conceptReferenceTerm>
          </org.openmrs.ConceptMap>
          <org.openmrs.ConceptMap id="223" uuid="144390ABBBBBBBBBBBBBBBBBBBBBBBBBBBBB">
            <conceptMapType reference="122"/>
            <creator/>
            <changedBy/>
            <dateCreated id="224">2012-06-03 19:40:32</dateCreated>
            <conceptMapId>144390</conceptMapId>
            <concept class="org.openmrs.ConceptNumeric" reference="175"/>
            <conceptReferenceTerm id="225" resolves-to="org.openmrs.ConceptReferenceTerm" uuid="8abf559e-396d-3fc9-9122-822013c829a5">
              <creator/>
              <dateCreated id="227">2012-06-03 00:00:00</dateCreated>
              <changedBy/>
              <retired>false</retired>
              <retiredBy/>
              <conceptReferenceTermId>144390</conceptReferenceTermId>
              <conceptSource reference="165"/>
              <code>5086</code>
              <conceptReferenceTermMaps id="228"/>
            </conceptReferenceTerm>
          </org.openmrs.ConceptMap>
          <org.openmrs.ConceptMap id="229" uuid="135314ABBBBBBBBBBBBBBBBBBBBBBBBBBBBB">
            <conceptMapType reference="122"/>
            <creator/>
            <changedBy/>
            <dateCreated id="230">2010-10-24 13:09:59</dateCreated>
            <conceptMapId>135314</conceptMapId>
            <concept class="org.openmrs.ConceptNumeric" reference="175"/>
            <conceptReferenceTerm id="231" resolves-to="org.openmrs.ConceptReferenceTerm" uuid="3f713013-70f6-3af3-9a33-ba433abeaac2">
              <creator/>
              <dateCreated id="233">2010-10-24 00:00:00</dateCreated>
              <changedBy/>
              <retired>false</retired>
              <retiredBy/>
              <conceptReferenceTermId>135314</conceptReferenceTermId>
              <conceptSource reference="138"/>
              <code>5086</code>
              <conceptReferenceTermMaps id="234"/>
            </conceptReferenceTerm>
          </org.openmrs.ConceptMap>
        </conceptMappings>
        <hiAbsolute>150.0</hiAbsolute>
        <lowAbsolute>0.0</lowAbsolute>
        <units>mmHg</units>
        <precise>false</precise>
      </org.openmrs.ConceptNumeric>
      <org.openmrs.ConceptNumeric id="235" uuid="5090AAAAAAAAAAAAAAAAAAAAAAAAAAAAAAAA">
        <conceptId>5090</conceptId>
        <retired>false</retired>
        <retiredBy/>
        <datatype reference="80"/>
        <conceptClass reference="83"/>
        <set>false</set>
        <version></version>
        <creator/>
        <dateCreated id="236">2004-08-12 00:00:00</dateCreated>
        <changedBy/>
        <dateChanged id="237">2012-06-03 19:43:48</dateChanged>
        <names class="set" id="238">
          <org.openmrs.ConceptName id="239" uuid="2194BBBBBBBBBBBBBBBBBBBBBBBBBBBBBBBB">
            <conceptNameId>2194</conceptNameId>
            <concept class="org.openmrs.ConceptNumeric" reference="235"/>
            <name>HEIGHT (CM)</name>
            <locale id="240">en</locale>
            <creator/>
            <dateCreated id="241">2004-08-12 00:00:00</dateCreated>
            <voided>false</voided>
            <voidedBy/>
            <tags class="set" id="242"/>
            <conceptNameType>FULLY_SPECIFIED</conceptNameType>
            <localePreferred>false</localePreferred>
          </org.openmrs.ConceptName>
          <org.openmrs.ConceptName id="243" uuid="106715BBBBBBBBBBBBBBBBBBBBBBBBBBBBBB">
            <conceptNameId>106715</conceptNameId>
            <concept class="org.openmrs.ConceptNumeric" reference="235"/>
            <name>Taille (CM)</name>
            <locale id="244">fr</locale>
            <creator/>
            <dateCreated id="245">2010-09-14 12:26:56</dateCreated>
            <voided>false</voided>
            <voidedBy/>
            <tags class="set" id="246"/>
            <conceptNameType>FULLY_SPECIFIED</conceptNameType>
            <localePreferred>false</localePreferred>
          </org.openmrs.ConceptName>
          <org.openmrs.ConceptName id="247" uuid="87035BBBBBBBBBBBBBBBBBBBBBBBBBBBBBBB">
            <conceptNameId>87035</conceptNameId>
            <concept class="org.openmrs.ConceptNumeric" reference="235"/>
            <name>HT</name>
            <locale id="248">en</locale>
            <creator/>
            <dateCreated id="249">2004-08-12 00:00:00</dateCreated>
            <voided>false</voided>
            <voidedBy/>
            <tags class="set" id="250"/>
            <conceptNameType>SHORT</conceptNameType>
            <localePreferred>false</localePreferred>
          </org.openmrs.ConceptName>
        </names>
        <answers class="set" id="251"/>
        <conceptSets class="set" id="252"/>
        <descriptions class="set" id="253">
          <org.openmrs.ConceptDescription id="254" uuid="1715FFFFFFFFFFFFFFFFFFFFFFFFFFFFFFFF">
            <conceptDescriptionId>1715</conceptDescriptionId>
            <concept class="org.openmrs.ConceptNumeric" reference="235"/>
            <description>Patient&apos;s height in centimeters.</description>
            <locale id="255">en</locale>
            <creator/>
            <dateCreated id="256">2004-08-12 00:00:00</dateCreated>
            <changedBy/>
            <dateChanged id="257">2012-06-03 19:43:48</dateChanged>
          </org.openmrs.ConceptDescription>
        </descriptions>
        <conceptMappings class="set" id="258">
          <org.openmrs.ConceptMap id="259" uuid="135318ABBBBBBBBBBBBBBBBBBBBBBBBBBBBB">
            <conceptMapType reference="122"/>
            <creator/>
            <changedBy/>
            <dateCreated id="260">2010-10-24 13:09:59</dateCreated>
            <conceptMapId>135318</conceptMapId>
            <concept class="org.openmrs.ConceptNumeric" reference="235"/>
            <conceptReferenceTerm id="261" resolves-to="org.openmrs.ConceptReferenceTerm" uuid="d0de6cc0-2802-3fd6-91ef-ffcae1718044">
              <creator/>
              <dateCreated id="263">2010-10-24 00:00:00</dateCreated>
              <changedBy/>
              <retired>false</retired>
              <retiredBy/>
              <conceptReferenceTermId>135318</conceptReferenceTermId>
              <conceptSource reference="138"/>
              <code>5090</code>
              <conceptReferenceTermMaps id="264"/>
            </conceptReferenceTerm>
          </org.openmrs.ConceptMap>
          <org.openmrs.ConceptMap id="265" uuid="136945ABBBBBBBBBBBBBBBBBBBBBBBBBBBBB">
            <conceptMapType reference="122"/>
            <creator/>
            <changedBy/>
            <dateCreated id="266">2010-11-26 16:15:29</dateCreated>
            <conceptMapId>136945</conceptMapId>
            <concept class="org.openmrs.ConceptNumeric" reference="235"/>
            <conceptReferenceTerm id="267" resolves-to="org.openmrs.ConceptReferenceTerm" uuid="1e08779e-f401-33a0-ba46-c905f8e62e31">
              <creator/>
              <dateCreated id="269">2010-11-26 00:00:00</dateCreated>
              <changedBy/>
              <retired>false</retired>
              <retiredBy/>
              <conceptReferenceTermId>136945</conceptReferenceTermId>
              <conceptSource reference="156"/>
              <code>50373000</code>
              <conceptReferenceTermMaps id="270"/>
            </conceptReferenceTerm>
          </org.openmrs.ConceptMap>
          <org.openmrs.ConceptMap id="271" uuid="144392ABBBBBBBBBBBBBBBBBBBBBBBBBBBBB">
            <conceptMapType reference="122"/>
            <creator/>
            <changedBy/>
            <dateCreated id="272">2012-06-03 19:43:48</dateCreated>
            <conceptMapId>144392</conceptMapId>
            <concept class="org.openmrs.ConceptNumeric" reference="235"/>
            <conceptReferenceTerm id="273" resolves-to="org.openmrs.ConceptReferenceTerm" uuid="9bcd581b-ba7a-3c2d-8696-2cf9fd8f9cc5">
              <creator/>
              <dateCreated id="275">2012-06-03 00:00:00</dateCreated>
              <changedBy/>
              <retired>false</retired>
              <retiredBy/>
              <conceptReferenceTermId>144392</conceptReferenceTermId>
              <conceptSource reference="165"/>
              <code>5090</code>
              <conceptReferenceTermMaps id="276"/>
            </conceptReferenceTerm>
          </org.openmrs.ConceptMap>
          <org.openmrs.ConceptMap id="277" uuid="143580ABBBBBBBBBBBBBBBBBBBBBBBBBBBBB">
            <conceptMapType reference="122"/>
            <creator/>
            <changedBy/>
            <dateCreated id="278">2011-05-15 18:38:34</dateCreated>
            <conceptMapId>143580</conceptMapId>
            <concept class="org.openmrs.ConceptNumeric" reference="235"/>
            <conceptReferenceTerm id="279" resolves-to="org.openmrs.ConceptReferenceTerm" uuid="b238f582-b399-32fe-91b2-53ed6e7f4fcf">
              <creator/>
              <dateCreated id="281">2011-05-15 00:00:00</dateCreated>
              <changedBy/>
              <retired>false</retired>
              <retiredBy/>
              <conceptReferenceTermId>143580</conceptReferenceTermId>
              <conceptSource reference="129"/>
              <code>5090</code>
              <conceptReferenceTermMaps id="282"/>
            </conceptReferenceTerm>
          </org.openmrs.ConceptMap>
        </conceptMappings>
        <hiAbsolute>228.0</hiAbsolute>
        <lowAbsolute>10.0</lowAbsolute>
        <units>cm</units>
        <precise>true</precise>
      </org.openmrs.ConceptNumeric>
      <org.openmrs.ConceptNumeric id="283" uuid="5089AAAAAAAAAAAAAAAAAAAAAAAAAAAAAAAA">
        <conceptId>5089</conceptId>
        <retired>false</retired>
        <retiredBy/>
        <datatype reference="80"/>
        <conceptClass reference="83"/>
        <set>false</set>
        <version></version>
        <creator/>
        <dateCreated id="284">2004-08-12 00:00:00</dateCreated>
        <changedBy/>
        <dateChanged id="285">2012-06-03 19:42:32</dateChanged>
        <names class="set" id="286">
          <org.openmrs.ConceptName id="287" uuid="106886BBBBBBBBBBBBBBBBBBBBBBBBBBBBBB">
            <conceptNameId>106886</conceptNameId>
            <concept class="org.openmrs.ConceptNumeric" reference="283"/>
            <name>ክብደት ብ ኪሎግራም</name>
            <locale id="288">ti</locale>
            <creator/>
            <dateCreated id="289">2010-10-24 15:47:41</dateCreated>
            <voided>false</voided>
            <voidedBy/>
            <tags class="set" id="290"/>
            <conceptNameType>FULLY_SPECIFIED</conceptNameType>
            <localePreferred>false</localePreferred>
          </org.openmrs.ConceptName>
          <org.openmrs.ConceptName id="291" uuid="107812BBBBBBBBBBBBBBBBBBBBBBBBBBBBBB">
            <conceptNameId>107812</conceptNameId>
            <concept class="org.openmrs.ConceptNumeric" reference="283"/>
            <name>peso (kg)</name>
            <locale id="292">es</locale>
            <creator/>
            <dateCreated id="293">2011-03-11 00:43:19</dateCreated>
            <voided>false</voided>
            <voidedBy/>
            <tags class="set" id="294"/>
            <conceptNameType>FULLY_SPECIFIED</conceptNameType>
            <localePreferred>false</localePreferred>
          </org.openmrs.ConceptName>
          <org.openmrs.ConceptName id="295" uuid="107913BBBBBBBBBBBBBBBBBBBBBBBBBBBBBB">
            <conceptNameId>107913</conceptNameId>
            <concept class="org.openmrs.ConceptNumeric" reference="283"/>
            <name>Ibiro (Kg)</name>
            <locale id="296">rw</locale>
            <creator/>
            <dateCreated id="297">2011-06-06 22:29:27</dateCreated>
            <voided>false</voided>
            <voidedBy/>
            <tags class="set" id="298"/>
            <conceptNameType>FULLY_SPECIFIED</conceptNameType>
            <localePreferred>false</localePreferred>
          </org.openmrs.ConceptName>
          <org.openmrs.ConceptName id="299" uuid="2192BBBBBBBBBBBBBBBBBBBBBBBBBBBBBBBB">
            <conceptNameId>2192</conceptNameId>
            <concept class="org.openmrs.ConceptNumeric" reference="283"/>
            <name>POIDS (KG)</name>
            <locale id="300">fr</locale>
            <creator/>
            <dateCreated id="301">2007-03-31 17:54:13</dateCreated>
            <voided>false</voided>
            <voidedBy/>
            <tags class="set" id="302"/>
            <conceptNameType>FULLY_SPECIFIED</conceptNameType>
            <localePreferred>false</localePreferred>
          </org.openmrs.ConceptName>
          <org.openmrs.ConceptName id="303" uuid="2191BBBBBBBBBBBBBBBBBBBBBBBBBBBBBBBB">
            <conceptNameId>2191</conceptNameId>
            <concept class="org.openmrs.ConceptNumeric" reference="283"/>
            <name>WEIGHT (KG)</name>
            <locale id="304">en</locale>
            <creator/>
            <dateCreated id="305">2004-08-12 00:00:00</dateCreated>
            <voided>false</voided>
            <voidedBy/>
            <tags class="set" id="306"/>
            <conceptNameType>FULLY_SPECIFIED</conceptNameType>
            <localePreferred>false</localePreferred>
          </org.openmrs.ConceptName>
          <org.openmrs.ConceptName id="307" uuid="87033BBBBBBBBBBBBBBBBBBBBBBBBBBBBBBB">
            <conceptNameId>87033</conceptNameId>
            <concept class="org.openmrs.ConceptNumeric" reference="283"/>
            <name>WT</name>
            <locale id="308">en</locale>
            <creator/>
            <dateCreated id="309">2004-08-12 00:00:00</dateCreated>
            <voided>false</voided>
            <voidedBy/>
            <tags class="set" id="310"/>
            <conceptNameType>SHORT</conceptNameType>
            <localePreferred>false</localePreferred>
          </org.openmrs.ConceptName>
          <org.openmrs.ConceptName id="311" uuid="2193BBBBBBBBBBBBBBBBBBBBBBBBBBBBBBBB">
            <conceptNameId>2193</conceptNameId>
            <concept class="org.openmrs.ConceptNumeric" reference="283"/>
            <name>Uzito katika kilogram</name>
            <locale id="312">sw</locale>
            <creator/>
            <dateCreated id="313">2007-12-14 14:37:55</dateCreated>
            <voided>false</voided>
            <voidedBy/>
            <tags class="set" id="314"/>
            <conceptNameType>FULLY_SPECIFIED</conceptNameType>
            <localePreferred>false</localePreferred>
          </org.openmrs.ConceptName>
          <org.openmrs.ConceptName id="315" uuid="87034BBBBBBBBBBBBBBBBBBBBBBBBBBBBBBB">
            <conceptNameId>87034</conceptNameId>
            <concept class="org.openmrs.ConceptNumeric" reference="283"/>
            <name>uzito</name>
            <locale id="316">sw</locale>
            <creator/>
            <dateCreated id="317">2007-12-14 14:37:55</dateCreated>
            <voided>false</voided>
            <voidedBy/>
            <tags class="set" id="318"/>
            <conceptNameType>SHORT</conceptNameType>
            <localePreferred>false</localePreferred>
          </org.openmrs.ConceptName>
        </names>
        <answers class="set" id="319"/>
        <conceptSets class="set" id="320"/>
        <descriptions class="set" id="321">
          <org.openmrs.ConceptDescription id="322" uuid="1714FFFFFFFFFFFFFFFFFFFFFFFFFFFFFFFF">
            <conceptDescriptionId>1714</conceptDescriptionId>
            <concept class="org.openmrs.ConceptNumeric" reference="283"/>
            <description>Patient&apos;s weight in kilograms.</description>
            <locale id="323">en</locale>
            <creator/>
            <dateCreated id="324">2004-08-12 00:00:00</dateCreated>
            <changedBy/>
            <dateChanged id="325">2012-06-03 19:42:32</dateChanged>
          </org.openmrs.ConceptDescription>
        </descriptions>
        <conceptMappings class="set" id="326">
          <org.openmrs.ConceptMap id="327" uuid="144391ABBBBBBBBBBBBBBBBBBBBBBBBBBBBB">
            <conceptMapType reference="122"/>
            <creator/>
            <changedBy/>
            <dateCreated id="328">2012-06-03 19:42:32</dateCreated>
            <conceptMapId>144391</conceptMapId>
            <concept class="org.openmrs.ConceptNumeric" reference="283"/>
            <conceptReferenceTerm id="329" resolves-to="org.openmrs.ConceptReferenceTerm" uuid="1cedeeee-5060-3bb6-8153-7450ca1495d4">
              <creator/>
              <dateCreated id="331">2012-06-03 00:00:00</dateCreated>
              <changedBy/>
              <retired>false</retired>
              <retiredBy/>
              <conceptReferenceTermId>144391</conceptReferenceTermId>
              <conceptSource reference="165"/>
              <code>5089</code>
              <conceptReferenceTermMaps id="332"/>
            </conceptReferenceTerm>
          </org.openmrs.ConceptMap>
          <org.openmrs.ConceptMap id="333" uuid="135317ABBBBBBBBBBBBBBBBBBBBBBBBBBBBB">
            <conceptMapType reference="122"/>
            <creator/>
            <changedBy/>
            <dateCreated id="334">2010-10-24 13:09:59</dateCreated>
            <conceptMapId>135317</conceptMapId>
            <concept class="org.openmrs.ConceptNumeric" reference="283"/>
            <conceptReferenceTerm id="335" resolves-to="org.openmrs.ConceptReferenceTerm" uuid="13ed50b9-a89c-36e3-9dc6-2226aa700a8f">
              <creator/>
              <dateCreated id="337">2010-10-24 00:00:00</dateCreated>
              <changedBy/>
              <retired>false</retired>
              <retiredBy/>
              <conceptReferenceTermId>135317</conceptReferenceTermId>
              <conceptSource reference="138"/>
              <code>5089</code>
              <conceptReferenceTermMaps id="338"/>
            </conceptReferenceTerm>
          </org.openmrs.ConceptMap>
          <org.openmrs.ConceptMap id="339" uuid="143738ABBBBBBBBBBBBBBBBBBBBBBBBBBBBB">
            <conceptMapType reference="122"/>
            <creator/>
            <changedBy/>
            <dateCreated id="340">2011-06-06 22:29:27</dateCreated>
            <conceptMapId>143738</conceptMapId>
            <concept class="org.openmrs.ConceptNumeric" reference="283"/>
            <conceptReferenceTerm id="341" resolves-to="org.openmrs.ConceptReferenceTerm" uuid="a5a6be34-5e62-37fc-9064-5ca5a4aadcfb">
              <creator/>
              <dateCreated id="343">2011-06-06 00:00:00</dateCreated>
              <changedBy/>
              <retired>false</retired>
              <retiredBy/>
              <conceptReferenceTermId>143738</conceptReferenceTermId>
              <conceptSource reference="147"/>
              <code>WEIGHT</code>
              <conceptReferenceTermMaps id="344"/>
            </conceptReferenceTerm>
          </org.openmrs.ConceptMap>
          <org.openmrs.ConceptMap id="345" uuid="133227ABBBBBBBBBBBBBBBBBBBBBBBBBBBBB">
            <conceptMapType reference="122"/>
            <creator/>
            <changedBy/>
            <dateCreated id="346">2010-09-20 17:27:10</dateCreated>
            <conceptMapId>133227</conceptMapId>
            <concept class="org.openmrs.ConceptNumeric" reference="283"/>
            <conceptReferenceTerm id="347" resolves-to="org.openmrs.ConceptReferenceTerm" uuid="6d659abe-5821-316b-87cb-71412cc30ce7">
              <creator/>
              <dateCreated id="349">2010-09-20 00:00:00</dateCreated>
              <changedBy/>
              <retired>false</retired>
              <retiredBy/>
              <conceptReferenceTermId>133227</conceptReferenceTermId>
              <conceptSource reference="156"/>
              <code>27113001</code>
              <conceptReferenceTermMaps id="350"/>
            </conceptReferenceTerm>
          </org.openmrs.ConceptMap>
          <org.openmrs.ConceptMap id="351" uuid="143579ABBBBBBBBBBBBBBBBBBBBBBBBBBBBB">
            <conceptMapType reference="122"/>
            <creator/>
            <changedBy/>
            <dateCreated id="352">2011-05-15 18:30:08</dateCreated>
            <conceptMapId>143579</conceptMapId>
            <concept class="org.openmrs.ConceptNumeric" reference="283"/>
            <conceptReferenceTerm id="353" resolves-to="org.openmrs.ConceptReferenceTerm" uuid="f70328d9-c960-3a48-83aa-594129112c9b">
              <creator/>
              <dateCreated id="355">2011-05-15 00:00:00</dateCreated>
              <changedBy/>
              <retired>false</retired>
              <retiredBy/>
              <conceptReferenceTermId>143579</conceptReferenceTermId>
              <conceptSource reference="129"/>
              <code>5089</code>
              <conceptReferenceTermMaps id="356"/>
            </conceptReferenceTerm>
          </org.openmrs.ConceptMap>
        </conceptMappings>
        <hiAbsolute>250.0</hiAbsolute>
        <lowAbsolute>0.0</lowAbsolute>
        <units>kg</units>
        <precise>true</precise>
      </org.openmrs.ConceptNumeric>
    </dependencies>
  </org.openmrs.module.htmlformentry.HtmlForm>
  <org.openmrs.module.htmlformentry.HtmlForm id="357" uuid="a6591753-dd57-4e32-9034-d1710b147f4c">
    <creator/>
    <dateCreated id="358">2012-06-26 06:42:42</dateCreated>
    <changedBy/>
    <dateChanged id="359">2012-06-26 06:47:03</dateChanged>
    <retired>false</retired>
    <id>11</id>
    <form id="360" resolves-to="org.openmrs.Form" uuid="92dde55e-2e29-4a6a-8c66-ac443b224458">
      <name>Impressions and Diagnoses</name>
      <creator/>
      <dateCreated id="362">2012-06-26 06:42:42</dateCreated>
      <changedBy/>
      <dateChanged id="363">2012-06-26 06:42:53</dateChanged>
      <retired>false</retired>
      <formId>11</formId>
      <version>0.1</version>
      <published>true</published>
      <encounterType reference="9"/>
      <formFields id="364"/>
    </form>
    <xmlData>&lt;htmlform&gt;&#xd;
	&lt;style&gt;&#xd;
		table.baseline-aligned td {&#xd;
			vertical-align: baseline;&#xd;
		}&#xd;
	&lt;/style&gt;&#xd;
&#xd;
		&lt;table class=&quot;baseline-aligned&quot; width=&quot;100%&quot;&gt;&#xd;
			&lt;tr&gt;&#xd;
				&lt;td&gt;Date: &lt;encounterDate default=&quot;now&quot; showTime=&quot;true&quot;/&gt;&lt;/td&gt;&#xd;
				&lt;td&gt;Provider: &lt;encounterProviderAndRole encounterRole=&quot;a0b03050-c99b-11e0-9572-0800200c9a66&quot; default=&quot;currentUser&quot; required=&quot;true&quot;/&gt;&lt;/td&gt;&#xd;
			&lt;/tr&gt;&#xd;
		&lt;/table&gt;&#xd;
&#xd;
		&lt;table class=&quot;baseline-aligned&quot; width=&quot;100%&quot;&gt;&#xd;
			&lt;tr&gt;&#xd;
				&lt;td&gt;Name: &lt;lookup class=&quot;value&quot; expression=&quot;patient.personName&quot;/&gt;&lt;/td&gt;&#xd;
				&lt;td&gt;Gender: &lt;lookup class=&quot;value&quot; expression=&quot;patient.gender&quot;/&gt;&lt;/td&gt;&#xd;
				&lt;td&gt;Birthdate: &lt;lookup class=&quot;value&quot; complexExpression=&quot;#if( \$patient.birthdateEstimated ) ~#end&quot;/&gt; &lt;lookup class=&quot;value&quot; expression=&quot;patient.birthdate&quot;/&gt;&#xd;
				&lt;/td&gt;&#xd;
			&lt;/tr&gt;&#xd;
		&lt;/table&gt;&#xd;
&#xd;
&lt;div style=&quot;display: none&quot;&gt;&#xd;
    &lt;encounterLocation default=&quot;GlobalProperty:kenyaemr.defaultLocation&quot;/&gt;&#xd;
&lt;/div&gt;&#xd;
&#xd;
&lt;hr/&gt;&#xd;
&#xd;
&lt;br/&gt;&#xd;
TODO&#xd;
&lt;br/&gt;&#xd;
&lt;br/&gt;&#xd;
&#xd;
&lt;submit/&gt;&#xd;
&lt;/htmlform&gt;</xmlData>
    <dependencies class="set" id="365">
      <org.openmrs.EncounterRole reference="14"/>
    </dependencies>
  </org.openmrs.module.htmlformentry.HtmlForm>
  <org.openmrs.module.htmlformentry.HtmlForm id="366" uuid="f3d7ba6a-e7ff-40b5-aeb1-73e1ac76bd20">
    <creator/>
    <dateCreated id="367">2012-06-26 06:37:02</dateCreated>
    <changedBy/>
    <dateChanged id="368">2012-06-26 06:47:19</dateChanged>
    <retired>false</retired>
    <id>6</id>
    <form id="369" resolves-to="org.openmrs.Form" uuid="9da711ff-8af7-4dd6-be20-b56307e1fa99">
      <name>Past Medical History and Surgical History</name>
      <creator/>
      <dateCreated id="371">2012-06-26 06:37:02</dateCreated>
      <changedBy/>
      <dateChanged id="372">2012-06-26 06:37:08</dateChanged>
      <retired>false</retired>
      <formId>6</formId>
      <version>0.1</version>
      <published>true</published>
      <encounterType reference="9"/>
      <formFields id="373"/>
    </form>
    <xmlData>&lt;htmlform&gt;&#xd;
	&lt;style&gt;&#xd;
		table.baseline-aligned td {&#xd;
			vertical-align: baseline;&#xd;
		}&#xd;
	&lt;/style&gt;&#xd;
&#xd;
		&lt;table class=&quot;baseline-aligned&quot; width=&quot;100%&quot;&gt;&#xd;
			&lt;tr&gt;&#xd;
				&lt;td&gt;Date: &lt;encounterDate default=&quot;now&quot; showTime=&quot;true&quot;/&gt;&lt;/td&gt;&#xd;
				&lt;td&gt;Provider: &lt;encounterProviderAndRole encounterRole=&quot;a0b03050-c99b-11e0-9572-0800200c9a66&quot; default=&quot;currentUser&quot; required=&quot;true&quot;/&gt;&lt;/td&gt;&#xd;
			&lt;/tr&gt;&#xd;
		&lt;/table&gt;&#xd;
&#xd;
		&lt;table class=&quot;baseline-aligned&quot; width=&quot;100%&quot;&gt;&#xd;
			&lt;tr&gt;&#xd;
				&lt;td&gt;Name: &lt;lookup class=&quot;value&quot; expression=&quot;patient.personName&quot;/&gt;&lt;/td&gt;&#xd;
				&lt;td&gt;Gender: &lt;lookup class=&quot;value&quot; expression=&quot;patient.gender&quot;/&gt;&lt;/td&gt;&#xd;
				&lt;td&gt;Birthdate: &lt;lookup class=&quot;value&quot; complexExpression=&quot;#if( \$patient.birthdateEstimated ) ~#end&quot;/&gt; &lt;lookup class=&quot;value&quot; expression=&quot;patient.birthdate&quot;/&gt;&#xd;
				&lt;/td&gt;&#xd;
			&lt;/tr&gt;&#xd;
		&lt;/table&gt;&#xd;
&#xd;
&lt;div style=&quot;display: none&quot;&gt;&#xd;
    &lt;encounterLocation default=&quot;GlobalProperty:kenyaemr.defaultLocation&quot;/&gt;&#xd;
&lt;/div&gt;&#xd;
&#xd;
&lt;hr/&gt;&#xd;
&#xd;
&lt;br/&gt;&#xd;
TODO&#xd;
&lt;br/&gt;&#xd;
&lt;br/&gt;&#xd;
&#xd;
&lt;submit/&gt;&#xd;
&lt;/htmlform&gt;</xmlData>
    <dependencies class="set" id="374">
      <org.openmrs.EncounterRole reference="14"/>
    </dependencies>
  </org.openmrs.module.htmlformentry.HtmlForm>
</list>
