<?xml version="1.0" encoding="UTF-8"?>
<list id="1">
  <org.openmrs.PatientIdentifierType id="2" uuid="05ee9cf4-7242-4a17-b4d4-00f707265c8a">
    <name>Unique Patient Number</name>
    <description>Assigned to every HIV patient, from the facility code (from the master facility list) and a sequential number</description>
    <creator/>
    <dateCreated id="3">2012-06-25 01:43:42</dateCreated>
    <retired>false</retired>
    <patientIdentifierTypeId>3</patientIdentifierTypeId>
    <format>\d+</format>
    <required>false</required>
    <formatDescription>facility code, followed by sequential number</formatDescription>
    <checkDigit>false</checkDigit>
    <locationBehavior>NOT_USED</locationBehavior>
  </org.openmrs.PatientIdentifierType>
  <org.openmrs.PatientIdentifierType id="4" uuid="dfacd928-0370-4315-99d7-6ec1c9f7ae76">
    <name>OpenMRS ID</name>
    <description>Medical Record Number, generated by OpenMRS for every patient record</description>
    <creator/>
    <dateCreated id="5">2012-06-25 01:44:50</dateCreated>
    <retired>false</retired>
    <patientIdentifierTypeId>4</patientIdentifierTypeId>
    <required>true</required>
    <checkDigit>true</checkDigit>
    <validator>org.openmrs.module.idgen.validator.LuhnMod25IdentifierValidator</validator>
    <locationBehavior>REQUIRED</locationBehavior>
  </org.openmrs.PatientIdentifierType>
  <org.openmrs.PatientIdentifierType id="6" uuid="b4d66522-11fc-45c7-83e3-39a1af21ae0d">
    <name>Patient Clinic Number</name>
    <description>Identifier assigned to the patient at a clinic service. (Not necessarily unique.)</description>
    <creator/>
    <dateCreated id="7">2012-06-25 02:35:39</dateCreated>
    <retired>false</retired>
    <patientIdentifierTypeId>5</patientIdentifierTypeId>
    <required>false</required>
    <checkDigit>false</checkDigit>
    <locationBehavior>REQUIRED</locationBehavior>
  </org.openmrs.PatientIdentifierType>
  <org.openmrs.LocationAttributeType id="8" uuid="8a845a89-6aa5-4111-81d3-0af31c45c002">
    <name>Master Facility Code</name>
    <description>Code for linking to the Ministry of Health&apos;s Master Facility List.&#xd;
(This is a sequential number allocated to each facility when it is added to the master list, allocated by the central database of the ministry.)</description>
    <creator/>
    <dateCreated id="9">2012-06-18 23:33:24</dateCreated>
    <retired>false</retired>
    <minOccurs>0</minOccurs>
    <maxOccurs>1</maxOccurs>
    <datatypeClassname>org.openmrs.customdatatype.datatype.RegexValidatedTextDatatype</datatypeClassname>
    <datatypeConfig>\d{5}</datatypeConfig>
    <locationAttributeTypeId>1</locationAttributeTypeId>
  </org.openmrs.LocationAttributeType>
  <org.openmrs.VisitType id="10" uuid="3371a4d4-f66f-4454-a86d-92c7b3da990c">
    <name>Outpatient</name>
    <description>Visit where the patient is not admitted to the hospital.</description>
    <creator/>
    <dateCreated id="11">2012-06-25 01:38:30</dateCreated>
    <retired>false</retired>
    <visitTypeId>4</visitTypeId>
  </org.openmrs.VisitType>
  <org.openmrs.PersonAttributeType id="12" uuid="b2c38640-2603-4629-aebd-3b54f33f1e3a">
    <name>Telephone Contact</name>
    <description>Telephone number the patient can be contacted at</description>
    <creator/>
    <dateCreated id="13">2012-06-26 06:50:58</dateCreated>
    <retired>false</retired>
    <personAttributeTypeId>8</personAttributeTypeId>
    <format>java.lang.String</format>
    <sortWeight>1.0</sortWeight>
    <searchable>false</searchable>
  </org.openmrs.PersonAttributeType>
  <org.openmrs.EncounterType id="14" uuid="abfb143c-5b49-41e5-9ead-f47ee4cc57cf">
    <name>Check out</name>
    <description>Recording data as the patient completes a visit.</description>
    <creator/>
    <dateCreated id="15">2012-06-26 06:16:59</dateCreated>
    <retired>false</retired>
    <encounterTypeId>9</encounterTypeId>
  </org.openmrs.EncounterType>
  <org.openmrs.EncounterType id="16" uuid="d1059fb9-a079-4feb-a749-eedd709ae542">
    <name>Triage</name>
    <description>Collection of limited patient data, prior to a more thorough examination</description>
    <creator/>
    <dateCreated id="17">2012-06-26 06:15:56</dateCreated>
    <retired>false</retired>
    <encounterTypeId>8</encounterTypeId>
  </org.openmrs.EncounterType>
  <org.openmrs.EncounterType id="18" uuid="de78a6be-bfc5-4634-adc3-5f1a280455cc">
    <name>HIV Registration</name>
    <description>Initial data collection for the HIV program</description>
    <creator/>
    <dateCreated id="19">2012-06-26 06:15:01</dateCreated>
    <retired>false</retired>
    <encounterTypeId>7</encounterTypeId>
  </org.openmrs.EncounterType>
  <org.openmrs.EncounterType id="20" uuid="a0034eee-1940-4e35-847f-97537a35d05e">
    <name>HIV Consultation</name>
    <description>Collection of HIV-specific data during the main consultation</description>
    <creator/>
    <dateCreated id="21">2012-06-26 06:20:28</dateCreated>
    <retired>false</retired>
    <encounterTypeId>11</encounterTypeId>
  </org.openmrs.EncounterType>
  <org.openmrs.EncounterType id="22" uuid="17a381d1-7e29-406a-b782-aa903b963c28">
    <name>Lab Results</name>
    <description>Report of laboratory results</description>
    <creator/>
    <dateCreated id="23">2012-06-26 06:44:26</dateCreated>
    <retired>false</retired>
    <encounterTypeId>12</encounterTypeId>
  </org.openmrs.EncounterType>
  <org.openmrs.EncounterType id="24" uuid="465a92f2-baf8-42e9-9612-53064be868e8">
    <name>Consultation</name>
    <description>Collection of clinical data during the main consultation</description>
    <creator/>
    <dateCreated id="25">2012-06-26 06:19:31</dateCreated>
    <retired>false</retired>
    <encounterTypeId>10</encounterTypeId>
  </org.openmrs.EncounterType>
  <org.openmrs.EncounterType id="26" uuid="de1f9d67-b73e-4e1b-90d0-036166fc6995">
    <name>Registration</name>
    <description>Initial data collection for a patient, not specific to any program.</description>
    <creator/>
    <dateCreated id="27">2012-06-26 06:14:17</dateCreated>
    <retired>false</retired>
    <encounterTypeId>6</encounterTypeId>
  </org.openmrs.EncounterType>
  <org.openmrs.Program id="28" uuid="9f144a34-3a4a-44a9-8486-6b7af6cc64f6">
    <name>TB Program</name>
    <description>TB Treatment Program</description>
    <creator/>
    <dateCreated id="29">2012-09-13 01:03:07</dateCreated>
    <retired>false</retired>
    <programId>2</programId>
    <concept id="30" resolves-to="org.openmrs.Concept" uuid="160541AAAAAAAAAAAAAAAAAAAAAAAAAAAAAA">
      <conceptId>160541</conceptId>
      <retired>false</retired>
      <retiredBy/>
      <datatype id="32" resolves-to="org.openmrs.ConceptDatatype" uuid="8d4a4c94-c2cc-11de-8d13-0010c6dffd0f">
        <name>N/A</name>
        <description>Not associated with a datatype (e.g., term answers, sets)</description>
        <creator/>
        <dateCreated id="34">2004-02-02 00:00:00</dateCreated>
        <retired>false</retired>
        <retiredBy/>
        <conceptDatatypeId>4</conceptDatatypeId>
        <hl7Abbreviation>ZZ</hl7Abbreviation>
      </datatype>
      <conceptClass id="35" resolves-to="org.openmrs.ConceptClass" uuid="8d492774-c2cc-11de-8d13-0010c6dffd0f">
        <name>Misc</name>
        <description>Terms which don&apos;t fit other categories</description>
        <creator/>
        <dateCreated id="37">2004-03-02 00:00:00</dateCreated>
        <retired>false</retired>
        <retiredBy/>
        <conceptClassId>11</conceptClassId>
      </conceptClass>
      <set>false</set>
      <version></version>
      <creator/>
      <dateCreated id="38">2012-06-14 16:17:34</dateCreated>
      <changedBy/>
      <dateChanged id="39">2012-06-15 14:16:18</dateChanged>
      <names class="set" id="40">
        <org.openmrs.ConceptName id="41" uuid="108876BBBBBBBBBBBBBBBBBBBBBBBBBBBBBB">
          <conceptNameId>108876</conceptNameId>
          <concept reference="30"/>
          <name>Tuberculosis treatment program</name>
          <locale id="42">en</locale>
          <creator/>
          <dateCreated id="43">2012-06-14 16:17:34</dateCreated>
          <voided>false</voided>
          <voidedBy/>
          <tags class="set" id="44"/>
          <conceptNameType>FULLY_SPECIFIED</conceptNameType>
          <localePreferred>false</localePreferred>
        </org.openmrs.ConceptName>
        <org.openmrs.ConceptName id="45" uuid="108877BBBBBBBBBBBBBBBBBBBBBBBBBBBBBB">
          <conceptNameId>108877</conceptNameId>
          <concept reference="30"/>
          <name>TB Program</name>
          <locale id="46">en</locale>
          <creator/>
          <dateCreated id="47">2012-06-14 16:17:34</dateCreated>
          <voided>false</voided>
          <voidedBy/>
          <tags class="set" id="48"/>
          <conceptNameType>SHORT</conceptNameType>
          <localePreferred>false</localePreferred>
        </org.openmrs.ConceptName>
        <org.openmrs.ConceptName id="49" uuid="108980BBBBBBBBBBBBBBBBBBBBBBBBBBBBBB">
          <conceptNameId>108980</conceptNameId>
          <concept reference="30"/>
          <name>PROGRAMME DE LA TUBERCULOSE</name>
          <locale id="50">fr</locale>
          <creator/>
          <dateCreated id="51">2012-06-15 14:16:18</dateCreated>
          <voided>false</voided>
          <voidedBy/>
          <tags class="set" id="52"/>
          <conceptNameType>FULLY_SPECIFIED</conceptNameType>
          <localePreferred>false</localePreferred>
        </org.openmrs.ConceptName>
      </names>
      <answers class="set" id="53"/>
      <conceptSets class="set" id="54"/>
      <descriptions class="set" id="55"/>
      <conceptMappings class="set" id="56">
        <org.openmrs.ConceptMap id="57" uuid="144621ABBBBBBBBBBBBBBBBBBBBBBBBBBBBB">
          <conceptMapType id="58" resolves-to="org.openmrs.ConceptMapType" uuid="43ac5109-7d8c-11e1-909d-c80aa9edcf4e">
            <name>NARROWER-THAN</name>
            <creator/>
            <dateCreated id="60">2012-07-10 00:00:00</dateCreated>
            <changedBy/>
            <retired>false</retired>
            <retiredBy/>
            <conceptMapTypeId>2</conceptMapTypeId>
            <isHidden>false</isHidden>
          </conceptMapType>
          <creator/>
          <changedBy/>
          <dateCreated id="61">2012-06-14 16:17:34</dateCreated>
          <conceptMapId>144621</conceptMapId>
          <concept reference="30"/>
          <conceptReferenceTerm id="62" resolves-to="org.openmrs.ConceptReferenceTerm" uuid="9b87ca0e-af71-3794-b312-7d5337cad9cf">
            <creator/>
            <dateCreated id="64">2012-06-14 00:00:00</dateCreated>
            <changedBy/>
            <retired>false</retired>
            <retiredBy/>
            <conceptReferenceTermId>144621</conceptReferenceTermId>
            <conceptSource id="65" resolves-to="org.openmrs.ConceptSource" uuid="2ADDDDDDDDDDDDDDDDDDDDDDDDDDDDDDDDDD">
              <name>SNOMED NP</name>
              <description>Non-preferred SNOMED CT mappings</description>
              <creator/>
              <dateCreated id="67">2010-04-25 11:12:44</dateCreated>
              <retired>false</retired>
              <retiredBy/>
              <conceptSourceId>2</conceptSourceId>
            </conceptSource>
            <code>401173007</code>
            <conceptReferenceTermMaps id="68"/>
          </conceptReferenceTerm>
        </org.openmrs.ConceptMap>
        <org.openmrs.ConceptMap id="69" uuid="144620ABBBBBBBBBBBBBBBBBBBBBBBBBBBBB">
          <conceptMapType id="70" resolves-to="org.openmrs.ConceptMapType" uuid="35543629-7d8c-11e1-909d-c80aa9edcf4e">
            <name>SAME-AS</name>
            <creator/>
            <dateCreated id="72">2012-07-10 00:00:00</dateCreated>
            <changedBy/>
            <retired>false</retired>
            <retiredBy/>
            <conceptMapTypeId>1</conceptMapTypeId>
            <isHidden>false</isHidden>
          </conceptMapType>
          <creator/>
          <changedBy/>
          <dateCreated id="73">2012-06-14 16:17:34</dateCreated>
          <conceptMapId>144620</conceptMapId>
          <concept reference="30"/>
          <conceptReferenceTerm id="74" resolves-to="org.openmrs.ConceptReferenceTerm" uuid="8ffc08c5-017e-373e-85a2-fec0ec7be865">
            <creator/>
            <dateCreated id="76">2012-06-14 00:00:00</dateCreated>
            <changedBy/>
            <retired>false</retired>
            <retiredBy/>
            <conceptReferenceTermId>144620</conceptReferenceTermId>
            <conceptSource id="77" resolves-to="org.openmrs.ConceptSource" uuid="1ADDDDDDDDDDDDDDDDDDDDDDDDDDDDDDDDDD">
              <name>SNOMED CT</name>
              <description>SNOMED Preferred mapping</description>
              <creator/>
              <dateCreated id="79">2009-11-19 20:19:16</dateCreated>
              <retired>false</retired>
              <retiredBy/>
              <conceptSourceId>1</conceptSourceId>
            </conceptSource>
            <code>1648</code>
            <conceptReferenceTermMaps id="80"/>
          </conceptReferenceTerm>
        </org.openmrs.ConceptMap>
      </conceptMappings>
    </concept>
    <outcomesConcept id="81" resolves-to="org.openmrs.Concept" uuid="160038AAAAAAAAAAAAAAAAAAAAAAAAAAAAAA">
      <conceptId>160038</conceptId>
      <retired>false</retired>
      <retiredBy/>
      <datatype reference="32"/>
      <conceptClass id="83" resolves-to="org.openmrs.ConceptClass" uuid="1edca11a-768a-102f-83f4-12313b04a615">
        <name>Workflow</name>
        <description>Workflow class</description>
        <creator/>
        <dateCreated id="85">2011-01-17 15:27:43</dateCreated>
        <retired>false</retired>
        <retiredBy/>
        <conceptClassId>16</conceptClassId>
      </conceptClass>
      <set>true</set>
      <version></version>
      <creator/>
      <dateCreated id="86">2011-01-17 21:01:10</dateCreated>
      <changedBy/>
      <names class="set" id="87">
        <org.openmrs.ConceptName id="88" uuid="107697BBBBBBBBBBBBBBBBBBBBBBBBBBBBBB">
          <conceptNameId>107697</conceptNameId>
          <concept reference="81"/>
          <name>MULTI-DRUG RESISTANT TUBERCULOSIS TREATMENT OUTCOME</name>
          <locale id="89">en</locale>
          <creator/>
          <dateCreated id="90">2011-01-17 21:01:10</dateCreated>
          <voided>false</voided>
          <voidedBy/>
          <tags class="set" id="91"/>
          <conceptNameType>FULLY_SPECIFIED</conceptNameType>
          <localePreferred>false</localePreferred>
        </org.openmrs.ConceptName>
      </names>
      <answers class="set" id="92"/>
      <conceptSets class="set" id="93">
        <org.openmrs.ConceptSet id="94" uuid="624AEEEEEEEEEEEEEEEEEEEEEEEEEEEEEEEE">
          <conceptSetId>624</conceptSetId>
          <concept id="95" resolves-to="org.openmrs.Concept" uuid="160034AAAAAAAAAAAAAAAAAAAAAAAAAAAAAA">
            <conceptId>160034</conceptId>
            <retired>false</retired>
            <retiredBy/>
            <datatype reference="32"/>
            <conceptClass id="97" resolves-to="org.openmrs.ConceptClass" uuid="1edca23c-768a-102f-83f4-12313b04a615">
              <name>State</name>
              <description>Workflow state</description>
              <creator/>
              <dateCreated id="99">2011-01-17 15:44:10</dateCreated>
              <retired>false</retired>
              <retiredBy/>
              <conceptClassId>17</conceptClassId>
            </conceptClass>
            <set>false</set>
            <version></version>
            <creator/>
            <dateCreated id="100">2011-01-17 20:51:42</dateCreated>
            <changedBy/>
            <dateChanged id="101">2011-01-17 20:53:23</dateChanged>
            <names class="set" id="102">
              <org.openmrs.ConceptName id="103" uuid="107693BBBBBBBBBBBBBBBBBBBBBBBBBBBBBB">
                <conceptNameId>107693</conceptNameId>
                <concept reference="95"/>
                <name>Died</name>
                <locale id="104">en</locale>
                <creator/>
                <dateCreated id="105">2011-01-17 20:51:42</dateCreated>
                <voided>false</voided>
                <voidedBy/>
                <tags class="set" id="106"/>
                <conceptNameType>FULLY_SPECIFIED</conceptNameType>
                <localePreferred>false</localePreferred>
              </org.openmrs.ConceptName>
            </names>
            <answers class="set" id="107"/>
            <conceptSets class="set" id="108"/>
            <descriptions class="set" id="109"/>
            <conceptMappings class="set" id="110">
              <org.openmrs.ConceptMap id="111" uuid="137924ABBBBBBBBBBBBBBBBBBBBBBBBBBBBB">
                <conceptMapType reference="70"/>
                <creator/>
                <changedBy/>
                <dateCreated id="112">2011-01-17 20:51:42</dateCreated>
                <conceptMapId>137924</conceptMapId>
                <concept reference="95"/>
                <conceptReferenceTerm id="113" resolves-to="org.openmrs.ConceptReferenceTerm" uuid="e84336dd-72b7-32e9-aced-e27dc74212ad">
                  <creator/>
                  <dateCreated id="115">2011-01-17 00:00:00</dateCreated>
                  <changedBy/>
                  <retired>false</retired>
                  <retiredBy/>
                  <conceptReferenceTermId>137924</conceptReferenceTermId>
                  <conceptSource id="116" resolves-to="org.openmrs.ConceptSource" uuid="ddb6b595-0b85-4a80-9243-efe4ba404eef">
                    <name>org.openmrs.module.mdrtb</name>
                    <description>The required concepts for the MDR-TB module</description>
                    <creator/>
                    <dateCreated id="118">2010-12-15 14:00:37</dateCreated>
                    <retired>false</retired>
                    <retiredBy/>
                    <conceptSourceId>15</conceptSourceId>
                  </conceptSource>
                  <code>DIED</code>
                  <conceptReferenceTermMaps id="119"/>
                </conceptReferenceTerm>
              </org.openmrs.ConceptMap>
              <org.openmrs.ConceptMap id="120" uuid="137927ABBBBBBBBBBBBBBBBBBBBBBBBBBBBB">
                <conceptMapType reference="70"/>
                <creator/>
                <changedBy/>
                <dateCreated id="121">2011-01-17 20:53:23</dateCreated>
                <conceptMapId>137927</conceptMapId>
                <concept reference="95"/>
                <conceptReferenceTerm id="122" resolves-to="org.openmrs.ConceptReferenceTerm" uuid="7d45de87-1519-3fba-9941-05dab01b8da1">
                  <creator/>
                  <dateCreated id="124">2010-12-05 00:00:00</dateCreated>
                  <changedBy/>
                  <retired>false</retired>
                  <retiredBy/>
                  <conceptReferenceTermId>137046</conceptReferenceTermId>
                  <conceptSource reference="77"/>
                  <code>397709008</code>
                  <conceptReferenceTermMaps id="125"/>
                </conceptReferenceTerm>
              </org.openmrs.ConceptMap>
            </conceptMappings>
          </concept>
          <conceptSet reference="81"/>
          <sortWeight>2.0</sortWeight>
          <creator/>
          <dateCreated id="126">2011-01-17 21:01:10</dateCreated>
        </org.openmrs.ConceptSet>
        <org.openmrs.ConceptSet id="127" uuid="623AEEEEEEEEEEEEEEEEEEEEEEEEEEEEEEEE">
          <conceptSetId>623</conceptSetId>
          <concept id="128" resolves-to="org.openmrs.Concept" uuid="160031AAAAAAAAAAAAAAAAAAAAAAAAAAAAAA">
            <conceptId>160031</conceptId>
            <retired>false</retired>
            <retiredBy/>
            <datatype reference="32"/>
            <conceptClass reference="97"/>
            <set>false</set>
            <version></version>
            <creator/>
            <dateCreated id="130">2011-01-17 20:43:11</dateCreated>
            <changedBy/>
            <names class="set" id="131">
              <org.openmrs.ConceptName id="132" uuid="107689BBBBBBBBBBBBBBBBBBBBBBBBBBBBBB">
                <conceptNameId>107689</conceptNameId>
                <concept reference="128"/>
                <name>DEFAULTED</name>
                <locale id="133">en</locale>
                <creator/>
                <dateCreated id="134">2011-01-17 20:43:11</dateCreated>
                <voided>false</voided>
                <voidedBy/>
                <tags class="set" id="135"/>
                <conceptNameType>FULLY_SPECIFIED</conceptNameType>
                <localePreferred>false</localePreferred>
              </org.openmrs.ConceptName>
            </names>
            <answers class="set" id="136"/>
            <conceptSets class="set" id="137"/>
            <descriptions class="set" id="138"/>
            <conceptMappings class="set" id="139">
              <org.openmrs.ConceptMap id="140" uuid="137917ABBBBBBBBBBBBBBBBBBBBBBBBBBBBB">
                <conceptMapType reference="70"/>
                <creator/>
                <changedBy/>
                <dateCreated id="141">2011-01-17 20:43:11</dateCreated>
                <conceptMapId>137917</conceptMapId>
                <concept reference="128"/>
                <conceptReferenceTerm id="142" resolves-to="org.openmrs.ConceptReferenceTerm" uuid="ac53128b-3ca3-3fbc-973e-369699331cc7">
                  <creator/>
                  <dateCreated id="144">2011-01-17 00:00:00</dateCreated>
                  <changedBy/>
                  <retired>false</retired>
                  <retiredBy/>
                  <conceptReferenceTermId>137917</conceptReferenceTermId>
                  <conceptSource reference="77"/>
                  <code>275694009</code>
                  <conceptReferenceTermMaps id="145"/>
                </conceptReferenceTerm>
              </org.openmrs.ConceptMap>
              <org.openmrs.ConceptMap id="146" uuid="137918ABBBBBBBBBBBBBBBBBBBBBBBBBBBBB">
                <conceptMapType reference="70"/>
                <creator/>
                <changedBy/>
                <dateCreated id="147">2011-01-17 20:43:11</dateCreated>
                <conceptMapId>137918</conceptMapId>
                <concept reference="128"/>
                <conceptReferenceTerm id="148" resolves-to="org.openmrs.ConceptReferenceTerm" uuid="4205192b-5557-35cb-bea3-c62c65335ed8">
                  <creator/>
                  <dateCreated id="150">2011-01-17 00:00:00</dateCreated>
                  <changedBy/>
                  <retired>false</retired>
                  <retiredBy/>
                  <conceptReferenceTermId>137918</conceptReferenceTermId>
                  <conceptSource reference="116"/>
                  <code>DEFAULTED</code>
                  <conceptReferenceTermMaps id="151"/>
                </conceptReferenceTerm>
              </org.openmrs.ConceptMap>
            </conceptMappings>
          </concept>
          <conceptSet reference="81"/>
          <sortWeight>1.0</sortWeight>
          <creator/>
          <dateCreated id="152">2011-01-17 21:01:10</dateCreated>
        </org.openmrs.ConceptSet>
        <org.openmrs.ConceptSet id="153" uuid="582AEEEEEEEEEEEEEEEEEEEEEEEEEEEEEEEE">
          <conceptSetId>582</conceptSetId>
          <concept id="154" resolves-to="org.openmrs.Concept" uuid="159791AAAAAAAAAAAAAAAAAAAAAAAAAAAAAA">
            <conceptId>159791</conceptId>
            <retired>false</retired>
            <retiredBy/>
            <datatype reference="32"/>
            <conceptClass id="156" resolves-to="org.openmrs.ConceptClass" uuid="8d4918b0-c2cc-11de-8d13-0010c6dffd0f">
              <name>Diagnosis</name>
              <description>Conclusion drawn through findings</description>
              <creator/>
              <dateCreated id="158">2004-02-02 00:00:00</dateCreated>
              <retired>false</retired>
              <retiredBy/>
              <conceptClassId>4</conceptClassId>
            </conceptClass>
            <set>false</set>
            <version></version>
            <creator/>
            <dateCreated id="159">2010-11-12 18:15:51</dateCreated>
            <changedBy/>
            <dateChanged id="160">2011-05-22 17:48:53</dateChanged>
            <names class="set" id="161">
              <org.openmrs.ConceptName id="162" uuid="107263BBBBBBBBBBBBBBBBBBBBBBBBBBBBBB">
                <conceptNameId>107263</conceptNameId>
                <concept reference="154"/>
                <name>cure, outcome</name>
                <locale id="163">en</locale>
                <creator/>
                <dateCreated id="164">2010-11-12 18:15:51</dateCreated>
                <voided>false</voided>
                <voidedBy/>
                <tags class="set" id="165"/>
                <conceptNameType>FULLY_SPECIFIED</conceptNameType>
                <localePreferred>false</localePreferred>
              </org.openmrs.ConceptName>
              <org.openmrs.ConceptName id="166" uuid="107380BBBBBBBBBBBBBBBBBBBBBBBBBBBBBB">
                <conceptNameId>107380</conceptNameId>
                <concept reference="154"/>
                <name>cure</name>
                <locale id="167">en</locale>
                <creator/>
                <dateCreated id="168">2010-11-23 18:34:39</dateCreated>
                <voided>false</voided>
                <voidedBy/>
                <tags class="set" id="169"/>
                <conceptNameType>SHORT</conceptNameType>
                <localePreferred>false</localePreferred>
              </org.openmrs.ConceptName>
              <org.openmrs.ConceptName id="170" uuid="107381BBBBBBBBBBBBBBBBBBBBBBBBBBBBBB">
                <conceptNameId>107381</conceptNameId>
                <concept reference="154"/>
                <name>cured</name>
                <locale id="171">en</locale>
                <creator/>
                <dateCreated id="172">2010-11-23 18:34:39</dateCreated>
                <voided>false</voided>
                <voidedBy/>
                <tags class="set" id="173"/>
                <localePreferred>false</localePreferred>
              </org.openmrs.ConceptName>
            </names>
            <answers class="set" id="174"/>
            <conceptSets class="set" id="175"/>
            <descriptions class="set" id="176">
              <org.openmrs.ConceptDescription id="177" uuid="16387FFFFFFFFFFFFFFFFFFFFFFFFFFFFFFF">
                <conceptDescriptionId>16387</conceptDescriptionId>
                <concept reference="154"/>
                <description>treatment of the disease successfully terminated the problem. Can be generalized to all the diseases as a outcome of the treatment.</description>
                <locale id="178">en</locale>
                <creator/>
                <dateCreated id="179">2010-11-12 18:15:51</dateCreated>
                <changedBy/>
              </org.openmrs.ConceptDescription>
            </descriptions>
            <conceptMappings class="set" id="180">
              <org.openmrs.ConceptMap id="181" uuid="136700ABBBBBBBBBBBBBBBBBBBBBBBBBBBBB">
                <conceptMapType reference="58"/>
                <creator/>
                <changedBy/>
                <dateCreated id="182">2010-11-12 18:15:51</dateCreated>
                <conceptMapId>136700</conceptMapId>
                <concept reference="154"/>
                <conceptReferenceTerm id="183" resolves-to="org.openmrs.ConceptReferenceTerm" uuid="f79e5775-bd22-32a8-ab9b-1acc161f0a4b">
                  <creator/>
                  <dateCreated id="185">2010-11-12 00:00:00</dateCreated>
                  <changedBy/>
                  <retired>false</retired>
                  <retiredBy/>
                  <conceptReferenceTermId>136700</conceptReferenceTermId>
                  <conceptSource id="186" resolves-to="org.openmrs.ConceptSource" uuid="13ADDDDDDDDDDDDDDDDDDDDDDDDDDDDDDDDD">
                    <name>AMPATH</name>
                    <description>AMPATH concept dictionary</description>
                    <creator/>
                    <dateCreated id="188">2010-10-24 17:02:38</dateCreated>
                    <retired>false</retired>
                    <retiredBy/>
                    <conceptSourceId>13</conceptSourceId>
                  </conceptSource>
                  <code>6202</code>
                  <conceptReferenceTermMaps id="189"/>
                </conceptReferenceTerm>
              </org.openmrs.ConceptMap>
              <org.openmrs.ConceptMap id="190" uuid="143636ABBBBBBBBBBBBBBBBBBBBBBBBBBBBB">
                <conceptMapType reference="70"/>
                <creator/>
                <changedBy/>
                <dateCreated id="191">2011-05-22 17:48:53</dateCreated>
                <conceptMapId>143636</conceptMapId>
                <concept reference="154"/>
                <conceptReferenceTerm id="192" resolves-to="org.openmrs.ConceptReferenceTerm" uuid="5a08c64d-12a2-3149-aa0d-b4f42be4b8b0">
                  <creator/>
                  <dateCreated id="194">2011-05-22 00:00:00</dateCreated>
                  <changedBy/>
                  <retired>false</retired>
                  <retiredBy/>
                  <conceptReferenceTermId>143636</conceptReferenceTermId>
                  <conceptSource id="195" resolves-to="org.openmrs.ConceptSource" uuid="fb9aaaf1-65e2-4c18-b53c-16b575f2f385">
                    <name>PIH</name>
                    <description>Equivalent concept ID in Master Partners-in-Health Concept dictionary</description>
                    <creator/>
                    <dateCreated id="197">2010-08-03 01:50:49</dateCreated>
                    <retired>false</retired>
                    <retiredBy/>
                    <conceptSourceId>11</conceptSourceId>
                  </conceptSource>
                  <code>159</code>
                  <conceptReferenceTermMaps id="198"/>
                </conceptReferenceTerm>
              </org.openmrs.ConceptMap>
              <org.openmrs.ConceptMap id="199" uuid="136699ABBBBBBBBBBBBBBBBBBBBBBBBBBBBB">
                <conceptMapType reference="70"/>
                <creator/>
                <changedBy/>
                <dateCreated id="200">2010-11-12 18:15:51</dateCreated>
                <conceptMapId>136699</conceptMapId>
                <concept reference="154"/>
                <conceptReferenceTerm id="201" resolves-to="org.openmrs.ConceptReferenceTerm" uuid="46c3c888-5158-30c0-bb9e-b7b27bf25bf2">
                  <creator/>
                  <dateCreated id="203">2010-11-12 00:00:00</dateCreated>
                  <changedBy/>
                  <retired>false</retired>
                  <retiredBy/>
                  <conceptReferenceTermId>136699</conceptReferenceTermId>
                  <conceptSource reference="77"/>
                  <code>371001000</code>
                  <conceptReferenceTermMaps id="204"/>
                </conceptReferenceTerm>
              </org.openmrs.ConceptMap>
              <org.openmrs.ConceptMap id="205" uuid="137923ABBBBBBBBBBBBBBBBBBBBBBBBBBBBB">
                <conceptMapType reference="70"/>
                <creator/>
                <changedBy/>
                <dateCreated id="206">2011-01-17 20:50:45</dateCreated>
                <conceptMapId>137923</conceptMapId>
                <concept reference="154"/>
                <conceptReferenceTerm id="207" resolves-to="org.openmrs.ConceptReferenceTerm" uuid="8bab0046-1c7f-3195-9c0a-49e76ab38169">
                  <creator/>
                  <dateCreated id="209">2011-01-17 00:00:00</dateCreated>
                  <changedBy/>
                  <retired>false</retired>
                  <retiredBy/>
                  <conceptReferenceTermId>137923</conceptReferenceTermId>
                  <conceptSource reference="116"/>
                  <code>CURED</code>
                  <conceptReferenceTermMaps id="210"/>
                </conceptReferenceTerm>
              </org.openmrs.ConceptMap>
            </conceptMappings>
          </concept>
          <conceptSet reference="81"/>
          <sortWeight>0.0</sortWeight>
          <creator/>
          <dateCreated id="211">2011-01-17 21:01:10</dateCreated>
        </org.openmrs.ConceptSet>
        <org.openmrs.ConceptSet id="212" uuid="626AEEEEEEEEEEEEEEEEEEEEEEEEEEEEEEEE">
          <conceptSetId>626</conceptSetId>
          <concept id="213" resolves-to="org.openmrs.Concept" uuid="160036AAAAAAAAAAAAAAAAAAAAAAAAAAAAAA">
            <conceptId>160036</conceptId>
            <retired>false</retired>
            <retiredBy/>
            <datatype reference="32"/>
            <conceptClass reference="97"/>
            <set>false</set>
            <version></version>
            <creator/>
            <dateCreated id="215">2011-01-17 20:55:51</dateCreated>
            <changedBy/>
            <names class="set" id="216">
              <org.openmrs.ConceptName id="217" uuid="107695BBBBBBBBBBBBBBBBBBBBBBBBBBBBBB">
                <conceptNameId>107695</conceptNameId>
                <concept reference="213"/>
                <name>PATIENT TRANSFERRED OUT</name>
                <locale id="218">en</locale>
                <creator/>
                <dateCreated id="219">2011-01-17 20:55:51</dateCreated>
                <voided>false</voided>
                <voidedBy/>
                <tags class="set" id="220"/>
                <conceptNameType>FULLY_SPECIFIED</conceptNameType>
                <localePreferred>false</localePreferred>
              </org.openmrs.ConceptName>
            </names>
            <answers class="set" id="221"/>
            <conceptSets class="set" id="222"/>
            <descriptions class="set" id="223"/>
            <conceptMappings class="set" id="224">
              <org.openmrs.ConceptMap id="225" uuid="137928ABBBBBBBBBBBBBBBBBBBBBBBBBBBBB">
                <conceptMapType reference="70"/>
                <creator/>
                <changedBy/>
                <dateCreated id="226">2011-01-17 20:55:51</dateCreated>
                <conceptMapId>137928</conceptMapId>
                <concept reference="213"/>
                <conceptReferenceTerm id="227" resolves-to="org.openmrs.ConceptReferenceTerm" uuid="3d82145d-44a5-315f-98e1-8a65af8c2a66">
                  <creator/>
                  <dateCreated id="229">2011-01-17 00:00:00</dateCreated>
                  <changedBy/>
                  <retired>false</retired>
                  <retiredBy/>
                  <conceptReferenceTermId>137928</conceptReferenceTermId>
                  <conceptSource reference="116"/>
                  <code>PATIENT TRANSFERRED OUT</code>
                  <conceptReferenceTermMaps id="230"/>
                </conceptReferenceTerm>
              </org.openmrs.ConceptMap>
              <org.openmrs.ConceptMap id="231" uuid="137929ABBBBBBBBBBBBBBBBBBBBBBBBBBBBB">
                <conceptMapType reference="58"/>
                <creator/>
                <changedBy/>
                <dateCreated id="232">2011-01-17 20:55:51</dateCreated>
                <conceptMapId>137929</conceptMapId>
                <concept reference="213"/>
                <conceptReferenceTerm id="233" resolves-to="org.openmrs.ConceptReferenceTerm" uuid="1ca55422-f98d-3bea-a89a-2ba1edb9d206">
                  <creator/>
                  <dateCreated id="235">2011-01-17 00:00:00</dateCreated>
                  <changedBy/>
                  <retired>false</retired>
                  <retiredBy/>
                  <conceptReferenceTermId>137929</conceptReferenceTermId>
                  <conceptSource reference="65"/>
                  <code>309037001</code>
                  <conceptReferenceTermMaps id="236"/>
                </conceptReferenceTerm>
              </org.openmrs.ConceptMap>
            </conceptMappings>
          </concept>
          <conceptSet reference="81"/>
          <sortWeight>4.0</sortWeight>
          <creator/>
          <dateCreated id="237">2011-01-17 21:01:10</dateCreated>
        </org.openmrs.ConceptSet>
        <org.openmrs.ConceptSet id="238" uuid="99AEEEEEEEEEEEEEEEEEEEEEEEEEEEEEEEEE">
          <conceptSetId>99</conceptSetId>
          <concept id="239" resolves-to="org.openmrs.Concept" uuid="843AAAAAAAAAAAAAAAAAAAAAAAAAAAAAAAAA">
            <conceptId>843</conceptId>
            <retired>false</retired>
            <retiredBy/>
            <datatype reference="32"/>
            <conceptClass id="241" resolves-to="org.openmrs.ConceptClass" uuid="8d491a9a-c2cc-11de-8d13-0010c6dffd0f">
              <name>Finding</name>
              <description>Practitioner observation/finding</description>
              <creator/>
              <dateCreated id="243">2004-03-02 00:00:00</dateCreated>
              <retired>false</retired>
              <retiredBy/>
              <conceptClassId>5</conceptClassId>
            </conceptClass>
            <set>false</set>
            <version></version>
            <creator/>
            <dateCreated id="244">2004-05-04 00:00:00</dateCreated>
            <changedBy/>
            <dateChanged id="245">2011-06-21 13:51:09</dateChanged>
            <names class="set" id="246">
              <org.openmrs.ConceptName id="247" uuid="883BBBBBBBBBBBBBBBBBBBBBBBBBBBBBBBBB">
                <conceptNameId>883</conceptNameId>
                <concept reference="239"/>
                <name>REGIMEN FAILURE</name>
                <locale id="248">en</locale>
                <creator/>
                <dateCreated id="249">2004-05-04 00:00:00</dateCreated>
                <voided>false</voided>
                <voidedBy/>
                <tags class="set" id="250"/>
                <conceptNameType>FULLY_SPECIFIED</conceptNameType>
                <localePreferred>false</localePreferred>
              </org.openmrs.ConceptName>
              <org.openmrs.ConceptName id="251" uuid="106133BBBBBBBBBBBBBBBBBBBBBBBBBBBBBB">
                <conceptNameId>106133</conceptNameId>
                <concept reference="239"/>
                <name>ÉCHEC DU TRAITEMENT</name>
                <locale id="252">fr</locale>
                <creator/>
                <dateCreated id="253">2010-05-03 17:11:19</dateCreated>
                <voided>false</voided>
                <voidedBy/>
                <tags class="set" id="254"/>
                <conceptNameType>FULLY_SPECIFIED</conceptNameType>
                <localePreferred>false</localePreferred>
              </org.openmrs.ConceptName>
            </names>
            <answers class="set" id="255"/>
            <conceptSets class="set" id="256"/>
            <descriptions class="set" id="257">
              <org.openmrs.ConceptDescription id="258" uuid="843FFFFFFFFFFFFFFFFFFFFFFFFFFFFFFFFF">
                <conceptDescriptionId>843</conceptDescriptionId>
                <concept reference="239"/>
                <description>Failure of a therapy or treatment to achieve its end points.</description>
                <locale id="259">en</locale>
                <creator/>
                <dateCreated id="260">2004-05-04 00:00:00</dateCreated>
                <changedBy/>
              </org.openmrs.ConceptDescription>
            </descriptions>
            <conceptMappings class="set" id="261">
              <org.openmrs.ConceptMap id="262" uuid="144075ABBBBBBBBBBBBBBBBBBBBBBBBBBBBB">
                <conceptMapType reference="70"/>
                <creator/>
                <changedBy/>
                <dateCreated id="263">2011-06-21 13:51:09</dateCreated>
                <conceptMapId>144075</conceptMapId>
                <concept reference="239"/>
                <conceptReferenceTerm id="264" resolves-to="org.openmrs.ConceptReferenceTerm" uuid="d889f147-bf55-323b-9cc2-33c1a443ec3a">
                  <creator/>
                  <dateCreated id="266">2011-06-21 00:00:00</dateCreated>
                  <changedBy/>
                  <retired>false</retired>
                  <retiredBy/>
                  <conceptReferenceTermId>144075</conceptReferenceTermId>
                  <conceptSource reference="116"/>
                  <code>FAILED</code>
                  <conceptReferenceTermMaps id="267"/>
                </conceptReferenceTerm>
              </org.openmrs.ConceptMap>
              <org.openmrs.ConceptMap id="268" uuid="134523ABBBBBBBBBBBBBBBBBBBBBBBBBBBBB">
                <conceptMapType reference="70"/>
                <creator/>
                <changedBy/>
                <dateCreated id="269">2010-10-24 13:09:59</dateCreated>
                <conceptMapId>134523</conceptMapId>
                <concept reference="239"/>
                <conceptReferenceTerm id="270" resolves-to="org.openmrs.ConceptReferenceTerm" uuid="e444ab91-872f-382c-a90b-4a5f51d5c92b">
                  <creator/>
                  <dateCreated id="272">2010-10-24 00:00:00</dateCreated>
                  <changedBy/>
                  <retired>false</retired>
                  <retiredBy/>
                  <conceptReferenceTermId>134523</conceptReferenceTermId>
                  <conceptSource reference="186"/>
                  <code>843</code>
                  <conceptReferenceTermMaps id="273"/>
                </conceptReferenceTerm>
              </org.openmrs.ConceptMap>
              <org.openmrs.ConceptMap id="274" uuid="132413ABBBBBBBBBBBBBBBBBBBBBBBBBBBBB">
                <conceptMapType reference="70"/>
                <creator/>
                <changedBy/>
                <dateCreated id="275">2010-05-30 20:58:27</dateCreated>
                <conceptMapId>132413</conceptMapId>
                <concept reference="239"/>
                <conceptReferenceTerm id="276" resolves-to="org.openmrs.ConceptReferenceTerm" uuid="5ef2d6b3-7216-3c57-9039-97906791caa3">
                  <creator/>
                  <dateCreated id="278">2010-05-30 00:00:00</dateCreated>
                  <changedBy/>
                  <retired>false</retired>
                  <retiredBy/>
                  <conceptReferenceTermId>132413</conceptReferenceTermId>
                  <conceptSource reference="77"/>
                  <code>266721009</code>
                  <conceptReferenceTermMaps id="279"/>
                </conceptReferenceTerm>
              </org.openmrs.ConceptMap>
              <org.openmrs.ConceptMap id="280" uuid="136254ABBBBBBBBBBBBBBBBBBBBBBBBBBBBB">
                <conceptMapType reference="70"/>
                <creator/>
                <changedBy/>
                <dateCreated id="281">2010-10-25 15:49:30</dateCreated>
                <conceptMapId>136254</conceptMapId>
                <concept reference="239"/>
                <conceptReferenceTerm id="282" resolves-to="org.openmrs.ConceptReferenceTerm" uuid="bbd546c9-3205-3eb4-b163-355c2aa28433">
                  <creator/>
                  <dateCreated id="284">2010-10-25 00:00:00</dateCreated>
                  <changedBy/>
                  <retired>false</retired>
                  <retiredBy/>
                  <conceptReferenceTermId>136254</conceptReferenceTermId>
                  <conceptSource reference="195"/>
                  <code>843</code>
                  <conceptReferenceTermMaps id="285"/>
                </conceptReferenceTerm>
              </org.openmrs.ConceptMap>
            </conceptMappings>
          </concept>
          <conceptSet reference="81"/>
          <sortWeight>6.0</sortWeight>
          <creator/>
          <dateCreated id="286">2011-01-17 21:01:10</dateCreated>
        </org.openmrs.ConceptSet>
        <org.openmrs.ConceptSet id="287" uuid="625AEEEEEEEEEEEEEEEEEEEEEEEEEEEEEEEE">
          <conceptSetId>625</conceptSetId>
          <concept id="288" resolves-to="org.openmrs.Concept" uuid="160035AAAAAAAAAAAAAAAAAAAAAAAAAAAAAA">
            <conceptId>160035</conceptId>
            <retired>false</retired>
            <retiredBy/>
            <datatype reference="32"/>
            <conceptClass reference="97"/>
            <set>false</set>
            <version></version>
            <creator/>
            <dateCreated id="290">2011-01-17 20:52:18</dateCreated>
            <changedBy/>
            <dateChanged id="291">2011-01-17 20:52:47</dateChanged>
            <names class="set" id="292">
              <org.openmrs.ConceptName id="293" uuid="107694BBBBBBBBBBBBBBBBBBBBBBBBBBBBBB">
                <conceptNameId>107694</conceptNameId>
                <concept reference="288"/>
                <name>Treatment Complete</name>
                <locale id="294">en</locale>
                <creator/>
                <dateCreated id="295">2011-01-17 20:52:18</dateCreated>
                <voided>false</voided>
                <voidedBy/>
                <tags class="set" id="296"/>
                <conceptNameType>FULLY_SPECIFIED</conceptNameType>
                <localePreferred>false</localePreferred>
              </org.openmrs.ConceptName>
            </names>
            <answers class="set" id="297"/>
            <conceptSets class="set" id="298"/>
            <descriptions class="set" id="299"/>
            <conceptMappings class="set" id="300">
              <org.openmrs.ConceptMap id="301" uuid="137925ABBBBBBBBBBBBBBBBBBBBBBBBBBBBB">
                <conceptMapType reference="70"/>
                <creator/>
                <changedBy/>
                <dateCreated id="302">2011-01-17 20:52:18</dateCreated>
                <conceptMapId>137925</conceptMapId>
                <concept reference="288"/>
                <conceptReferenceTerm id="303" resolves-to="org.openmrs.ConceptReferenceTerm" uuid="dea34ad2-c7e7-33ad-b5cf-99f491bebc5e">
                  <creator/>
                  <dateCreated id="305">2011-01-17 00:00:00</dateCreated>
                  <changedBy/>
                  <retired>false</retired>
                  <retiredBy/>
                  <conceptReferenceTermId>137925</conceptReferenceTermId>
                  <conceptSource reference="116"/>
                  <code>TREATMENT COMPLETE</code>
                  <conceptReferenceTermMaps id="306"/>
                </conceptReferenceTerm>
              </org.openmrs.ConceptMap>
              <org.openmrs.ConceptMap id="307" uuid="137926ABBBBBBBBBBBBBBBBBBBBBBBBBBBBB">
                <conceptMapType reference="70"/>
                <creator/>
                <changedBy/>
                <dateCreated id="308">2011-01-17 20:52:47</dateCreated>
                <conceptMapId>137926</conceptMapId>
                <concept reference="288"/>
                <conceptReferenceTerm id="309" resolves-to="org.openmrs.ConceptReferenceTerm" uuid="64f7c3bc-0b98-33a7-bad0-a0ca69d4f858">
                  <creator/>
                  <dateCreated id="311">2010-12-30 00:00:00</dateCreated>
                  <changedBy/>
                  <retired>false</retired>
                  <retiredBy/>
                  <conceptReferenceTermId>137519</conceptReferenceTermId>
                  <conceptSource reference="77"/>
                  <code>182992009</code>
                  <conceptReferenceTermMaps id="312"/>
                </conceptReferenceTerm>
              </org.openmrs.ConceptMap>
            </conceptMappings>
          </concept>
          <conceptSet reference="81"/>
          <sortWeight>3.0</sortWeight>
          <creator/>
          <dateCreated id="313">2011-01-17 21:01:10</dateCreated>
        </org.openmrs.ConceptSet>
        <org.openmrs.ConceptSet id="314" uuid="627AEEEEEEEEEEEEEEEEEEEEEEEEEEEEEEEE">
          <conceptSetId>627</conceptSetId>
          <concept id="315" resolves-to="org.openmrs.Concept" uuid="160037AAAAAAAAAAAAAAAAAAAAAAAAAAAAAA">
            <conceptId>160037</conceptId>
            <retired>false</retired>
            <retiredBy/>
            <datatype reference="32"/>
            <conceptClass reference="97"/>
            <set>false</set>
            <version></version>
            <creator/>
            <dateCreated id="317">2011-01-17 20:59:10</dateCreated>
            <changedBy/>
            <dateChanged id="318">2011-01-17 20:59:35</dateChanged>
            <names class="set" id="319">
              <org.openmrs.ConceptName id="320" uuid="107696BBBBBBBBBBBBBBBBBBBBBBBBBBBBBB">
                <conceptNameId>107696</conceptNameId>
                <concept reference="315"/>
                <name>STILL ON TREATMENT</name>
                <locale id="321">en</locale>
                <creator/>
                <dateCreated id="322">2011-01-17 20:59:10</dateCreated>
                <voided>false</voided>
                <voidedBy/>
                <tags class="set" id="323"/>
                <conceptNameType>FULLY_SPECIFIED</conceptNameType>
                <localePreferred>false</localePreferred>
              </org.openmrs.ConceptName>
            </names>
            <answers class="set" id="324"/>
            <conceptSets class="set" id="325"/>
            <descriptions class="set" id="326"/>
            <conceptMappings class="set" id="327">
              <org.openmrs.ConceptMap id="328" uuid="137930ABBBBBBBBBBBBBBBBBBBBBBBBBBBBB">
                <conceptMapType reference="70"/>
                <creator/>
                <changedBy/>
                <dateCreated id="329">2011-01-17 20:59:10</dateCreated>
                <conceptMapId>137930</conceptMapId>
                <concept reference="315"/>
                <conceptReferenceTerm id="330" resolves-to="org.openmrs.ConceptReferenceTerm" uuid="5a354c6e-e47f-3717-b166-055e7f562122">
                  <creator/>
                  <dateCreated id="332">2011-01-17 00:00:00</dateCreated>
                  <changedBy/>
                  <retired>false</retired>
                  <retiredBy/>
                  <conceptReferenceTermId>137930</conceptReferenceTermId>
                  <conceptSource reference="116"/>
                  <code>STILL ON TREATMENT</code>
                  <conceptReferenceTermMaps id="333"/>
                </conceptReferenceTerm>
              </org.openmrs.ConceptMap>
              <org.openmrs.ConceptMap id="334" uuid="137931ABBBBBBBBBBBBBBBBBBBBBBBBBBBBB">
                <conceptMapType reference="58"/>
                <creator/>
                <changedBy/>
                <dateCreated id="335">2011-01-17 20:59:10</dateCreated>
                <conceptMapId>137931</conceptMapId>
                <concept reference="315"/>
                <conceptReferenceTerm id="336" resolves-to="org.openmrs.ConceptReferenceTerm" uuid="150aa442-956e-3865-acf6-23f87a675332">
                  <creator/>
                  <dateCreated id="338">2011-01-17 00:00:00</dateCreated>
                  <changedBy/>
                  <retired>false</retired>
                  <retiredBy/>
                  <conceptReferenceTermId>137931</conceptReferenceTermId>
                  <conceptSource reference="65"/>
                  <code>410684002</code>
                  <conceptReferenceTermMaps id="339"/>
                </conceptReferenceTerm>
              </org.openmrs.ConceptMap>
            </conceptMappings>
          </concept>
          <conceptSet reference="81"/>
          <sortWeight>5.0</sortWeight>
          <creator/>
          <dateCreated id="340">2011-01-17 21:01:10</dateCreated>
        </org.openmrs.ConceptSet>
      </conceptSets>
      <descriptions class="set" id="341"/>
      <conceptMappings class="set" id="342">
        <org.openmrs.ConceptMap id="343" uuid="137932ABBBBBBBBBBBBBBBBBBBBBBBBBBBBB">
          <conceptMapType reference="70"/>
          <creator/>
          <changedBy/>
          <dateCreated id="344">2011-01-17 21:01:10</dateCreated>
          <conceptMapId>137932</conceptMapId>
          <concept reference="81"/>
          <conceptReferenceTerm id="345" resolves-to="org.openmrs.ConceptReferenceTerm" uuid="75e4b421-8168-3ff6-a3fb-241eb928563a">
            <creator/>
            <dateCreated id="347">2011-01-17 00:00:00</dateCreated>
            <changedBy/>
            <retired>false</retired>
            <retiredBy/>
            <conceptReferenceTermId>137932</conceptReferenceTermId>
            <conceptSource reference="116"/>
            <code>MULTI-DRUG RESISTANT TUBERCULOSIS TREATMENT OUTCOME</code>
            <conceptReferenceTermMaps id="348"/>
          </conceptReferenceTerm>
        </org.openmrs.ConceptMap>
      </conceptMappings>
    </outcomesConcept>
    <allWorkflows id="349"/>
  </org.openmrs.Program>
  <org.openmrs.Program id="350" uuid="dfdc6d40-2f2f-463d-ba90-cc97350441a8">
    <name>HIV Program</name>
    <description>Program for following or treating HIV-positive patients</description>
    <creator/>
    <dateCreated id="351">2012-06-23 04:13:06</dateCreated>
    <changedBy/>
    <dateChanged id="352">2012-08-08 02:05:40</dateChanged>
    <retired>false</retired>
    <programId>1</programId>
    <concept id="353" resolves-to="org.openmrs.Concept" uuid="160631AAAAAAAAAAAAAAAAAAAAAAAAAAAAAA">
      <conceptId>160631</conceptId>
      <retired>false</retired>
      <retiredBy/>
      <datatype reference="32"/>
      <conceptClass id="355" resolves-to="org.openmrs.ConceptClass" uuid="1edca368-768a-102f-83f4-12313b04a615">
        <name>Program</name>
        <description>Program concept</description>
        <creator/>
        <dateCreated id="357">2011-01-18 01:53:56</dateCreated>
        <retired>false</retired>
        <retiredBy/>
        <conceptClassId>18</conceptClassId>
      </conceptClass>
      <set>false</set>
      <version></version>
      <creator/>
      <dateCreated id="358">2012-06-23 14:33:42</dateCreated>
      <changedBy/>
      <names class="set" id="359">
        <org.openmrs.ConceptName id="360" uuid="109079BBBBBBBBBBBBBBBBBBBBBBBBBBBBBB">
          <conceptNameId>109079</conceptNameId>
          <concept reference="353"/>
          <name>HIV Program</name>
          <locale id="361">en</locale>
          <creator/>
          <dateCreated id="362">2012-06-23 14:33:42</dateCreated>
          <voided>false</voided>
          <voidedBy/>
          <tags class="set" id="363"/>
          <conceptNameType>FULLY_SPECIFIED</conceptNameType>
          <localePreferred>false</localePreferred>
        </org.openmrs.ConceptName>
      </names>
      <answers class="set" id="364"/>
      <conceptSets class="set" id="365"/>
      <descriptions class="set" id="366"/>
      <conceptMappings class="set" id="367">
        <org.openmrs.ConceptMap id="368" uuid="144745ABBBBBBBBBBBBBBBBBBBBBBBBBBBBB">
          <conceptMapType reference="70"/>
          <creator/>
          <changedBy/>
          <dateCreated id="369">2012-06-23 14:33:42</dateCreated>
          <conceptMapId>144745</conceptMapId>
          <concept reference="353"/>
          <conceptReferenceTerm id="370" resolves-to="org.openmrs.ConceptReferenceTerm" uuid="88d9d46d-29c3-3708-b504-8a0b8ef76670">
            <creator/>
            <dateCreated id="372">2012-06-23 00:00:00</dateCreated>
            <changedBy/>
            <retired>false</retired>
            <retiredBy/>
            <conceptReferenceTermId>144745</conceptReferenceTermId>
            <conceptSource reference="195"/>
            <code>1482</code>
            <conceptReferenceTermMaps id="373"/>
          </conceptReferenceTerm>
        </org.openmrs.ConceptMap>
        <org.openmrs.ConceptMap id="374" uuid="144744ABBBBBBBBBBBBBBBBBBBBBBBBBBBBB">
          <conceptMapType reference="58"/>
          <creator/>
          <changedBy/>
          <dateCreated id="375">2012-06-23 14:33:42</dateCreated>
          <conceptMapId>144744</conceptMapId>
          <concept reference="353"/>
          <conceptReferenceTerm reference="62"/>
        </org.openmrs.ConceptMap>
      </conceptMappings>
    </concept>
    <outcomesConcept id="376" resolves-to="org.openmrs.Concept" uuid="1695AAAAAAAAAAAAAAAAAAAAAAAAAAAAAAAA">
      <conceptId>1695</conceptId>
      <retired>false</retired>
      <retiredBy/>
      <datatype id="378" resolves-to="org.openmrs.ConceptDatatype" uuid="8d4a48b6-c2cc-11de-8d13-0010c6dffd0f">
        <name>Coded</name>
        <description>Value determined by term dictionary lookup (i.e., term identifier)</description>
        <creator/>
        <dateCreated id="380">2004-02-02 00:00:00</dateCreated>
        <retired>false</retired>
        <retiredBy/>
        <conceptDatatypeId>2</conceptDatatypeId>
        <hl7Abbreviation>CWE</hl7Abbreviation>
      </datatype>
      <conceptClass reference="241"/>
      <set>false</set>
      <version></version>
      <creator/>
      <dateCreated id="381">2009-05-13 12:34:56</dateCreated>
      <changedBy/>
      <dateChanged id="382">2010-12-30 19:41:02</dateChanged>
      <names class="set" id="383">
        <org.openmrs.ConceptName id="384" uuid="86978BBBBBBBBBBBBBBBBBBBBBBBBBBBBBBB">
          <conceptNameId>86978</conceptNameId>
          <concept reference="376"/>
          <name>discharge status</name>
          <locale id="385">en</locale>
          <creator/>
          <dateCreated id="386">2009-05-13 12:34:56</dateCreated>
          <voided>false</voided>
          <voidedBy/>
          <tags class="set" id="387"/>
          <conceptNameType>SHORT</conceptNameType>
          <localePreferred>false</localePreferred>
        </org.openmrs.ConceptName>
        <org.openmrs.ConceptName id="388" uuid="1975BBBBBBBBBBBBBBBBBBBBBBBBBBBBBBBB">
          <conceptNameId>1975</conceptNameId>
          <concept reference="376"/>
          <name>DISCHARGE STATUS</name>
          <locale id="389">en</locale>
          <creator/>
          <dateCreated id="390">2009-05-13 12:34:56</dateCreated>
          <voided>false</voided>
          <voidedBy/>
          <tags class="set" id="391"/>
          <conceptNameType>FULLY_SPECIFIED</conceptNameType>
          <localePreferred>false</localePreferred>
        </org.openmrs.ConceptName>
        <org.openmrs.ConceptName id="392" uuid="105885BBBBBBBBBBBBBBBBBBBBBBBBBBBBBB">
          <conceptNameId>105885</conceptNameId>
          <concept reference="376"/>
          <name>CONDITION DU PATIENT À SA DÉCHARGE</name>
          <locale id="393">fr</locale>
          <creator/>
          <dateCreated id="394">2010-05-03 17:07:47</dateCreated>
          <voided>false</voided>
          <voidedBy/>
          <tags class="set" id="395"/>
          <conceptNameType>FULLY_SPECIFIED</conceptNameType>
          <localePreferred>false</localePreferred>
        </org.openmrs.ConceptName>
      </names>
      <answers class="set" id="396">
        <org.openmrs.ConceptAnswer id="397" uuid="1485CCCCCCCCCCCCCCCCCCCCCCCCCCCCCCCC">
          <conceptAnswerId>1485</conceptAnswerId>
          <concept reference="376"/>
          <answerConcept id="398" resolves-to="org.openmrs.Concept" uuid="5622AAAAAAAAAAAAAAAAAAAAAAAAAAAAAAAA">
            <conceptId>5622</conceptId>
            <retired>false</retired>
            <retiredBy/>
            <datatype reference="32"/>
            <conceptClass reference="35"/>
            <set>false</set>
            <version></version>
            <creator/>
            <dateCreated id="400">2004-08-12 00:00:00</dateCreated>
            <changedBy/>
            <dateChanged id="401">2012-06-03 19:58:40</dateChanged>
            <names class="set" id="402">
              <org.openmrs.ConceptName id="403" uuid="2761BBBBBBBBBBBBBBBBBBBBBBBBBBBBBBBB">
                <conceptNameId>2761</conceptNameId>
                <concept reference="398"/>
                <name>OTHER NON-CODED</name>
                <locale id="404">en</locale>
                <creator/>
                <dateCreated id="405">2004-08-12 00:00:00</dateCreated>
                <voided>false</voided>
                <voidedBy/>
                <tags class="set" id="406"/>
                <conceptNameType>FULLY_SPECIFIED</conceptNameType>
                <localePreferred>false</localePreferred>
              </org.openmrs.ConceptName>
              <org.openmrs.ConceptName id="407" uuid="105802BBBBBBBBBBBBBBBBBBBBBBBBBBBBBB">
                <conceptNameId>105802</conceptNameId>
                <concept reference="398"/>
                <name>Autre et non codé</name>
                <locale id="408">fr</locale>
                <creator/>
                <dateCreated id="409">2010-05-03 16:52:33</dateCreated>
                <voided>false</voided>
                <voidedBy/>
                <tags class="set" id="410"/>
                <conceptNameType>FULLY_SPECIFIED</conceptNameType>
                <localePreferred>false</localePreferred>
              </org.openmrs.ConceptName>
            </names>
            <answers class="set" id="411"/>
            <conceptSets class="set" id="412"/>
            <descriptions class="set" id="413">
              <org.openmrs.ConceptDescription id="414" uuid="2253FFFFFFFFFFFFFFFFFFFFFFFFFFFFFFFF">
                <conceptDescriptionId>2253</conceptDescriptionId>
                <concept reference="398"/>
                <description>A generic, descriptive answer which is a handwritten, non-coded response to a question.</description>
                <locale id="415">en</locale>
                <creator/>
                <dateCreated id="416">2004-08-12 00:00:00</dateCreated>
                <changedBy/>
                <dateChanged id="417">2012-06-03 19:58:40</dateChanged>
              </org.openmrs.ConceptDescription>
            </descriptions>
            <conceptMappings class="set" id="418">
              <org.openmrs.ConceptMap id="419" uuid="135771ABBBBBBBBBBBBBBBBBBBBBBBBBBBBB">
                <conceptMapType reference="70"/>
                <creator/>
                <changedBy/>
                <dateCreated id="420">2010-10-24 13:09:59</dateCreated>
                <conceptMapId>135771</conceptMapId>
                <concept reference="398"/>
                <conceptReferenceTerm id="421" resolves-to="org.openmrs.ConceptReferenceTerm" uuid="de4dbf4f-b5ee-3d32-9ce6-ca2e15c2e1b3">
                  <creator/>
                  <dateCreated id="423">2010-10-24 00:00:00</dateCreated>
                  <changedBy/>
                  <retired>false</retired>
                  <retiredBy/>
                  <conceptReferenceTermId>135771</conceptReferenceTermId>
                  <conceptSource reference="186"/>
                  <code>5622</code>
                  <conceptReferenceTermMaps id="424"/>
                </conceptReferenceTerm>
              </org.openmrs.ConceptMap>
              <org.openmrs.ConceptMap id="425" uuid="144395ABBBBBBBBBBBBBBBBBBBBBBBBBBBBB">
                <conceptMapType reference="70"/>
                <creator/>
                <changedBy/>
                <dateCreated id="426">2012-06-03 19:58:40</dateCreated>
                <conceptMapId>144395</conceptMapId>
                <concept reference="398"/>
                <conceptReferenceTerm id="427" resolves-to="org.openmrs.ConceptReferenceTerm" uuid="49fd39a2-2b4a-38c2-8f0e-0cb9a7e0fe22">
                  <creator/>
                  <dateCreated id="429">2012-06-03 00:00:00</dateCreated>
                  <changedBy/>
                  <retired>false</retired>
                  <retiredBy/>
                  <conceptReferenceTermId>144395</conceptReferenceTermId>
                  <conceptSource id="430" resolves-to="org.openmrs.ConceptSource" uuid="12ADDDDDDDDDDDDDDDDDDDDDDDDDDDDDDDDD">
                    <name>PIH Malawi</name>
                    <description>Partners in Health Malawi concept dictionary</description>
                    <creator/>
                    <dateCreated id="432">2010-10-24 17:02:20</dateCreated>
                    <retired>false</retired>
                    <retiredBy/>
                    <conceptSourceId>12</conceptSourceId>
                  </conceptSource>
                  <code>6408</code>
                  <conceptReferenceTermMaps id="433"/>
                </conceptReferenceTerm>
              </org.openmrs.ConceptMap>
              <org.openmrs.ConceptMap id="434" uuid="143666ABBBBBBBBBBBBBBBBBBBBBBBBBBBBB">
                <conceptMapType reference="70"/>
                <creator/>
                <changedBy/>
                <dateCreated id="435">2011-05-27 14:13:52</dateCreated>
                <conceptMapId>143666</conceptMapId>
                <concept reference="398"/>
                <conceptReferenceTerm id="436" resolves-to="org.openmrs.ConceptReferenceTerm" uuid="142f78e3-31a5-3969-a405-286a699f711f">
                  <creator/>
                  <dateCreated id="438">2011-05-27 00:00:00</dateCreated>
                  <changedBy/>
                  <retired>false</retired>
                  <retiredBy/>
                  <conceptReferenceTermId>143663</conceptReferenceTermId>
                  <conceptSource reference="195"/>
                  <code>5622</code>
                  <conceptReferenceTermMaps id="439"/>
                </conceptReferenceTerm>
              </org.openmrs.ConceptMap>
              <org.openmrs.ConceptMap id="440" uuid="141670ABBBBBBBBBBBBBBBBBBBBBBBBBBBBB">
                <conceptMapType reference="70"/>
                <creator/>
                <changedBy/>
                <dateCreated id="441">2011-02-10 16:54:39</dateCreated>
                <conceptMapId>141670</conceptMapId>
                <concept reference="398"/>
                <conceptReferenceTerm id="442" resolves-to="org.openmrs.ConceptReferenceTerm" uuid="cd9bed8e-d47a-38bd-a677-695644801d87">
                  <creator/>
                  <dateCreated id="444">2011-02-10 00:00:00</dateCreated>
                  <changedBy/>
                  <retired>false</retired>
                  <retiredBy/>
                  <conceptReferenceTermId>141670</conceptReferenceTermId>
                  <conceptSource id="445" resolves-to="org.openmrs.ConceptSource" uuid="14ADDDDDDDDDDDDDDDDDDDDDDDDDDDDDDDDD">
                    <name>SNOMED MVP</name>
                    <description>MVP Namespace Identifier extensions to SNOMED CT</description>
                    <creator/>
                    <dateCreated id="447">2010-12-03 18:18:39</dateCreated>
                    <retired>false</retired>
                    <retiredBy/>
                    <conceptSourceId>14</conceptSourceId>
                  </conceptSource>
                  <code>56221000105001</code>
                  <conceptReferenceTermMaps id="448"/>
                </conceptReferenceTerm>
              </org.openmrs.ConceptMap>
              <org.openmrs.ConceptMap id="449" uuid="137766ABBBBBBBBBBBBBBBBBBBBBBBBBBBBB">
                <conceptMapType reference="58"/>
                <creator/>
                <changedBy/>
                <dateCreated id="450">2011-01-15 13:27:39</dateCreated>
                <conceptMapId>137766</conceptMapId>
                <concept reference="398"/>
                <conceptReferenceTerm id="451" resolves-to="org.openmrs.ConceptReferenceTerm" uuid="17744715-bb7d-3022-96d3-2e2144a778d4">
                  <creator/>
                  <dateCreated id="453">2011-01-15 00:00:00</dateCreated>
                  <changedBy/>
                  <retired>false</retired>
                  <retiredBy/>
                  <conceptReferenceTermId>137766</conceptReferenceTermId>
                  <conceptSource reference="65"/>
                  <code>74964007</code>
                  <conceptReferenceTermMaps id="454"/>
                </conceptReferenceTerm>
              </org.openmrs.ConceptMap>
              <org.openmrs.ConceptMap id="455" uuid="137878ABBBBBBBBBBBBBBBBBBBBBBBBBBBBB">
                <conceptMapType reference="70"/>
                <creator/>
                <changedBy/>
                <dateCreated id="456">2011-01-17 15:43:23</dateCreated>
                <conceptMapId>137878</conceptMapId>
                <concept reference="398"/>
                <conceptReferenceTerm id="457" resolves-to="org.openmrs.ConceptReferenceTerm" uuid="a4138b87-50d9-30b1-aea4-9fc620570cc6">
                  <creator/>
                  <dateCreated id="459">2011-01-17 00:00:00</dateCreated>
                  <changedBy/>
                  <retired>false</retired>
                  <retiredBy/>
                  <conceptReferenceTermId>137878</conceptReferenceTermId>
                  <conceptSource reference="116"/>
                  <code>OTHER</code>
                  <conceptReferenceTermMaps id="460"/>
                </conceptReferenceTerm>
              </org.openmrs.ConceptMap>
            </conceptMappings>
          </answerConcept>
          <creator/>
          <dateCreated id="461">2009-05-13 12:34:56</dateCreated>
          <sortWeight>1485.0</sortWeight>
        </org.openmrs.ConceptAnswer>
        <org.openmrs.ConceptAnswer id="462" uuid="1483CCCCCCCCCCCCCCCCCCCCCCCCCCCCCCCC">
          <conceptAnswerId>1483</conceptAnswerId>
          <concept reference="376"/>
          <answerConcept id="463" resolves-to="org.openmrs.Concept" uuid="1693AAAAAAAAAAAAAAAAAAAAAAAAAAAAAAAA">
            <conceptId>1693</conceptId>
            <retired>false</retired>
            <retiredBy/>
            <datatype id="465" resolves-to="org.openmrs.ConceptDatatype" uuid="8d4a5cca-c2cc-11de-8d13-0010c6dffd0f">
              <name>Boolean</name>
              <description>Boolean value (yes/no, true/false)</description>
              <creator/>
              <dateCreated id="467">2004-08-26 00:00:00</dateCreated>
              <retired>false</retired>
              <retiredBy/>
              <conceptDatatypeId>10</conceptDatatypeId>
              <hl7Abbreviation>BIT</hl7Abbreviation>
            </datatype>
            <conceptClass reference="241"/>
            <set>false</set>
            <version></version>
            <creator/>
            <dateCreated id="468">2009-05-13 12:32:19</dateCreated>
            <changedBy/>
            <dateChanged id="469">2011-02-04 20:58:22</dateChanged>
            <names class="set" id="470">
              <org.openmrs.ConceptName id="471" uuid="1973BBBBBBBBBBBBBBBBBBBBBBBBBBBBBBBB">
                <conceptNameId>1973</conceptNameId>
                <concept reference="463"/>
                <name>TRANSFERRED</name>
                <locale id="472">en</locale>
                <creator/>
                <dateCreated id="473">2009-05-13 12:32:19</dateCreated>
                <voided>false</voided>
                <voidedBy/>
                <tags class="set" id="474"/>
                <conceptNameType>FULLY_SPECIFIED</conceptNameType>
                <localePreferred>false</localePreferred>
              </org.openmrs.ConceptName>
              <org.openmrs.ConceptName id="475" uuid="106177BBBBBBBBBBBBBBBBBBBBBBBBBBBBBB">
                <conceptNameId>106177</conceptNameId>
                <concept reference="463"/>
                <name>TRANSFERT</name>
                <locale id="476">fr</locale>
                <creator/>
                <dateCreated id="477">2010-05-03 17:11:20</dateCreated>
                <voided>false</voided>
                <voidedBy/>
                <tags class="set" id="478"/>
                <conceptNameType>FULLY_SPECIFIED</conceptNameType>
                <localePreferred>false</localePreferred>
              </org.openmrs.ConceptName>
              <org.openmrs.ConceptName id="479" uuid="86976BBBBBBBBBBBBBBBBBBBBBBBBBBBBBBB">
                <conceptNameId>86976</conceptNameId>
                <concept reference="463"/>
                <name>transferred</name>
                <locale id="480">en</locale>
                <creator/>
                <dateCreated id="481">2009-05-13 12:32:19</dateCreated>
                <voided>false</voided>
                <voidedBy/>
                <tags class="set" id="482"/>
                <conceptNameType>SHORT</conceptNameType>
                <localePreferred>false</localePreferred>
              </org.openmrs.ConceptName>
            </names>
            <answers class="set" id="483"/>
            <conceptSets class="set" id="484"/>
            <descriptions class="set" id="485"/>
            <conceptMappings class="set" id="486">
              <org.openmrs.ConceptMap id="487" uuid="132706ABBBBBBBBBBBBBBBBBBBBBBBBBBBBB">
                <conceptMapType reference="70"/>
                <creator/>
                <changedBy/>
                <dateCreated id="488">2010-08-23 15:49:10</dateCreated>
                <conceptMapId>132706</conceptMapId>
                <concept reference="463"/>
                <conceptReferenceTerm id="489" resolves-to="org.openmrs.ConceptReferenceTerm" uuid="82331ac0-721e-3f2b-a456-6387d25c6b7d">
                  <creator/>
                  <dateCreated id="491">2010-08-23 00:00:00</dateCreated>
                  <changedBy/>
                  <retired>false</retired>
                  <retiredBy/>
                  <conceptReferenceTermId>132706</conceptReferenceTermId>
                  <conceptSource reference="195"/>
                  <code>3000</code>
                  <conceptReferenceTermMaps id="492"/>
                </conceptReferenceTerm>
              </org.openmrs.ConceptMap>
              <org.openmrs.ConceptMap id="493" uuid="137531ABBBBBBBBBBBBBBBBBBBBBBBBBBBBB">
                <conceptMapType reference="58"/>
                <creator/>
                <changedBy/>
                <dateCreated id="494">2010-12-30 19:34:43</dateCreated>
                <conceptMapId>137531</conceptMapId>
                <concept reference="463"/>
                <conceptReferenceTerm id="495" resolves-to="org.openmrs.ConceptReferenceTerm" uuid="71bb768c-4d3d-3a7a-afd4-e06988f0146f">
                  <creator/>
                  <dateCreated id="497">2010-12-30 00:00:00</dateCreated>
                  <changedBy/>
                  <retired>false</retired>
                  <retiredBy/>
                  <conceptReferenceTermId>137531</conceptReferenceTermId>
                  <conceptSource reference="65"/>
                  <code>266751003</code>
                  <conceptReferenceTermMaps id="498"/>
                </conceptReferenceTerm>
              </org.openmrs.ConceptMap>
              <org.openmrs.ConceptMap id="499" uuid="132639ABBBBBBBBBBBBBBBBBBBBBBBBBBBBB">
                <conceptMapType reference="70"/>
                <creator/>
                <changedBy/>
                <dateCreated id="500">2010-08-23 15:49:10</dateCreated>
                <conceptMapId>132639</conceptMapId>
                <concept reference="463"/>
                <conceptReferenceTerm id="501" resolves-to="org.openmrs.ConceptReferenceTerm" uuid="0eced425-8304-32e9-af97-fbcecc91dc2a">
                  <creator/>
                  <dateCreated id="503">2010-08-23 00:00:00</dateCreated>
                  <changedBy/>
                  <retired>false</retired>
                  <retiredBy/>
                  <conceptReferenceTermId>132639</conceptReferenceTermId>
                  <conceptSource reference="195"/>
                  <code>1744</code>
                  <conceptReferenceTermMaps id="504"/>
                </conceptReferenceTerm>
              </org.openmrs.ConceptMap>
              <org.openmrs.ConceptMap id="505" uuid="137922ABBBBBBBBBBBBBBBBBBBBBBBBBBBBB">
                <conceptMapType reference="70"/>
                <creator/>
                <changedBy/>
                <dateCreated id="506">2011-01-17 20:47:18</dateCreated>
                <conceptMapId>137922</conceptMapId>
                <concept reference="463"/>
                <conceptReferenceTerm id="507" resolves-to="org.openmrs.ConceptReferenceTerm" uuid="d6164341-f1fb-3e45-b82d-94c2ae65e3d0">
                  <creator/>
                  <dateCreated id="509">2011-01-17 00:00:00</dateCreated>
                  <changedBy/>
                  <retired>false</retired>
                  <retiredBy/>
                  <conceptReferenceTermId>137922</conceptReferenceTermId>
                  <conceptSource reference="116"/>
                  <code>TRANSFER</code>
                  <conceptReferenceTermMaps id="510"/>
                </conceptReferenceTerm>
              </org.openmrs.ConceptMap>
              <org.openmrs.ConceptMap id="511" uuid="141569ABBBBBBBBBBBBBBBBBBBBBBBBBBBBB">
                <conceptMapType reference="70"/>
                <creator/>
                <changedBy/>
                <dateCreated id="512">2011-02-04 20:58:22</dateCreated>
                <conceptMapId>141569</conceptMapId>
                <concept reference="463"/>
                <conceptReferenceTerm id="513" resolves-to="org.openmrs.ConceptReferenceTerm" uuid="b3f7133c-ee98-34ec-a8da-6200b36a5cd8">
                  <creator/>
                  <dateCreated id="515">2011-02-04 00:00:00</dateCreated>
                  <changedBy/>
                  <retired>false</retired>
                  <retiredBy/>
                  <conceptReferenceTermId>141569</conceptReferenceTermId>
                  <conceptSource reference="445"/>
                  <code>16931000105000</code>
                  <conceptReferenceTermMaps id="516"/>
                </conceptReferenceTerm>
              </org.openmrs.ConceptMap>
            </conceptMappings>
          </answerConcept>
          <creator/>
          <dateCreated id="517">2009-05-13 12:34:56</dateCreated>
          <sortWeight>1483.0</sortWeight>
        </org.openmrs.ConceptAnswer>
        <org.openmrs.ConceptAnswer id="518" uuid="1486CCCCCCCCCCCCCCCCCCCCCCCCCCCCCCCC">
          <conceptAnswerId>1486</conceptAnswerId>
          <concept reference="376"/>
          <answerConcept id="519" resolves-to="org.openmrs.Concept" uuid="159AAAAAAAAAAAAAAAAAAAAAAAAAAAAAAAAA">
            <conceptId>159</conceptId>
            <retired>false</retired>
            <retiredBy/>
            <datatype reference="32"/>
            <conceptClass reference="156"/>
            <set>false</set>
            <version></version>
            <creator/>
            <dateCreated id="521">2004-01-01 00:00:00</dateCreated>
            <changedBy/>
            <dateChanged id="522">2010-12-05 17:51:52</dateChanged>
            <names class="set" id="523">
              <org.openmrs.ConceptName id="524" uuid="181BBBBBBBBBBBBBBBBBBBBBBBBBBBBBBBBB">
                <conceptNameId>181</conceptNameId>
                <concept reference="519"/>
                <name>DÉCÉDÉ</name>
                <locale id="525">fr</locale>
                <creator/>
                <dateCreated id="526">2007-08-17 12:32:24</dateCreated>
                <voided>false</voided>
                <voidedBy/>
                <tags class="set" id="527"/>
                <conceptNameType>FULLY_SPECIFIED</conceptNameType>
                <localePreferred>false</localePreferred>
              </org.openmrs.ConceptName>
              <org.openmrs.ConceptName id="528" uuid="180BBBBBBBBBBBBBBBBBBBBBBBBBBBBBBBBB">
                <conceptNameId>180</conceptNameId>
                <concept reference="519"/>
                <name>DECEASED</name>
                <locale id="529">en</locale>
                <creator/>
                <dateCreated id="530">2004-01-01 00:00:00</dateCreated>
                <voided>false</voided>
                <voidedBy/>
                <tags class="set" id="531"/>
                <conceptNameType>FULLY_SPECIFIED</conceptNameType>
                <localePreferred>false</localePreferred>
              </org.openmrs.ConceptName>
              <org.openmrs.ConceptName id="532" uuid="182BBBBBBBBBBBBBBBBBBBBBBBBBBBBBBBBB">
                <conceptNameId>182</conceptNameId>
                <concept reference="519"/>
                <name>Mfiwa</name>
                <locale id="533">sw</locale>
                <creator/>
                <dateCreated id="534">2007-12-11 21:28:21</dateCreated>
                <voided>false</voided>
                <voidedBy/>
                <tags class="set" id="535"/>
                <conceptNameType>FULLY_SPECIFIED</conceptNameType>
                <localePreferred>false</localePreferred>
              </org.openmrs.ConceptName>
            </names>
            <answers class="set" id="536"/>
            <conceptSets class="set" id="537"/>
            <descriptions class="set" id="538">
              <org.openmrs.ConceptDescription id="539" uuid="159FFFFFFFFFFFFFFFFFFFFFFFFFFFFFFFFF">
                <conceptDescriptionId>159</conceptDescriptionId>
                <concept reference="519"/>
                <description>aliyefiwa au mfiwa</description>
                <locale id="540">sw</locale>
                <creator/>
                <dateCreated id="541">2007-12-11 21:28:21</dateCreated>
                <changedBy/>
              </org.openmrs.ConceptDescription>
              <org.openmrs.ConceptDescription id="542" uuid="158FFFFFFFFFFFFFFFFFFFFFFFFFFFFFFFFF">
                <conceptDescriptionId>158</conceptDescriptionId>
                <concept reference="519"/>
                <description>Patient died.</description>
                <locale id="543">en</locale>
                <creator/>
                <dateCreated id="544">2004-01-01 00:00:00</dateCreated>
                <changedBy/>
              </org.openmrs.ConceptDescription>
            </descriptions>
            <conceptMappings class="set" id="545">
              <org.openmrs.ConceptMap id="546" uuid="134021ABBBBBBBBBBBBBBBBBBBBBBBBBBBBB">
                <conceptMapType reference="70"/>
                <creator/>
                <changedBy/>
                <dateCreated id="547">2010-10-24 13:09:59</dateCreated>
                <conceptMapId>134021</conceptMapId>
                <concept reference="519"/>
                <conceptReferenceTerm id="548" resolves-to="org.openmrs.ConceptReferenceTerm" uuid="6e2ddd50-b700-35f1-8a0c-63edb766eb6a">
                  <creator/>
                  <dateCreated id="550">2010-10-24 00:00:00</dateCreated>
                  <changedBy/>
                  <retired>false</retired>
                  <retiredBy/>
                  <conceptReferenceTermId>134021</conceptReferenceTermId>
                  <conceptSource reference="186"/>
                  <code>159</code>
                  <conceptReferenceTermMaps id="551"/>
                </conceptReferenceTerm>
              </org.openmrs.ConceptMap>
              <org.openmrs.ConceptMap id="552" uuid="137046ABBBBBBBBBBBBBBBBBBBBBBBBBBBBB">
                <conceptMapType reference="70"/>
                <creator/>
                <changedBy/>
                <dateCreated id="553">2010-12-05 17:51:52</dateCreated>
                <conceptMapId>137046</conceptMapId>
                <concept reference="519"/>
                <conceptReferenceTerm reference="122"/>
              </org.openmrs.ConceptMap>
            </conceptMappings>
          </answerConcept>
          <creator/>
          <dateCreated id="554">2009-05-13 12:34:56</dateCreated>
          <sortWeight>1486.0</sortWeight>
        </org.openmrs.ConceptAnswer>
        <org.openmrs.ConceptAnswer id="555" uuid="1482CCCCCCCCCCCCCCCCCCCCCCCCCCCCCCCC">
          <conceptAnswerId>1482</conceptAnswerId>
          <concept reference="376"/>
          <answerConcept id="556" resolves-to="org.openmrs.Concept" uuid="1694AAAAAAAAAAAAAAAAAAAAAAAAAAAAAAAA">
            <conceptId>1694</conceptId>
            <retired>false</retired>
            <retiredBy/>
            <datatype reference="465"/>
            <conceptClass reference="241"/>
            <set>false</set>
            <version></version>
            <creator/>
            <dateCreated id="558">2009-05-13 12:33:09</dateCreated>
            <changedBy/>
            <dateChanged id="559">2010-12-30 19:37:50</dateChanged>
            <names class="set" id="560">
              <org.openmrs.ConceptName id="561" uuid="105998BBBBBBBBBBBBBBBBBBBBBBBBBBBBBB">
                <conceptNameId>105998</conceptNameId>
                <concept reference="556"/>
                <name>SORTIE CONTRE AVIS MÉDICAL</name>
                <locale id="562">fr</locale>
                <creator/>
                <dateCreated id="563">2010-05-03 17:11:17</dateCreated>
                <voided>false</voided>
                <voidedBy/>
                <tags class="set" id="564"/>
                <conceptNameType>FULLY_SPECIFIED</conceptNameType>
                <localePreferred>false</localePreferred>
              </org.openmrs.ConceptName>
              <org.openmrs.ConceptName id="565" uuid="86977BBBBBBBBBBBBBBBBBBBBBBBBBBBBBBB">
                <conceptNameId>86977</conceptNameId>
                <concept reference="556"/>
                <name>left AMA</name>
                <locale id="566">en</locale>
                <creator/>
                <dateCreated id="567">2009-05-13 12:33:09</dateCreated>
                <voided>false</voided>
                <voidedBy/>
                <tags class="set" id="568"/>
                <conceptNameType>SHORT</conceptNameType>
                <localePreferred>false</localePreferred>
              </org.openmrs.ConceptName>
              <org.openmrs.ConceptName id="569" uuid="97940BBBBBBBBBBBBBBBBBBBBBBBBBBBBBBB">
                <conceptNameId>97940</conceptNameId>
                <concept reference="556"/>
                <name>SELF-DISCHARGED</name>
                <locale id="570">en</locale>
                <creator/>
                <dateCreated id="571">2009-05-13 12:33:09</dateCreated>
                <voided>false</voided>
                <voidedBy/>
                <tags class="set" id="572"/>
                <localePreferred>false</localePreferred>
              </org.openmrs.ConceptName>
              <org.openmrs.ConceptName id="573" uuid="1974BBBBBBBBBBBBBBBBBBBBBBBBBBBBBBBB">
                <conceptNameId>1974</conceptNameId>
                <concept reference="556"/>
                <name>LEFT AGAINST MEDICAL ADVICE</name>
                <locale id="574">en</locale>
                <creator/>
                <dateCreated id="575">2009-05-13 12:33:09</dateCreated>
                <voided>false</voided>
                <voidedBy/>
                <tags class="set" id="576"/>
                <conceptNameType>FULLY_SPECIFIED</conceptNameType>
                <localePreferred>false</localePreferred>
              </org.openmrs.ConceptName>
              <org.openmrs.ConceptName id="577" uuid="93887BBBBBBBBBBBBBBBBBBBBBBBBBBBBBBB">
                <conceptNameId>93887</conceptNameId>
                <concept reference="556"/>
                <name>LEFT AMA</name>
                <locale id="578">en</locale>
                <creator/>
                <dateCreated id="579">2009-05-13 12:33:09</dateCreated>
                <voided>false</voided>
                <voidedBy/>
                <tags class="set" id="580"/>
                <localePreferred>false</localePreferred>
              </org.openmrs.ConceptName>
            </names>
            <answers class="set" id="581"/>
            <conceptSets class="set" id="582"/>
            <descriptions class="set" id="583"/>
            <conceptMappings class="set" id="584">
              <org.openmrs.ConceptMap id="585" uuid="137532ABBBBBBBBBBBBBBBBBBBBBBBBBBBBB">
                <conceptMapType reference="70"/>
                <creator/>
                <changedBy/>
                <dateCreated id="586">2010-12-30 19:37:50</dateCreated>
                <conceptMapId>137532</conceptMapId>
                <concept reference="556"/>
                <conceptReferenceTerm id="587" resolves-to="org.openmrs.ConceptReferenceTerm" uuid="2549e903-25a0-3738-844d-fe896e63cb0d">
                  <creator/>
                  <dateCreated id="589">2010-12-30 00:00:00</dateCreated>
                  <changedBy/>
                  <retired>false</retired>
                  <retiredBy/>
                  <conceptReferenceTermId>137532</conceptReferenceTermId>
                  <conceptSource reference="77"/>
                  <code>445060000</code>
                  <conceptReferenceTermMaps id="590"/>
                </conceptReferenceTerm>
              </org.openmrs.ConceptMap>
            </conceptMappings>
          </answerConcept>
          <creator/>
          <dateCreated id="591">2009-05-13 12:34:56</dateCreated>
          <sortWeight>1482.0</sortWeight>
        </org.openmrs.ConceptAnswer>
        <org.openmrs.ConceptAnswer id="592" uuid="1484CCCCCCCCCCCCCCCCCCCCCCCCCCCCCCCC">
          <conceptAnswerId>1484</conceptAnswerId>
          <concept reference="376"/>
          <answerConcept id="593" resolves-to="org.openmrs.Concept" uuid="1692AAAAAAAAAAAAAAAAAAAAAAAAAAAAAAAA">
            <conceptId>1692</conceptId>
            <retired>false</retired>
            <retiredBy/>
            <datatype reference="465"/>
            <conceptClass reference="241"/>
            <set>false</set>
            <version></version>
            <creator/>
            <dateCreated id="595">2009-05-13 12:31:43</dateCreated>
            <changedBy/>
            <dateChanged id="596">2010-09-23 12:54:09</dateChanged>
            <names class="set" id="597">
              <org.openmrs.ConceptName id="598" uuid="86975BBBBBBBBBBBBBBBBBBBBBBBBBBBBBBB">
                <conceptNameId>86975</conceptNameId>
                <concept reference="593"/>
                <name>discharged</name>
                <locale id="599">en</locale>
                <creator/>
                <dateCreated id="600">2009-05-13 12:31:43</dateCreated>
                <voided>false</voided>
                <voidedBy/>
                <tags class="set" id="601"/>
                <conceptNameType>SHORT</conceptNameType>
                <localePreferred>false</localePreferred>
              </org.openmrs.ConceptName>
              <org.openmrs.ConceptName id="602" uuid="105886BBBBBBBBBBBBBBBBBBBBBBBBBBBBBB">
                <conceptNameId>105886</conceptNameId>
                <concept reference="593"/>
                <name>DÉCHARGE SIGNÉE</name>
                <locale id="603">fr</locale>
                <creator/>
                <dateCreated id="604">2010-05-03 17:07:47</dateCreated>
                <voided>false</voided>
                <voidedBy/>
                <tags class="set" id="605"/>
                <conceptNameType>FULLY_SPECIFIED</conceptNameType>
                <localePreferred>false</localePreferred>
              </org.openmrs.ConceptName>
              <org.openmrs.ConceptName id="606" uuid="1972BBBBBBBBBBBBBBBBBBBBBBBBBBBBBBBB">
                <conceptNameId>1972</conceptNameId>
                <concept reference="593"/>
                <name>DISCHARGED</name>
                <locale id="607">en</locale>
                <creator/>
                <dateCreated id="608">2009-05-13 12:31:43</dateCreated>
                <voided>false</voided>
                <voidedBy/>
                <tags class="set" id="609"/>
                <conceptNameType>FULLY_SPECIFIED</conceptNameType>
                <localePreferred>false</localePreferred>
              </org.openmrs.ConceptName>
            </names>
            <answers class="set" id="610"/>
            <conceptSets class="set" id="611"/>
            <descriptions class="set" id="612"/>
            <conceptMappings class="set" id="613">
              <org.openmrs.ConceptMap id="614" uuid="132726ABBBBBBBBBBBBBBBBBBBBBBBBBBBBB">
                <conceptMapType reference="70"/>
                <creator/>
                <changedBy/>
                <dateCreated id="615">2010-08-23 15:49:10</dateCreated>
                <conceptMapId>132726</conceptMapId>
                <concept reference="593"/>
                <conceptReferenceTerm id="616" resolves-to="org.openmrs.ConceptReferenceTerm" uuid="fc81d755-a94c-34aa-8440-9980df0cb6a3">
                  <creator/>
                  <dateCreated id="618">2010-08-23 00:00:00</dateCreated>
                  <changedBy/>
                  <retired>false</retired>
                  <retiredBy/>
                  <conceptReferenceTermId>132726</conceptReferenceTermId>
                  <conceptSource reference="77"/>
                  <code>183665006</code>
                  <conceptReferenceTermMaps id="619"/>
                </conceptReferenceTerm>
              </org.openmrs.ConceptMap>
              <org.openmrs.ConceptMap id="620" uuid="133415ABBBBBBBBBBBBBBBBBBBBBBBBBBBBB">
                <conceptMapType reference="70"/>
                <creator/>
                <changedBy/>
                <dateCreated id="621">2010-09-20 17:27:10</dateCreated>
                <conceptMapId>133415</conceptMapId>
                <concept reference="593"/>
                <conceptReferenceTerm id="622" resolves-to="org.openmrs.ConceptReferenceTerm" uuid="c3cff5e9-e759-3bbf-8a39-6e8adb497f1d">
                  <creator/>
                  <dateCreated id="624">2010-09-20 00:00:00</dateCreated>
                  <changedBy/>
                  <retired>false</retired>
                  <retiredBy/>
                  <conceptReferenceTermId>133415</conceptReferenceTermId>
                  <conceptSource reference="195"/>
                  <code>3626</code>
                  <conceptReferenceTermMaps id="625"/>
                </conceptReferenceTerm>
              </org.openmrs.ConceptMap>
            </conceptMappings>
          </answerConcept>
          <creator/>
          <dateCreated id="626">2009-05-13 12:34:56</dateCreated>
          <sortWeight>1484.0</sortWeight>
        </org.openmrs.ConceptAnswer>
      </answers>
      <conceptSets class="set" id="627"/>
      <descriptions class="set" id="628">
        <org.openmrs.ConceptDescription id="629" uuid="1529FFFFFFFFFFFFFFFFFFFFFFFFFFFFFFFF">
          <conceptDescriptionId>1529</conceptDescriptionId>
          <concept reference="376"/>
          <description>Status of patient on discharge.</description>
          <locale id="630">en</locale>
          <creator/>
          <dateCreated id="631">2009-05-13 12:34:56</dateCreated>
          <changedBy/>
        </org.openmrs.ConceptDescription>
      </descriptions>
      <conceptMappings class="set" id="632">
        <org.openmrs.ConceptMap id="633" uuid="137533ABBBBBBBBBBBBBBBBBBBBBBBBBBBBB">
          <conceptMapType reference="70"/>
          <creator/>
          <changedBy/>
          <dateCreated id="634">2010-12-30 19:41:02</dateCreated>
          <conceptMapId>137533</conceptMapId>
          <concept reference="376"/>
          <conceptReferenceTerm id="635" resolves-to="org.openmrs.ConceptReferenceTerm" uuid="a595264f-9d6f-36f2-9ae6-141f1f0efdd7">
            <creator/>
            <dateCreated id="637">2010-12-30 00:00:00</dateCreated>
            <changedBy/>
            <retired>false</retired>
            <retiredBy/>
            <conceptReferenceTermId>137533</conceptReferenceTermId>
            <conceptSource reference="77"/>
            <code>309039003</code>
            <conceptReferenceTermMaps id="638"/>
          </conceptReferenceTerm>
        </org.openmrs.ConceptMap>
      </conceptMappings>
    </outcomesConcept>
    <allWorkflows id="639"/>
  </org.openmrs.Program>
  <org.openmrs.Provider id="640" uuid="ae01b8ff-a4cc-4012-bcf7-72359e852e14">
    <creator/>
    <dateCreated id="641">2012-08-08 23:40:58</dateCreated>
    <retired>false</retired>
    <attributes id="642"/>
    <log class="org.apache.commons.logging.impl.SLF4JLocationAwareLog" id="643">
      <name>org.openmrs.Provider</name>
    </log>
    <providerId>2</providerId>
    <person id="644" resolves-to="org.openmrs.Person" uuid="1cc7dc79-ad09-4897-8a1d-0b3d3226e9ee">
      <voided>false</voided>
      <personId>9</personId>
      <addresses class="tree-set" id="646">
        <no-comparator/>
      </addresses>
      <names class="tree-set" id="647">
        <no-comparator/>
        <org.openmrs.PersonName id="648" uuid="02d1c5a1-ee17-4b0b-ad7a-5f37766d020e">
          <creator/>
          <dateCreated id="649">2012-08-08 23:40:16</dateCreated>
          <voided>false</voided>
          <personNameId>9</personNameId>
          <person reference="644"/>
          <preferred>false</preferred>
          <givenName>Unknown</givenName>
          <familyName>Provider</familyName>
        </org.openmrs.PersonName>
      </names>
      <attributes class="tree-set" id="650">
        <no-comparator/>
      </attributes>
      <gender>F</gender>
      <birthdateEstimated>false</birthdateEstimated>
      <dead>false</dead>
      <personCreator/>
      <personDateCreated id="651">2012-08-08 23:40:16</personDateCreated>
      <personVoided>false</personVoided>
      <isPatient>false</isPatient>
    </person>
    <identifier>UNKNOWN</identifier>
  </org.openmrs.Provider>
</list>
