<?xml version="1.0" encoding="UTF-8"?>
<package id="1" uuid="86af83aa-8857-4d25-b3d7-b7f4ce315d08">
  <dateCreated id="2">2012-07-04 02:49:37</dateCreated>
  <name>Kenya EMR Forms</name>
  <description>HTML Forms</description>
  <openmrsVersion>1.9.0 RC4 Build 27471</openmrsVersion>
  <version>9</version>
  <groupUuid>c66d041c-563e-4438-83eb-ad5f32c6e97a</groupUuid>
  <modules id="3">
    <entry>
      <string>uilibrary</string>
      <string>1.3</string>
    </entry>
    <entry>
      <string>htmlwidgets</string>
      <string>1.6.0</string>
    </entry>
    <entry>
      <string>moduledistro</string>
      <string>1.2-SNAPSHOT</string>
    </entry>
    <entry>
      <string>uiframework</string>
      <string>1.5</string>
    </entry>
    <entry>
      <string>htmlformentry</string>
      <string>1.9.5-SNAPSHOT</string>
    </entry>
    <entry>
      <string>htmlformentry19ext</string>
      <string>0.9</string>
    </entry>
    <entry>
      <string>metadatasharing</string>
      <string>1.0.7</string>
    </entry>
    <entry>
      <string>reporting</string>
      <string>0.7.1.1</string>
    </entry>
    <entry>
      <string>logic</string>
      <string>0.5.2</string>
    </entry>
    <entry>
      <string>serialization.xstream</string>
      <string>0.2.5</string>
    </entry>
  </modules>
  <items class="linked-hash-set" id="4">
    <org.openmrs.module.metadatasharing.Item id="5" uuid="fd9e79b3-c02d-4a74-b49a-0c8fdc381060">
      <id>2</id>
      <classname>org.openmrs.module.htmlformentry.HtmlForm</classname>
      <dateChanged id="6">2012-07-03 22:12:08</dateChanged>
      <retired>false</retired>
    </org.openmrs.module.metadatasharing.Item>
    <org.openmrs.module.metadatasharing.Item id="7" uuid="82a3a38a-7be1-40c3-b35a-17eb21190f09">
      <id>4</id>
      <classname>org.openmrs.module.htmlformentry.HtmlForm</classname>
      <dateChanged id="8">2012-07-04 02:11:25</dateChanged>
      <retired>false</retired>
    </org.openmrs.module.metadatasharing.Item>
    <org.openmrs.module.metadatasharing.Item id="9" uuid="313b5a76-e0f5-41c0-bd8c-7316b84a987f">
      <id>17</id>
      <classname>org.openmrs.module.htmlformentry.HtmlForm</classname>
      <dateChanged id="10">2012-06-28 21:49:48</dateChanged>
      <retired>false</retired>
    </org.openmrs.module.metadatasharing.Item>
    <org.openmrs.module.metadatasharing.Item id="11" uuid="44beff2c-e19c-4fb2-a869-5cf93ebeabe2">
      <id>10</id>
      <classname>org.openmrs.module.htmlformentry.HtmlForm</classname>
      <dateChanged id="12">2012-07-02 12:27:50</dateChanged>
      <retired>false</retired>
    </org.openmrs.module.metadatasharing.Item>
    <org.openmrs.module.metadatasharing.Item id="13" uuid="c86ccf44-06de-4304-91c1-00f83bc9b001">
      <id>21</id>
      <classname>org.openmrs.module.htmlformentry.HtmlForm</classname>
      <dateChanged id="14">2012-06-30 17:41:12</dateChanged>
      <retired>false</retired>
    </org.openmrs.module.metadatasharing.Item>
    <org.openmrs.module.metadatasharing.Item id="15" uuid="2f6a4c6e-9adb-4f73-b7b6-3faab6d67e67">
      <id>15</id>
      <classname>org.openmrs.module.htmlformentry.HtmlForm</classname>
      <dateChanged id="16">2012-06-29 08:45:37</dateChanged>
      <retired>false</retired>
    </org.openmrs.module.metadatasharing.Item>
    <org.openmrs.module.metadatasharing.Item id="17" uuid="0bdf9eac-edd5-4af9-a8d8-67e5613dca0d">
      <id>12</id>
      <classname>org.openmrs.module.htmlformentry.HtmlForm</classname>
      <dateChanged id="18">2012-06-29 04:01:28</dateChanged>
      <retired>false</retired>
    </org.openmrs.module.metadatasharing.Item>
    <org.openmrs.module.metadatasharing.Item id="19" uuid="25c5cadf-d7c4-4048-b009-e15fc035e2c0">
      <id>13</id>
      <classname>org.openmrs.module.htmlformentry.HtmlForm</classname>
      <dateChanged id="20">2012-07-04 02:45:31</dateChanged>
      <retired>false</retired>
    </org.openmrs.module.metadatasharing.Item>
    <org.openmrs.module.metadatasharing.Item id="21" uuid="629a94d4-a703-4c87-b701-e4e0753cf6e3">
      <id>11</id>
      <classname>org.openmrs.module.htmlformentry.HtmlForm</classname>
      <dateChanged id="22">2012-07-03 20:15:05</dateChanged>
      <retired>false</retired>
    </org.openmrs.module.metadatasharing.Item>
    <org.openmrs.module.metadatasharing.Item id="23" uuid="18accb63-af9d-4866-966f-d92faa1ed4d9">
      <id>7</id>
      <classname>org.openmrs.module.htmlformentry.HtmlForm</classname>
      <dateChanged id="24">2012-07-02 16:12:41</dateChanged>
      <retired>false</retired>
    </org.openmrs.module.metadatasharing.Item>
    <org.openmrs.module.metadatasharing.Item id="25" uuid="8d5408c3-714d-48cf-ab10-d522b0feb17c">
      <id>9</id>
      <classname>org.openmrs.module.htmlformentry.HtmlForm</classname>
      <dateChanged id="26">2012-07-03 20:11:29</dateChanged>
      <retired>false</retired>
    </org.openmrs.module.metadatasharing.Item>
    <org.openmrs.module.metadatasharing.Item id="27" uuid="1a2bf46f-dffc-404f-9df3-96dacc394c49">
      <id>20</id>
      <classname>org.openmrs.module.htmlformentry.HtmlForm</classname>
      <dateChanged id="28">2012-07-04 02:28:09</dateChanged>
      <retired>false</retired>
    </org.openmrs.module.metadatasharing.Item>
    <org.openmrs.module.metadatasharing.Item id="29" uuid="d2e1aa72-abc0-4cbf-be1b-33854994f276">
      <id>16</id>
      <classname>org.openmrs.module.htmlformentry.HtmlForm</classname>
      <dateChanged id="30">2012-06-29 08:40:31</dateChanged>
      <retired>false</retired>
    </org.openmrs.module.metadatasharing.Item>
    <org.openmrs.module.metadatasharing.Item id="31" uuid="b4bfd875-a10f-42f8-943e-d29656a2d1dc">
      <id>14</id>
      <classname>org.openmrs.module.htmlformentry.HtmlForm</classname>
      <dateChanged id="32">2012-06-29 08:41:35</dateChanged>
      <retired>false</retired>
    </org.openmrs.module.metadatasharing.Item>
    <org.openmrs.module.metadatasharing.Item id="33" uuid="e22f23a1-d7da-4de7-b918-8ed18bdf9c11">
      <id>6</id>
      <classname>org.openmrs.module.htmlformentry.HtmlForm</classname>
      <dateChanged id="34">2012-06-29 09:04:43</dateChanged>
      <retired>false</retired>
    </org.openmrs.module.metadatasharing.Item>
    <org.openmrs.module.metadatasharing.Item id="35" uuid="9003915a-19e3-4753-86e1-7e8d5e8aab06">
      <id>19</id>
      <classname>org.openmrs.module.htmlformentry.HtmlForm</classname>
      <dateChanged id="36">2012-07-03 21:27:29</dateChanged>
      <retired>false</retired>
    </org.openmrs.module.metadatasharing.Item>
    <org.openmrs.module.metadatasharing.Item id="37" uuid="7c37929e-4fce-4554-b600-c01de8faacd2">
      <id>18</id>
      <classname>org.openmrs.module.htmlformentry.HtmlForm</classname>
      <dateChanged id="38">2012-06-29 08:37:30</dateChanged>
      <retired>false</retired>
    </org.openmrs.module.metadatasharing.Item>
  </items>
  <relatedItems class="linked-hash-set" id="39">
    <org.openmrs.module.metadatasharing.Item id="40" uuid="c7867d4f-6c10-4034-b37f-4da79e79af63">
      <id>2</id>
      <classname>org.openmrs.Form</classname>
      <dateChanged id="41">2012-06-20 12:10:39</dateChanged>
      <retired>false</retired>
    </org.openmrs.module.metadatasharing.Item>
    <org.openmrs.module.metadatasharing.Item id="42" uuid="de1f9d67-b73e-4e1b-90d0-036166fc6995">
      <id>13</id>
      <classname>org.openmrs.EncounterType</classname>
      <dateChanged id="43">2012-06-26 06:14:17</dateChanged>
      <retired>false</retired>
    </org.openmrs.module.metadatasharing.Item>
    <org.openmrs.module.metadatasharing.Item id="44" uuid="a0b03050-c99b-11e0-9572-0800200c9a66">
      <id>1</id>
      <classname>org.openmrs.EncounterRole</classname>
      <dateChanged id="45">2011-08-18 14:00:00</dateChanged>
      <retired>false</retired>
    </org.openmrs.module.metadatasharing.Item>
    <org.openmrs.module.metadatasharing.Item id="46" uuid="37f6bd8d-586a-4169-95fa-5781f987fe62">
      <id>4</id>
      <classname>org.openmrs.Form</classname>
      <dateChanged id="47">2012-07-04 01:10:57</dateChanged>
      <retired>false</retired>
    </org.openmrs.module.metadatasharing.Item>
    <org.openmrs.module.metadatasharing.Item id="48" uuid="d1059fb9-a079-4feb-a749-eedd709ae542">
      <id>8</id>
      <classname>org.openmrs.EncounterType</classname>
      <dateChanged id="49">2012-06-26 06:15:56</dateChanged>
      <retired>false</retired>
    </org.openmrs.module.metadatasharing.Item>
    <org.openmrs.module.metadatasharing.Item id="50" uuid="01f3aa8d-d0b5-4252-a7eb-059fec6633e9">
      <id>17</id>
      <classname>org.openmrs.Form</classname>
      <dateChanged id="51">2012-06-28 21:49:48</dateChanged>
      <retired>false</retired>
    </org.openmrs.module.metadatasharing.Item>
    <org.openmrs.module.metadatasharing.Item id="52" uuid="465a92f2-baf8-42e9-9612-53064be868e8">
      <id>12</id>
      <classname>org.openmrs.EncounterType</classname>
      <dateChanged id="53">2012-06-26 06:19:31</dateChanged>
      <retired>false</retired>
    </org.openmrs.module.metadatasharing.Item>
    <org.openmrs.module.metadatasharing.Item id="54" uuid="8be821d9-8535-4715-9408-6c3112e8245a">
      <id>10</id>
      <classname>org.openmrs.Form</classname>
      <dateChanged id="55">2012-06-28 21:50:10</dateChanged>
      <retired>false</retired>
    </org.openmrs.module.metadatasharing.Item>
    <org.openmrs.module.metadatasharing.Item id="56" uuid="e3237ede-fa70-451f-9e6c-0908bc39f8b9">
      <id>21</id>
      <classname>org.openmrs.Form</classname>
      <dateChanged id="57">2012-06-30 17:30:41</dateChanged>
      <retired>false</retired>
    </org.openmrs.module.metadatasharing.Item>
    <org.openmrs.module.metadatasharing.Item id="58" uuid="abfb143c-5b49-41e5-9ead-f47ee4cc57cf">
      <id>7</id>
      <classname>org.openmrs.EncounterType</classname>
      <dateChanged id="59">2012-06-26 06:16:59</dateChanged>
      <retired>false</retired>
    </org.openmrs.module.metadatasharing.Item>
    <org.openmrs.module.metadatasharing.Item id="60" uuid="5ddb20c1-cd21-49cd-aba2-6bc62e367baf">
      <id>15</id>
      <classname>org.openmrs.Form</classname>
      <dateChanged id="61">2012-06-28 21:49:34</dateChanged>
      <retired>false</retired>
    </org.openmrs.module.metadatasharing.Item>
    <org.openmrs.module.metadatasharing.Item id="62" uuid="59ed8e62-7f1f-40ae-a2e3-eabe350277ce">
      <id>12</id>
      <classname>org.openmrs.Form</classname>
      <dateChanged id="63">2012-06-28 22:01:32</dateChanged>
      <retired>false</retired>
    </org.openmrs.module.metadatasharing.Item>
    <org.openmrs.module.metadatasharing.Item id="64" uuid="e958f902-64df-4819-afd4-7fb061f59308">
      <id>13</id>
      <classname>org.openmrs.Form</classname>
      <dateChanged id="65">2012-07-04 02:45:31</dateChanged>
      <retired>false</retired>
    </org.openmrs.module.metadatasharing.Item>
    <org.openmrs.module.metadatasharing.Item id="66" uuid="0038a296-62f8-4099-80e5-c9ea7590c157">
      <id>11</id>
      <classname>org.openmrs.Form</classname>
      <dateChanged id="67">2012-06-28 21:49:25</dateChanged>
      <retired>false</retired>
    </org.openmrs.module.metadatasharing.Item>
    <org.openmrs.module.metadatasharing.Item id="68" uuid="6d60a39d-3963-4da8-854a-35939b67a473">
      <id>7</id>
      <classname>org.openmrs.Form</classname>
      <dateChanged id="69">2012-07-02 16:12:41</dateChanged>
      <retired>true</retired>
    </org.openmrs.module.metadatasharing.Item>
    <org.openmrs.module.metadatasharing.Item id="70" uuid="de78a6be-bfc5-4634-adc3-5f1a280455cc">
      <id>9</id>
      <classname>org.openmrs.EncounterType</classname>
      <dateChanged id="71">2012-06-26 06:15:01</dateChanged>
      <retired>false</retired>
    </org.openmrs.module.metadatasharing.Item>
    <org.openmrs.module.metadatasharing.Item id="72" uuid="c136f6e0-ecd0-4f9e-beeb-a5cab6161f44">
      <id>9</id>
      <classname>org.openmrs.Form</classname>
      <dateChanged id="73">2012-06-28 22:01:24</dateChanged>
      <retired>false</retired>
    </org.openmrs.module.metadatasharing.Item>
    <org.openmrs.module.metadatasharing.Item id="74" uuid="e4b506c1-7379-42b6-a374-284469cba8da">
      <id>20</id>
      <classname>org.openmrs.Form</classname>
      <dateChanged id="75">2012-06-26 06:35:19</dateChanged>
      <retired>false</retired>
    </org.openmrs.module.metadatasharing.Item>
    <org.openmrs.module.metadatasharing.Item id="76" uuid="7e603909-9ed5-4d0c-a688-26ecb05d8b6e">
      <id>16</id>
      <classname>org.openmrs.Form</classname>
      <dateChanged id="77">2012-06-28 21:49:55</dateChanged>
      <retired>false</retired>
    </org.openmrs.module.metadatasharing.Item>
    <org.openmrs.module.metadatasharing.Item id="78" uuid="46c5acb5-e4ae-4a4a-a9e5-6debf52cd773">
      <id>14</id>
      <classname>org.openmrs.Form</classname>
      <dateChanged id="79">2012-06-28 21:49:41</dateChanged>
      <retired>false</retired>
    </org.openmrs.module.metadatasharing.Item>
    <org.openmrs.module.metadatasharing.Item id="80" uuid="9e560607-cb99-46b0-8599-5d06110b4742">
      <id>6</id>
      <classname>org.openmrs.Form</classname>
      <dateChanged id="81">2012-06-28 21:40:07</dateChanged>
      <retired>false</retired>
    </org.openmrs.module.metadatasharing.Item>
    <org.openmrs.module.metadatasharing.Item id="82" uuid="a0034eee-1940-4e35-847f-97537a35d05e">
      <id>10</id>
      <classname>org.openmrs.EncounterType</classname>
      <dateChanged id="83">2012-06-26 06:20:28</dateChanged>
      <retired>false</retired>
    </org.openmrs.module.metadatasharing.Item>
    <org.openmrs.module.metadatasharing.Item id="84" uuid="b388cd66-8e08-4e8f-97de-7cf10023ed0f">
      <id>19</id>
      <classname>org.openmrs.Form</classname>
      <dateChanged id="85">2012-06-28 21:49:08</dateChanged>
      <retired>false</retired>
    </org.openmrs.module.metadatasharing.Item>
    <org.openmrs.module.metadatasharing.Item id="86" uuid="4a0d1332-490e-439f-9d14-c782143c94de">
      <id>18</id>
      <classname>org.openmrs.Form</classname>
      <dateChanged id="87">2012-06-28 21:50:02</dateChanged>
      <retired>false</retired>
    </org.openmrs.module.metadatasharing.Item>
  </relatedItems>
</package>
