<?xml version="1.0" encoding="UTF-8"?>
<list id="1">
  <org.openmrs.Form id="2" uuid="8e4e1abf-7c08-4ba8-b6d8-19a9f1ccb6c9">
    <name>Obstetric History</name>
    <description>Obstetric History</description>
    <creator/>
    <dateCreated id="3">2012-07-08 20:06:38</dateCreated>
    <dateChanged id="4">2013-01-31 09:11:24</dateChanged>
    <retired>false</retired>
    <formId>24</formId>
    <version>0.0.1</version>
    <published>true</published>
    <encounterType id="5" resolves-to="org.openmrs.EncounterType" uuid="465a92f2-baf8-42e9-9612-53064be868e8">
      <name>Consultation</name>
      <description>Collection of clinical data during the main consultation</description>
      <creator/>
      <dateCreated id="6">2012-06-26 06:19:31</dateCreated>
      <retired>false</retired>
      <encounterTypeId>10</encounterTypeId>
    </encounterType>
    <formFields id="7"/>
  </org.openmrs.Form>
  <org.openmrs.Form id="8" uuid="59ed8e62-7f1f-40ae-a2e3-eabe350277ce">
    <name>TB Screening</name>
    <description>TB screening for a HIV patient</description>
    <creator/>
    <dateCreated id="9">2012-06-23 13:36:26</dateCreated>
    <dateChanged id="10">2013-04-18 16:57:08</dateChanged>
    <retired>false</retired>
    <formId>19</formId>
    <version>0.0.1</version>
    <published>true</published>
    <encounterType id="11" resolves-to="org.openmrs.EncounterType" uuid="ed6dacc9-0827-4c82-86be-53c0d8c449be">
      <name>TB Screening</name>
      <description>Screening of patient for TB</description>
      <creator/>
      <dateCreated id="12">2013-03-06 08:04:31</dateCreated>
      <retired>false</retired>
      <encounterTypeId>14</encounterTypeId>
    </encounterType>
    <formFields id="13"/>
  </org.openmrs.Form>
  <org.openmrs.Form id="14" uuid="4f3c9bd8-c117-4a5e-a7eb-12a627c29de6">
    <name>Surgical and Medical History</name>
    <description>Surgical and medical history form</description>
    <creator/>
    <dateCreated id="15">2013-08-20 12:35:54</dateCreated>
    <changedBy/>
    <dateChanged id="16">2013-08-20 12:36:10</dateChanged>
    <retired>false</retired>
    <formId>40</formId>
    <version>1.0</version>
    <published>true</published>
    <encounterType reference="5"/>
    <formFields id="17"/>
  </org.openmrs.Form>
  <org.openmrs.Form id="18" uuid="7e603909-9ed5-4d0c-a688-26ecb05d8b6e">
    <name>Lab Results</name>
    <creator/>
    <dateCreated id="19">2012-06-26 07:31:44</dateCreated>
    <dateChanged id="20">2013-02-11 15:39:52</dateChanged>
    <retired>false</retired>
    <formId>20</formId>
    <version>0.0.1</version>
    <published>true</published>
    <encounterType reference="5"/>
    <formFields id="21"/>
  </org.openmrs.Form>
  <org.openmrs.Form id="22" uuid="e3237ede-fa70-451f-9e6c-0908bc39f8b9">
    <name>HIV Program Discontinuation</name>
    <description>Discontinuation of HIV care, for a variety of possible reasons</description>
    <creator/>
    <dateCreated id="23">2012-06-30 17:30:41</dateCreated>
    <changedBy/>
    <dateChanged id="24">2013-04-30 11:56:05</dateChanged>
    <retired>false</retired>
    <formId>27</formId>
    <version>0.1</version>
    <published>true</published>
    <encounterType id="25" resolves-to="org.openmrs.EncounterType" uuid="2bdada65-4c72-4a48-8730-859890e25cee">
      <name>HIV Discontinuation</name>
      <description>Discontinuation from HIV program</description>
      <creator/>
      <dateCreated id="26">2013-04-18 07:59:38</dateCreated>
      <retired>false</retired>
      <encounterTypeId>16</encounterTypeId>
    </encounterType>
    <formFields id="27"/>
  </org.openmrs.Form>
  <org.openmrs.Form id="28" uuid="d823f1ef-0973-44ee-b113-7090dc23257b">
    <name>Child HEI outcomes</name>
    <description>This form give the reason and information for HEI exit by the child</description>
    <creator/>
    <dateCreated id="29">2013-08-26 07:46:17</dateCreated>
    <changedBy/>
    <dateChanged id="30">2013-09-18 07:11:21</dateChanged>
    <retired>false</retired>
    <formId>41</formId>
    <version>1.0</version>
    <published>false</published>
    <encounterType id="31" resolves-to="org.openmrs.EncounterType" uuid="01894f88-dc73-42d4-97a3-0929118403fb">
      <name>MCHCS HEI COMPLETION</name>
      <description>Used to capture information when a child is being exited from HEI care</description>
      <creator/>
      <dateCreated id="32">2013-09-18 07:10:31</dateCreated>
      <retired>false</retired>
      <encounterTypeId>26</encounterTypeId>
    </encounterType>
    <formFields id="33"/>
  </org.openmrs.Form>
  <org.openmrs.Form id="34" uuid="0038a296-62f8-4099-80e5-c9ea7590c157">
    <name>Progress Note</name>
    <description>Encounter memo field free text to enter additional information mostly complaints and examinations findings.</description>
    <creator/>
    <dateCreated id="35">2012-06-23 13:32:30</dateCreated>
    <dateChanged id="36">2013-01-31 09:11:25</dateChanged>
    <retired>false</retired>
    <formId>13</formId>
    <version>0.0.1</version>
    <published>true</published>
    <encounterType reference="5"/>
    <formFields id="37"/>
  </org.openmrs.Form>
  <org.openmrs.Form id="38" uuid="2daabb77-7ad6-4952-864b-8d23e109c69d">
    <name>TB Follow up Visit</name>
    <creator/>
    <dateCreated id="39">2012-08-24 16:52:17</dateCreated>
    <dateChanged id="40">2013-04-18 16:56:37</dateChanged>
    <retired>false</retired>
    <formId>16</formId>
    <version>0.0.1</version>
    <published>true</published>
    <encounterType id="41" resolves-to="org.openmrs.EncounterType" uuid="fbf0bfce-e9f4-45bb-935a-59195d8a0e35">
      <name>TB Consultation</name>
      <description>Followup visit for patient on TB program</description>
      <creator/>
      <dateCreated id="42">2013-04-18 09:10:26</dateCreated>
      <retired>false</retired>
      <encounterTypeId>18</encounterTypeId>
    </encounterType>
    <formFields id="43"/>
  </org.openmrs.Form>
  <org.openmrs.Form id="44" uuid="23b4ebbd-29ad-455e-be0e-04aa6bc30798">
    <name>MOH 257 Visit Summary</name>
    <description>A summarised visit from page 2 of the MOH 257 blue card</description>
    <creator/>
    <dateCreated id="45">2013-01-16 21:32:13</dateCreated>
    <changedBy/>
    <dateChanged id="46">2013-09-10 08:23:28</dateChanged>
    <retired>false</retired>
    <formId>15</formId>
    <version>1</version>
    <published>false</published>
    <encounterType id="47" resolves-to="org.openmrs.EncounterType" uuid="a0034eee-1940-4e35-847f-97537a35d05e">
      <name>HIV Consultation</name>
      <description>Collection of HIV-specific data during the main consultation</description>
      <creator/>
      <dateCreated id="48">2012-06-26 06:20:28</dateCreated>
      <retired>false</retired>
      <encounterTypeId>11</encounterTypeId>
    </encounterType>
    <formFields id="49"/>
  </org.openmrs.Form>
  <org.openmrs.Form id="50" uuid="755b59e6-acbb-4853-abaf-be302039f902">
    <name>MCH Child Follow Up</name>
    <description>Contain follow up details about a child</description>
    <creator/>
    <dateCreated id="51">2013-08-14 07:57:16</dateCreated>
    <changedBy/>
    <dateChanged id="52">2013-08-20 12:34:46</dateChanged>
    <retired>false</retired>
    <formId>31</formId>
    <version>0.1</version>
    <published>false</published>
    <encounterType id="53" resolves-to="org.openmrs.EncounterType" uuid="bcc6da85-72f2-4291-b206-789b8186a021">
      <name>MCHCS Consultation</name>
      <description>Collection of specific data during the main consultation for the child</description>
      <creator/>
      <dateCreated id="54">2013-08-14 07:47:02</dateCreated>
      <retired>false</retired>
      <encounterTypeId>21</encounterTypeId>
    </encounterType>
    <formFields id="55"/>
  </org.openmrs.Form>
  <org.openmrs.Form id="56" uuid="90a18f0c-17cd-4eec-8204-5af52e8d77cf">
    <name>MCH Enrollment</name>
    <description>MCH enrollment form</description>
    <creator/>
    <dateCreated id="57">2013-08-15 10:10:53</dateCreated>
    <retired>false</retired>
    <formId>32</formId>
    <version>1.0</version>
    <published>true</published>
    <encounterType id="58" resolves-to="org.openmrs.EncounterType" uuid="3ee036d8-7c13-4393-b5d6-036f2fe45126">
      <name>MCHMS Enrollment</name>
      <description>Enrollment onto MCH mother services program</description>
      <creator/>
      <dateCreated id="59">2013-08-15 10:09:04</dateCreated>
      <retired>false</retired>
      <encounterTypeId>23</encounterTypeId>
    </encounterType>
    <formFields id="60"/>
  </org.openmrs.Form>
  <org.openmrs.Form id="61" uuid="b4f3859e-861c-4a63-bdff-eb7392030d47">
    <name>Immunization</name>
    <description>Contain all immunization information about the child</description>
    <creator/>
    <dateCreated id="62">2013-08-14 07:55:19</dateCreated>
    <changedBy/>
    <dateChanged id="63">2013-08-20 12:34:54</dateChanged>
    <retired>false</retired>
    <formId>30</formId>
    <version>0.1</version>
    <published>false</published>
    <encounterType id="64" resolves-to="org.openmrs.EncounterType" uuid="82169b8d-c945-4c41-be62-433dfd9d6c86">
      <name>Immunization</name>
      <description>Contain immunization information</description>
      <creator/>
      <dateCreated id="65">2013-08-14 07:58:50</dateCreated>
      <retired>false</retired>
      <encounterTypeId>22</encounterTypeId>
    </encounterType>
    <formFields id="66"/>
  </org.openmrs.Form>
  <org.openmrs.Form id="67" uuid="7efa0ee0-6617-4cd7-8310-9f95dfee7a82">
    <name>Family History</name>
    <creator/>
    <dateCreated id="68">2012-07-06 15:30:42</dateCreated>
    <dateChanged id="69">2013-01-31 09:11:25</dateChanged>
    <retired>false</retired>
    <formId>21</formId>
    <version>0.0.1</version>
    <published>false</published>
    <encounterType id="70" resolves-to="org.openmrs.EncounterType" uuid="de1f9d67-b73e-4e1b-90d0-036166fc6995">
      <name>Registration</name>
      <description>Initial data collection for a patient, not specific to any program.</description>
      <creator/>
      <dateCreated id="71">2012-06-26 06:14:17</dateCreated>
      <retired>false</retired>
      <encounterTypeId>6</encounterTypeId>
    </encounterType>
    <formFields id="72"/>
  </org.openmrs.Form>
  <org.openmrs.Form id="73" uuid="e8f98494-af35-4bb8-9fc7-c409c8fed843">
    <name>MCH Antenatal Visit</name>
    <description>MCH antenatal visit form</description>
    <creator/>
    <dateCreated id="74">2013-08-15 10:11:43</dateCreated>
    <changedBy/>
    <dateChanged id="75">2013-09-02 09:32:27</dateChanged>
    <retired>false</retired>
    <formId>34</formId>
    <version>1.0</version>
    <published>true</published>
    <encounterType id="76" resolves-to="org.openmrs.EncounterType" uuid="c6d09e05-1f25-4164-8860-9f32c5a02df0">
      <name>MCHMS Consultation</name>
      <description>Consultation during MCH mother services program</description>
      <creator/>
      <dateCreated id="77">2013-08-15 10:09:24</dateCreated>
      <retired>false</retired>
      <encounterTypeId>24</encounterTypeId>
    </encounterType>
    <formFields id="78"/>
  </org.openmrs.Form>
  <org.openmrs.Form id="79" uuid="e4b506c1-7379-42b6-a374-284469cba8da">
    <name>HIV Program Enrollment</name>
    <creator/>
    <dateCreated id="80">2012-06-26 06:25:19</dateCreated>
    <dateChanged id="81">2013-01-31 09:11:25</dateChanged>
    <retired>false</retired>
    <formId>28</formId>
    <version>0.1</version>
    <published>true</published>
    <encounterType id="82" resolves-to="org.openmrs.EncounterType" uuid="de78a6be-bfc5-4634-adc3-5f1a280455cc">
      <name>HIV Enrollment</name>
      <description>Enrollment onto HIV program</description>
      <creator/>
      <dateCreated id="83">2012-06-26 06:15:01</dateCreated>
      <retired>false</retired>
      <encounterTypeId>7</encounterTypeId>
    </encounterType>
    <formFields id="84"/>
  </org.openmrs.Form>
  <org.openmrs.Form id="85" uuid="bd598114-4ef4-47b1-a746-a616180ccfc0">
    <name>Clinical Encounter - HIV addendum</name>
    <description>Additions for the merging of the forms  IMPRESSIONS AND DIAGNOSES, DECISION POINTS and TREATMENT INTERRUPTION (maybe)</description>
    <creator/>
    <dateCreated id="86">2012-07-05 08:43:50</dateCreated>
    <dateChanged id="87">2013-02-13 09:41:21</dateChanged>
    <retired>false</retired>
    <formId>25</formId>
    <version>0.0.1</version>
    <published>true</published>
    <encounterType reference="47"/>
    <formFields id="88"/>
  </org.openmrs.Form>
  <org.openmrs.Form id="89" uuid="8553d869-bdc8-4287-8505-910c7c998aff">
    <name>Child Service Enrollment</name>
    <description>HIV Exposed Infant(HEI) for initial registration of a child patient</description>
    <creator/>
    <dateCreated id="90">2013-03-11 17:33:21</dateCreated>
    <changedBy/>
    <dateChanged id="91">2013-08-26 07:39:54</dateChanged>
    <retired>false</retired>
    <formId>22</formId>
    <version>0.1</version>
    <published>false</published>
    <encounterType id="92" resolves-to="org.openmrs.EncounterType" uuid="415f5136-ca4a-49a8-8db3-f994187c3af6">
      <name>MCHCS Enrollment</name>
      <description>Enrollment onto MCH child services program</description>
      <creator/>
      <dateCreated id="93">2013-08-14 07:44:33</dateCreated>
      <retired>false</retired>
      <encounterTypeId>19</encounterTypeId>
    </encounterType>
    <formFields id="94"/>
  </org.openmrs.Form>
  <org.openmrs.Form id="95" uuid="72aa78e0-ee4b-47c3-9073-26f3b9ecc4a7">
    <name>MCH Postnatal Visit</name>
    <description>MCH postnatal visit form</description>
    <creator/>
    <dateCreated id="96">2013-08-20 12:23:31</dateCreated>
    <changedBy/>
    <dateChanged id="97">2013-09-02 09:32:51</dateChanged>
    <retired>false</retired>
    <formId>39</formId>
    <version>1.0</version>
    <published>true</published>
    <encounterType reference="76"/>
    <formFields id="98"/>
  </org.openmrs.Form>
  <org.openmrs.Form id="99" uuid="d3ea25c7-a3e8-4f57-a6a9-e802c3565a30">
    <name>Preventive Services</name>
    <description>MCH preventive services form</description>
    <creator/>
    <dateCreated id="100">2013-08-15 10:12:45</dateCreated>
    <retired>false</retired>
    <formId>36</formId>
    <version>1.0</version>
    <published>true</published>
    <encounterType reference="76"/>
    <formFields id="101"/>
  </org.openmrs.Form>
  <org.openmrs.Form id="102" uuid="47814d87-2e53-45b1-8d05-ac2e944db64c">
    <name>MOH 257 Face Page</name>
    <description>Face page of the MOH 257 blue card</description>
    <creator/>
    <dateCreated id="103">2013-09-10 08:23:16</dateCreated>
    <retired>false</retired>
    <formId>42</formId>
    <version>1</version>
    <published>false</published>
    <encounterType reference="82"/>
    <formFields id="104"/>
  </org.openmrs.Form>
  <org.openmrs.Form id="105" uuid="37f6bd8d-586a-4169-95fa-5781f987fe62">
    <name>Triage</name>
    <description>Initial and follow up visits MOH 257</description>
    <creator/>
    <dateCreated id="106">2012-06-20 06:33:38</dateCreated>
    <dateChanged id="107">2013-01-31 09:11:24</dateChanged>
    <retired>false</retired>
    <formId>17</formId>
    <version>0.0.1</version>
    <published>true</published>
    <encounterType id="108" resolves-to="org.openmrs.EncounterType" uuid="d1059fb9-a079-4feb-a749-eedd709ae542">
      <name>Triage</name>
      <description>Collection of limited patient data, prior to a more thorough examination</description>
      <creator/>
      <dateCreated id="109">2012-06-26 06:15:56</dateCreated>
      <retired>false</retired>
      <encounterTypeId>8</encounterTypeId>
    </encounterType>
    <formFields id="110"/>
  </org.openmrs.Form>
  <org.openmrs.Form id="111" uuid="89994550-9939-40f3-afa6-173bce445c79">
    <name>TB Enrollment</name>
    <creator/>
    <dateCreated id="112">2012-08-24 16:49:40</dateCreated>
    <dateChanged id="113">2013-04-18 16:56:07</dateChanged>
    <retired>false</retired>
    <formId>23</formId>
    <version>0.0.1</version>
    <published>true</published>
    <encounterType id="114" resolves-to="org.openmrs.EncounterType" uuid="9d8498a4-372d-4dc4-a809-513a2434621e">
      <name>TB Enrollment</name>
      <description>Enrollment onto the TB program</description>
      <creator/>
      <dateCreated id="115">2013-04-18 07:51:20</dateCreated>
      <retired>false</retired>
      <encounterTypeId>15</encounterTypeId>
    </encounterType>
    <formFields id="116"/>
  </org.openmrs.Form>
  <org.openmrs.Form id="117" uuid="d4ff8ad1-19f8-484f-9395-04c755de9a47">
    <name>Other Medications</name>
    <description>For recording medications other than ARV regimens</description>
    <creator/>
    <dateCreated id="118">2012-07-17 04:49:28</dateCreated>
    <dateChanged id="119">2013-01-31 09:11:25</dateChanged>
    <retired>false</retired>
    <formId>26</formId>
    <version>0.1</version>
    <published>false</published>
    <encounterType reference="5"/>
    <formFields id="120"/>
  </org.openmrs.Form>
  <org.openmrs.Form id="121" uuid="25935b9f-68ad-4e0c-9663-d2cacda82bbf">
    <name>MCH Discontinuation</name>
    <description>MCH discontinuation form</description>
    <creator/>
    <dateCreated id="122">2013-08-15 10:11:16</dateCreated>
    <retired>false</retired>
    <formId>33</formId>
    <version>1.0</version>
    <published>true</published>
    <encounterType id="123" resolves-to="org.openmrs.EncounterType" uuid="7c426cfc-3b47-4481-b55f-89860c21c7de">
      <name>MCHMS Discontinuation</name>
      <description>Discontinuation from MCH mother services program</description>
      <creator/>
      <dateCreated id="124">2013-08-15 10:09:42</dateCreated>
      <retired>false</retired>
      <encounterTypeId>25</encounterTypeId>
    </encounterType>
    <formFields id="125"/>
  </org.openmrs.Form>
  <org.openmrs.Form id="126" uuid="496c7cc3-0eea-4e84-a04c-2292949e2f7f">
    <name>Delivery</name>
    <description>MCH delivery form</description>
    <creator/>
    <dateCreated id="127">2013-08-20 12:23:00</dateCreated>
    <retired>false</retired>
    <formId>38</formId>
    <version>1.0</version>
    <published>true</published>
    <encounterType reference="76"/>
    <formFields id="128"/>
  </org.openmrs.Form>
  <org.openmrs.Form id="129" uuid="4b296dd0-f6be-4007-9eb8-d0fd4e94fb3a">
    <name>TB Completion</name>
    <creator/>
    <dateCreated id="130">2012-08-24 16:57:23</dateCreated>
    <dateChanged id="131">2013-04-18 16:55:38</dateChanged>
    <retired>false</retired>
    <formId>18</formId>
    <version>0.0.1</version>
    <published>true</published>
    <encounterType id="132" resolves-to="org.openmrs.EncounterType" uuid="d3e3d723-7458-4b4e-8998-408e8a551a84">
      <name>TB Discontinuation</name>
      <description>Discontinuation from the TB program</description>
      <creator/>
      <dateCreated id="133">2013-04-18 08:01:09</dateCreated>
      <retired>false</retired>
      <encounterTypeId>17</encounterTypeId>
    </encounterType>
    <formFields id="134"/>
  </org.openmrs.Form>
  <org.openmrs.Form id="135" uuid="e958f902-64df-4819-afd4-7fb061f59308">
    <name>Clinical Encounter</name>
    <creator/>
    <dateCreated id="136">2012-06-25 07:20:13</dateCreated>
    <dateChanged id="137">2013-01-31 09:11:25</dateChanged>
    <retired>false</retired>
    <formId>29</formId>
    <version>0.0.1</version>
    <published>false</published>
    <encounterType reference="5"/>
    <formFields id="138"/>
  </org.openmrs.Form>
  <org.openmrs.Form id="139" uuid="f4d763bb-8428-476c-be8a-73c705bbc347">
    <name>Infant Feeding</name>
    <description>Infant feeding form</description>
    <creator/>
    <dateCreated id="140">2013-08-15 10:12:17</dateCreated>
    <retired>false</retired>
    <formId>35</formId>
    <version>1.0</version>
    <published>true</published>
    <encounterType reference="76"/>
    <formFields id="141"/>
  </org.openmrs.Form>
  <org.openmrs.Form id="142" uuid="1dd02c43-904b-4206-8378-7b1a8414c326">
    <name>Child Services Discontinuation</name>
    <description>Form used when discharging a child patient from HEI care</description>
    <creator/>
    <dateCreated id="143">2013-03-12 15:52:45</dateCreated>
    <changedBy/>
    <dateChanged id="144">2013-08-26 07:39:31</dateChanged>
    <retired>false</retired>
    <formId>14</formId>
    <version>0.1</version>
    <published>false</published>
    <encounterType id="145" resolves-to="org.openmrs.EncounterType" uuid="5feee3f1-aa16-4513-8bd0-5d9b27ef1208">
      <name>MCHCS Discontinuation</name>
      <description>Discontinuation from MCH child services Program</description>
      <creator/>
      <dateCreated id="146">2013-08-14 07:45:51</dateCreated>
      <retired>false</retired>
      <encounterTypeId>20</encounterTypeId>
    </encounterType>
    <formFields id="147"/>
  </org.openmrs.Form>
</list>
