<?xml version="1.0" encoding="UTF-8"?>
<package id="1" uuid="837160b6-751a-4b37-8780-117b4be482a9">
  <dateCreated id="2">2013-09-20 11:27:21</dateCreated>
  <name>Kenya EMR Forms</name>
  <description>Forms for KenyaEMR</description>
  <openmrsVersion>1.9.3  Build f535e9</openmrsVersion>
  <version>29</version>
  <groupUuid>eb6791b2-fab4-4915-ab73-4fee8ec84ca6</groupUuid>
  <modules id="3">
    <entry>
      <string>groovy</string>
      <string>2.2.4</string>
    </entry>
    <entry>
      <string>validation</string>
      <string>1.0.1</string>
    </entry>
    <entry>
      <string>kenyametadatatools</string>
      <string>1.3-SNAPSHOT</string>
    </entry>
    <entry>
      <string>metadatamapping</string>
      <string>1.0.1</string>
    </entry>
    <entry>
      <string>metadatasharing</string>
      <string>1.1.8</string>
    </entry>
    <entry>
      <string>logic</string>
      <string>0.5.2</string>
    </entry>
    <entry>
      <string>serialization.xstream</string>
      <string>0.2.7</string>
    </entry>
  </modules>
  <items class="linked-hash-set" id="4">
    <org.openmrs.module.metadatasharing.Item id="5" uuid="4f3c9bd8-c117-4a5e-a7eb-12a627c29de6">
      <id>40</id>
      <classname>org.openmrs.Form</classname>
      <dateChanged id="6">2013-08-20 12:36:10</dateChanged>
      <retired>false</retired>
    </org.openmrs.module.metadatasharing.Item>
    <org.openmrs.module.metadatasharing.Item id="7" uuid="d823f1ef-0973-44ee-b113-7090dc23257b">
      <id>41</id>
      <classname>org.openmrs.Form</classname>
      <dateChanged id="8">2013-09-18 07:11:21</dateChanged>
      <retired>false</retired>
    </org.openmrs.module.metadatasharing.Item>
    <org.openmrs.module.metadatasharing.Item id="9" uuid="755b59e6-acbb-4853-abaf-be302039f902">
      <id>31</id>
      <classname>org.openmrs.Form</classname>
      <dateChanged id="10">2013-08-20 12:34:46</dateChanged>
      <retired>false</retired>
    </org.openmrs.module.metadatasharing.Item>
    <org.openmrs.module.metadatasharing.Item id="11" uuid="b4f3859e-861c-4a63-bdff-eb7392030d47">
      <id>30</id>
      <classname>org.openmrs.Form</classname>
      <dateChanged id="12">2013-08-20 12:34:54</dateChanged>
      <retired>false</retired>
    </org.openmrs.module.metadatasharing.Item>
    <org.openmrs.module.metadatasharing.Item id="13" uuid="90a18f0c-17cd-4eec-8204-5af52e8d77cf">
      <id>32</id>
      <classname>org.openmrs.Form</classname>
      <dateChanged id="14">2013-08-15 10:10:53</dateChanged>
      <retired>false</retired>
    </org.openmrs.module.metadatasharing.Item>
    <org.openmrs.module.metadatasharing.Item id="15" uuid="e8f98494-af35-4bb8-9fc7-c409c8fed843">
      <id>34</id>
      <classname>org.openmrs.Form</classname>
      <dateChanged id="16">2013-09-02 09:32:27</dateChanged>
      <retired>false</retired>
    </org.openmrs.module.metadatasharing.Item>
    <org.openmrs.module.metadatasharing.Item id="17" uuid="8553d869-bdc8-4287-8505-910c7c998aff">
      <id>22</id>
      <classname>org.openmrs.Form</classname>
      <dateChanged id="18">2013-08-26 07:39:54</dateChanged>
      <retired>false</retired>
    </org.openmrs.module.metadatasharing.Item>
    <org.openmrs.module.metadatasharing.Item id="19" uuid="72aa78e0-ee4b-47c3-9073-26f3b9ecc4a7">
      <id>39</id>
      <classname>org.openmrs.Form</classname>
      <dateChanged id="20">2013-09-02 09:32:51</dateChanged>
      <retired>false</retired>
    </org.openmrs.module.metadatasharing.Item>
    <org.openmrs.module.metadatasharing.Item id="21" uuid="d3ea25c7-a3e8-4f57-a6a9-e802c3565a30">
      <id>36</id>
      <classname>org.openmrs.Form</classname>
      <dateChanged id="22">2013-08-15 10:12:45</dateChanged>
      <retired>false</retired>
    </org.openmrs.module.metadatasharing.Item>
    <org.openmrs.module.metadatasharing.Item id="23" uuid="25935b9f-68ad-4e0c-9663-d2cacda82bbf">
      <id>33</id>
      <classname>org.openmrs.Form</classname>
      <dateChanged id="24">2013-08-15 10:11:16</dateChanged>
      <retired>false</retired>
    </org.openmrs.module.metadatasharing.Item>
    <org.openmrs.module.metadatasharing.Item id="25" uuid="496c7cc3-0eea-4e84-a04c-2292949e2f7f">
      <id>38</id>
      <classname>org.openmrs.Form</classname>
      <dateChanged id="26">2013-08-20 12:23:00</dateChanged>
      <retired>false</retired>
    </org.openmrs.module.metadatasharing.Item>
    <org.openmrs.module.metadatasharing.Item id="27" uuid="f4d763bb-8428-476c-be8a-73c705bbc347">
      <id>35</id>
      <classname>org.openmrs.Form</classname>
      <dateChanged id="28">2013-08-15 10:12:17</dateChanged>
      <retired>false</retired>
    </org.openmrs.module.metadatasharing.Item>
    <org.openmrs.module.metadatasharing.Item id="29" uuid="1dd02c43-904b-4206-8378-7b1a8414c326">
      <id>14</id>
      <classname>org.openmrs.Form</classname>
      <dateChanged id="30">2013-08-26 07:39:31</dateChanged>
      <retired>false</retired>
    </org.openmrs.module.metadatasharing.Item>
  </items>
  <relatedItems class="linked-hash-set" id="31">
    <org.openmrs.module.metadatasharing.Item id="32" uuid="465a92f2-baf8-42e9-9612-53064be868e8">
      <id>10</id>
      <classname>org.openmrs.EncounterType</classname>
      <dateChanged id="33">2012-06-26 06:19:31</dateChanged>
      <retired>false</retired>
    </org.openmrs.module.metadatasharing.Item>
    <org.openmrs.module.metadatasharing.Item id="34" uuid="01894f88-dc73-42d4-97a3-0929118403fb">
      <id>26</id>
      <classname>org.openmrs.EncounterType</classname>
      <dateChanged id="35">2013-09-18 07:10:31</dateChanged>
      <retired>false</retired>
    </org.openmrs.module.metadatasharing.Item>
    <org.openmrs.module.metadatasharing.Item id="36" uuid="bcc6da85-72f2-4291-b206-789b8186a021">
      <id>21</id>
      <classname>org.openmrs.EncounterType</classname>
      <dateChanged id="37">2013-08-14 07:47:02</dateChanged>
      <retired>false</retired>
    </org.openmrs.module.metadatasharing.Item>
    <org.openmrs.module.metadatasharing.Item id="38" uuid="82169b8d-c945-4c41-be62-433dfd9d6c86">
      <id>22</id>
      <classname>org.openmrs.EncounterType</classname>
      <dateChanged id="39">2013-08-14 07:58:50</dateChanged>
      <retired>false</retired>
    </org.openmrs.module.metadatasharing.Item>
    <org.openmrs.module.metadatasharing.Item id="40" uuid="3ee036d8-7c13-4393-b5d6-036f2fe45126">
      <id>23</id>
      <classname>org.openmrs.EncounterType</classname>
      <dateChanged id="41">2013-08-15 10:09:04</dateChanged>
      <retired>false</retired>
    </org.openmrs.module.metadatasharing.Item>
    <org.openmrs.module.metadatasharing.Item id="42" uuid="c6d09e05-1f25-4164-8860-9f32c5a02df0">
      <id>24</id>
      <classname>org.openmrs.EncounterType</classname>
      <dateChanged id="43">2013-08-15 10:09:24</dateChanged>
      <retired>false</retired>
    </org.openmrs.module.metadatasharing.Item>
    <org.openmrs.module.metadatasharing.Item id="44" uuid="415f5136-ca4a-49a8-8db3-f994187c3af6">
      <id>19</id>
      <classname>org.openmrs.EncounterType</classname>
      <dateChanged id="45">2013-08-14 07:44:33</dateChanged>
      <retired>false</retired>
    </org.openmrs.module.metadatasharing.Item>
    <org.openmrs.module.metadatasharing.Item id="46" uuid="7c426cfc-3b47-4481-b55f-89860c21c7de">
      <id>25</id>
      <classname>org.openmrs.EncounterType</classname>
      <dateChanged id="47">2013-08-15 10:09:42</dateChanged>
      <retired>false</retired>
    </org.openmrs.module.metadatasharing.Item>
    <org.openmrs.module.metadatasharing.Item id="48" uuid="5feee3f1-aa16-4513-8bd0-5d9b27ef1208">
      <id>20</id>
      <classname>org.openmrs.EncounterType</classname>
      <dateChanged id="49">2013-08-14 07:45:51</dateChanged>
      <retired>false</retired>
    </org.openmrs.module.metadatasharing.Item>
  </relatedItems>
  <incrementalVersion>false</incrementalVersion>
</package>
