<?xml version="1.0" encoding="UTF-8"?>
<list id="1">
  <org.openmrs.Form id="2" uuid="4f3c9bd8-c117-4a5e-a7eb-12a627c29de6">
    <name>Surgical and Medical History</name>
    <description>Surgical and medical history form</description>
    <creator/>
    <dateCreated id="3">2013-08-20 12:35:54</dateCreated>
    <changedBy/>
    <dateChanged id="4">2013-08-20 12:36:10</dateChanged>
    <retired>false</retired>
    <formId>40</formId>
    <version>1.0</version>
    <published>true</published>
    <encounterType id="5" resolves-to="org.openmrs.EncounterType" uuid="465a92f2-baf8-42e9-9612-53064be868e8">
      <name>Consultation</name>
      <description>Collection of clinical data during the main consultation</description>
      <creator/>
      <dateCreated id="6">2012-06-26 06:19:31</dateCreated>
      <retired>false</retired>
      <encounterTypeId>10</encounterTypeId>
    </encounterType>
    <formFields id="7"/>
  </org.openmrs.Form>
  <org.openmrs.Form id="8" uuid="d823f1ef-0973-44ee-b113-7090dc23257b">
    <name>Child HEI outcomes</name>
    <description>This form give the reason and information for HEI exit by the child</description>
    <creator/>
    <dateCreated id="9">2013-08-26 07:46:17</dateCreated>
    <changedBy/>
    <dateChanged id="10">2013-09-18 07:11:21</dateChanged>
    <retired>false</retired>
    <formId>41</formId>
    <version>1.0</version>
    <published>false</published>
    <encounterType id="11" resolves-to="org.openmrs.EncounterType" uuid="01894f88-dc73-42d4-97a3-0929118403fb">
      <name>MCHCS HEI COMPLETION</name>
      <description>Used to capture information when a child is being exited from HEI care</description>
      <creator/>
      <dateCreated id="12">2013-09-18 07:10:31</dateCreated>
      <retired>false</retired>
      <encounterTypeId>26</encounterTypeId>
    </encounterType>
    <formFields id="13"/>
  </org.openmrs.Form>
  <org.openmrs.Form id="14" uuid="755b59e6-acbb-4853-abaf-be302039f902">
    <name>MCH Child Follow Up</name>
    <description>Contain follow up details about a child</description>
    <creator/>
    <dateCreated id="15">2013-08-14 07:57:16</dateCreated>
    <changedBy/>
    <dateChanged id="16">2013-08-20 12:34:46</dateChanged>
    <retired>false</retired>
    <formId>31</formId>
    <version>0.1</version>
    <published>false</published>
    <encounterType id="17" resolves-to="org.openmrs.EncounterType" uuid="bcc6da85-72f2-4291-b206-789b8186a021">
      <name>MCHCS Consultation</name>
      <description>Collection of specific data during the main consultation for the child</description>
      <creator/>
      <dateCreated id="18">2013-08-14 07:47:02</dateCreated>
      <retired>false</retired>
      <encounterTypeId>21</encounterTypeId>
    </encounterType>
    <formFields id="19"/>
  </org.openmrs.Form>
  <org.openmrs.Form id="20" uuid="b4f3859e-861c-4a63-bdff-eb7392030d47">
    <name>Immunization</name>
    <description>Contain all immunization information about the child</description>
    <creator/>
    <dateCreated id="21">2013-08-14 07:55:19</dateCreated>
    <changedBy/>
    <dateChanged id="22">2013-08-20 12:34:54</dateChanged>
    <retired>false</retired>
    <formId>30</formId>
    <version>0.1</version>
    <published>false</published>
    <encounterType id="23" resolves-to="org.openmrs.EncounterType" uuid="82169b8d-c945-4c41-be62-433dfd9d6c86">
      <name>Immunization</name>
      <description>Contain immunization information</description>
      <creator/>
      <dateCreated id="24">2013-08-14 07:58:50</dateCreated>
      <retired>false</retired>
      <encounterTypeId>22</encounterTypeId>
    </encounterType>
    <formFields id="25"/>
  </org.openmrs.Form>
  <org.openmrs.Form id="26" uuid="90a18f0c-17cd-4eec-8204-5af52e8d77cf">
    <name>MCH Enrollment</name>
    <description>MCH enrollment form</description>
    <creator/>
    <dateCreated id="27">2013-08-15 10:10:53</dateCreated>
    <retired>false</retired>
    <formId>32</formId>
    <version>1.0</version>
    <published>true</published>
    <encounterType id="28" resolves-to="org.openmrs.EncounterType" uuid="3ee036d8-7c13-4393-b5d6-036f2fe45126">
      <name>MCHMS Enrollment</name>
      <description>Enrollment onto MCH mother services program</description>
      <creator/>
      <dateCreated id="29">2013-08-15 10:09:04</dateCreated>
      <retired>false</retired>
      <encounterTypeId>23</encounterTypeId>
    </encounterType>
    <formFields id="30"/>
  </org.openmrs.Form>
  <org.openmrs.Form id="31" uuid="e8f98494-af35-4bb8-9fc7-c409c8fed843">
    <name>MCH Antenatal Visit</name>
    <description>MCH antenatal visit form</description>
    <creator/>
    <dateCreated id="32">2013-08-15 10:11:43</dateCreated>
    <changedBy/>
    <dateChanged id="33">2013-09-02 09:32:27</dateChanged>
    <retired>false</retired>
    <formId>34</formId>
    <version>1.0</version>
    <published>true</published>
    <encounterType id="34" resolves-to="org.openmrs.EncounterType" uuid="c6d09e05-1f25-4164-8860-9f32c5a02df0">
      <name>MCHMS Consultation</name>
      <description>Consultation during MCH mother services program</description>
      <creator/>
      <dateCreated id="35">2013-08-15 10:09:24</dateCreated>
      <retired>false</retired>
      <encounterTypeId>24</encounterTypeId>
    </encounterType>
    <formFields id="36"/>
  </org.openmrs.Form>
  <org.openmrs.Form id="37" uuid="8553d869-bdc8-4287-8505-910c7c998aff">
    <name>Child Service Enrollment</name>
    <description>HIV Exposed Infant(HEI) for initial registration of a child patient</description>
    <creator/>
    <dateCreated id="38">2013-03-11 17:33:21</dateCreated>
    <changedBy/>
    <dateChanged id="39">2013-08-26 07:39:54</dateChanged>
    <retired>false</retired>
    <formId>22</formId>
    <version>0.1</version>
    <published>false</published>
    <encounterType id="40" resolves-to="org.openmrs.EncounterType" uuid="415f5136-ca4a-49a8-8db3-f994187c3af6">
      <name>MCHCS Enrollment</name>
      <description>Enrollment onto MCH child services program</description>
      <creator/>
      <dateCreated id="41">2013-08-14 07:44:33</dateCreated>
      <retired>false</retired>
      <encounterTypeId>19</encounterTypeId>
    </encounterType>
    <formFields id="42"/>
  </org.openmrs.Form>
  <org.openmrs.Form id="43" uuid="72aa78e0-ee4b-47c3-9073-26f3b9ecc4a7">
    <name>MCH Postnatal Visit</name>
    <description>MCH postnatal visit form</description>
    <creator/>
    <dateCreated id="44">2013-08-20 12:23:31</dateCreated>
    <changedBy/>
    <dateChanged id="45">2013-09-02 09:32:51</dateChanged>
    <retired>false</retired>
    <formId>39</formId>
    <version>1.0</version>
    <published>true</published>
    <encounterType reference="34"/>
    <formFields id="46"/>
  </org.openmrs.Form>
  <org.openmrs.Form id="47" uuid="d3ea25c7-a3e8-4f57-a6a9-e802c3565a30">
    <name>Preventive Services</name>
    <description>MCH preventive services form</description>
    <creator/>
    <dateCreated id="48">2013-08-15 10:12:45</dateCreated>
    <retired>false</retired>
    <formId>36</formId>
    <version>1.0</version>
    <published>true</published>
    <encounterType reference="34"/>
    <formFields id="49"/>
  </org.openmrs.Form>
  <org.openmrs.Form id="50" uuid="25935b9f-68ad-4e0c-9663-d2cacda82bbf">
    <name>MCH Discontinuation</name>
    <description>MCH discontinuation form</description>
    <creator/>
    <dateCreated id="51">2013-08-15 10:11:16</dateCreated>
    <retired>false</retired>
    <formId>33</formId>
    <version>1.0</version>
    <published>true</published>
    <encounterType id="52" resolves-to="org.openmrs.EncounterType" uuid="7c426cfc-3b47-4481-b55f-89860c21c7de">
      <name>MCHMS Discontinuation</name>
      <description>Discontinuation from MCH mother services program</description>
      <creator/>
      <dateCreated id="53">2013-08-15 10:09:42</dateCreated>
      <retired>false</retired>
      <encounterTypeId>25</encounterTypeId>
    </encounterType>
    <formFields id="54"/>
  </org.openmrs.Form>
  <org.openmrs.Form id="55" uuid="496c7cc3-0eea-4e84-a04c-2292949e2f7f">
    <name>Delivery</name>
    <description>MCH delivery form</description>
    <creator/>
    <dateCreated id="56">2013-08-20 12:23:00</dateCreated>
    <retired>false</retired>
    <formId>38</formId>
    <version>1.0</version>
    <published>true</published>
    <encounterType reference="34"/>
    <formFields id="57"/>
  </org.openmrs.Form>
  <org.openmrs.Form id="58" uuid="f4d763bb-8428-476c-be8a-73c705bbc347">
    <name>Infant Feeding</name>
    <description>Infant feeding form</description>
    <creator/>
    <dateCreated id="59">2013-08-15 10:12:17</dateCreated>
    <retired>false</retired>
    <formId>35</formId>
    <version>1.0</version>
    <published>true</published>
    <encounterType reference="34"/>
    <formFields id="60"/>
  </org.openmrs.Form>
  <org.openmrs.Form id="61" uuid="1dd02c43-904b-4206-8378-7b1a8414c326">
    <name>Child Services Discontinuation</name>
    <description>Form used when discharging a child patient from HEI care</description>
    <creator/>
    <dateCreated id="62">2013-03-12 15:52:45</dateCreated>
    <changedBy/>
    <dateChanged id="63">2013-08-26 07:39:31</dateChanged>
    <retired>false</retired>
    <formId>14</formId>
    <version>0.1</version>
    <published>false</published>
    <encounterType id="64" resolves-to="org.openmrs.EncounterType" uuid="5feee3f1-aa16-4513-8bd0-5d9b27ef1208">
      <name>MCHCS Discontinuation</name>
      <description>Discontinuation from MCH child services Program</description>
      <creator/>
      <dateCreated id="65">2013-08-14 07:45:51</dateCreated>
      <retired>false</retired>
      <encounterTypeId>20</encounterTypeId>
    </encounterType>
    <formFields id="66"/>
  </org.openmrs.Form>
</list>
