<?xml version="1.0" encoding="UTF-8"?>
<list id="1">
  <org.openmrs.Form id="2" uuid="8e4e1abf-7c08-4ba8-b6d8-19a9f1ccb6c9">
    <name>Obstetric History</name>
    <description>Obstetric History</description>
    <creator/>
    <dateCreated id="3">2012-07-08 20:06:38</dateCreated>
    <changedBy/>
    <dateChanged id="4">2013-01-31 09:11:24</dateChanged>
    <retired>false</retired>
    <formId>3</formId>
    <version>0.0.1</version>
    <published>true</published>
    <encounterType id="5" resolves-to="org.openmrs.EncounterType" uuid="465a92f2-baf8-42e9-9612-53064be868e8">
      <name>Consultation</name>
      <description>Collection of clinical data during the main consultation</description>
      <creator/>
      <dateCreated id="7">2012-06-26 06:19:31</dateCreated>
      <retired>false</retired>
      <encounterTypeId>2</encounterTypeId>
    </encounterType>
    <formFields id="8"/>
  </org.openmrs.Form>
  <org.openmrs.Form id="9" uuid="01f3aa8d-d0b5-4252-a7eb-059fec6633e9">
    <name>MOH 257 ENCOUNTER : MEDICATION ORDERS</name>
    <creator/>
    <dateCreated id="10">2012-06-26 07:40:15</dateCreated>
    <changedBy/>
    <dateChanged id="11">2013-01-31 09:11:24</dateChanged>
    <retired>false</retired>
    <formId>2</formId>
    <version>0.0.1</version>
    <published>true</published>
    <encounterType reference="5"/>
    <formFields id="12"/>
  </org.openmrs.Form>
  <org.openmrs.Form id="13" uuid="59ed8e62-7f1f-40ae-a2e3-eabe350277ce">
    <name>TB Screening</name>
    <description>The patient&apos;s TB details is recorded here</description>
    <creator/>
    <dateCreated id="14">2012-06-23 13:36:26</dateCreated>
    <changedBy/>
    <dateChanged id="15">2013-01-31 09:11:25</dateChanged>
    <retired>false</retired>
    <formId>9</formId>
    <version>0.0.1</version>
    <published>true</published>
    <encounterType reference="5"/>
    <formFields id="16"/>
  </org.openmrs.Form>
  <org.openmrs.Form id="17" uuid="37f6bd8d-586a-4169-95fa-5781f987fe62">
    <name>Triage</name>
    <description>Initial and follow up visits MOH 257</description>
    <creator/>
    <dateCreated id="18">2012-06-20 06:33:38</dateCreated>
    <changedBy/>
    <dateChanged id="19">2013-01-31 09:11:24</dateChanged>
    <retired>false</retired>
    <formId>1</formId>
    <version>0.0.1</version>
    <published>true</published>
    <encounterType id="20" resolves-to="org.openmrs.EncounterType" uuid="d1059fb9-a079-4feb-a749-eedd709ae542">
      <name>Triage</name>
      <description>Collection of limited patient data, prior to a more thorough examination</description>
      <creator/>
      <dateCreated id="22">2012-06-26 06:15:56</dateCreated>
      <retired>false</retired>
      <encounterTypeId>1</encounterTypeId>
    </encounterType>
    <formFields id="23"/>
  </org.openmrs.Form>
  <org.openmrs.Form id="24" uuid="7e603909-9ed5-4d0c-a688-26ecb05d8b6e">
    <name>Lab Results</name>
    <creator/>
    <dateCreated id="25">2012-06-26 07:31:44</dateCreated>
    <changedBy/>
    <dateChanged id="26">2013-01-31 09:11:25</dateChanged>
    <retired>false</retired>
    <formId>14</formId>
    <version>0.0.1</version>
    <published>true</published>
    <encounterType reference="5"/>
    <formFields id="27"/>
  </org.openmrs.Form>
  <org.openmrs.Form id="28" uuid="e3237ede-fa70-451f-9e6c-0908bc39f8b9">
    <name>HIV Program Discontinuation</name>
    <description>Discontinuation of HIV care, for a variety of possible reasons</description>
    <creator/>
    <dateCreated id="29">2012-06-30 17:30:41</dateCreated>
    <changedBy/>
    <dateChanged id="30">2013-01-31 09:11:25</dateChanged>
    <retired>false</retired>
    <formId>7</formId>
    <version>0.1</version>
    <published>true</published>
    <encounterType id="31" resolves-to="org.openmrs.EncounterType" uuid="abfb143c-5b49-41e5-9ead-f47ee4cc57cf">
      <name>Check out</name>
      <description>Recording data as the patient completes a visit.</description>
      <creator/>
      <dateCreated id="33">2012-06-26 06:16:59</dateCreated>
      <retired>false</retired>
      <encounterTypeId>3</encounterTypeId>
    </encounterType>
    <formFields id="34"/>
  </org.openmrs.Form>
  <org.openmrs.Form id="35" uuid="89994550-9939-40f3-afa6-173bce445c79">
    <name>TB Enrollment</name>
    <creator/>
    <dateCreated id="36">2012-08-24 16:49:40</dateCreated>
    <changedBy/>
    <dateChanged id="37">2013-01-31 09:11:25</dateChanged>
    <retired>false</retired>
    <formId>6</formId>
    <version>0.0.1</version>
    <published>true</published>
    <encounterType id="38" resolves-to="org.openmrs.EncounterType" uuid="de78a6be-bfc5-4634-adc3-5f1a280455cc">
      <name>HIV Registration</name>
      <description>Initial data collection for the HIV program</description>
      <creator/>
      <dateCreated id="40">2012-06-26 06:15:01</dateCreated>
      <retired>false</retired>
      <encounterTypeId>5</encounterTypeId>
    </encounterType>
    <formFields id="41"/>
  </org.openmrs.Form>
  <org.openmrs.Form id="42" uuid="d4ff8ad1-19f8-484f-9395-04c755de9a47">
    <name>Other Medications</name>
    <description>For recording medications other than ARV regimens</description>
    <creator/>
    <dateCreated id="43">2012-07-17 04:49:28</dateCreated>
    <changedBy/>
    <dateChanged id="44">2013-01-31 09:11:25</dateChanged>
    <retired>false</retired>
    <formId>15</formId>
    <version>0.1</version>
    <published>false</published>
    <encounterType reference="5"/>
    <formFields id="45"/>
  </org.openmrs.Form>
  <org.openmrs.Form id="46" uuid="0038a296-62f8-4099-80e5-c9ea7590c157">
    <name>Progress Note</name>
    <description>Encounter memo field free text to enter additional information mostly complaints and examinations findings.</description>
    <creator/>
    <dateCreated id="47">2012-06-23 13:32:30</dateCreated>
    <changedBy/>
    <dateChanged id="48">2013-01-31 09:11:25</dateChanged>
    <retired>false</retired>
    <formId>12</formId>
    <version>0.0.1</version>
    <published>true</published>
    <encounterType reference="5"/>
    <formFields id="49"/>
  </org.openmrs.Form>
  <org.openmrs.Form id="50" uuid="4b296dd0-f6be-4007-9eb8-d0fd4e94fb3a">
    <name>TB Completion</name>
    <creator/>
    <dateCreated id="51">2012-08-24 16:57:23</dateCreated>
    <changedBy/>
    <dateChanged id="52">2013-01-31 09:11:24</dateChanged>
    <retired>false</retired>
    <formId>4</formId>
    <version>0.0.1</version>
    <published>true</published>
    <encounterType reference="31"/>
    <formFields id="53"/>
  </org.openmrs.Form>
  <org.openmrs.Form id="54" uuid="2daabb77-7ad6-4952-864b-8d23e109c69d">
    <name>TB Follow up Visit</name>
    <creator/>
    <dateCreated id="55">2012-08-24 16:52:17</dateCreated>
    <changedBy/>
    <dateChanged id="56">2013-01-31 09:11:25</dateChanged>
    <retired>false</retired>
    <formId>10</formId>
    <version>0.0.1</version>
    <published>true</published>
    <encounterType id="57" resolves-to="org.openmrs.EncounterType" uuid="a0034eee-1940-4e35-847f-97537a35d05e">
      <name>HIV Consultation</name>
      <description>Collection of HIV-specific data during the main consultation</description>
      <creator/>
      <dateCreated id="59">2012-06-26 06:20:28</dateCreated>
      <retired>false</retired>
      <encounterTypeId>7</encounterTypeId>
    </encounterType>
    <formFields id="60"/>
  </org.openmrs.Form>
  <org.openmrs.Form id="61" uuid="4a0d1332-490e-439f-9d14-c782143c94de">
    <name>MOH 257 ENCOUNTER : PAST MEDICAL AND SURGICAL HISTORY</name>
    <creator/>
    <dateCreated id="62">2012-06-26 07:46:55</dateCreated>
    <changedBy/>
    <dateChanged id="63">2013-01-31 09:11:25</dateChanged>
    <retired>false</retired>
    <formId>17</formId>
    <version>0.0.1</version>
    <published>true</published>
    <encounterType reference="5"/>
    <formFields id="64"/>
  </org.openmrs.Form>
  <org.openmrs.Form id="65" uuid="23b4ebbd-29ad-455e-be0e-04aa6bc30798">
    <name>MOH 257 Retrospective Entry</name>
    <description>Allow users to add visits retrospectively using the blue card MOH 257</description>
    <creator/>
    <dateCreated id="66">2013-01-16 21:32:13</dateCreated>
    <changedBy/>
    <dateChanged id="67">2013-01-31 09:11:25</dateChanged>
    <retired>false</retired>
    <formId>8</formId>
    <version>0.0.1</version>
    <published>false</published>
    <encounterType id="68" resolves-to="org.openmrs.EncounterType" uuid="94af1829-2f76-41d4-baf6-3f21dec66ae7">
      <name>HIV Retrospective Summary</name>
      <description>HIV visit summary entered retrospectively</description>
      <creator/>
      <dateCreated id="70">2013-01-14 21:52:18</dateCreated>
      <retired>false</retired>
      <encounterTypeId>6</encounterTypeId>
    </encounterType>
    <formFields id="71"/>
  </org.openmrs.Form>
  <org.openmrs.Form id="72" uuid="e958f902-64df-4819-afd4-7fb061f59308">
    <name>Clinical Encounter</name>
    <creator/>
    <dateCreated id="73">2012-06-25 07:20:13</dateCreated>
    <changedBy/>
    <dateChanged id="74">2013-01-31 09:11:25</dateChanged>
    <retired>false</retired>
    <formId>11</formId>
    <version>0.0.1</version>
    <published>false</published>
    <encounterType reference="5"/>
    <formFields id="75"/>
  </org.openmrs.Form>
  <org.openmrs.Form id="76" uuid="7efa0ee0-6617-4cd7-8310-9f95dfee7a82">
    <name>Family History</name>
    <creator/>
    <dateCreated id="77">2012-07-06 15:30:42</dateCreated>
    <changedBy/>
    <dateChanged id="78">2013-01-31 09:11:25</dateChanged>
    <retired>false</retired>
    <formId>5</formId>
    <version>0.0.1</version>
    <published>false</published>
    <encounterType id="79" resolves-to="org.openmrs.EncounterType" uuid="de1f9d67-b73e-4e1b-90d0-036166fc6995">
      <name>Registration</name>
      <description>Initial data collection for a patient, not specific to any program.</description>
      <creator/>
      <dateCreated id="81">2012-06-26 06:14:17</dateCreated>
      <retired>false</retired>
      <encounterTypeId>4</encounterTypeId>
    </encounterType>
    <formFields id="82"/>
  </org.openmrs.Form>
  <org.openmrs.Form id="83" uuid="e4b506c1-7379-42b6-a374-284469cba8da">
    <name>HIV Program Enrollment</name>
    <creator/>
    <dateCreated id="84">2012-06-26 06:25:19</dateCreated>
    <changedBy/>
    <dateChanged id="85">2013-01-31 09:11:25</dateChanged>
    <retired>false</retired>
    <formId>13</formId>
    <version>0.1</version>
    <published>true</published>
    <encounterType reference="38"/>
    <formFields id="86"/>
  </org.openmrs.Form>
  <org.openmrs.Form id="87" uuid="bd598114-4ef4-47b1-a746-a616180ccfc0">
    <name>Clinical Encounter - HIV addendum</name>
    <description>Additions for the merging of the forms  IMPRESSIONS AND DIAGNOSES, DECISION POINTS and TREATMENT INTERRUPTION (maybe)</description>
    <creator/>
    <dateCreated id="88">2012-07-05 08:43:50</dateCreated>
    <changedBy/>
    <dateChanged id="89">2013-01-31 09:11:25</dateChanged>
    <retired>false</retired>
    <formId>16</formId>
    <version>0.0.1</version>
    <published>true</published>
    <encounterType reference="57"/>
    <formFields id="90"/>
  </org.openmrs.Form>
</list>
