<?xml version="1.0" encoding="UTF-8"?>
<package id="1" uuid="dd4ce037-44ca-462c-8e12-7038b38c5d77">
  <dateCreated id="2">2013-02-04 09:18:26</dateCreated>
  <name>Kenya_EMR_Forms</name>
  <description>This package include all the forms needed to deploy the kenyaEMR</description>
  <openmrsVersion>1.9.1  Build 28992</openmrsVersion>
  <version>1</version>
  <groupUuid>54535461-fd90-4719-ae3c-21785c657765</groupUuid>
  <modules id="3">
    <entry>
      <string>uilibrary</string>
      <string>2.0.3.1</string>
    </entry>
    <entry>
      <string>htmlwidgets</string>
      <string>1.6.4</string>
    </entry>
    <entry>
      <string>uiframework</string>
      <string>2.4</string>
    </entry>
    <entry>
      <string>webservices.rest</string>
      <string>1.1.29293</string>
    </entry>
    <entry>
      <string>htmlformentry</string>
      <string>2.0.3</string>
    </entry>
    <entry>
      <string>metadatamapping</string>
      <string>1.0.1</string>
    </entry>
    <entry>
      <string>reportingrest</string>
      <string>1.2</string>
    </entry>
    <entry>
      <string>appframework</string>
      <string>1.3</string>
    </entry>
    <entry>
      <string>logic</string>
      <string>0.5.2</string>
    </entry>
    <entry>
      <string>calculation</string>
      <string>1.0</string>
    </entry>
    <entry>
      <string>moduledistro</string>
      <string>1.2</string>
    </entry>
    <entry>
      <string>idgen</string>
      <string>2.1</string>
    </entry>
    <entry>
      <string>htmlformentry19ext</string>
      <string>0.9</string>
    </entry>
    <entry>
      <string>metadatasharing</string>
      <string>1.1.2</string>
    </entry>
    <entry>
      <string>reporting</string>
      <string>0.7.3.1</string>
    </entry>
    <entry>
      <string>serialization.xstream</string>
      <string>0.2.7</string>
    </entry>
  </modules>
  <items class="linked-hash-set" id="4">
    <org.openmrs.module.metadatasharing.Item id="5" uuid="0038a296-62f8-4099-80e5-c9ea7590c157">
      <id>12</id>
      <classname>org.openmrs.Form</classname>
      <dateChanged id="6">2013-01-31 09:11:25</dateChanged>
      <retired>false</retired>
    </org.openmrs.module.metadatasharing.Item>
    <org.openmrs.module.metadatasharing.Item id="7" uuid="01f3aa8d-d0b5-4252-a7eb-059fec6633e9">
      <id>2</id>
      <classname>org.openmrs.Form</classname>
      <dateChanged id="8">2013-01-31 09:11:24</dateChanged>
      <retired>false</retired>
    </org.openmrs.module.metadatasharing.Item>
    <org.openmrs.module.metadatasharing.Item id="9" uuid="23b4ebbd-29ad-455e-be0e-04aa6bc30798">
      <id>8</id>
      <classname>org.openmrs.Form</classname>
      <dateChanged id="10">2013-01-31 09:11:25</dateChanged>
      <retired>false</retired>
    </org.openmrs.module.metadatasharing.Item>
    <org.openmrs.module.metadatasharing.Item id="11" uuid="2daabb77-7ad6-4952-864b-8d23e109c69d">
      <id>10</id>
      <classname>org.openmrs.Form</classname>
      <dateChanged id="12">2013-01-31 09:11:25</dateChanged>
      <retired>false</retired>
    </org.openmrs.module.metadatasharing.Item>
    <org.openmrs.module.metadatasharing.Item id="13" uuid="37f6bd8d-586a-4169-95fa-5781f987fe62">
      <id>1</id>
      <classname>org.openmrs.Form</classname>
      <dateChanged id="14">2013-01-31 09:11:24</dateChanged>
      <retired>false</retired>
    </org.openmrs.module.metadatasharing.Item>
    <org.openmrs.module.metadatasharing.Item id="15" uuid="4a0d1332-490e-439f-9d14-c782143c94de">
      <id>17</id>
      <classname>org.openmrs.Form</classname>
      <dateChanged id="16">2013-01-31 09:11:25</dateChanged>
      <retired>false</retired>
    </org.openmrs.module.metadatasharing.Item>
    <org.openmrs.module.metadatasharing.Item id="17" uuid="4b296dd0-f6be-4007-9eb8-d0fd4e94fb3a">
      <id>4</id>
      <classname>org.openmrs.Form</classname>
      <dateChanged id="18">2013-01-31 09:11:24</dateChanged>
      <retired>false</retired>
    </org.openmrs.module.metadatasharing.Item>
    <org.openmrs.module.metadatasharing.Item id="19" uuid="59ed8e62-7f1f-40ae-a2e3-eabe350277ce">
      <id>9</id>
      <classname>org.openmrs.Form</classname>
      <dateChanged id="20">2013-01-31 09:11:25</dateChanged>
      <retired>false</retired>
    </org.openmrs.module.metadatasharing.Item>
    <org.openmrs.module.metadatasharing.Item id="21" uuid="7e603909-9ed5-4d0c-a688-26ecb05d8b6e">
      <id>14</id>
      <classname>org.openmrs.Form</classname>
      <dateChanged id="22">2013-01-31 09:11:25</dateChanged>
      <retired>false</retired>
    </org.openmrs.module.metadatasharing.Item>
    <org.openmrs.module.metadatasharing.Item id="23" uuid="7efa0ee0-6617-4cd7-8310-9f95dfee7a82">
      <id>5</id>
      <classname>org.openmrs.Form</classname>
      <dateChanged id="24">2013-01-31 09:11:25</dateChanged>
      <retired>false</retired>
    </org.openmrs.module.metadatasharing.Item>
    <org.openmrs.module.metadatasharing.Item id="25" uuid="89994550-9939-40f3-afa6-173bce445c79">
      <id>6</id>
      <classname>org.openmrs.Form</classname>
      <dateChanged id="26">2013-01-31 09:11:25</dateChanged>
      <retired>false</retired>
    </org.openmrs.module.metadatasharing.Item>
    <org.openmrs.module.metadatasharing.Item id="27" uuid="8e4e1abf-7c08-4ba8-b6d8-19a9f1ccb6c9">
      <id>3</id>
      <classname>org.openmrs.Form</classname>
      <dateChanged id="28">2013-01-31 09:11:24</dateChanged>
      <retired>false</retired>
    </org.openmrs.module.metadatasharing.Item>
    <org.openmrs.module.metadatasharing.Item id="29" uuid="bd598114-4ef4-47b1-a746-a616180ccfc0">
      <id>16</id>
      <classname>org.openmrs.Form</classname>
      <dateChanged id="30">2013-01-31 09:11:25</dateChanged>
      <retired>false</retired>
    </org.openmrs.module.metadatasharing.Item>
    <org.openmrs.module.metadatasharing.Item id="31" uuid="d4ff8ad1-19f8-484f-9395-04c755de9a47">
      <id>15</id>
      <classname>org.openmrs.Form</classname>
      <dateChanged id="32">2013-01-31 09:11:25</dateChanged>
      <retired>false</retired>
    </org.openmrs.module.metadatasharing.Item>
    <org.openmrs.module.metadatasharing.Item id="33" uuid="e3237ede-fa70-451f-9e6c-0908bc39f8b9">
      <id>7</id>
      <classname>org.openmrs.Form</classname>
      <dateChanged id="34">2013-01-31 09:11:25</dateChanged>
      <retired>false</retired>
    </org.openmrs.module.metadatasharing.Item>
    <org.openmrs.module.metadatasharing.Item id="35" uuid="e4b506c1-7379-42b6-a374-284469cba8da">
      <id>13</id>
      <classname>org.openmrs.Form</classname>
      <dateChanged id="36">2013-01-31 09:11:25</dateChanged>
      <retired>false</retired>
    </org.openmrs.module.metadatasharing.Item>
    <org.openmrs.module.metadatasharing.Item id="37" uuid="e958f902-64df-4819-afd4-7fb061f59308">
      <id>11</id>
      <classname>org.openmrs.Form</classname>
      <dateChanged id="38">2013-01-31 09:11:25</dateChanged>
      <retired>false</retired>
    </org.openmrs.module.metadatasharing.Item>
  </items>
  <relatedItems class="linked-hash-set" id="39">
    <org.openmrs.module.metadatasharing.Item id="40" uuid="465a92f2-baf8-42e9-9612-53064be868e8">
      <id>2</id>
      <classname>org.openmrs.EncounterType</classname>
      <dateChanged id="41">2012-06-26 06:19:31</dateChanged>
      <retired>false</retired>
    </org.openmrs.module.metadatasharing.Item>
    <org.openmrs.module.metadatasharing.Item id="42" uuid="94af1829-2f76-41d4-baf6-3f21dec66ae7">
      <id>6</id>
      <classname>org.openmrs.EncounterType</classname>
      <dateChanged id="43">2013-01-14 21:52:18</dateChanged>
      <retired>false</retired>
    </org.openmrs.module.metadatasharing.Item>
    <org.openmrs.module.metadatasharing.Item id="44" uuid="a0034eee-1940-4e35-847f-97537a35d05e">
      <id>7</id>
      <classname>org.openmrs.EncounterType</classname>
      <dateChanged id="45">2012-06-26 06:20:28</dateChanged>
      <retired>false</retired>
    </org.openmrs.module.metadatasharing.Item>
    <org.openmrs.module.metadatasharing.Item id="46" uuid="d1059fb9-a079-4feb-a749-eedd709ae542">
      <id>1</id>
      <classname>org.openmrs.EncounterType</classname>
      <dateChanged id="47">2012-06-26 06:15:56</dateChanged>
      <retired>false</retired>
    </org.openmrs.module.metadatasharing.Item>
    <org.openmrs.module.metadatasharing.Item id="48" uuid="abfb143c-5b49-41e5-9ead-f47ee4cc57cf">
      <id>3</id>
      <classname>org.openmrs.EncounterType</classname>
      <dateChanged id="49">2012-06-26 06:16:59</dateChanged>
      <retired>false</retired>
    </org.openmrs.module.metadatasharing.Item>
    <org.openmrs.module.metadatasharing.Item id="50" uuid="de1f9d67-b73e-4e1b-90d0-036166fc6995">
      <id>4</id>
      <classname>org.openmrs.EncounterType</classname>
      <dateChanged id="51">2012-06-26 06:14:17</dateChanged>
      <retired>false</retired>
    </org.openmrs.module.metadatasharing.Item>
    <org.openmrs.module.metadatasharing.Item id="52" uuid="de78a6be-bfc5-4634-adc3-5f1a280455cc">
      <id>5</id>
      <classname>org.openmrs.EncounterType</classname>
      <dateChanged id="53">2012-06-26 06:15:01</dateChanged>
      <retired>false</retired>
    </org.openmrs.module.metadatasharing.Item>
  </relatedItems>
</package>
