<?xml version="1.0" encoding="UTF-8"?>
<package id="1" uuid="a240c080-985f-48a9-9f8c-4748f7804db4">
  <dateCreated id="2">2012-08-26 12:44:31</dateCreated>
  <name>Kenya Facility List</name>
  <description>Subset of the master facility list</description>
  <openmrsVersion>1.9.1 SNAPSHOT Build 28985</openmrsVersion>
  <version>1</version>
  <groupUuid>659bc9bc-f293-4d22-9e53-6358762d9e3f</groupUuid>
  <modules id="3">
    <entry>
      <string>uilibrary</string>
      <string>1.4</string>
    </entry>
    <entry>
      <string>htmlwidgets</string>
      <string>1.6.0</string>
    </entry>
    <entry>
      <string>uiframework</string>
      <string>1.7</string>
    </entry>
    <entry>
      <string>htmlformentry</string>
      <string>1.10.1-SNAPSHOT</string>
    </entry>
    <entry>
      <string>appframework</string>
      <string>1.3</string>
    </entry>
    <entry>
      <string>logic</string>
      <string>0.5.2</string>
    </entry>
    <entry>
      <string>calculation</string>
      <string>1.0-SNAPSHOT</string>
    </entry>
    <entry>
      <string>kenyaemr</string>
      <string>1.0-SNAPSHOT</string>
    </entry>
    <entry>
      <string>moduledistro</string>
      <string>1.2</string>
    </entry>
    <entry>
      <string>htmlformentry19ext</string>
      <string>0.9</string>
    </entry>
    <entry>
      <string>idgen</string>
      <string>2.1</string>
    </entry>
    <entry>
      <string>reporting</string>
      <string>0.7.1.1</string>
    </entry>
    <entry>
      <string>metadatasharing</string>
      <string>1.0.8</string>
    </entry>
    <entry>
      <string>serialization.xstream</string>
      <string>0.2.6</string>
    </entry>
  </modules>
  <items class="linked-hash-set" id="4">
    <org.openmrs.module.metadatasharing.Item id="5" uuid="06bc1f2c-7254-43d3-a36b-1264f3c895bf">
      <id>10</id>
      <classname>org.openmrs.Location</classname>
      <dateChanged id="6">2012-07-13 05:25:25</dateChanged>
      <retired>false</retired>
    </org.openmrs.module.metadatasharing.Item>
    <org.openmrs.module.metadatasharing.Item id="7" uuid="35ee438d-5682-49de-bd08-05f48e366aa4">
      <id>11</id>
      <classname>org.openmrs.Location</classname>
      <dateChanged id="8">2012-07-13 05:25:25</dateChanged>
      <retired>false</retired>
    </org.openmrs.module.metadatasharing.Item>
    <org.openmrs.module.metadatasharing.Item id="9" uuid="59adcd10-3b6b-4984-859c-ee9696de9624">
      <id>3</id>
      <classname>org.openmrs.Location</classname>
      <dateChanged id="10">2012-07-13 05:25:25</dateChanged>
      <retired>false</retired>
    </org.openmrs.module.metadatasharing.Item>
    <org.openmrs.module.metadatasharing.Item id="11" uuid="63c17371-0edc-43f3-8c68-fa9889db720a">
      <id>15</id>
      <classname>org.openmrs.Location</classname>
      <dateChanged id="12">2012-07-13 05:25:25</dateChanged>
      <retired>false</retired>
    </org.openmrs.module.metadatasharing.Item>
    <org.openmrs.module.metadatasharing.Item id="13" uuid="66c26743-639a-4fec-8965-86cfaacca792">
      <id>14</id>
      <classname>org.openmrs.Location</classname>
      <dateChanged id="14">2012-07-13 05:25:25</dateChanged>
      <retired>false</retired>
    </org.openmrs.module.metadatasharing.Item>
    <org.openmrs.module.metadatasharing.Item id="15" uuid="85345500-e49f-4fd2-a07a-c700ae6d53f5">
      <id>13</id>
      <classname>org.openmrs.Location</classname>
      <dateChanged id="16">2012-07-13 05:25:25</dateChanged>
      <retired>false</retired>
    </org.openmrs.module.metadatasharing.Item>
    <org.openmrs.module.metadatasharing.Item id="17" uuid="9bec5785-abf3-4486-a76f-90bb9f6cb346">
      <id>9</id>
      <classname>org.openmrs.Location</classname>
      <dateChanged id="18">2012-07-13 05:25:25</dateChanged>
      <retired>false</retired>
    </org.openmrs.module.metadatasharing.Item>
    <org.openmrs.module.metadatasharing.Item id="19" uuid="a23261e9-488b-4785-ab2b-d148a06af510">
      <id>4</id>
      <classname>org.openmrs.Location</classname>
      <dateChanged id="20">2012-07-13 05:25:25</dateChanged>
      <retired>false</retired>
    </org.openmrs.module.metadatasharing.Item>
    <org.openmrs.module.metadatasharing.Item id="21" uuid="a7ec6204-ea0a-435e-a866-9e7cea7c28ab">
      <id>5</id>
      <classname>org.openmrs.Location</classname>
      <dateChanged id="22">2012-07-13 05:25:25</dateChanged>
      <retired>false</retired>
    </org.openmrs.module.metadatasharing.Item>
    <org.openmrs.module.metadatasharing.Item id="23" uuid="b88b0e3d-a591-46b3-ab8f-125e662acffa">
      <id>16</id>
      <classname>org.openmrs.Location</classname>
      <dateChanged id="24">2012-07-13 05:25:25</dateChanged>
      <retired>false</retired>
    </org.openmrs.module.metadatasharing.Item>
    <org.openmrs.module.metadatasharing.Item id="25" uuid="c3785db0-0efb-40c4-aa0a-dc854e60a0fc">
      <id>8</id>
      <classname>org.openmrs.Location</classname>
      <dateChanged id="26">2012-07-13 05:25:25</dateChanged>
      <retired>false</retired>
    </org.openmrs.module.metadatasharing.Item>
    <org.openmrs.module.metadatasharing.Item id="27" uuid="d850b864-a5b5-4279-b335-41863f90e4f0">
      <id>6</id>
      <classname>org.openmrs.Location</classname>
      <dateChanged id="28">2012-07-13 05:25:25</dateChanged>
      <retired>false</retired>
    </org.openmrs.module.metadatasharing.Item>
    <org.openmrs.module.metadatasharing.Item id="29" uuid="e630eab5-f547-4ac2-8308-1317ce76bf5c">
      <id>12</id>
      <classname>org.openmrs.Location</classname>
      <dateChanged id="30">2012-07-13 05:25:25</dateChanged>
      <retired>false</retired>
    </org.openmrs.module.metadatasharing.Item>
    <org.openmrs.module.metadatasharing.Item id="31" uuid="e9628054-8dce-4f9b-8ce2-3aaa6af9beb4">
      <id>7</id>
      <classname>org.openmrs.Location</classname>
      <dateChanged id="32">2012-07-13 05:25:25</dateChanged>
      <retired>false</retired>
    </org.openmrs.module.metadatasharing.Item>
    <org.openmrs.module.metadatasharing.Item id="33" uuid="f311a4aa-b0ab-4383-825f-38978525ec44">
      <id>2</id>
      <classname>org.openmrs.Location</classname>
      <dateChanged id="34">2012-07-13 05:25:25</dateChanged>
      <retired>false</retired>
    </org.openmrs.module.metadatasharing.Item>
  </items>
  <relatedItems class="linked-hash-set" id="35">
    <org.openmrs.module.metadatasharing.Item id="36" uuid="87b7d3bc-f8bd-43ea-a664-fdddfd421e2b">
      <id>9</id>
      <classname>org.openmrs.LocationAttribute</classname>
      <dateChanged id="37">2012-07-13 05:25:25</dateChanged>
    </org.openmrs.module.metadatasharing.Item>
    <org.openmrs.module.metadatasharing.Item id="38" uuid="8a845a89-6aa5-4111-81d3-0af31c45c002">
      <id>1</id>
      <classname>org.openmrs.LocationAttributeType</classname>
      <dateChanged id="39">2012-08-08 16:47:27</dateChanged>
      <retired>false</retired>
    </org.openmrs.module.metadatasharing.Item>
    <org.openmrs.module.metadatasharing.Item id="40" uuid="1923becb-51d6-40cb-ac4c-488120d809cb">
      <id>10</id>
      <classname>org.openmrs.LocationAttribute</classname>
      <dateChanged id="41">2012-07-13 05:25:25</dateChanged>
    </org.openmrs.module.metadatasharing.Item>
    <org.openmrs.module.metadatasharing.Item id="42" uuid="58162159-e7d2-4f02-9d8d-8d82824c257b">
      <id>2</id>
      <classname>org.openmrs.LocationAttribute</classname>
      <dateChanged id="43">2012-07-13 05:25:25</dateChanged>
    </org.openmrs.module.metadatasharing.Item>
    <org.openmrs.module.metadatasharing.Item id="44" uuid="24494b0e-3966-49f4-abe1-eebdd87abbca">
      <id>14</id>
      <classname>org.openmrs.LocationAttribute</classname>
      <dateChanged id="45">2012-07-13 05:25:25</dateChanged>
    </org.openmrs.module.metadatasharing.Item>
    <org.openmrs.module.metadatasharing.Item id="46" uuid="6ffd0cb2-a69c-4872-b3ea-565d3901cc4b">
      <id>13</id>
      <classname>org.openmrs.LocationAttribute</classname>
      <dateChanged id="47">2012-07-13 05:25:25</dateChanged>
    </org.openmrs.module.metadatasharing.Item>
    <org.openmrs.module.metadatasharing.Item id="48" uuid="a36d4d89-db21-4899-a986-cbffa698effe">
      <id>12</id>
      <classname>org.openmrs.LocationAttribute</classname>
      <dateChanged id="49">2012-07-13 05:25:25</dateChanged>
    </org.openmrs.module.metadatasharing.Item>
    <org.openmrs.module.metadatasharing.Item id="50" uuid="827c9985-d85f-4c51-83d7-8b307ff4b6e9">
      <id>8</id>
      <classname>org.openmrs.LocationAttribute</classname>
      <dateChanged id="51">2012-07-13 05:25:25</dateChanged>
    </org.openmrs.module.metadatasharing.Item>
    <org.openmrs.module.metadatasharing.Item id="52" uuid="439a8974-7651-4108-b62e-5e416cb03e27">
      <id>3</id>
      <classname>org.openmrs.LocationAttribute</classname>
      <dateChanged id="53">2012-07-13 05:25:25</dateChanged>
    </org.openmrs.module.metadatasharing.Item>
    <org.openmrs.module.metadatasharing.Item id="54" uuid="ea35b682-2141-4522-98dc-4da1fbe23741">
      <id>4</id>
      <classname>org.openmrs.LocationAttribute</classname>
      <dateChanged id="55">2012-07-13 05:25:25</dateChanged>
    </org.openmrs.module.metadatasharing.Item>
    <org.openmrs.module.metadatasharing.Item id="56" uuid="31598016-272e-4842-9c43-23c50c55b5a6">
      <id>15</id>
      <classname>org.openmrs.LocationAttribute</classname>
      <dateChanged id="57">2012-07-13 05:25:25</dateChanged>
    </org.openmrs.module.metadatasharing.Item>
    <org.openmrs.module.metadatasharing.Item id="58" uuid="082b2218-201d-47dc-a366-2a19f5ecb779">
      <id>7</id>
      <classname>org.openmrs.LocationAttribute</classname>
      <dateChanged id="59">2012-07-13 05:25:25</dateChanged>
    </org.openmrs.module.metadatasharing.Item>
    <org.openmrs.module.metadatasharing.Item id="60" uuid="45069d66-6fea-4e9e-9e84-ce77ced3a752">
      <id>5</id>
      <classname>org.openmrs.LocationAttribute</classname>
      <dateChanged id="61">2012-07-13 05:25:25</dateChanged>
    </org.openmrs.module.metadatasharing.Item>
    <org.openmrs.module.metadatasharing.Item id="62" uuid="2d92f624-c655-4e44-be4e-3fba00c06ffc">
      <id>11</id>
      <classname>org.openmrs.LocationAttribute</classname>
      <dateChanged id="63">2012-07-13 05:25:25</dateChanged>
    </org.openmrs.module.metadatasharing.Item>
    <org.openmrs.module.metadatasharing.Item id="64" uuid="79e9fe62-41b9-4740-b1ff-ed4cd01e3663">
      <id>6</id>
      <classname>org.openmrs.LocationAttribute</classname>
      <dateChanged id="65">2012-07-13 05:25:25</dateChanged>
    </org.openmrs.module.metadatasharing.Item>
    <org.openmrs.module.metadatasharing.Item id="66" uuid="18dbe0b6-e7d9-46bd-a900-8b6a548050f8">
      <id>1</id>
      <classname>org.openmrs.LocationAttribute</classname>
      <dateChanged id="67">2012-07-13 05:25:25</dateChanged>
    </org.openmrs.module.metadatasharing.Item>
  </relatedItems>
</package>
