<?xml version="1.0" encoding="UTF-8"?>
<list id="1">
  <org.openmrs.Location id="2" uuid="06bc1f2c-7254-43d3-a36b-1264f3c895bf">
    <name>St Catherine&apos;s Health Centre</name>
    <description>(none)</description>
    <creator/>
    <dateCreated id="3">2012-07-13 05:25:25</dateCreated>
    <retired>false</retired>
    <attributes id="4">
      <org.openmrs.LocationAttribute id="5" uuid="87b7d3bc-f8bd-43ea-a664-fdddfd421e2b">
        <creator/>
        <dateCreated id="6">2012-07-13 05:25:25</dateCreated>
        <voided>false</voided>
        <owner class="org.openmrs.Location" reference="2"/>
        <attributeType class="org.openmrs.LocationAttributeType" id="7" uuid="8a845a89-6aa5-4111-81d3-0af31c45c002">
          <name>Master Facility Code</name>
          <description>Code for linking to the Ministry of Health&apos;s Master Facility List.&#xd;
(This is a sequential number allocated to each facility when it is added to the master list, allocated by the central database of the ministry.)</description>
          <creator/>
          <dateCreated id="8">2012-06-18 23:33:24</dateCreated>
          <changedBy/>
          <dateChanged id="9">2012-08-08 16:47:27</dateChanged>
          <retired>false</retired>
          <minOccurs>0</minOccurs>
          <maxOccurs>1</maxOccurs>
          <datatypeClassname>org.openmrs.customdatatype.datatype.RegexValidatedTextDatatype</datatypeClassname>
          <datatypeConfig>\d{5}</datatypeConfig>
          <locationAttributeTypeId>1</locationAttributeTypeId>
        </attributeType>
        <valueReference>13200</valueReference>
        <locationAttributeId>9</locationAttributeId>
      </org.openmrs.LocationAttribute>
    </attributes>
    <locationId>10</locationId>
    <countyDistrict>Nairobi</countyDistrict>
    <childLocations id="10"/>
    <tags id="11"/>
  </org.openmrs.Location>
  <org.openmrs.Location id="12" uuid="35ee438d-5682-49de-bd08-05f48e366aa4">
    <name>St Lukes (Kona) Health Centre</name>
    <description>(none)</description>
    <creator/>
    <dateCreated id="13">2012-07-13 05:25:25</dateCreated>
    <retired>false</retired>
    <attributes id="14">
      <org.openmrs.LocationAttribute id="15" uuid="1923becb-51d6-40cb-ac4c-488120d809cb">
        <creator/>
        <dateCreated id="16">2012-07-13 05:25:25</dateCreated>
        <voided>false</voided>
        <owner class="org.openmrs.Location" reference="12"/>
        <attributeType class="org.openmrs.LocationAttributeType" reference="7"/>
        <valueReference>13213</valueReference>
        <locationAttributeId>10</locationAttributeId>
      </org.openmrs.LocationAttribute>
    </attributes>
    <locationId>11</locationId>
    <countyDistrict>Nairobi</countyDistrict>
    <childLocations id="17"/>
    <tags id="18"/>
  </org.openmrs.Location>
  <org.openmrs.Location id="19" uuid="59adcd10-3b6b-4984-859c-ee9696de9624">
    <name>Mary Mission</name>
    <description>(none)</description>
    <creator/>
    <dateCreated id="20">2012-07-13 05:25:25</dateCreated>
    <retired>false</retired>
    <attributes id="21">
      <org.openmrs.LocationAttribute id="22" uuid="58162159-e7d2-4f02-9d8d-8d82824c257b">
        <creator/>
        <dateCreated id="23">2012-07-13 05:25:25</dateCreated>
        <voided>false</voided>
        <owner class="org.openmrs.Location" reference="19"/>
        <attributeType class="org.openmrs.LocationAttributeType" reference="7"/>
        <valueReference>17514</valueReference>
        <locationAttributeId>2</locationAttributeId>
      </org.openmrs.LocationAttribute>
    </attributes>
    <locationId>3</locationId>
    <countyDistrict>Nairobi</countyDistrict>
    <childLocations id="24"/>
    <tags id="25"/>
  </org.openmrs.Location>
  <org.openmrs.Location id="26" uuid="63c17371-0edc-43f3-8c68-fa9889db720a">
    <name>Mid Hill Medical Clinic</name>
    <description>(none)</description>
    <creator/>
    <dateCreated id="27">2012-07-13 05:25:25</dateCreated>
    <retired>false</retired>
    <attributes id="28">
      <org.openmrs.LocationAttribute id="29" uuid="24494b0e-3966-49f4-abe1-eebdd87abbca">
        <creator/>
        <dateCreated id="30">2012-07-13 05:25:25</dateCreated>
        <voided>false</voided>
        <owner class="org.openmrs.Location" reference="26"/>
        <attributeType class="org.openmrs.LocationAttributeType" reference="7"/>
        <valueReference>13091</valueReference>
        <locationAttributeId>14</locationAttributeId>
      </org.openmrs.LocationAttribute>
    </attributes>
    <locationId>15</locationId>
    <countyDistrict>Nairobi</countyDistrict>
    <childLocations id="31"/>
    <tags id="32"/>
  </org.openmrs.Location>
  <org.openmrs.Location id="33" uuid="66c26743-639a-4fec-8965-86cfaacca792">
    <name>St Teresa&apos;s Health Centre</name>
    <description>(none)</description>
    <creator/>
    <dateCreated id="34">2012-07-13 05:25:25</dateCreated>
    <retired>false</retired>
    <attributes id="35">
      <org.openmrs.LocationAttribute id="36" uuid="6ffd0cb2-a69c-4872-b3ea-565d3901cc4b">
        <creator/>
        <dateCreated id="37">2012-07-13 05:25:25</dateCreated>
        <voided>false</voided>
        <owner class="org.openmrs.Location" reference="33"/>
        <attributeType class="org.openmrs.LocationAttributeType" reference="7"/>
        <valueReference>13227</valueReference>
        <locationAttributeId>13</locationAttributeId>
      </org.openmrs.LocationAttribute>
    </attributes>
    <locationId>14</locationId>
    <countyDistrict>Nairobi</countyDistrict>
    <childLocations id="38"/>
    <tags id="39"/>
  </org.openmrs.Location>
  <org.openmrs.Location id="40" uuid="85345500-e49f-4fd2-a07a-c700ae6d53f5">
    <name>St Jude&apos;s Health Centre</name>
    <description>(none)</description>
    <creator/>
    <dateCreated id="41">2012-07-13 05:25:25</dateCreated>
    <retired>false</retired>
    <attributes id="42">
      <org.openmrs.LocationAttribute id="43" uuid="a36d4d89-db21-4899-a986-cbffa698effe">
        <creator/>
        <dateCreated id="44">2012-07-13 05:25:25</dateCreated>
        <voided>false</voided>
        <owner class="org.openmrs.Location" reference="40"/>
        <attributeType class="org.openmrs.LocationAttributeType" reference="7"/>
        <valueReference>13212</valueReference>
        <locationAttributeId>12</locationAttributeId>
      </org.openmrs.LocationAttribute>
    </attributes>
    <locationId>13</locationId>
    <countyDistrict>Nairobi</countyDistrict>
    <childLocations id="45"/>
    <tags id="46"/>
  </org.openmrs.Location>
  <org.openmrs.Location id="47" uuid="9bec5785-abf3-4486-a76f-90bb9f6cb346">
    <name>Kabiro Medical Clinic</name>
    <description>(none)</description>
    <creator/>
    <dateCreated id="48">2012-07-13 05:25:25</dateCreated>
    <retired>false</retired>
    <attributes id="49">
      <org.openmrs.LocationAttribute id="50" uuid="827c9985-d85f-4c51-83d7-8b307ff4b6e9">
        <creator/>
        <dateCreated id="51">2012-07-13 05:25:25</dateCreated>
        <voided>false</voided>
        <owner class="org.openmrs.Location" reference="47"/>
        <attributeType class="org.openmrs.LocationAttributeType" reference="7"/>
        <valueReference>12995</valueReference>
        <locationAttributeId>8</locationAttributeId>
      </org.openmrs.LocationAttribute>
    </attributes>
    <locationId>9</locationId>
    <countyDistrict>Nairobi</countyDistrict>
    <childLocations id="52"/>
    <tags id="53"/>
  </org.openmrs.Location>
  <org.openmrs.Location id="54" uuid="a23261e9-488b-4785-ab2b-d148a06af510">
    <name>Mbagathi District Hospital</name>
    <description>(none)</description>
    <creator/>
    <dateCreated id="55">2012-07-13 05:25:25</dateCreated>
    <retired>false</retired>
    <attributes id="56">
      <org.openmrs.LocationAttribute id="57" uuid="439a8974-7651-4108-b62e-5e416cb03e27">
        <creator/>
        <dateCreated id="58">2012-07-13 05:25:25</dateCreated>
        <voided>false</voided>
        <owner class="org.openmrs.Location" reference="54"/>
        <attributeType class="org.openmrs.LocationAttributeType" reference="7"/>
        <valueReference>13080</valueReference>
        <locationAttributeId>3</locationAttributeId>
      </org.openmrs.LocationAttribute>
    </attributes>
    <locationId>4</locationId>
    <countyDistrict>Nairobi</countyDistrict>
    <childLocations id="59"/>
    <tags id="60"/>
  </org.openmrs.Location>
  <org.openmrs.Location id="61" uuid="a7ec6204-ea0a-435e-a866-9e7cea7c28ab">
    <name>Ray Of Hope Health Centre</name>
    <description>(none)</description>
    <creator/>
    <dateCreated id="62">2012-07-13 05:25:25</dateCreated>
    <retired>false</retired>
    <attributes id="63">
      <org.openmrs.LocationAttribute id="64" uuid="ea35b682-2141-4522-98dc-4da1fbe23741">
        <creator/>
        <dateCreated id="65">2012-07-13 05:25:25</dateCreated>
        <voided>false</voided>
        <owner class="org.openmrs.Location" reference="61"/>
        <attributeType class="org.openmrs.LocationAttributeType" reference="7"/>
        <valueReference>13159</valueReference>
        <locationAttributeId>4</locationAttributeId>
      </org.openmrs.LocationAttribute>
    </attributes>
    <locationId>5</locationId>
    <countyDistrict>Nairobi</countyDistrict>
    <childLocations id="66"/>
    <tags id="67"/>
  </org.openmrs.Location>
  <org.openmrs.Location id="68" uuid="b88b0e3d-a591-46b3-ab8f-125e662acffa">
    <name>Waithaka Health Centre</name>
    <description>(none)</description>
    <creator/>
    <dateCreated id="69">2012-07-13 05:25:25</dateCreated>
    <retired>false</retired>
    <attributes id="70">
      <org.openmrs.LocationAttribute id="71" uuid="31598016-272e-4842-9c43-23c50c55b5a6">
        <creator/>
        <dateCreated id="72">2012-07-13 05:25:25</dateCreated>
        <voided>false</voided>
        <owner class="org.openmrs.Location" reference="68"/>
        <attributeType class="org.openmrs.LocationAttributeType" reference="7"/>
        <valueReference>13249</valueReference>
        <locationAttributeId>15</locationAttributeId>
      </org.openmrs.LocationAttribute>
    </attributes>
    <locationId>16</locationId>
    <countyDistrict>Nairobi</countyDistrict>
    <childLocations id="73"/>
    <tags id="74"/>
  </org.openmrs.Location>
  <org.openmrs.Location id="75" uuid="c3785db0-0efb-40c4-aa0a-dc854e60a0fc">
    <name>Afya Medical Health Centre</name>
    <description>(none)</description>
    <creator/>
    <dateCreated id="76">2012-07-13 05:25:25</dateCreated>
    <retired>false</retired>
    <attributes id="77">
      <org.openmrs.LocationAttribute id="78" uuid="082b2218-201d-47dc-a366-2a19f5ecb779">
        <creator/>
        <dateCreated id="79">2012-07-13 05:25:25</dateCreated>
        <voided>false</voided>
        <owner class="org.openmrs.Location" reference="75"/>
        <attributeType class="org.openmrs.LocationAttributeType" reference="7"/>
        <valueReference>12866</valueReference>
        <locationAttributeId>7</locationAttributeId>
      </org.openmrs.LocationAttribute>
    </attributes>
    <locationId>8</locationId>
    <countyDistrict>Nairobi</countyDistrict>
    <childLocations id="80"/>
    <tags id="81"/>
  </org.openmrs.Location>
  <org.openmrs.Location id="82" uuid="d850b864-a5b5-4279-b335-41863f90e4f0">
    <name>Muteithania Medical Clinic</name>
    <description>(none)</description>
    <creator/>
    <dateCreated id="83">2012-07-13 05:25:25</dateCreated>
    <retired>false</retired>
    <attributes id="84">
      <org.openmrs.LocationAttribute id="85" uuid="45069d66-6fea-4e9e-9e84-ce77ced3a752">
        <creator/>
        <dateCreated id="86">2012-07-13 05:25:25</dateCreated>
        <voided>false</voided>
        <owner class="org.openmrs.Location" reference="82"/>
        <attributeType class="org.openmrs.LocationAttributeType" reference="7"/>
        <valueReference>13103</valueReference>
        <locationAttributeId>5</locationAttributeId>
      </org.openmrs.LocationAttribute>
    </attributes>
    <locationId>6</locationId>
    <countyDistrict>Nairobi</countyDistrict>
    <childLocations id="87"/>
    <tags id="88"/>
  </org.openmrs.Location>
  <org.openmrs.Location id="89" uuid="e630eab5-f547-4ac2-8308-1317ce76bf5c">
    <name>Mercy Mission Health Centre</name>
    <description>(none)</description>
    <creator/>
    <dateCreated id="90">2012-07-13 05:25:25</dateCreated>
    <retired>false</retired>
    <attributes id="91">
      <org.openmrs.LocationAttribute id="92" uuid="2d92f624-c655-4e44-be4e-3fba00c06ffc">
        <creator/>
        <dateCreated id="93">2012-07-13 05:25:25</dateCreated>
        <voided>false</voided>
        <owner class="org.openmrs.Location" reference="89"/>
        <attributeType class="org.openmrs.LocationAttributeType" reference="7"/>
        <valueReference>13089</valueReference>
        <locationAttributeId>11</locationAttributeId>
      </org.openmrs.LocationAttribute>
    </attributes>
    <locationId>12</locationId>
    <countyDistrict>Nairobi</countyDistrict>
    <childLocations id="94"/>
    <tags id="95"/>
  </org.openmrs.Location>
  <org.openmrs.Location id="96" uuid="e9628054-8dce-4f9b-8ce2-3aaa6af9beb4">
    <name>Trinity Medical Care Health Centre</name>
    <description>(none)</description>
    <creator/>
    <dateCreated id="97">2012-07-13 05:25:25</dateCreated>
    <retired>false</retired>
    <attributes id="98">
      <org.openmrs.LocationAttribute id="99" uuid="79e9fe62-41b9-4740-b1ff-ed4cd01e3663">
        <creator/>
        <dateCreated id="100">2012-07-13 05:25:25</dateCreated>
        <voided>false</voided>
        <owner class="org.openmrs.Location" reference="96"/>
        <attributeType class="org.openmrs.LocationAttributeType" reference="7"/>
        <valueReference>13238</valueReference>
        <locationAttributeId>6</locationAttributeId>
      </org.openmrs.LocationAttribute>
    </attributes>
    <locationId>7</locationId>
    <countyDistrict>Nairobi</countyDistrict>
    <childLocations id="101"/>
    <tags id="102"/>
  </org.openmrs.Location>
  <org.openmrs.Location id="103" uuid="f311a4aa-b0ab-4383-825f-38978525ec44">
    <name>Wema Nursing Home</name>
    <description>(none)</description>
    <creator/>
    <dateCreated id="104">2012-07-13 05:25:25</dateCreated>
    <retired>false</retired>
    <attributes id="105">
      <org.openmrs.LocationAttribute id="106" uuid="18dbe0b6-e7d9-46bd-a900-8b6a548050f8">
        <creator/>
        <dateCreated id="107">2012-07-13 05:25:25</dateCreated>
        <voided>false</voided>
        <owner class="org.openmrs.Location" reference="103"/>
        <attributeType class="org.openmrs.LocationAttributeType" reference="7"/>
        <valueReference>13256</valueReference>
        <locationAttributeId>1</locationAttributeId>
      </org.openmrs.LocationAttribute>
    </attributes>
    <locationId>2</locationId>
    <countyDistrict>Nairobi</countyDistrict>
    <childLocations id="108"/>
    <tags id="109"/>
  </org.openmrs.Location>
</list>
