<?xml version="1.0" encoding="UTF-8"?>
<package id="1" uuid="2578b8f5-b298-4952-90db-d17604eaea98">
  <dateCreated id="2">2013-10-02 13:43:05</dateCreated>
  <name>KenyaEMR Drugs</name>
  <description>Drugs used by KenyaEMR</description>
  <openmrsVersion>1.9.3  Build f535e9</openmrsVersion>
  <version>2</version>
  <groupUuid>550a5db0-13be-486d-aec7-de05adac71e7</groupUuid>
  <modules id="3">
    <entry>
      <string>groovy</string>
      <string>2.2.4</string>
    </entry>
    <entry>
      <string>validation</string>
      <string>1.0.1</string>
    </entry>
    <entry>
      <string>kenyametadatatools</string>
      <string>1.3-SNAPSHOT</string>
    </entry>
    <entry>
      <string>metadatamapping</string>
      <string>1.0.1</string>
    </entry>
    <entry>
      <string>metadatasharing</string>
      <string>1.1.8</string>
    </entry>
    <entry>
      <string>logic</string>
      <string>0.5.2</string>
    </entry>
    <entry>
      <string>serialization.xstream</string>
      <string>0.2.7</string>
    </entry>
  </modules>
  <items class="linked-hash-set" id="4">
    <org.openmrs.module.metadatasharing.Item id="5" uuid="9a012906-3778-4e2e-848f-e0272bfe9e27">
      <id>6</id>
      <classname>org.openmrs.Drug</classname>
      <dateChanged id="6">2013-02-25 16:05:54</dateChanged>
      <retired>false</retired>
    </org.openmrs.module.metadatasharing.Item>
    <org.openmrs.module.metadatasharing.Item id="7" uuid="13b56178-a15b-4070-951d-2ce813cccc32">
      <id>2</id>
      <classname>org.openmrs.Drug</classname>
      <dateChanged id="8">2013-02-25 16:11:41</dateChanged>
      <retired>false</retired>
    </org.openmrs.module.metadatasharing.Item>
    <org.openmrs.module.metadatasharing.Item id="9" uuid="a74fefc6-931d-47b9-b282-5d6c8c8d8060">
      <id>7</id>
      <classname>org.openmrs.Drug</classname>
      <dateChanged id="10">2013-02-25 16:05:23</dateChanged>
      <retired>false</retired>
    </org.openmrs.module.metadatasharing.Item>
    <org.openmrs.module.metadatasharing.Item id="11" uuid="0dbc4971-67ea-40d7-8089-7c327e5f3c6e">
      <id>1</id>
      <classname>org.openmrs.Drug</classname>
      <dateChanged id="12">2013-02-25 16:06:50</dateChanged>
      <retired>false</retired>
    </org.openmrs.module.metadatasharing.Item>
    <org.openmrs.module.metadatasharing.Item id="13" uuid="89b72116-108d-4b65-b7fe-5a841192e095">
      <id>9</id>
      <classname>org.openmrs.Drug</classname>
      <dateChanged id="14">2013-10-02 13:38:29</dateChanged>
      <retired>false</retired>
    </org.openmrs.module.metadatasharing.Item>
    <org.openmrs.module.metadatasharing.Item id="15" uuid="97810e6b-cfcf-44fa-b63c-5d3e12cbe8d7">
      <id>5</id>
      <classname>org.openmrs.Drug</classname>
      <dateChanged id="16">2013-02-25 16:05:13</dateChanged>
      <retired>false</retired>
    </org.openmrs.module.metadatasharing.Item>
    <org.openmrs.module.metadatasharing.Item id="17" uuid="161f633d-ab5d-4cd1-94c5-7a012dedc388">
      <id>3</id>
      <classname>org.openmrs.Drug</classname>
      <dateChanged id="18">2013-02-25 16:05:19</dateChanged>
      <retired>false</retired>
    </org.openmrs.module.metadatasharing.Item>
    <org.openmrs.module.metadatasharing.Item id="19" uuid="37e185a3-ba6b-447a-83e0-7ff3edbe76f7">
      <id>10</id>
      <classname>org.openmrs.Drug</classname>
      <dateChanged id="20">2013-10-02 13:39:15</dateChanged>
      <retired>false</retired>
    </org.openmrs.module.metadatasharing.Item>
    <org.openmrs.module.metadatasharing.Item id="21" uuid="c97032a4-2136-4e92-8ff8-3fc6faab4133">
      <id>8</id>
      <classname>org.openmrs.Drug</classname>
      <dateChanged id="22">2013-02-25 16:07:21</dateChanged>
      <retired>false</retired>
    </org.openmrs.module.metadatasharing.Item>
    <org.openmrs.module.metadatasharing.Item id="23" uuid="52690c5a-e9cd-4561-8aad-3b646fb7deaa">
      <id>4</id>
      <classname>org.openmrs.Drug</classname>
      <dateChanged id="24">2013-02-25 16:08:41</dateChanged>
      <retired>false</retired>
    </org.openmrs.module.metadatasharing.Item>
  </items>
  <relatedItems class="linked-hash-set" id="25">
    <org.openmrs.module.metadatasharing.Item id="26" uuid="78280AAAAAAAAAAAAAAAAAAAAAAAAAAAAAAA">
      <id>78280</id>
      <classname>org.openmrs.Concept</classname>
      <dateChanged id="27">2011-06-10 16:08:20</dateChanged>
      <retired>false</retired>
    </org.openmrs.module.metadatasharing.Item>
    <org.openmrs.module.metadatasharing.Item id="28" uuid="8d4a4c94-c2cc-11de-8d13-0010c6dffd0f">
      <id>4</id>
      <classname>org.openmrs.ConceptDatatype</classname>
      <dateChanged id="29">2004-02-02 00:00:00</dateChanged>
      <retired>false</retired>
    </org.openmrs.module.metadatasharing.Item>
    <org.openmrs.module.metadatasharing.Item id="30" uuid="8d490dfc-c2cc-11de-8d13-0010c6dffd0f">
      <id>3</id>
      <classname>org.openmrs.ConceptClass</classname>
      <dateChanged id="31">2004-02-02 00:00:00</dateChanged>
      <retired>false</retired>
    </org.openmrs.module.metadatasharing.Item>
    <org.openmrs.module.metadatasharing.Item id="32" uuid="98233BBBBBBBBBBBBBBBBBBBBBBBBBBBBBBB">
      <id>98233</id>
      <classname>org.openmrs.ConceptName</classname>
      <dateChanged id="33">2007-10-18 09:35:54</dateChanged>
    </org.openmrs.module.metadatasharing.Item>
    <org.openmrs.module.metadatasharing.Item id="34" uuid="6234BBBBBBBBBBBBBBBBBBBBBBBBBBBBBBBB">
      <id>6234</id>
      <classname>org.openmrs.ConceptName</classname>
      <dateChanged id="35">2006-12-17 00:00:00</dateChanged>
    </org.openmrs.module.metadatasharing.Item>
    <org.openmrs.module.metadatasharing.Item id="36" uuid="99380BBBBBBBBBBBBBBBBBBBBBBBBBBBBBBB">
      <id>99380</id>
      <classname>org.openmrs.ConceptName</classname>
      <dateChanged id="37">2007-10-18 09:35:54</dateChanged>
    </org.openmrs.module.metadatasharing.Item>
    <org.openmrs.module.metadatasharing.Item id="38" uuid="107647BBBBBBBBBBBBBBBBBBBBBBBBBBBBBB">
      <id>107647</id>
      <classname>org.openmrs.ConceptName</classname>
      <dateChanged id="39">2011-01-17 16:10:35</dateChanged>
    </org.openmrs.module.metadatasharing.Item>
    <org.openmrs.module.metadatasharing.Item id="40" uuid="95598BBBBBBBBBBBBBBBBBBBBBBBBBBBBBBB">
      <id>95598</id>
      <classname>org.openmrs.ConceptName</classname>
      <dateChanged id="41">2007-10-18 09:35:54</dateChanged>
    </org.openmrs.module.metadatasharing.Item>
    <org.openmrs.module.metadatasharing.Item id="42" uuid="16532FFFFFFFFFFFFFFFFFFFFFFFFFFFFFFF">
      <id>16532</id>
      <classname>org.openmrs.ConceptDescription</classname>
      <dateChanged id="43">2011-01-17 16:10:48</dateChanged>
    </org.openmrs.module.metadatasharing.Item>
    <org.openmrs.module.metadatasharing.Item id="44" uuid="135208ABBBBBBBBBBBBBBBBBBBBBBBBBBBBB">
      <id>135208</id>
      <classname>org.openmrs.ConceptMap</classname>
      <dateChanged id="45">2010-10-24 13:09:59</dateChanged>
    </org.openmrs.module.metadatasharing.Item>
    <org.openmrs.module.metadatasharing.Item id="46" uuid="35543629-7d8c-11e1-909d-c80aa9edcf4e">
      <id>1</id>
      <classname>org.openmrs.ConceptMapType</classname>
      <dateChanged id="47">2013-09-14 00:00:00</dateChanged>
      <retired>false</retired>
    </org.openmrs.module.metadatasharing.Item>
    <org.openmrs.module.metadatasharing.Item id="48" uuid="9e0d0e97-ebfa-3fc6-9061-707efd3f7854">
      <id>135206</id>
      <classname>org.openmrs.ConceptReferenceTerm</classname>
      <dateChanged id="49">2010-10-24 00:00:00</dateChanged>
      <retired>false</retired>
    </org.openmrs.module.metadatasharing.Item>
    <org.openmrs.module.metadatasharing.Item id="50" uuid="13ADDDDDDDDDDDDDDDDDDDDDDDDDDDDDDDDD">
      <id>13</id>
      <classname>org.openmrs.ConceptSource</classname>
      <dateChanged id="51">2010-10-24 17:02:38</dateChanged>
      <retired>false</retired>
    </org.openmrs.module.metadatasharing.Item>
    <org.openmrs.module.metadatasharing.Item id="52" uuid="134448ABBBBBBBBBBBBBBBBBBBBBBBBBBBBB">
      <id>134448</id>
      <classname>org.openmrs.ConceptMap</classname>
      <dateChanged id="53">2010-10-24 13:09:59</dateChanged>
    </org.openmrs.module.metadatasharing.Item>
    <org.openmrs.module.metadatasharing.Item id="54" uuid="dc0c23d1-0d04-3d4b-833b-b5c4c1f98f9e">
      <id>134448</id>
      <classname>org.openmrs.ConceptReferenceTerm</classname>
      <dateChanged id="55">2010-10-24 00:00:00</dateChanged>
      <retired>false</retired>
    </org.openmrs.module.metadatasharing.Item>
    <org.openmrs.module.metadatasharing.Item id="56" uuid="175392ABBBBBBBBBBBBBBBBBBBBBBBBBBBBB">
      <id>175392</id>
      <classname>org.openmrs.ConceptMap</classname>
      <dateChanged id="57">2013-07-03 18:53:08</dateChanged>
    </org.openmrs.module.metadatasharing.Item>
    <org.openmrs.module.metadatasharing.Item id="58" uuid="b6aa2afb-fa00-3430-b8fe-861505f105ea">
      <id>175392</id>
      <classname>org.openmrs.ConceptReferenceTerm</classname>
      <dateChanged id="59">2013-07-03 00:00:00</dateChanged>
      <retired>false</retired>
    </org.openmrs.module.metadatasharing.Item>
    <org.openmrs.module.metadatasharing.Item id="60" uuid="21ADDDDDDDDDDDDDDDDDDDDDDDDDDDDDDDDD">
      <id>21</id>
      <classname>org.openmrs.ConceptSource</classname>
      <dateChanged id="61">2013-07-03 15:55:03</dateChanged>
      <retired>false</retired>
    </org.openmrs.module.metadatasharing.Item>
    <org.openmrs.module.metadatasharing.Item id="62" uuid="135202ABBBBBBBBBBBBBBBBBBBBBBBBBBBBB">
      <id>135202</id>
      <classname>org.openmrs.ConceptMap</classname>
      <dateChanged id="63">2010-10-24 13:09:59</dateChanged>
    </org.openmrs.module.metadatasharing.Item>
    <org.openmrs.module.metadatasharing.Item id="64" uuid="f29090e9-6284-3fd5-8bba-9dd45e10d44e">
      <id>135199</id>
      <classname>org.openmrs.ConceptReferenceTerm</classname>
      <dateChanged id="65">2010-10-24 00:00:00</dateChanged>
      <retired>false</retired>
    </org.openmrs.module.metadatasharing.Item>
    <org.openmrs.module.metadatasharing.Item id="66" uuid="138822ABBBBBBBBBBBBBBBBBBBBBBBBBBBBB">
      <id>138822</id>
      <classname>org.openmrs.ConceptMap</classname>
      <dateChanged id="67">2011-02-02 00:21:47</dateChanged>
    </org.openmrs.module.metadatasharing.Item>
    <org.openmrs.module.metadatasharing.Item id="68" uuid="dd6adeb0-f8a4-3a0d-b6f1-cb3904e4facc">
      <id>138822</id>
      <classname>org.openmrs.ConceptReferenceTerm</classname>
      <dateChanged id="69">2011-02-02 00:00:00</dateChanged>
      <retired>false</retired>
    </org.openmrs.module.metadatasharing.Item>
    <org.openmrs.module.metadatasharing.Item id="70" uuid="1ADDDDDDDDDDDDDDDDDDDDDDDDDDDDDDDDDD">
      <id>1</id>
      <classname>org.openmrs.ConceptSource</classname>
      <dateChanged id="71">2009-11-19 20:19:16</dateChanged>
      <retired>false</retired>
    </org.openmrs.module.metadatasharing.Item>
    <org.openmrs.module.metadatasharing.Item id="72" uuid="134371ABBBBBBBBBBBBBBBBBBBBBBBBBBBBB">
      <id>134371</id>
      <classname>org.openmrs.ConceptMap</classname>
      <dateChanged id="73">2010-10-24 13:09:59</dateChanged>
    </org.openmrs.module.metadatasharing.Item>
    <org.openmrs.module.metadatasharing.Item id="74" uuid="413897c8-1a78-3477-8400-91fcd46221f7">
      <id>134371</id>
      <classname>org.openmrs.ConceptReferenceTerm</classname>
      <dateChanged id="75">2010-10-24 00:00:00</dateChanged>
      <retired>false</retired>
    </org.openmrs.module.metadatasharing.Item>
    <org.openmrs.module.metadatasharing.Item id="76" uuid="137882ABBBBBBBBBBBBBBBBBBBBBBBBBBBBB">
      <id>137882</id>
      <classname>org.openmrs.ConceptMap</classname>
      <dateChanged id="77">2011-01-17 16:10:35</dateChanged>
    </org.openmrs.module.metadatasharing.Item>
    <org.openmrs.module.metadatasharing.Item id="78" uuid="fe6d72de-9613-3fc2-a1b1-8d7abe93944c">
      <id>137882</id>
      <classname>org.openmrs.ConceptReferenceTerm</classname>
      <dateChanged id="79">2011-01-17 00:00:00</dateChanged>
      <retired>false</retired>
    </org.openmrs.module.metadatasharing.Item>
    <org.openmrs.module.metadatasharing.Item id="80" uuid="ddb6b595-0b85-4a80-9243-efe4ba404eef">
      <id>15</id>
      <classname>org.openmrs.ConceptSource</classname>
      <dateChanged id="81">2010-12-15 14:00:37</dateChanged>
      <retired>false</retired>
    </org.openmrs.module.metadatasharing.Item>
    <org.openmrs.module.metadatasharing.Item id="82" uuid="135217ABBBBBBBBBBBBBBBBBBBBBBBBBBBBB">
      <id>135217</id>
      <classname>org.openmrs.ConceptMap</classname>
      <dateChanged id="83">2010-10-24 13:09:59</dateChanged>
    </org.openmrs.module.metadatasharing.Item>
    <org.openmrs.module.metadatasharing.Item id="84" uuid="ef827048-c7b0-31d8-9d50-2e21caba7507">
      <id>135216</id>
      <classname>org.openmrs.ConceptReferenceTerm</classname>
      <dateChanged id="85">2010-10-24 00:00:00</dateChanged>
      <retired>false</retired>
    </org.openmrs.module.metadatasharing.Item>
    <org.openmrs.module.metadatasharing.Item id="86" uuid="135213ABBBBBBBBBBBBBBBBBBBBBBBBBBBBB">
      <id>135213</id>
      <classname>org.openmrs.ConceptMap</classname>
      <dateChanged id="87">2010-10-24 13:09:59</dateChanged>
    </org.openmrs.module.metadatasharing.Item>
    <org.openmrs.module.metadatasharing.Item id="88" uuid="c8feac57-0a17-3842-9a2b-e6fffaaf0781">
      <id>135212</id>
      <classname>org.openmrs.ConceptReferenceTerm</classname>
      <dateChanged id="89">2010-10-24 00:00:00</dateChanged>
      <retired>false</retired>
    </org.openmrs.module.metadatasharing.Item>
    <org.openmrs.module.metadatasharing.Item id="90" uuid="135196ABBBBBBBBBBBBBBBBBBBBBBBBBBBBB">
      <id>135196</id>
      <classname>org.openmrs.ConceptMap</classname>
      <dateChanged id="91">2010-10-24 13:09:59</dateChanged>
    </org.openmrs.module.metadatasharing.Item>
    <org.openmrs.module.metadatasharing.Item id="92" uuid="5715cb14-8c63-3e95-a504-fd5a303a1945">
      <id>135193</id>
      <classname>org.openmrs.ConceptReferenceTerm</classname>
      <dateChanged id="93">2010-10-24 00:00:00</dateChanged>
      <retired>false</retired>
    </org.openmrs.module.metadatasharing.Item>
    <org.openmrs.module.metadatasharing.Item id="94" uuid="143575ABBBBBBBBBBBBBBBBBBBBBBBBBBBBB">
      <id>143575</id>
      <classname>org.openmrs.ConceptMap</classname>
      <dateChanged id="95">2011-05-15 13:58:07</dateChanged>
    </org.openmrs.module.metadatasharing.Item>
    <org.openmrs.module.metadatasharing.Item id="96" uuid="97057652-6c31-3897-9ab6-4f7b9d6707f4">
      <id>143575</id>
      <classname>org.openmrs.ConceptReferenceTerm</classname>
      <dateChanged id="97">2011-05-15 00:00:00</dateChanged>
      <retired>false</retired>
    </org.openmrs.module.metadatasharing.Item>
    <org.openmrs.module.metadatasharing.Item id="98" uuid="fb9aaaf1-65e2-4c18-b53c-16b575f2f385">
      <id>11</id>
      <classname>org.openmrs.ConceptSource</classname>
      <dateChanged id="99">2010-08-03 01:50:49</dateChanged>
      <retired>false</retired>
    </org.openmrs.module.metadatasharing.Item>
    <org.openmrs.module.metadatasharing.Item id="100" uuid="129803ABBBBBBBBBBBBBBBBBBBBBBBBBBBBB">
      <id>129803</id>
      <classname>org.openmrs.ConceptMap</classname>
      <dateChanged id="101">2010-04-27 12:02:49</dateChanged>
    </org.openmrs.module.metadatasharing.Item>
    <org.openmrs.module.metadatasharing.Item id="102" uuid="eba93c0b-ce3c-301b-863d-73f112e26d96">
      <id>129803</id>
      <classname>org.openmrs.ConceptReferenceTerm</classname>
      <dateChanged id="103">2010-04-27 00:00:00</dateChanged>
      <retired>false</retired>
    </org.openmrs.module.metadatasharing.Item>
    <org.openmrs.module.metadatasharing.Item id="104" uuid="4ADDDDDDDDDDDDDDDDDDDDDDDDDDDDDDDDDD">
      <id>4</id>
      <classname>org.openmrs.ConceptSource</classname>
      <dateChanged id="105">2010-04-25 11:13:48</dateChanged>
      <retired>false</retired>
    </org.openmrs.module.metadatasharing.Item>
    <org.openmrs.module.metadatasharing.Item id="106" uuid="1516AAAAAAAAAAAAAAAAAAAAAAAAAAAAAAAA">
      <id>1516</id>
      <classname>org.openmrs.Concept</classname>
      <dateChanged id="107">2010-07-28 15:40:46</dateChanged>
      <retired>false</retired>
    </org.openmrs.module.metadatasharing.Item>
    <org.openmrs.module.metadatasharing.Item id="108" uuid="8d492774-c2cc-11de-8d13-0010c6dffd0f">
      <id>11</id>
      <classname>org.openmrs.ConceptClass</classname>
      <dateChanged id="109">2004-03-02 00:00:00</dateChanged>
      <retired>false</retired>
    </org.openmrs.module.metadatasharing.Item>
    <org.openmrs.module.metadatasharing.Item id="110" uuid="1771BBBBBBBBBBBBBBBBBBBBBBBBBBBBBBBB">
      <id>1771</id>
      <classname>org.openmrs.ConceptName</classname>
      <dateChanged id="111">2007-10-21 22:13:01</dateChanged>
    </org.openmrs.module.metadatasharing.Item>
    <org.openmrs.module.metadatasharing.Item id="112" uuid="1772BBBBBBBBBBBBBBBBBBBBBBBBBBBBBBBB">
      <id>1772</id>
      <classname>org.openmrs.ConceptName</classname>
      <dateChanged id="113">2007-10-21 22:13:01</dateChanged>
    </org.openmrs.module.metadatasharing.Item>
    <org.openmrs.module.metadatasharing.Item id="114" uuid="171758ABBBBBBBBBBBBBBBBBBBBBBBBBBBBB">
      <id>171758</id>
      <classname>org.openmrs.ConceptMap</classname>
      <dateChanged id="115">2013-07-03 18:53:08</dateChanged>
    </org.openmrs.module.metadatasharing.Item>
    <org.openmrs.module.metadatasharing.Item id="116" uuid="c766f40a-35cb-3a3b-834e-9bf09e60f43d">
      <id>171758</id>
      <classname>org.openmrs.ConceptReferenceTerm</classname>
      <dateChanged id="117">2013-07-03 00:00:00</dateChanged>
      <retired>false</retired>
    </org.openmrs.module.metadatasharing.Item>
    <org.openmrs.module.metadatasharing.Item id="118" uuid="132480ABBBBBBBBBBBBBBBBBBBBBBBBBBBBB">
      <id>132480</id>
      <classname>org.openmrs.ConceptMap</classname>
      <dateChanged id="119">2010-07-28 15:40:46</dateChanged>
    </org.openmrs.module.metadatasharing.Item>
    <org.openmrs.module.metadatasharing.Item id="120" uuid="c21ebd00-17da-3f86-92cb-d03b78a3700e">
      <id>132480</id>
      <classname>org.openmrs.ConceptReferenceTerm</classname>
      <dateChanged id="121">2010-07-28 00:00:00</dateChanged>
      <retired>false</retired>
    </org.openmrs.module.metadatasharing.Item>
    <org.openmrs.module.metadatasharing.Item id="122" uuid="84360AAAAAAAAAAAAAAAAAAAAAAAAAAAAAAA">
      <id>84360</id>
      <classname>org.openmrs.Concept</classname>
      <dateChanged id="123">2011-05-22 17:36:10</dateChanged>
      <retired>false</retired>
    </org.openmrs.module.metadatasharing.Item>
    <org.openmrs.module.metadatasharing.Item id="124" uuid="8118BBBBBBBBBBBBBBBBBBBBBBBBBBBBBBBB">
      <id>8118</id>
      <classname>org.openmrs.ConceptName</classname>
      <dateChanged id="125">2006-12-17 00:00:00</dateChanged>
    </org.openmrs.module.metadatasharing.Item>
    <org.openmrs.module.metadatasharing.Item id="126" uuid="107645BBBBBBBBBBBBBBBBBBBBBBBBBBBBBB">
      <id>107645</id>
      <classname>org.openmrs.ConceptName</classname>
      <dateChanged id="127">2011-01-17 16:09:04</dateChanged>
    </org.openmrs.module.metadatasharing.Item>
    <org.openmrs.module.metadatasharing.Item id="128" uuid="143634ABBBBBBBBBBBBBBBBBBBBBBBBBBBBB">
      <id>143634</id>
      <classname>org.openmrs.ConceptMap</classname>
      <dateChanged id="129">2011-05-22 17:36:10</dateChanged>
    </org.openmrs.module.metadatasharing.Item>
    <org.openmrs.module.metadatasharing.Item id="130" uuid="5b935a8f-4224-328b-aae6-b4fb5e772a74">
      <id>143634</id>
      <classname>org.openmrs.ConceptReferenceTerm</classname>
      <dateChanged id="131">2011-05-22 00:00:00</dateChanged>
      <retired>false</retired>
    </org.openmrs.module.metadatasharing.Item>
    <org.openmrs.module.metadatasharing.Item id="132" uuid="131686ABBBBBBBBBBBBBBBBBBBBBBBBBBBBB">
      <id>131686</id>
      <classname>org.openmrs.ConceptMap</classname>
      <dateChanged id="133">2010-04-27 12:02:49</dateChanged>
    </org.openmrs.module.metadatasharing.Item>
    <org.openmrs.module.metadatasharing.Item id="134" uuid="7b1e7e67-6f62-367f-a787-0abf2be48215">
      <id>131686</id>
      <classname>org.openmrs.ConceptReferenceTerm</classname>
      <dateChanged id="135">2010-04-27 00:00:00</dateChanged>
      <retired>false</retired>
    </org.openmrs.module.metadatasharing.Item>
    <org.openmrs.module.metadatasharing.Item id="136" uuid="137880ABBBBBBBBBBBBBBBBBBBBBBBBBBBBB">
      <id>137880</id>
      <classname>org.openmrs.ConceptMap</classname>
      <dateChanged id="137">2011-01-17 16:08:44</dateChanged>
    </org.openmrs.module.metadatasharing.Item>
    <org.openmrs.module.metadatasharing.Item id="138" uuid="4b4eef3d-931f-3c59-8d74-3333f0285411">
      <id>137880</id>
      <classname>org.openmrs.ConceptReferenceTerm</classname>
      <dateChanged id="139">2011-01-17 00:00:00</dateChanged>
      <retired>false</retired>
    </org.openmrs.module.metadatasharing.Item>
    <org.openmrs.module.metadatasharing.Item id="140" uuid="139295ABBBBBBBBBBBBBBBBBBBBBBBBBBBBB">
      <id>139295</id>
      <classname>org.openmrs.ConceptMap</classname>
      <dateChanged id="141">2011-02-02 00:21:47</dateChanged>
    </org.openmrs.module.metadatasharing.Item>
    <org.openmrs.module.metadatasharing.Item id="142" uuid="6615da94-2993-3c1e-817e-fe53c24092ba">
      <id>139295</id>
      <classname>org.openmrs.ConceptReferenceTerm</classname>
      <dateChanged id="143">2011-02-02 00:00:00</dateChanged>
      <retired>false</retired>
    </org.openmrs.module.metadatasharing.Item>
    <org.openmrs.module.metadatasharing.Item id="144" uuid="135219ABBBBBBBBBBBBBBBBBBBBBBBBBBBBB">
      <id>135219</id>
      <classname>org.openmrs.ConceptMap</classname>
      <dateChanged id="145">2010-10-24 13:09:59</dateChanged>
    </org.openmrs.module.metadatasharing.Item>
    <org.openmrs.module.metadatasharing.Item id="146" uuid="177261ABBBBBBBBBBBBBBBBBBBBBBBBBBBBB">
      <id>177261</id>
      <classname>org.openmrs.ConceptMap</classname>
      <dateChanged id="147">2013-07-03 18:53:08</dateChanged>
    </org.openmrs.module.metadatasharing.Item>
    <org.openmrs.module.metadatasharing.Item id="148" uuid="08eca46d-e3a2-38e4-a053-2c826b7c2a0d">
      <id>177261</id>
      <classname>org.openmrs.ConceptReferenceTerm</classname>
      <dateChanged id="149">2013-07-03 00:00:00</dateChanged>
      <retired>false</retired>
    </org.openmrs.module.metadatasharing.Item>
    <org.openmrs.module.metadatasharing.Item id="150" uuid="134236ABBBBBBBBBBBBBBBBBBBBBBBBBBBBB">
      <id>134236</id>
      <classname>org.openmrs.ConceptMap</classname>
      <dateChanged id="151">2010-10-24 13:09:59</dateChanged>
    </org.openmrs.module.metadatasharing.Item>
    <org.openmrs.module.metadatasharing.Item id="152" uuid="cc9b6820-3d1a-3f7d-8ded-e177d672fae9">
      <id>134236</id>
      <classname>org.openmrs.ConceptReferenceTerm</classname>
      <dateChanged id="153">2010-10-24 00:00:00</dateChanged>
      <retired>false</retired>
    </org.openmrs.module.metadatasharing.Item>
    <org.openmrs.module.metadatasharing.Item id="154" uuid="1513AAAAAAAAAAAAAAAAAAAAAAAAAAAAAAAA">
      <id>1513</id>
      <classname>org.openmrs.Concept</classname>
      <dateChanged id="155">2010-09-23 12:03:18</dateChanged>
      <retired>false</retired>
    </org.openmrs.module.metadatasharing.Item>
    <org.openmrs.module.metadatasharing.Item id="156" uuid="1766BBBBBBBBBBBBBBBBBBBBBBBBBBBBBBBB">
      <id>1766</id>
      <classname>org.openmrs.ConceptName</classname>
      <dateChanged id="157">2007-10-21 22:08:03</dateChanged>
    </org.openmrs.module.metadatasharing.Item>
    <org.openmrs.module.metadatasharing.Item id="158" uuid="1765BBBBBBBBBBBBBBBBBBBBBBBBBBBBBBBB">
      <id>1765</id>
      <classname>org.openmrs.ConceptName</classname>
      <dateChanged id="159">2007-10-21 22:05:03</dateChanged>
    </org.openmrs.module.metadatasharing.Item>
    <org.openmrs.module.metadatasharing.Item id="160" uuid="171755ABBBBBBBBBBBBBBBBBBBBBBBBBBBBB">
      <id>171755</id>
      <classname>org.openmrs.ConceptMap</classname>
      <dateChanged id="161">2013-07-03 18:53:08</dateChanged>
    </org.openmrs.module.metadatasharing.Item>
    <org.openmrs.module.metadatasharing.Item id="162" uuid="6f6be0c1-2267-3f70-810f-618212fd9402">
      <id>171755</id>
      <classname>org.openmrs.ConceptReferenceTerm</classname>
      <dateChanged id="163">2013-07-03 00:00:00</dateChanged>
      <retired>false</retired>
    </org.openmrs.module.metadatasharing.Item>
    <org.openmrs.module.metadatasharing.Item id="164" uuid="132488ABBBBBBBBBBBBBBBBBBBBBBBBBBBBB">
      <id>132488</id>
      <classname>org.openmrs.ConceptMap</classname>
      <dateChanged id="165">2010-07-28 15:50:29</dateChanged>
    </org.openmrs.module.metadatasharing.Item>
    <org.openmrs.module.metadatasharing.Item id="166" uuid="2a92c7ba-28dd-3b1c-8ba2-e18eff1ccaf7">
      <id>132488</id>
      <classname>org.openmrs.ConceptReferenceTerm</classname>
      <dateChanged id="167">2010-07-28 00:00:00</dateChanged>
      <retired>false</retired>
    </org.openmrs.module.metadatasharing.Item>
    <org.openmrs.module.metadatasharing.Item id="168" uuid="135161ABBBBBBBBBBBBBBBBBBBBBBBBBBBBB">
      <id>135161</id>
      <classname>org.openmrs.ConceptMap</classname>
      <dateChanged id="169">2010-10-24 13:09:59</dateChanged>
    </org.openmrs.module.metadatasharing.Item>
    <org.openmrs.module.metadatasharing.Item id="170" uuid="e1edd2b2-04aa-3a5d-8b95-bda796e028d8">
      <id>135161</id>
      <classname>org.openmrs.ConceptReferenceTerm</classname>
      <dateChanged id="171">2010-10-24 00:00:00</dateChanged>
      <retired>false</retired>
    </org.openmrs.module.metadatasharing.Item>
    <org.openmrs.module.metadatasharing.Item id="172" uuid="132740ABBBBBBBBBBBBBBBBBBBBBBBBBBBBB">
      <id>132740</id>
      <classname>org.openmrs.ConceptMap</classname>
      <dateChanged id="173">2010-08-23 15:49:10</dateChanged>
    </org.openmrs.module.metadatasharing.Item>
    <org.openmrs.module.metadatasharing.Item id="174" uuid="e48d1822-c089-33d8-b6a1-fcd148000673">
      <id>132740</id>
      <classname>org.openmrs.ConceptReferenceTerm</classname>
      <dateChanged id="175">2010-08-23 00:00:00</dateChanged>
      <retired>false</retired>
    </org.openmrs.module.metadatasharing.Item>
    <org.openmrs.module.metadatasharing.Item id="176" uuid="767AAAAAAAAAAAAAAAAAAAAAAAAAAAAAAAAA">
      <id>767</id>
      <classname>org.openmrs.Concept</classname>
      <dateChanged id="177">2013-08-18 22:31:59</dateChanged>
      <retired>false</retired>
    </org.openmrs.module.metadatasharing.Item>
    <org.openmrs.module.metadatasharing.Item id="178" uuid="97551BBBBBBBBBBBBBBBBBBBBBBBBBBBBBBB">
      <id>97551</id>
      <classname>org.openmrs.ConceptName</classname>
      <dateChanged id="179">2007-10-18 09:35:54</dateChanged>
    </org.openmrs.module.metadatasharing.Item>
    <org.openmrs.module.metadatasharing.Item id="180" uuid="97557BBBBBBBBBBBBBBBBBBBBBBBBBBBBBBB">
      <id>97557</id>
      <classname>org.openmrs.ConceptName</classname>
      <dateChanged id="181">2005-01-12 00:00:00</dateChanged>
    </org.openmrs.module.metadatasharing.Item>
    <org.openmrs.module.metadatasharing.Item id="182" uuid="97567BBBBBBBBBBBBBBBBBBBBBBBBBBBBBBB">
      <id>97567</id>
      <classname>org.openmrs.ConceptName</classname>
      <dateChanged id="183">2007-10-18 09:35:54</dateChanged>
    </org.openmrs.module.metadatasharing.Item>
    <org.openmrs.module.metadatasharing.Item id="184" uuid="97553BBBBBBBBBBBBBBBBBBBBBBBBBBBBBBB">
      <id>97553</id>
      <classname>org.openmrs.ConceptName</classname>
      <dateChanged id="185">2007-10-18 09:35:54</dateChanged>
    </org.openmrs.module.metadatasharing.Item>
    <org.openmrs.module.metadatasharing.Item id="186" uuid="803BBBBBBBBBBBBBBBBBBBBBBBBBBBBBBBBB">
      <id>803</id>
      <classname>org.openmrs.ConceptName</classname>
      <dateChanged id="187">2004-03-20 00:00:00</dateChanged>
    </org.openmrs.module.metadatasharing.Item>
    <org.openmrs.module.metadatasharing.Item id="188" uuid="107654BBBBBBBBBBBBBBBBBBBBBBBBBBBBBB">
      <id>107654</id>
      <classname>org.openmrs.ConceptName</classname>
      <dateChanged id="189">2011-01-17 16:16:26</dateChanged>
    </org.openmrs.module.metadatasharing.Item>
    <org.openmrs.module.metadatasharing.Item id="190" uuid="767FFFFFFFFFFFFFFFFFFFFFFFFFFFFFFFFF">
      <id>767</id>
      <classname>org.openmrs.ConceptDescription</classname>
      <dateChanged id="191">2013-08-18 22:31:59</dateChanged>
    </org.openmrs.module.metadatasharing.Item>
    <org.openmrs.module.metadatasharing.Item id="192" uuid="134463ABBBBBBBBBBBBBBBBBBBBBBBBBBBBB">
      <id>134463</id>
      <classname>org.openmrs.ConceptMap</classname>
      <dateChanged id="193">2010-10-24 13:09:59</dateChanged>
    </org.openmrs.module.metadatasharing.Item>
    <org.openmrs.module.metadatasharing.Item id="194" uuid="dceea0ac-be2e-3340-bdfe-d8b3baa782e1">
      <id>134463</id>
      <classname>org.openmrs.ConceptReferenceTerm</classname>
      <dateChanged id="195">2010-10-24 00:00:00</dateChanged>
      <retired>false</retired>
    </org.openmrs.module.metadatasharing.Item>
    <org.openmrs.module.metadatasharing.Item id="196" uuid="171165ABBBBBBBBBBBBBBBBBBBBBBBBBBBBB">
      <id>171165</id>
      <classname>org.openmrs.ConceptMap</classname>
      <dateChanged id="197">2013-07-03 18:53:08</dateChanged>
    </org.openmrs.module.metadatasharing.Item>
    <org.openmrs.module.metadatasharing.Item id="198" uuid="f5bdc239-999d-3b61-bdc8-416e46375351">
      <id>171165</id>
      <classname>org.openmrs.ConceptReferenceTerm</classname>
      <dateChanged id="199">2013-07-03 00:00:00</dateChanged>
      <retired>false</retired>
    </org.openmrs.module.metadatasharing.Item>
    <org.openmrs.module.metadatasharing.Item id="200" uuid="137889ABBBBBBBBBBBBBBBBBBBBBBBBBBBBB">
      <id>137889</id>
      <classname>org.openmrs.ConceptMap</classname>
      <dateChanged id="201">2011-01-17 16:16:26</dateChanged>
    </org.openmrs.module.metadatasharing.Item>
    <org.openmrs.module.metadatasharing.Item id="202" uuid="fe47b44a-8690-365d-9198-57ec162581e3">
      <id>137889</id>
      <classname>org.openmrs.ConceptReferenceTerm</classname>
      <dateChanged id="203">2011-01-17 00:00:00</dateChanged>
      <retired>false</retired>
    </org.openmrs.module.metadatasharing.Item>
    <org.openmrs.module.metadatasharing.Item id="204" uuid="145890ABBBBBBBBBBBBBBBBBBBBBBBBBBBBB">
      <id>145890</id>
      <classname>org.openmrs.ConceptMap</classname>
      <dateChanged id="205">2012-10-04 16:54:49</dateChanged>
    </org.openmrs.module.metadatasharing.Item>
    <org.openmrs.module.metadatasharing.Item id="206" uuid="43ac5109-7d8c-11e1-909d-c80aa9edcf4e">
      <id>2</id>
      <classname>org.openmrs.ConceptMapType</classname>
      <dateChanged id="207">2013-09-14 00:00:00</dateChanged>
      <retired>false</retired>
    </org.openmrs.module.metadatasharing.Item>
    <org.openmrs.module.metadatasharing.Item id="208" uuid="fd488ed3-fa32-3f9e-8b51-be3ef503abd0">
      <id>145890</id>
      <classname>org.openmrs.ConceptReferenceTerm</classname>
      <dateChanged id="209">2012-10-04 00:00:00</dateChanged>
      <retired>false</retired>
    </org.openmrs.module.metadatasharing.Item>
    <org.openmrs.module.metadatasharing.Item id="210" uuid="2ADDDDDDDDDDDDDDDDDDDDDDDDDDDDDDDDDD">
      <id>2</id>
      <classname>org.openmrs.ConceptSource</classname>
      <dateChanged id="211">2010-04-25 11:12:44</dateChanged>
      <retired>false</retired>
    </org.openmrs.module.metadatasharing.Item>
    <org.openmrs.module.metadatasharing.Item id="212" uuid="133856ABBBBBBBBBBBBBBBBBBBBBBBBBBBBB">
      <id>133856</id>
      <classname>org.openmrs.ConceptMap</classname>
      <dateChanged id="213">2010-10-10 20:50:13</dateChanged>
    </org.openmrs.module.metadatasharing.Item>
    <org.openmrs.module.metadatasharing.Item id="214" uuid="23a33f2f-5a37-3b27-9213-e8ff651d4d75">
      <id>131385</id>
      <classname>org.openmrs.ConceptReferenceTerm</classname>
      <dateChanged id="215">2010-04-27 00:00:00</dateChanged>
      <retired>false</retired>
    </org.openmrs.module.metadatasharing.Item>
    <org.openmrs.module.metadatasharing.Item id="216" uuid="145891ABBBBBBBBBBBBBBBBBBBBBBBBBBBBB">
      <id>145891</id>
      <classname>org.openmrs.ConceptMap</classname>
      <dateChanged id="217">2012-10-04 16:54:49</dateChanged>
    </org.openmrs.module.metadatasharing.Item>
    <org.openmrs.module.metadatasharing.Item id="218" uuid="63e994ec-7553-389f-a410-8864bdf16434">
      <id>139241</id>
      <classname>org.openmrs.ConceptReferenceTerm</classname>
      <dateChanged id="219">2011-02-02 00:00:00</dateChanged>
      <retired>false</retired>
    </org.openmrs.module.metadatasharing.Item>
    <org.openmrs.module.metadatasharing.Item id="220" uuid="82900AAAAAAAAAAAAAAAAAAAAAAAAAAAAAAA">
      <id>82900</id>
      <classname>org.openmrs.Concept</classname>
      <dateChanged id="221">2011-01-17 16:11:51</dateChanged>
      <retired>false</retired>
    </org.openmrs.module.metadatasharing.Item>
    <org.openmrs.module.metadatasharing.Item id="222" uuid="107648BBBBBBBBBBBBBBBBBBBBBBBBBBBBBB">
      <id>107648</id>
      <classname>org.openmrs.ConceptName</classname>
      <dateChanged id="223">2011-01-17 16:11:51</dateChanged>
    </org.openmrs.module.metadatasharing.Item>
    <org.openmrs.module.metadatasharing.Item id="224" uuid="7696BBBBBBBBBBBBBBBBBBBBBBBBBBBBBBBB">
      <id>7696</id>
      <classname>org.openmrs.ConceptName</classname>
      <dateChanged id="225">2006-12-17 00:00:00</dateChanged>
    </org.openmrs.module.metadatasharing.Item>
    <org.openmrs.module.metadatasharing.Item id="226" uuid="16533FFFFFFFFFFFFFFFFFFFFFFFFFFFFFFF">
      <id>16533</id>
      <classname>org.openmrs.ConceptDescription</classname>
      <dateChanged id="227">2011-01-17 16:11:51</dateChanged>
    </org.openmrs.module.metadatasharing.Item>
    <org.openmrs.module.metadatasharing.Item id="228" uuid="135197ABBBBBBBBBBBBBBBBBBBBBBBBBBBBB">
      <id>135197</id>
      <classname>org.openmrs.ConceptMap</classname>
      <dateChanged id="229">2010-10-24 13:09:59</dateChanged>
    </org.openmrs.module.metadatasharing.Item>
    <org.openmrs.module.metadatasharing.Item id="230" uuid="176845ABBBBBBBBBBBBBBBBBBBBBBBBBBBBB">
      <id>176845</id>
      <classname>org.openmrs.ConceptMap</classname>
      <dateChanged id="231">2013-07-03 18:53:08</dateChanged>
    </org.openmrs.module.metadatasharing.Item>
    <org.openmrs.module.metadatasharing.Item id="232" uuid="64c7f81e-fdac-3886-ac3d-c32d0cefbbab">
      <id>176845</id>
      <classname>org.openmrs.ConceptReferenceTerm</classname>
      <dateChanged id="233">2013-07-03 00:00:00</dateChanged>
      <retired>false</retired>
    </org.openmrs.module.metadatasharing.Item>
    <org.openmrs.module.metadatasharing.Item id="234" uuid="135218ABBBBBBBBBBBBBBBBBBBBBBBBBBBBB">
      <id>135218</id>
      <classname>org.openmrs.ConceptMap</classname>
      <dateChanged id="235">2010-10-24 13:09:59</dateChanged>
    </org.openmrs.module.metadatasharing.Item>
    <org.openmrs.module.metadatasharing.Item id="236" uuid="131264ABBBBBBBBBBBBBBBBBBBBBBBBBBBBB">
      <id>131264</id>
      <classname>org.openmrs.ConceptMap</classname>
      <dateChanged id="237">2010-04-27 12:02:49</dateChanged>
    </org.openmrs.module.metadatasharing.Item>
    <org.openmrs.module.metadatasharing.Item id="238" uuid="78fe0f19-a37b-37ee-a108-ca4b78afdb54">
      <id>131264</id>
      <classname>org.openmrs.ConceptReferenceTerm</classname>
      <dateChanged id="239">2010-04-27 00:00:00</dateChanged>
      <retired>false</retired>
    </org.openmrs.module.metadatasharing.Item>
    <org.openmrs.module.metadatasharing.Item id="240" uuid="137883ABBBBBBBBBBBBBBBBBBBBBBBBBBBBB">
      <id>137883</id>
      <classname>org.openmrs.ConceptMap</classname>
      <dateChanged id="241">2011-01-17 16:11:51</dateChanged>
    </org.openmrs.module.metadatasharing.Item>
    <org.openmrs.module.metadatasharing.Item id="242" uuid="4d31b996-847b-3a8f-92f6-20a85b4067ff">
      <id>137883</id>
      <classname>org.openmrs.ConceptReferenceTerm</classname>
      <dateChanged id="243">2011-01-17 00:00:00</dateChanged>
      <retired>false</retired>
    </org.openmrs.module.metadatasharing.Item>
    <org.openmrs.module.metadatasharing.Item id="244" uuid="135214ABBBBBBBBBBBBBBBBBBBBBBBBBBBBB">
      <id>135214</id>
      <classname>org.openmrs.ConceptMap</classname>
      <dateChanged id="245">2010-10-24 13:09:59</dateChanged>
    </org.openmrs.module.metadatasharing.Item>
    <org.openmrs.module.metadatasharing.Item id="246" uuid="135209ABBBBBBBBBBBBBBBBBBBBBBBBBBBBB">
      <id>135209</id>
      <classname>org.openmrs.ConceptMap</classname>
      <dateChanged id="247">2010-10-24 13:09:59</dateChanged>
    </org.openmrs.module.metadatasharing.Item>
    <org.openmrs.module.metadatasharing.Item id="248" uuid="135203ABBBBBBBBBBBBBBBBBBBBBBBBBBBBB">
      <id>135203</id>
      <classname>org.openmrs.ConceptMap</classname>
      <dateChanged id="249">2010-10-24 13:09:59</dateChanged>
    </org.openmrs.module.metadatasharing.Item>
    <org.openmrs.module.metadatasharing.Item id="250" uuid="135978ABBBBBBBBBBBBBBBBBBBBBBBBBBBBB">
      <id>135978</id>
      <classname>org.openmrs.ConceptMap</classname>
      <dateChanged id="251">2010-10-24 13:09:59</dateChanged>
    </org.openmrs.module.metadatasharing.Item>
    <org.openmrs.module.metadatasharing.Item id="252" uuid="af010c03-8ef2-39a0-9d2c-af30233335f2">
      <id>135978</id>
      <classname>org.openmrs.ConceptReferenceTerm</classname>
      <dateChanged id="253">2010-10-24 00:00:00</dateChanged>
      <retired>false</retired>
    </org.openmrs.module.metadatasharing.Item>
    <org.openmrs.module.metadatasharing.Item id="254" uuid="139222ABBBBBBBBBBBBBBBBBBBBBBBBBBBBB">
      <id>139222</id>
      <classname>org.openmrs.ConceptMap</classname>
      <dateChanged id="255">2011-02-02 00:21:47</dateChanged>
    </org.openmrs.module.metadatasharing.Item>
    <org.openmrs.module.metadatasharing.Item id="256" uuid="99aa1bb6-1fe0-379e-829d-41a07c4274d2">
      <id>139222</id>
      <classname>org.openmrs.ConceptReferenceTerm</classname>
      <dateChanged id="257">2011-02-02 00:00:00</dateChanged>
      <retired>false</retired>
    </org.openmrs.module.metadatasharing.Item>
    <org.openmrs.module.metadatasharing.Item id="258" uuid="75948AAAAAAAAAAAAAAAAAAAAAAAAAAAAAAA">
      <id>75948</id>
      <classname>org.openmrs.Concept</classname>
      <dateChanged id="259">2011-05-22 17:38:07</dateChanged>
      <retired>false</retired>
    </org.openmrs.module.metadatasharing.Item>
    <org.openmrs.module.metadatasharing.Item id="260" uuid="107653BBBBBBBBBBBBBBBBBBBBBBBBBBBBBB">
      <id>107653</id>
      <classname>org.openmrs.ConceptName</classname>
      <dateChanged id="261">2011-01-17 16:15:39</dateChanged>
    </org.openmrs.module.metadatasharing.Item>
    <org.openmrs.module.metadatasharing.Item id="262" uuid="5413BBBBBBBBBBBBBBBBBBBBBBBBBBBBBBBB">
      <id>5413</id>
      <classname>org.openmrs.ConceptName</classname>
      <dateChanged id="263">2006-12-17 00:00:00</dateChanged>
    </org.openmrs.module.metadatasharing.Item>
    <org.openmrs.module.metadatasharing.Item id="264" uuid="94966BBBBBBBBBBBBBBBBBBBBBBBBBBBBBBB">
      <id>94966</id>
      <classname>org.openmrs.ConceptName</classname>
      <dateChanged id="265">2007-10-18 09:35:54</dateChanged>
    </org.openmrs.module.metadatasharing.Item>
    <org.openmrs.module.metadatasharing.Item id="266" uuid="16538FFFFFFFFFFFFFFFFFFFFFFFFFFFFFFF">
      <id>16538</id>
      <classname>org.openmrs.ConceptDescription</classname>
      <dateChanged id="267">2011-01-17 16:15:39</dateChanged>
    </org.openmrs.module.metadatasharing.Item>
    <org.openmrs.module.metadatasharing.Item id="268" uuid="138655ABBBBBBBBBBBBBBBBBBBBBBBBBBBBB">
      <id>138655</id>
      <classname>org.openmrs.ConceptMap</classname>
      <dateChanged id="269">2011-02-02 00:21:47</dateChanged>
    </org.openmrs.module.metadatasharing.Item>
    <org.openmrs.module.metadatasharing.Item id="270" uuid="fffeb690-049f-312b-9595-278e91b4e165">
      <id>138655</id>
      <classname>org.openmrs.ConceptReferenceTerm</classname>
      <dateChanged id="271">2011-02-02 00:00:00</dateChanged>
      <retired>false</retired>
    </org.openmrs.module.metadatasharing.Item>
    <org.openmrs.module.metadatasharing.Item id="272" uuid="128984ABBBBBBBBBBBBBBBBBBBBBBBBBBBBB">
      <id>128984</id>
      <classname>org.openmrs.ConceptMap</classname>
      <dateChanged id="273">2010-04-27 12:02:49</dateChanged>
    </org.openmrs.module.metadatasharing.Item>
    <org.openmrs.module.metadatasharing.Item id="274" uuid="5821c585-b19e-31c8-a01f-b5ede0fc4302">
      <id>128984</id>
      <classname>org.openmrs.ConceptReferenceTerm</classname>
      <dateChanged id="275">2010-04-27 00:00:00</dateChanged>
      <retired>false</retired>
    </org.openmrs.module.metadatasharing.Item>
    <org.openmrs.module.metadatasharing.Item id="276" uuid="174579ABBBBBBBBBBBBBBBBBBBBBBBBBBBBB">
      <id>174579</id>
      <classname>org.openmrs.ConceptMap</classname>
      <dateChanged id="277">2013-07-03 18:53:08</dateChanged>
    </org.openmrs.module.metadatasharing.Item>
    <org.openmrs.module.metadatasharing.Item id="278" uuid="8183ec29-c2bb-3b90-9386-d979d4b85da5">
      <id>174579</id>
      <classname>org.openmrs.ConceptReferenceTerm</classname>
      <dateChanged id="279">2013-07-03 00:00:00</dateChanged>
      <retired>false</retired>
    </org.openmrs.module.metadatasharing.Item>
    <org.openmrs.module.metadatasharing.Item id="280" uuid="135207ABBBBBBBBBBBBBBBBBBBBBBBBBBBBB">
      <id>135207</id>
      <classname>org.openmrs.ConceptMap</classname>
      <dateChanged id="281">2010-10-24 13:09:59</dateChanged>
    </org.openmrs.module.metadatasharing.Item>
    <org.openmrs.module.metadatasharing.Item id="282" uuid="143635ABBBBBBBBBBBBBBBBBBBBBBBBBBBBB">
      <id>143635</id>
      <classname>org.openmrs.ConceptMap</classname>
      <dateChanged id="283">2011-05-22 17:38:07</dateChanged>
    </org.openmrs.module.metadatasharing.Item>
    <org.openmrs.module.metadatasharing.Item id="284" uuid="f6e6afb5-48ea-3a33-93eb-f235ad6ce49b">
      <id>143635</id>
      <classname>org.openmrs.ConceptReferenceTerm</classname>
      <dateChanged id="285">2011-05-22 00:00:00</dateChanged>
      <retired>false</retired>
    </org.openmrs.module.metadatasharing.Item>
    <org.openmrs.module.metadatasharing.Item id="286" uuid="134443ABBBBBBBBBBBBBBBBBBBBBBBBBBBBB">
      <id>134443</id>
      <classname>org.openmrs.ConceptMap</classname>
      <dateChanged id="287">2010-10-24 13:09:59</dateChanged>
    </org.openmrs.module.metadatasharing.Item>
    <org.openmrs.module.metadatasharing.Item id="288" uuid="d3033896-b40f-36bc-b9a1-4909e9484d15">
      <id>134443</id>
      <classname>org.openmrs.ConceptReferenceTerm</classname>
      <dateChanged id="289">2010-10-24 00:00:00</dateChanged>
      <retired>false</retired>
    </org.openmrs.module.metadatasharing.Item>
    <org.openmrs.module.metadatasharing.Item id="290" uuid="135216ABBBBBBBBBBBBBBBBBBBBBBBBBBBBB">
      <id>135216</id>
      <classname>org.openmrs.ConceptMap</classname>
      <dateChanged id="291">2010-10-24 13:09:59</dateChanged>
    </org.openmrs.module.metadatasharing.Item>
    <org.openmrs.module.metadatasharing.Item id="292" uuid="137888ABBBBBBBBBBBBBBBBBBBBBBBBBBBBB">
      <id>137888</id>
      <classname>org.openmrs.ConceptMap</classname>
      <dateChanged id="293">2011-01-17 16:15:39</dateChanged>
    </org.openmrs.module.metadatasharing.Item>
    <org.openmrs.module.metadatasharing.Item id="294" uuid="4e5d8c91-8800-3df2-8afe-8221ce2e5e42">
      <id>137888</id>
      <classname>org.openmrs.ConceptReferenceTerm</classname>
      <dateChanged id="295">2011-01-17 00:00:00</dateChanged>
      <retired>false</retired>
    </org.openmrs.module.metadatasharing.Item>
    <org.openmrs.module.metadatasharing.Item id="296" uuid="135201ABBBBBBBBBBBBBBBBBBBBBBBBBBBBB">
      <id>135201</id>
      <classname>org.openmrs.ConceptMap</classname>
      <dateChanged id="297">2010-10-24 13:09:59</dateChanged>
    </org.openmrs.module.metadatasharing.Item>
    <org.openmrs.module.metadatasharing.Item id="298" uuid="135195ABBBBBBBBBBBBBBBBBBBBBBBBBBBBB">
      <id>135195</id>
      <classname>org.openmrs.ConceptMap</classname>
      <dateChanged id="299">2010-10-24 13:09:59</dateChanged>
    </org.openmrs.module.metadatasharing.Item>
  </relatedItems>
  <incrementalVersion>false</incrementalVersion>
</package>
