<?xml version="1.0" encoding="UTF-8"?>
<list id="1">
  <org.openmrs.Drug id="2" uuid="9a012906-3778-4e2e-848f-e0272bfe9e27">
    <name>Isoniazid (30mg)</name>
    <creator/>
    <dateCreated id="3">2013-02-25 16:05:54</dateCreated>
    <retired>false</retired>
    <drugId>6</drugId>
    <combination>true</combination>
    <doseStrength>30.0</doseStrength>
    <units>mg</units>
    <concept id="4" resolves-to="org.openmrs.Concept" uuid="78280AAAAAAAAAAAAAAAAAAAAAAAAAAAAAAA">
      <conceptId>78280</conceptId>
      <retired>false</retired>
      <retiredBy/>
      <datatype id="5" resolves-to="org.openmrs.ConceptDatatype" uuid="8d4a4c94-c2cc-11de-8d13-0010c6dffd0f">
        <name>N/A</name>
        <description>Not associated with a datatype (e.g., term answers, sets)</description>
        <creator/>
        <dateCreated id="6">2004-02-02 00:00:00</dateCreated>
        <retired>false</retired>
        <retiredBy/>
        <conceptDatatypeId>4</conceptDatatypeId>
        <hl7Abbreviation>ZZ</hl7Abbreviation>
      </datatype>
      <conceptClass id="7" resolves-to="org.openmrs.ConceptClass" uuid="8d490dfc-c2cc-11de-8d13-0010c6dffd0f">
        <name>Drug</name>
        <description>Drug</description>
        <creator/>
        <dateCreated id="8">2004-02-02 00:00:00</dateCreated>
        <retired>false</retired>
        <retiredBy/>
        <conceptClassId>3</conceptClassId>
      </conceptClass>
      <set>false</set>
      <version></version>
      <creator/>
      <dateCreated id="9">2006-12-17 00:00:00</dateCreated>
      <changedBy/>
      <dateChanged id="10">2011-06-10 16:08:20</dateChanged>
      <names class="set" id="11">
        <org.openmrs.ConceptName id="12" uuid="98233BBBBBBBBBBBBBBBBBBBBBBBBBBBBBBB">
          <conceptNameId>98233</conceptNameId>
          <concept reference="4"/>
          <name>Soniazio</name>
          <locale id="13">en</locale>
          <creator/>
          <dateCreated id="14">2007-10-18 09:35:54</dateCreated>
          <voided>false</voided>
          <voidedBy/>
          <tags class="set" id="15"/>
          <localePreferred>false</localePreferred>
        </org.openmrs.ConceptName>
        <org.openmrs.ConceptName id="16" uuid="6234BBBBBBBBBBBBBBBBBBBBBBBBBBBBBBBB">
          <conceptNameId>6234</conceptNameId>
          <concept reference="4"/>
          <name>ISONIAZID</name>
          <locale id="17">en</locale>
          <creator/>
          <dateCreated id="18">2006-12-17 00:00:00</dateCreated>
          <voided>false</voided>
          <voidedBy/>
          <tags class="set" id="19"/>
          <conceptNameType>FULLY_SPECIFIED</conceptNameType>
          <localePreferred>true</localePreferred>
        </org.openmrs.ConceptName>
        <org.openmrs.ConceptName id="20" uuid="99380BBBBBBBBBBBBBBBBBBBBBBBBBBBBBBB">
          <conceptNameId>99380</conceptNameId>
          <concept reference="4"/>
          <name>Tubizid</name>
          <locale id="21">en</locale>
          <creator/>
          <dateCreated id="22">2007-10-18 09:35:54</dateCreated>
          <voided>false</voided>
          <voidedBy/>
          <tags class="set" id="23"/>
          <localePreferred>false</localePreferred>
        </org.openmrs.ConceptName>
        <org.openmrs.ConceptName id="24" uuid="107647BBBBBBBBBBBBBBBBBBBBBBBBBBBBBB">
          <conceptNameId>107647</conceptNameId>
          <concept reference="4"/>
          <name>INH</name>
          <locale id="25">en</locale>
          <creator/>
          <dateCreated id="26">2011-01-17 16:10:35</dateCreated>
          <voided>false</voided>
          <voidedBy/>
          <tags class="set" id="27"/>
          <conceptNameType>SHORT</conceptNameType>
          <localePreferred>false</localePreferred>
        </org.openmrs.ConceptName>
        <org.openmrs.ConceptName id="28" uuid="95598BBBBBBBBBBBBBBBBBBBBBBBBBBBBBBB">
          <conceptNameId>95598</conceptNameId>
          <concept reference="4"/>
          <name>Nydrazid</name>
          <locale id="29">en</locale>
          <creator/>
          <dateCreated id="30">2007-10-18 09:35:54</dateCreated>
          <voided>false</voided>
          <voidedBy/>
          <tags class="set" id="31"/>
          <localePreferred>false</localePreferred>
        </org.openmrs.ConceptName>
      </names>
      <answers class="set" id="32"/>
      <conceptSets class="set" id="33"/>
      <descriptions class="set" id="34">
        <org.openmrs.ConceptDescription id="35" uuid="16532FFFFFFFFFFFFFFFFFFFFFFFFFFFFFFF">
          <conceptDescriptionId>16532</conceptDescriptionId>
          <concept reference="4"/>
          <description>A crystalline antibacterial compound (C6H7N3O) used in the treatment of tuberculosis. </description>
          <locale id="36">en</locale>
          <creator/>
          <dateCreated id="37">2011-01-17 16:10:48</dateCreated>
          <changedBy/>
        </org.openmrs.ConceptDescription>
      </descriptions>
      <conceptMappings class="set" id="38">
        <org.openmrs.ConceptMap id="39" uuid="134448ABBBBBBBBBBBBBBBBBBBBBBBBBBBBB">
          <conceptMapType id="40" resolves-to="org.openmrs.ConceptMapType" uuid="35543629-7d8c-11e1-909d-c80aa9edcf4e">
            <name>SAME-AS</name>
            <creator/>
            <dateCreated id="41">2013-09-14 00:00:00</dateCreated>
            <changedBy/>
            <retired>false</retired>
            <retiredBy/>
            <conceptMapTypeId>1</conceptMapTypeId>
            <isHidden>false</isHidden>
          </conceptMapType>
          <creator/>
          <changedBy/>
          <dateCreated id="42">2010-10-24 13:09:59</dateCreated>
          <conceptMapId>134448</conceptMapId>
          <concept reference="4"/>
          <conceptReferenceTerm id="43" resolves-to="org.openmrs.ConceptReferenceTerm" uuid="dc0c23d1-0d04-3d4b-833b-b5c4c1f98f9e">
            <creator/>
            <dateCreated id="44">2010-10-24 00:00:00</dateCreated>
            <changedBy/>
            <retired>false</retired>
            <retiredBy/>
            <conceptReferenceTermId>134448</conceptReferenceTermId>
            <conceptSource id="45" resolves-to="org.openmrs.ConceptSource" uuid="13ADDDDDDDDDDDDDDDDDDDDDDDDDDDDDDDDD">
              <name>AMPATH</name>
              <description>AMPATH concept dictionary</description>
              <creator/>
              <dateCreated id="46">2010-10-24 17:02:38</dateCreated>
              <retired>false</retired>
              <retiredBy/>
              <conceptSourceId>13</conceptSourceId>
            </conceptSource>
            <code>750</code>
            <conceptReferenceTermMaps id="47"/>
          </conceptReferenceTerm>
        </org.openmrs.ConceptMap>
        <org.openmrs.ConceptMap id="48" uuid="134371ABBBBBBBBBBBBBBBBBBBBBBBBBBBBB">
          <conceptMapType reference="40"/>
          <creator/>
          <changedBy/>
          <dateCreated id="49">2010-10-24 13:09:59</dateCreated>
          <conceptMapId>134371</conceptMapId>
          <concept reference="4"/>
          <conceptReferenceTerm id="50" resolves-to="org.openmrs.ConceptReferenceTerm" uuid="413897c8-1a78-3477-8400-91fcd46221f7">
            <creator/>
            <dateCreated id="51">2010-10-24 00:00:00</dateCreated>
            <changedBy/>
            <retired>false</retired>
            <retiredBy/>
            <conceptReferenceTermId>134371</conceptReferenceTermId>
            <conceptSource reference="45"/>
            <code>656</code>
            <conceptReferenceTermMaps id="52"/>
          </conceptReferenceTerm>
        </org.openmrs.ConceptMap>
        <org.openmrs.ConceptMap id="53" uuid="135213ABBBBBBBBBBBBBBBBBBBBBBBBBBBBB">
          <conceptMapType reference="40"/>
          <creator/>
          <changedBy/>
          <dateCreated id="54">2010-10-24 13:09:59</dateCreated>
          <conceptMapId>135213</conceptMapId>
          <concept reference="4"/>
          <conceptReferenceTerm id="55" resolves-to="org.openmrs.ConceptReferenceTerm" uuid="c8feac57-0a17-3842-9a2b-e6fffaaf0781">
            <creator/>
            <dateCreated id="56">2010-10-24 00:00:00</dateCreated>
            <changedBy/>
            <retired>false</retired>
            <retiredBy/>
            <conceptReferenceTermId>135212</conceptReferenceTermId>
            <conceptSource reference="45"/>
            <code>2229</code>
            <conceptReferenceTermMaps id="57"/>
          </conceptReferenceTerm>
        </org.openmrs.ConceptMap>
        <org.openmrs.ConceptMap id="58" uuid="135196ABBBBBBBBBBBBBBBBBBBBBBBBBBBBB">
          <conceptMapType reference="40"/>
          <creator/>
          <changedBy/>
          <dateCreated id="59">2010-10-24 13:09:59</dateCreated>
          <conceptMapId>135196</conceptMapId>
          <concept reference="4"/>
          <conceptReferenceTerm id="60" resolves-to="org.openmrs.ConceptReferenceTerm" uuid="5715cb14-8c63-3e95-a504-fd5a303a1945">
            <creator/>
            <dateCreated id="61">2010-10-24 00:00:00</dateCreated>
            <changedBy/>
            <retired>false</retired>
            <retiredBy/>
            <conceptReferenceTermId>135193</conceptReferenceTermId>
            <conceptSource reference="45"/>
            <code>2226</code>
            <conceptReferenceTermMaps id="62"/>
          </conceptReferenceTerm>
        </org.openmrs.ConceptMap>
        <org.openmrs.ConceptMap id="63" uuid="129803ABBBBBBBBBBBBBBBBBBBBBBBBBBBBB">
          <conceptMapType reference="40"/>
          <creator/>
          <changedBy/>
          <dateCreated id="64">2010-04-27 12:02:49</dateCreated>
          <conceptMapId>129803</conceptMapId>
          <concept reference="4"/>
          <conceptReferenceTerm id="65" resolves-to="org.openmrs.ConceptReferenceTerm" uuid="eba93c0b-ce3c-301b-863d-73f112e26d96">
            <creator/>
            <dateCreated id="66">2010-04-27 00:00:00</dateCreated>
            <changedBy/>
            <retired>false</retired>
            <retiredBy/>
            <conceptReferenceTermId>129803</conceptReferenceTermId>
            <conceptSource id="67" resolves-to="org.openmrs.ConceptSource" uuid="4ADDDDDDDDDDDDDDDDDDDDDDDDDDDDDDDDDD">
              <name>RxNORM</name>
              <description>RxNORM CUI</description>
              <creator/>
              <dateCreated id="68">2010-04-25 11:13:48</dateCreated>
              <retired>false</retired>
              <retiredBy/>
              <conceptSourceId>4</conceptSourceId>
            </conceptSource>
            <code>6038</code>
            <conceptReferenceTermMaps id="69"/>
          </conceptReferenceTerm>
        </org.openmrs.ConceptMap>
        <org.openmrs.ConceptMap id="70" uuid="143575ABBBBBBBBBBBBBBBBBBBBBBBBBBBBB">
          <conceptMapType reference="40"/>
          <creator/>
          <changedBy/>
          <dateCreated id="71">2011-05-15 13:58:07</dateCreated>
          <conceptMapId>143575</conceptMapId>
          <concept reference="4"/>
          <conceptReferenceTerm id="72" resolves-to="org.openmrs.ConceptReferenceTerm" uuid="97057652-6c31-3897-9ab6-4f7b9d6707f4">
            <creator/>
            <dateCreated id="73">2011-05-15 00:00:00</dateCreated>
            <changedBy/>
            <retired>false</retired>
            <retiredBy/>
            <conceptReferenceTermId>143575</conceptReferenceTermId>
            <conceptSource id="74" resolves-to="org.openmrs.ConceptSource" uuid="fb9aaaf1-65e2-4c18-b53c-16b575f2f385">
              <name>PIH</name>
              <description>Equivalent concept ID in Master Partners-in-Health Concept dictionary</description>
              <creator/>
              <dateCreated id="75">2010-08-03 01:50:49</dateCreated>
              <retired>false</retired>
              <retiredBy/>
              <conceptSourceId>11</conceptSourceId>
            </conceptSource>
            <code>656</code>
            <conceptReferenceTermMaps id="76"/>
          </conceptReferenceTerm>
        </org.openmrs.ConceptMap>
        <org.openmrs.ConceptMap id="77" uuid="135208ABBBBBBBBBBBBBBBBBBBBBBBBBBBBB">
          <conceptMapType reference="40"/>
          <creator/>
          <changedBy/>
          <dateCreated id="78">2010-10-24 13:09:59</dateCreated>
          <conceptMapId>135208</conceptMapId>
          <concept reference="4"/>
          <conceptReferenceTerm id="79" resolves-to="org.openmrs.ConceptReferenceTerm" uuid="9e0d0e97-ebfa-3fc6-9061-707efd3f7854">
            <creator/>
            <dateCreated id="80">2010-10-24 00:00:00</dateCreated>
            <changedBy/>
            <retired>false</retired>
            <retiredBy/>
            <conceptReferenceTermId>135206</conceptReferenceTermId>
            <conceptSource reference="45"/>
            <code>2228</code>
            <conceptReferenceTermMaps id="81"/>
          </conceptReferenceTerm>
        </org.openmrs.ConceptMap>
        <org.openmrs.ConceptMap id="82" uuid="175392ABBBBBBBBBBBBBBBBBBBBBBBBBBBBB">
          <conceptMapType reference="40"/>
          <creator/>
          <changedBy/>
          <dateCreated id="83">2013-07-03 18:53:08</dateCreated>
          <conceptMapId>175392</conceptMapId>
          <concept reference="4"/>
          <conceptReferenceTerm id="84" resolves-to="org.openmrs.ConceptReferenceTerm" uuid="b6aa2afb-fa00-3430-b8fe-861505f105ea">
            <creator/>
            <dateCreated id="85">2013-07-03 00:00:00</dateCreated>
            <changedBy/>
            <retired>false</retired>
            <retiredBy/>
            <conceptReferenceTermId>175392</conceptReferenceTermId>
            <conceptSource id="86" resolves-to="org.openmrs.ConceptSource" uuid="21ADDDDDDDDDDDDDDDDDDDDDDDDDDDDDDDDD">
              <name>CIEL</name>
              <description>Columbia International eHealth Laboratory concept ID</description>
              <creator/>
              <dateCreated id="87">2013-07-03 15:55:03</dateCreated>
              <retired>false</retired>
              <retiredBy/>
              <conceptSourceId>21</conceptSourceId>
            </conceptSource>
            <code>78280</code>
            <conceptReferenceTermMaps id="88"/>
          </conceptReferenceTerm>
        </org.openmrs.ConceptMap>
        <org.openmrs.ConceptMap id="89" uuid="135202ABBBBBBBBBBBBBBBBBBBBBBBBBBBBB">
          <conceptMapType reference="40"/>
          <creator/>
          <changedBy/>
          <dateCreated id="90">2010-10-24 13:09:59</dateCreated>
          <conceptMapId>135202</conceptMapId>
          <concept reference="4"/>
          <conceptReferenceTerm id="91" resolves-to="org.openmrs.ConceptReferenceTerm" uuid="f29090e9-6284-3fd5-8bba-9dd45e10d44e">
            <creator/>
            <dateCreated id="92">2010-10-24 00:00:00</dateCreated>
            <changedBy/>
            <retired>false</retired>
            <retiredBy/>
            <conceptReferenceTermId>135199</conceptReferenceTermId>
            <conceptSource reference="45"/>
            <code>2227</code>
            <conceptReferenceTermMaps id="93"/>
          </conceptReferenceTerm>
        </org.openmrs.ConceptMap>
        <org.openmrs.ConceptMap id="94" uuid="138822ABBBBBBBBBBBBBBBBBBBBBBBBBBBBB">
          <conceptMapType reference="40"/>
          <creator/>
          <changedBy/>
          <dateCreated id="95">2011-02-02 00:21:47</dateCreated>
          <conceptMapId>138822</conceptMapId>
          <concept reference="4"/>
          <conceptReferenceTerm id="96" resolves-to="org.openmrs.ConceptReferenceTerm" uuid="dd6adeb0-f8a4-3a0d-b6f1-cb3904e4facc">
            <creator/>
            <dateCreated id="97">2011-02-02 00:00:00</dateCreated>
            <changedBy/>
            <retired>false</retired>
            <retiredBy/>
            <conceptReferenceTermId>138822</conceptReferenceTermId>
            <conceptSource id="98" resolves-to="org.openmrs.ConceptSource" uuid="1ADDDDDDDDDDDDDDDDDDDDDDDDDDDDDDDDDD">
              <name>SNOMED CT</name>
              <description>SNOMED Preferred mapping</description>
              <creator/>
              <dateCreated id="99">2009-11-19 20:19:16</dateCreated>
              <retired>false</retired>
              <retiredBy/>
              <conceptSourceId>1</conceptSourceId>
            </conceptSource>
            <code>81335000</code>
            <conceptReferenceTermMaps id="100"/>
          </conceptReferenceTerm>
        </org.openmrs.ConceptMap>
        <org.openmrs.ConceptMap id="101" uuid="135217ABBBBBBBBBBBBBBBBBBBBBBBBBBBBB">
          <conceptMapType reference="40"/>
          <creator/>
          <changedBy/>
          <dateCreated id="102">2010-10-24 13:09:59</dateCreated>
          <conceptMapId>135217</conceptMapId>
          <concept reference="4"/>
          <conceptReferenceTerm id="103" resolves-to="org.openmrs.ConceptReferenceTerm" uuid="ef827048-c7b0-31d8-9d50-2e21caba7507">
            <creator/>
            <dateCreated id="104">2010-10-24 00:00:00</dateCreated>
            <changedBy/>
            <retired>false</retired>
            <retiredBy/>
            <conceptReferenceTermId>135216</conceptReferenceTermId>
            <conceptSource reference="45"/>
            <code>2230</code>
            <conceptReferenceTermMaps id="105"/>
          </conceptReferenceTerm>
        </org.openmrs.ConceptMap>
        <org.openmrs.ConceptMap id="106" uuid="137882ABBBBBBBBBBBBBBBBBBBBBBBBBBBBB">
          <conceptMapType reference="40"/>
          <creator/>
          <changedBy/>
          <dateCreated id="107">2011-01-17 16:10:35</dateCreated>
          <conceptMapId>137882</conceptMapId>
          <concept reference="4"/>
          <conceptReferenceTerm id="108" resolves-to="org.openmrs.ConceptReferenceTerm" uuid="fe6d72de-9613-3fc2-a1b1-8d7abe93944c">
            <creator/>
            <dateCreated id="109">2011-01-17 00:00:00</dateCreated>
            <changedBy/>
            <retired>false</retired>
            <retiredBy/>
            <conceptReferenceTermId>137882</conceptReferenceTermId>
            <conceptSource id="110" resolves-to="org.openmrs.ConceptSource" uuid="ddb6b595-0b85-4a80-9243-efe4ba404eef">
              <name>org.openmrs.module.mdrtb</name>
              <description>The required concepts for the MDR-TB module</description>
              <creator/>
              <dateCreated id="111">2010-12-15 14:00:37</dateCreated>
              <retired>false</retired>
              <retiredBy/>
              <conceptSourceId>15</conceptSourceId>
            </conceptSource>
            <code>ISONIAZID</code>
            <conceptReferenceTermMaps id="112"/>
          </conceptReferenceTerm>
        </org.openmrs.ConceptMap>
      </conceptMappings>
    </concept>
  </org.openmrs.Drug>
  <org.openmrs.Drug id="113" uuid="13b56178-a15b-4070-951d-2ce813cccc32">
    <name>Streptomycin</name>
    <creator/>
    <dateCreated id="114">2013-02-25 16:11:41</dateCreated>
    <retired>false</retired>
    <drugId>2</drugId>
    <combination>false</combination>
    <dosageForm id="115" resolves-to="org.openmrs.Concept" uuid="1516AAAAAAAAAAAAAAAAAAAAAAAAAAAAAAAA">
      <conceptId>1516</conceptId>
      <retired>false</retired>
      <retiredBy/>
      <datatype reference="5"/>
      <conceptClass id="116" resolves-to="org.openmrs.ConceptClass" uuid="8d492774-c2cc-11de-8d13-0010c6dffd0f">
        <name>Misc</name>
        <description>Terms which don&apos;t fit other categories</description>
        <creator/>
        <dateCreated id="117">2004-03-02 00:00:00</dateCreated>
        <retired>false</retired>
        <retiredBy/>
        <conceptClassId>11</conceptClassId>
      </conceptClass>
      <set>false</set>
      <version></version>
      <creator/>
      <dateCreated id="118">2007-10-21 22:13:01</dateCreated>
      <changedBy/>
      <dateChanged id="119">2010-07-28 15:40:46</dateChanged>
      <names class="set" id="120">
        <org.openmrs.ConceptName id="121" uuid="1771BBBBBBBBBBBBBBBBBBBBBBBBBBBBBBBB">
          <conceptNameId>1771</conceptNameId>
          <concept reference="115"/>
          <name>SOLUTION FOR INJECTION</name>
          <locale id="122">en</locale>
          <creator/>
          <dateCreated id="123">2007-10-21 22:13:01</dateCreated>
          <voided>false</voided>
          <voidedBy/>
          <tags class="set" id="124"/>
          <conceptNameType>FULLY_SPECIFIED</conceptNameType>
          <localePreferred>true</localePreferred>
        </org.openmrs.ConceptName>
        <org.openmrs.ConceptName id="125" uuid="1772BBBBBBBBBBBBBBBBBBBBBBBBBBBBBBBB">
          <conceptNameId>1772</conceptNameId>
          <concept reference="115"/>
          <name>SOLUTION POUR INJECTION</name>
          <locale id="126">fr</locale>
          <creator/>
          <dateCreated id="127">2007-10-21 22:13:01</dateCreated>
          <voided>false</voided>
          <voidedBy/>
          <tags class="set" id="128"/>
          <conceptNameType>FULLY_SPECIFIED</conceptNameType>
          <localePreferred>true</localePreferred>
        </org.openmrs.ConceptName>
      </names>
      <answers class="set" id="129"/>
      <conceptSets class="set" id="130"/>
      <descriptions class="set" id="131"/>
      <conceptMappings class="set" id="132">
        <org.openmrs.ConceptMap id="133" uuid="171758ABBBBBBBBBBBBBBBBBBBBBBBBBBBBB">
          <conceptMapType reference="40"/>
          <creator/>
          <changedBy/>
          <dateCreated id="134">2013-07-03 18:53:08</dateCreated>
          <conceptMapId>171758</conceptMapId>
          <concept reference="115"/>
          <conceptReferenceTerm id="135" resolves-to="org.openmrs.ConceptReferenceTerm" uuid="c766f40a-35cb-3a3b-834e-9bf09e60f43d">
            <creator/>
            <dateCreated id="136">2013-07-03 00:00:00</dateCreated>
            <changedBy/>
            <retired>false</retired>
            <retiredBy/>
            <conceptReferenceTermId>171758</conceptReferenceTermId>
            <conceptSource reference="86"/>
            <code>1516</code>
            <conceptReferenceTermMaps id="137"/>
          </conceptReferenceTerm>
        </org.openmrs.ConceptMap>
        <org.openmrs.ConceptMap id="138" uuid="132480ABBBBBBBBBBBBBBBBBBBBBBBBBBBBB">
          <conceptMapType reference="40"/>
          <creator/>
          <changedBy/>
          <dateCreated id="139">2010-07-28 15:40:46</dateCreated>
          <conceptMapId>132480</conceptMapId>
          <concept reference="115"/>
          <conceptReferenceTerm id="140" resolves-to="org.openmrs.ConceptReferenceTerm" uuid="c21ebd00-17da-3f86-92cb-d03b78a3700e">
            <creator/>
            <dateCreated id="141">2010-07-28 00:00:00</dateCreated>
            <changedBy/>
            <retired>false</retired>
            <retiredBy/>
            <conceptReferenceTermId>132480</conceptReferenceTermId>
            <conceptSource reference="98"/>
            <code>385219001</code>
            <conceptReferenceTermMaps id="142"/>
          </conceptReferenceTerm>
        </org.openmrs.ConceptMap>
      </conceptMappings>
    </dosageForm>
    <doseStrength>1.0</doseStrength>
    <units>g</units>
    <concept id="143" resolves-to="org.openmrs.Concept" uuid="84360AAAAAAAAAAAAAAAAAAAAAAAAAAAAAAA">
      <conceptId>84360</conceptId>
      <retired>false</retired>
      <retiredBy/>
      <datatype reference="5"/>
      <conceptClass reference="7"/>
      <set>false</set>
      <version></version>
      <creator/>
      <dateCreated id="144">2006-12-17 00:00:00</dateCreated>
      <changedBy/>
      <dateChanged id="145">2011-05-22 17:36:10</dateChanged>
      <names class="set" id="146">
        <org.openmrs.ConceptName id="147" uuid="8118BBBBBBBBBBBBBBBBBBBBBBBBBBBBBBBB">
          <conceptNameId>8118</conceptNameId>
          <concept reference="143"/>
          <name>STREPTOMYCIN</name>
          <locale id="148">en</locale>
          <creator/>
          <dateCreated id="149">2006-12-17 00:00:00</dateCreated>
          <voided>false</voided>
          <voidedBy/>
          <tags class="set" id="150"/>
          <conceptNameType>FULLY_SPECIFIED</conceptNameType>
          <localePreferred>true</localePreferred>
        </org.openmrs.ConceptName>
        <org.openmrs.ConceptName id="151" uuid="107645BBBBBBBBBBBBBBBBBBBBBBBBBBBBBB">
          <conceptNameId>107645</conceptNameId>
          <concept reference="143"/>
          <name>S</name>
          <locale id="152">en</locale>
          <creator/>
          <dateCreated id="153">2011-01-17 16:09:04</dateCreated>
          <voided>false</voided>
          <voidedBy/>
          <tags class="set" id="154"/>
          <conceptNameType>SHORT</conceptNameType>
          <localePreferred>false</localePreferred>
        </org.openmrs.ConceptName>
      </names>
      <answers class="set" id="155"/>
      <conceptSets class="set" id="156"/>
      <descriptions class="set" id="157"/>
      <conceptMappings class="set" id="158">
        <org.openmrs.ConceptMap id="159" uuid="143634ABBBBBBBBBBBBBBBBBBBBBBBBBBBBB">
          <conceptMapType reference="40"/>
          <creator/>
          <changedBy/>
          <dateCreated id="160">2011-05-22 17:36:10</dateCreated>
          <conceptMapId>143634</conceptMapId>
          <concept reference="143"/>
          <conceptReferenceTerm id="161" resolves-to="org.openmrs.ConceptReferenceTerm" uuid="5b935a8f-4224-328b-aae6-b4fb5e772a74">
            <creator/>
            <dateCreated id="162">2011-05-22 00:00:00</dateCreated>
            <changedBy/>
            <retired>false</retired>
            <retiredBy/>
            <conceptReferenceTermId>143634</conceptReferenceTermId>
            <conceptSource reference="74"/>
            <code>438</code>
            <conceptReferenceTermMaps id="163"/>
          </conceptReferenceTerm>
        </org.openmrs.ConceptMap>
        <org.openmrs.ConceptMap id="164" uuid="131686ABBBBBBBBBBBBBBBBBBBBBBBBBBBBB">
          <conceptMapType reference="40"/>
          <creator/>
          <changedBy/>
          <dateCreated id="165">2010-04-27 12:02:49</dateCreated>
          <conceptMapId>131686</conceptMapId>
          <concept reference="143"/>
          <conceptReferenceTerm id="166" resolves-to="org.openmrs.ConceptReferenceTerm" uuid="7b1e7e67-6f62-367f-a787-0abf2be48215">
            <creator/>
            <dateCreated id="167">2010-04-27 00:00:00</dateCreated>
            <changedBy/>
            <retired>false</retired>
            <retiredBy/>
            <conceptReferenceTermId>131686</conceptReferenceTermId>
            <conceptSource reference="67"/>
            <code>10109</code>
            <conceptReferenceTermMaps id="168"/>
          </conceptReferenceTerm>
        </org.openmrs.ConceptMap>
        <org.openmrs.ConceptMap id="169" uuid="137880ABBBBBBBBBBBBBBBBBBBBBBBBBBBBB">
          <conceptMapType reference="40"/>
          <creator/>
          <changedBy/>
          <dateCreated id="170">2011-01-17 16:08:44</dateCreated>
          <conceptMapId>137880</conceptMapId>
          <concept reference="143"/>
          <conceptReferenceTerm id="171" resolves-to="org.openmrs.ConceptReferenceTerm" uuid="4b4eef3d-931f-3c59-8d74-3333f0285411">
            <creator/>
            <dateCreated id="172">2011-01-17 00:00:00</dateCreated>
            <changedBy/>
            <retired>false</retired>
            <retiredBy/>
            <conceptReferenceTermId>137880</conceptReferenceTermId>
            <conceptSource reference="110"/>
            <code>STREPTOMYCIN</code>
            <conceptReferenceTermMaps id="173"/>
          </conceptReferenceTerm>
        </org.openmrs.ConceptMap>
        <org.openmrs.ConceptMap id="174" uuid="139295ABBBBBBBBBBBBBBBBBBBBBBBBBBBBB">
          <conceptMapType reference="40"/>
          <creator/>
          <changedBy/>
          <dateCreated id="175">2011-02-02 00:21:47</dateCreated>
          <conceptMapId>139295</conceptMapId>
          <concept reference="143"/>
          <conceptReferenceTerm id="176" resolves-to="org.openmrs.ConceptReferenceTerm" uuid="6615da94-2993-3c1e-817e-fe53c24092ba">
            <creator/>
            <dateCreated id="177">2011-02-02 00:00:00</dateCreated>
            <changedBy/>
            <retired>false</retired>
            <retiredBy/>
            <conceptReferenceTermId>139295</conceptReferenceTermId>
            <conceptSource reference="98"/>
            <code>40877002</code>
            <conceptReferenceTermMaps id="178"/>
          </conceptReferenceTerm>
        </org.openmrs.ConceptMap>
        <org.openmrs.ConceptMap id="179" uuid="135219ABBBBBBBBBBBBBBBBBBBBBBBBBBBBB">
          <conceptMapType reference="40"/>
          <creator/>
          <changedBy/>
          <dateCreated id="180">2010-10-24 13:09:59</dateCreated>
          <conceptMapId>135219</conceptMapId>
          <concept reference="143"/>
          <conceptReferenceTerm reference="103"/>
        </org.openmrs.ConceptMap>
        <org.openmrs.ConceptMap id="181" uuid="177261ABBBBBBBBBBBBBBBBBBBBBBBBBBBBB">
          <conceptMapType reference="40"/>
          <creator/>
          <changedBy/>
          <dateCreated id="182">2013-07-03 18:53:08</dateCreated>
          <conceptMapId>177261</conceptMapId>
          <concept reference="143"/>
          <conceptReferenceTerm id="183" resolves-to="org.openmrs.ConceptReferenceTerm" uuid="08eca46d-e3a2-38e4-a053-2c826b7c2a0d">
            <creator/>
            <dateCreated id="184">2013-07-03 00:00:00</dateCreated>
            <changedBy/>
            <retired>false</retired>
            <retiredBy/>
            <conceptReferenceTermId>177261</conceptReferenceTermId>
            <conceptSource reference="86"/>
            <code>84360</code>
            <conceptReferenceTermMaps id="185"/>
          </conceptReferenceTerm>
        </org.openmrs.ConceptMap>
        <org.openmrs.ConceptMap id="186" uuid="134236ABBBBBBBBBBBBBBBBBBBBBBBBBBBBB">
          <conceptMapType reference="40"/>
          <creator/>
          <changedBy/>
          <dateCreated id="187">2010-10-24 13:09:59</dateCreated>
          <conceptMapId>134236</conceptMapId>
          <concept reference="143"/>
          <conceptReferenceTerm id="188" resolves-to="org.openmrs.ConceptReferenceTerm" uuid="cc9b6820-3d1a-3f7d-8ded-e177d672fae9">
            <creator/>
            <dateCreated id="189">2010-10-24 00:00:00</dateCreated>
            <changedBy/>
            <retired>false</retired>
            <retiredBy/>
            <conceptReferenceTermId>134236</conceptReferenceTermId>
            <conceptSource reference="45"/>
            <code>438</code>
            <conceptReferenceTermMaps id="190"/>
          </conceptReferenceTerm>
        </org.openmrs.ConceptMap>
      </conceptMappings>
    </concept>
  </org.openmrs.Drug>
  <org.openmrs.Drug id="191" uuid="a74fefc6-931d-47b9-b282-5d6c8c8d8060">
    <name>Rifampicin (150mg)</name>
    <creator/>
    <dateCreated id="192">2013-02-25 16:02:57</dateCreated>
    <dateChanged id="193">2013-02-25 16:05:23</dateChanged>
    <retired>false</retired>
    <drugId>7</drugId>
    <combination>true</combination>
    <dosageForm id="194" resolves-to="org.openmrs.Concept" uuid="1513AAAAAAAAAAAAAAAAAAAAAAAAAAAAAAAA">
      <conceptId>1513</conceptId>
      <retired>false</retired>
      <retiredBy/>
      <datatype reference="5"/>
      <conceptClass reference="116"/>
      <set>false</set>
      <version></version>
      <creator/>
      <dateCreated id="195">2007-10-21 22:05:03</dateCreated>
      <changedBy/>
      <dateChanged id="196">2010-09-23 12:03:18</dateChanged>
      <names class="set" id="197">
        <org.openmrs.ConceptName id="198" uuid="1766BBBBBBBBBBBBBBBBBBBBBBBBBBBBBBBB">
          <conceptNameId>1766</conceptNameId>
          <concept reference="194"/>
          <name>COMPRIMÉ</name>
          <locale id="199">fr</locale>
          <creator/>
          <dateCreated id="200">2007-10-21 22:08:03</dateCreated>
          <voided>false</voided>
          <voidedBy/>
          <tags class="set" id="201"/>
          <conceptNameType>FULLY_SPECIFIED</conceptNameType>
          <localePreferred>true</localePreferred>
        </org.openmrs.ConceptName>
        <org.openmrs.ConceptName id="202" uuid="1765BBBBBBBBBBBBBBBBBBBBBBBBBBBBBBBB">
          <conceptNameId>1765</conceptNameId>
          <concept reference="194"/>
          <name>TABLET</name>
          <locale id="203">en</locale>
          <creator/>
          <dateCreated id="204">2007-10-21 22:05:03</dateCreated>
          <voided>false</voided>
          <voidedBy/>
          <tags class="set" id="205"/>
          <conceptNameType>FULLY_SPECIFIED</conceptNameType>
          <localePreferred>true</localePreferred>
        </org.openmrs.ConceptName>
      </names>
      <answers class="set" id="206"/>
      <conceptSets class="set" id="207"/>
      <descriptions class="set" id="208"/>
      <conceptMappings class="set" id="209">
        <org.openmrs.ConceptMap id="210" uuid="171755ABBBBBBBBBBBBBBBBBBBBBBBBBBBBB">
          <conceptMapType reference="40"/>
          <creator/>
          <changedBy/>
          <dateCreated id="211">2013-07-03 18:53:08</dateCreated>
          <conceptMapId>171755</conceptMapId>
          <concept reference="194"/>
          <conceptReferenceTerm id="212" resolves-to="org.openmrs.ConceptReferenceTerm" uuid="6f6be0c1-2267-3f70-810f-618212fd9402">
            <creator/>
            <dateCreated id="213">2013-07-03 00:00:00</dateCreated>
            <changedBy/>
            <retired>false</retired>
            <retiredBy/>
            <conceptReferenceTermId>171755</conceptReferenceTermId>
            <conceptSource reference="86"/>
            <code>1513</code>
            <conceptReferenceTermMaps id="214"/>
          </conceptReferenceTerm>
        </org.openmrs.ConceptMap>
        <org.openmrs.ConceptMap id="215" uuid="132488ABBBBBBBBBBBBBBBBBBBBBBBBBBBBB">
          <conceptMapType reference="40"/>
          <creator/>
          <changedBy/>
          <dateCreated id="216">2010-07-28 15:50:29</dateCreated>
          <conceptMapId>132488</conceptMapId>
          <concept reference="194"/>
          <conceptReferenceTerm id="217" resolves-to="org.openmrs.ConceptReferenceTerm" uuid="2a92c7ba-28dd-3b1c-8ba2-e18eff1ccaf7">
            <creator/>
            <dateCreated id="218">2010-07-28 00:00:00</dateCreated>
            <changedBy/>
            <retired>false</retired>
            <retiredBy/>
            <conceptReferenceTermId>132488</conceptReferenceTermId>
            <conceptSource reference="98"/>
            <code>385055001</code>
            <conceptReferenceTermMaps id="219"/>
          </conceptReferenceTerm>
        </org.openmrs.ConceptMap>
        <org.openmrs.ConceptMap id="220" uuid="135161ABBBBBBBBBBBBBBBBBBBBBBBBBBBBB">
          <conceptMapType reference="40"/>
          <creator/>
          <changedBy/>
          <dateCreated id="221">2010-10-24 13:09:59</dateCreated>
          <conceptMapId>135161</conceptMapId>
          <concept reference="194"/>
          <conceptReferenceTerm id="222" resolves-to="org.openmrs.ConceptReferenceTerm" uuid="e1edd2b2-04aa-3a5d-8b95-bda796e028d8">
            <creator/>
            <dateCreated id="223">2010-10-24 00:00:00</dateCreated>
            <changedBy/>
            <retired>false</retired>
            <retiredBy/>
            <conceptReferenceTermId>135161</conceptReferenceTermId>
            <conceptSource reference="45"/>
            <code>1936</code>
            <conceptReferenceTermMaps id="224"/>
          </conceptReferenceTerm>
        </org.openmrs.ConceptMap>
        <org.openmrs.ConceptMap id="225" uuid="132740ABBBBBBBBBBBBBBBBBBBBBBBBBBBBB">
          <conceptMapType reference="40"/>
          <creator/>
          <changedBy/>
          <dateCreated id="226">2010-08-23 15:49:10</dateCreated>
          <conceptMapId>132740</conceptMapId>
          <concept reference="194"/>
          <conceptReferenceTerm id="227" resolves-to="org.openmrs.ConceptReferenceTerm" uuid="e48d1822-c089-33d8-b6a1-fcd148000673">
            <creator/>
            <dateCreated id="228">2010-08-23 00:00:00</dateCreated>
            <changedBy/>
            <retired>false</retired>
            <retiredBy/>
            <conceptReferenceTermId>132740</conceptReferenceTermId>
            <conceptSource reference="74"/>
            <code>4020</code>
            <conceptReferenceTermMaps id="229"/>
          </conceptReferenceTerm>
        </org.openmrs.ConceptMap>
      </conceptMappings>
    </dosageForm>
    <doseStrength>150.0</doseStrength>
    <units>mg</units>
    <concept id="230" resolves-to="org.openmrs.Concept" uuid="767AAAAAAAAAAAAAAAAAAAAAAAAAAAAAAAAA">
      <conceptId>767</conceptId>
      <retired>false</retired>
      <retiredBy/>
      <datatype reference="5"/>
      <conceptClass reference="7"/>
      <set>false</set>
      <version></version>
      <creator/>
      <dateCreated id="231">2004-03-20 00:00:00</dateCreated>
      <changedBy/>
      <dateChanged id="232">2013-08-18 22:31:59</dateChanged>
      <names class="set" id="233">
        <org.openmrs.ConceptName id="234" uuid="97551BBBBBBBBBBBBBBBBBBBBBBBBBBBBBBB">
          <conceptNameId>97551</conceptNameId>
          <concept reference="230"/>
          <name>Rifadin</name>
          <locale id="235">en</locale>
          <creator/>
          <dateCreated id="236">2007-10-18 09:35:54</dateCreated>
          <voided>false</voided>
          <voidedBy/>
          <voidReason></voidReason>
          <tags class="set" id="237"/>
          <localePreferred>false</localePreferred>
        </org.openmrs.ConceptName>
        <org.openmrs.ConceptName id="238" uuid="97557BBBBBBBBBBBBBBBBBBBBBBBBBBBBBBB">
          <conceptNameId>97557</conceptNameId>
          <concept reference="230"/>
          <name>RIFAMPIN</name>
          <locale id="239">en</locale>
          <creator/>
          <dateCreated id="240">2005-01-12 00:00:00</dateCreated>
          <voided>false</voided>
          <voidedBy/>
          <voidReason></voidReason>
          <tags class="set" id="241"/>
          <localePreferred>false</localePreferred>
        </org.openmrs.ConceptName>
        <org.openmrs.ConceptName id="242" uuid="97567BBBBBBBBBBBBBBBBBBBBBBBBBBBBBBB">
          <conceptNameId>97567</conceptNameId>
          <concept reference="230"/>
          <name>Rimactane</name>
          <locale id="243">en</locale>
          <creator/>
          <dateCreated id="244">2007-10-18 09:35:54</dateCreated>
          <voided>false</voided>
          <voidedBy/>
          <voidReason></voidReason>
          <tags class="set" id="245"/>
          <localePreferred>false</localePreferred>
        </org.openmrs.ConceptName>
        <org.openmrs.ConceptName id="246" uuid="97553BBBBBBBBBBBBBBBBBBBBBBBBBBBBBBB">
          <conceptNameId>97553</conceptNameId>
          <concept reference="230"/>
          <name>Rifadin IV</name>
          <locale id="247">en</locale>
          <creator/>
          <dateCreated id="248">2007-10-18 09:35:54</dateCreated>
          <voided>false</voided>
          <voidedBy/>
          <voidReason></voidReason>
          <tags class="set" id="249"/>
          <localePreferred>false</localePreferred>
        </org.openmrs.ConceptName>
        <org.openmrs.ConceptName id="250" uuid="803BBBBBBBBBBBBBBBBBBBBBBBBBBBBBBBBB">
          <conceptNameId>803</conceptNameId>
          <concept reference="230"/>
          <name>RIFAMPICIN</name>
          <locale id="251">en</locale>
          <creator/>
          <dateCreated id="252">2004-03-20 00:00:00</dateCreated>
          <voided>false</voided>
          <voidedBy/>
          <tags class="set" id="253"/>
          <conceptNameType>FULLY_SPECIFIED</conceptNameType>
          <localePreferred>true</localePreferred>
        </org.openmrs.ConceptName>
        <org.openmrs.ConceptName id="254" uuid="107654BBBBBBBBBBBBBBBBBBBBBBBBBBBBBB">
          <conceptNameId>107654</conceptNameId>
          <concept reference="230"/>
          <name>R</name>
          <locale id="255">en</locale>
          <creator/>
          <dateCreated id="256">2011-01-17 16:16:26</dateCreated>
          <voided>false</voided>
          <voidedBy/>
          <tags class="set" id="257"/>
          <conceptNameType>SHORT</conceptNameType>
          <localePreferred>false</localePreferred>
        </org.openmrs.ConceptName>
      </names>
      <answers class="set" id="258"/>
      <conceptSets class="set" id="259"/>
      <descriptions class="set" id="260">
        <org.openmrs.ConceptDescription id="261" uuid="767FFFFFFFFFFFFFFFFFFFFFFFFFFFFFFFFF">
          <conceptDescriptionId>767</conceptDescriptionId>
          <concept reference="230"/>
          <description>Semisynthetic antibiotic often used in tuberculosis, leprosy and meningococcal treatment/prophylaxis.  Also commonly known as Rifampin.</description>
          <locale id="262">en</locale>
          <creator/>
          <dateCreated id="263">2004-03-20 00:00:00</dateCreated>
          <changedBy/>
          <dateChanged id="264">2013-08-18 22:31:59</dateChanged>
        </org.openmrs.ConceptDescription>
      </descriptions>
      <conceptMappings class="set" id="265">
        <org.openmrs.ConceptMap id="266" uuid="134463ABBBBBBBBBBBBBBBBBBBBBBBBBBBBB">
          <conceptMapType reference="40"/>
          <creator/>
          <changedBy/>
          <dateCreated id="267">2010-10-24 13:09:59</dateCreated>
          <conceptMapId>134463</conceptMapId>
          <concept reference="230"/>
          <conceptReferenceTerm id="268" resolves-to="org.openmrs.ConceptReferenceTerm" uuid="dceea0ac-be2e-3340-bdfe-d8b3baa782e1">
            <creator/>
            <dateCreated id="269">2010-10-24 00:00:00</dateCreated>
            <changedBy/>
            <retired>false</retired>
            <retiredBy/>
            <conceptReferenceTermId>134463</conceptReferenceTermId>
            <conceptSource reference="45"/>
            <code>767</code>
            <conceptReferenceTermMaps id="270"/>
          </conceptReferenceTerm>
        </org.openmrs.ConceptMap>
        <org.openmrs.ConceptMap id="271" uuid="137889ABBBBBBBBBBBBBBBBBBBBBBBBBBBBB">
          <conceptMapType reference="40"/>
          <creator/>
          <changedBy/>
          <dateCreated id="272">2011-01-17 16:16:26</dateCreated>
          <conceptMapId>137889</conceptMapId>
          <concept reference="230"/>
          <conceptReferenceTerm id="273" resolves-to="org.openmrs.ConceptReferenceTerm" uuid="fe47b44a-8690-365d-9198-57ec162581e3">
            <creator/>
            <dateCreated id="274">2011-01-17 00:00:00</dateCreated>
            <changedBy/>
            <retired>false</retired>
            <retiredBy/>
            <conceptReferenceTermId>137889</conceptReferenceTermId>
            <conceptSource reference="110"/>
            <code>RIFAMPICIN</code>
            <conceptReferenceTermMaps id="275"/>
          </conceptReferenceTerm>
        </org.openmrs.ConceptMap>
        <org.openmrs.ConceptMap id="276" uuid="171165ABBBBBBBBBBBBBBBBBBBBBBBBBBBBB">
          <conceptMapType reference="40"/>
          <creator/>
          <changedBy/>
          <dateCreated id="277">2013-07-03 18:53:08</dateCreated>
          <conceptMapId>171165</conceptMapId>
          <concept reference="230"/>
          <conceptReferenceTerm id="278" resolves-to="org.openmrs.ConceptReferenceTerm" uuid="f5bdc239-999d-3b61-bdc8-416e46375351">
            <creator/>
            <dateCreated id="279">2013-07-03 00:00:00</dateCreated>
            <changedBy/>
            <retired>false</retired>
            <retiredBy/>
            <conceptReferenceTermId>171165</conceptReferenceTermId>
            <conceptSource reference="86"/>
            <code>767</code>
            <conceptReferenceTermMaps id="280"/>
          </conceptReferenceTerm>
        </org.openmrs.ConceptMap>
        <org.openmrs.ConceptMap id="281" uuid="145890ABBBBBBBBBBBBBBBBBBBBBBBBBBBBB">
          <conceptMapType id="282" resolves-to="org.openmrs.ConceptMapType" uuid="43ac5109-7d8c-11e1-909d-c80aa9edcf4e">
            <name>NARROWER-THAN</name>
            <creator/>
            <dateCreated id="283">2013-09-14 00:00:00</dateCreated>
            <changedBy/>
            <retired>false</retired>
            <retiredBy/>
            <conceptMapTypeId>2</conceptMapTypeId>
            <isHidden>false</isHidden>
          </conceptMapType>
          <creator/>
          <changedBy/>
          <dateCreated id="284">2012-10-04 16:54:49</dateCreated>
          <conceptMapId>145890</conceptMapId>
          <concept reference="230"/>
          <conceptReferenceTerm id="285" resolves-to="org.openmrs.ConceptReferenceTerm" uuid="fd488ed3-fa32-3f9e-8b51-be3ef503abd0">
            <creator/>
            <dateCreated id="286">2012-10-04 00:00:00</dateCreated>
            <changedBy/>
            <retired>false</retired>
            <retiredBy/>
            <conceptReferenceTermId>145890</conceptReferenceTermId>
            <conceptSource id="287" resolves-to="org.openmrs.ConceptSource" uuid="2ADDDDDDDDDDDDDDDDDDDDDDDDDDDDDDDDDD">
              <name>SNOMED NP</name>
              <description>Non-preferred SNOMED CT mappings</description>
              <creator/>
              <dateCreated id="288">2010-04-25 11:12:44</dateCreated>
              <retired>false</retired>
              <retiredBy/>
              <conceptSourceId>2</conceptSourceId>
            </conceptSource>
            <code>387159009</code>
            <conceptReferenceTermMaps id="289"/>
          </conceptReferenceTerm>
        </org.openmrs.ConceptMap>
        <org.openmrs.ConceptMap id="290" uuid="133856ABBBBBBBBBBBBBBBBBBBBBBBBBBBBB">
          <conceptMapType reference="40"/>
          <creator/>
          <changedBy/>
          <dateCreated id="291">2010-10-10 20:50:13</dateCreated>
          <conceptMapId>133856</conceptMapId>
          <concept reference="230"/>
          <conceptReferenceTerm id="292" resolves-to="org.openmrs.ConceptReferenceTerm" uuid="23a33f2f-5a37-3b27-9213-e8ff651d4d75">
            <creator/>
            <dateCreated id="293">2010-04-27 00:00:00</dateCreated>
            <changedBy/>
            <retired>false</retired>
            <retiredBy/>
            <conceptReferenceTermId>131385</conceptReferenceTermId>
            <conceptSource reference="67"/>
            <code>9384</code>
            <conceptReferenceTermMaps id="294"/>
          </conceptReferenceTerm>
        </org.openmrs.ConceptMap>
        <org.openmrs.ConceptMap id="295" uuid="145891ABBBBBBBBBBBBBBBBBBBBBBBBBBBBB">
          <conceptMapType reference="40"/>
          <creator/>
          <changedBy/>
          <dateCreated id="296">2012-10-04 16:54:49</dateCreated>
          <conceptMapId>145891</conceptMapId>
          <concept reference="230"/>
          <conceptReferenceTerm id="297" resolves-to="org.openmrs.ConceptReferenceTerm" uuid="63e994ec-7553-389f-a410-8864bdf16434">
            <creator/>
            <dateCreated id="298">2011-02-02 00:00:00</dateCreated>
            <changedBy/>
            <retired>false</retired>
            <retiredBy/>
            <conceptReferenceTermId>139241</conceptReferenceTermId>
            <conceptSource reference="98"/>
            <code>29175007</code>
            <conceptReferenceTermMaps id="299"/>
          </conceptReferenceTerm>
        </org.openmrs.ConceptMap>
      </conceptMappings>
    </concept>
  </org.openmrs.Drug>
  <org.openmrs.Drug id="300" uuid="0dbc4971-67ea-40d7-8089-7c327e5f3c6e">
    <name>Pyrazinamide (400mg)</name>
    <creator/>
    <dateCreated id="301">2013-02-25 16:06:50</dateCreated>
    <retired>false</retired>
    <drugId>1</drugId>
    <combination>true</combination>
    <dosageForm reference="194"/>
    <doseStrength>400.0</doseStrength>
    <units>mg</units>
    <concept id="302" resolves-to="org.openmrs.Concept" uuid="82900AAAAAAAAAAAAAAAAAAAAAAAAAAAAAAA">
      <conceptId>82900</conceptId>
      <retired>false</retired>
      <retiredBy/>
      <datatype reference="5"/>
      <conceptClass reference="7"/>
      <set>false</set>
      <version></version>
      <creator/>
      <dateCreated id="303">2006-12-17 00:00:00</dateCreated>
      <changedBy/>
      <dateChanged id="304">2011-01-17 16:11:51</dateChanged>
      <names class="set" id="305">
        <org.openmrs.ConceptName id="306" uuid="107648BBBBBBBBBBBBBBBBBBBBBBBBBBBBBB">
          <conceptNameId>107648</conceptNameId>
          <concept reference="302"/>
          <name>Z</name>
          <locale id="307">en</locale>
          <creator/>
          <dateCreated id="308">2011-01-17 16:11:51</dateCreated>
          <voided>false</voided>
          <voidedBy/>
          <tags class="set" id="309"/>
          <conceptNameType>SHORT</conceptNameType>
          <localePreferred>false</localePreferred>
        </org.openmrs.ConceptName>
        <org.openmrs.ConceptName id="310" uuid="7696BBBBBBBBBBBBBBBBBBBBBBBBBBBBBBBB">
          <conceptNameId>7696</conceptNameId>
          <concept reference="302"/>
          <name>PYRAZINAMIDE</name>
          <locale id="311">en</locale>
          <creator/>
          <dateCreated id="312">2006-12-17 00:00:00</dateCreated>
          <voided>false</voided>
          <voidedBy/>
          <tags class="set" id="313"/>
          <conceptNameType>FULLY_SPECIFIED</conceptNameType>
          <localePreferred>true</localePreferred>
        </org.openmrs.ConceptName>
      </names>
      <answers class="set" id="314"/>
      <conceptSets class="set" id="315"/>
      <descriptions class="set" id="316">
        <org.openmrs.ConceptDescription id="317" uuid="16533FFFFFFFFFFFFFFFFFFFFFFFFFFFFFFF">
          <conceptDescriptionId>16533</conceptDescriptionId>
          <concept reference="302"/>
          <description>Antituberculosis agent used to treat patients with active tuberculosis, usually in combination with other agents.</description>
          <locale id="318">en</locale>
          <creator/>
          <dateCreated id="319">2011-01-17 16:11:51</dateCreated>
          <changedBy/>
        </org.openmrs.ConceptDescription>
      </descriptions>
      <conceptMappings class="set" id="320">
        <org.openmrs.ConceptMap id="321" uuid="135197ABBBBBBBBBBBBBBBBBBBBBBBBBBBBB">
          <conceptMapType reference="40"/>
          <creator/>
          <changedBy/>
          <dateCreated id="322">2010-10-24 13:09:59</dateCreated>
          <conceptMapId>135197</conceptMapId>
          <concept reference="302"/>
          <conceptReferenceTerm reference="60"/>
        </org.openmrs.ConceptMap>
        <org.openmrs.ConceptMap id="323" uuid="176845ABBBBBBBBBBBBBBBBBBBBBBBBBBBBB">
          <conceptMapType reference="40"/>
          <creator/>
          <changedBy/>
          <dateCreated id="324">2013-07-03 18:53:08</dateCreated>
          <conceptMapId>176845</conceptMapId>
          <concept reference="302"/>
          <conceptReferenceTerm id="325" resolves-to="org.openmrs.ConceptReferenceTerm" uuid="64c7f81e-fdac-3886-ac3d-c32d0cefbbab">
            <creator/>
            <dateCreated id="326">2013-07-03 00:00:00</dateCreated>
            <changedBy/>
            <retired>false</retired>
            <retiredBy/>
            <conceptReferenceTermId>176845</conceptReferenceTermId>
            <conceptSource reference="86"/>
            <code>82900</code>
            <conceptReferenceTermMaps id="327"/>
          </conceptReferenceTerm>
        </org.openmrs.ConceptMap>
        <org.openmrs.ConceptMap id="328" uuid="135218ABBBBBBBBBBBBBBBBBBBBBBBBBBBBB">
          <conceptMapType reference="40"/>
          <creator/>
          <changedBy/>
          <dateCreated id="329">2010-10-24 13:09:59</dateCreated>
          <conceptMapId>135218</conceptMapId>
          <concept reference="302"/>
          <conceptReferenceTerm reference="103"/>
        </org.openmrs.ConceptMap>
        <org.openmrs.ConceptMap id="330" uuid="131264ABBBBBBBBBBBBBBBBBBBBBBBBBBBBB">
          <conceptMapType reference="40"/>
          <creator/>
          <changedBy/>
          <dateCreated id="331">2010-04-27 12:02:49</dateCreated>
          <conceptMapId>131264</conceptMapId>
          <concept reference="302"/>
          <conceptReferenceTerm id="332" resolves-to="org.openmrs.ConceptReferenceTerm" uuid="78fe0f19-a37b-37ee-a108-ca4b78afdb54">
            <creator/>
            <dateCreated id="333">2010-04-27 00:00:00</dateCreated>
            <changedBy/>
            <retired>false</retired>
            <retiredBy/>
            <conceptReferenceTermId>131264</conceptReferenceTermId>
            <conceptSource reference="67"/>
            <code>8987</code>
            <conceptReferenceTermMaps id="334"/>
          </conceptReferenceTerm>
        </org.openmrs.ConceptMap>
        <org.openmrs.ConceptMap id="335" uuid="135203ABBBBBBBBBBBBBBBBBBBBBBBBBBBBB">
          <conceptMapType reference="40"/>
          <creator/>
          <changedBy/>
          <dateCreated id="336">2010-10-24 13:09:59</dateCreated>
          <conceptMapId>135203</conceptMapId>
          <concept reference="302"/>
          <conceptReferenceTerm reference="91"/>
        </org.openmrs.ConceptMap>
        <org.openmrs.ConceptMap id="337" uuid="135209ABBBBBBBBBBBBBBBBBBBBBBBBBBBBB">
          <conceptMapType reference="40"/>
          <creator/>
          <changedBy/>
          <dateCreated id="338">2010-10-24 13:09:59</dateCreated>
          <conceptMapId>135209</conceptMapId>
          <concept reference="302"/>
          <conceptReferenceTerm reference="79"/>
        </org.openmrs.ConceptMap>
        <org.openmrs.ConceptMap id="339" uuid="135214ABBBBBBBBBBBBBBBBBBBBBBBBBBBBB">
          <conceptMapType reference="40"/>
          <creator/>
          <changedBy/>
          <dateCreated id="340">2010-10-24 13:09:59</dateCreated>
          <conceptMapId>135214</conceptMapId>
          <concept reference="302"/>
          <conceptReferenceTerm reference="55"/>
        </org.openmrs.ConceptMap>
        <org.openmrs.ConceptMap id="341" uuid="137883ABBBBBBBBBBBBBBBBBBBBBBBBBBBBB">
          <conceptMapType reference="40"/>
          <creator/>
          <changedBy/>
          <dateCreated id="342">2011-01-17 16:11:51</dateCreated>
          <conceptMapId>137883</conceptMapId>
          <concept reference="302"/>
          <conceptReferenceTerm id="343" resolves-to="org.openmrs.ConceptReferenceTerm" uuid="4d31b996-847b-3a8f-92f6-20a85b4067ff">
            <creator/>
            <dateCreated id="344">2011-01-17 00:00:00</dateCreated>
            <changedBy/>
            <retired>false</retired>
            <retiredBy/>
            <conceptReferenceTermId>137883</conceptReferenceTermId>
            <conceptSource reference="110"/>
            <code>PYRAZINAMIDE</code>
            <conceptReferenceTermMaps id="345"/>
          </conceptReferenceTerm>
        </org.openmrs.ConceptMap>
        <org.openmrs.ConceptMap id="346" uuid="135978ABBBBBBBBBBBBBBBBBBBBBBBBBBBBB">
          <conceptMapType reference="40"/>
          <creator/>
          <changedBy/>
          <dateCreated id="347">2010-10-24 13:09:59</dateCreated>
          <conceptMapId>135978</conceptMapId>
          <concept reference="302"/>
          <conceptReferenceTerm id="348" resolves-to="org.openmrs.ConceptReferenceTerm" uuid="af010c03-8ef2-39a0-9d2c-af30233335f2">
            <creator/>
            <dateCreated id="349">2010-10-24 00:00:00</dateCreated>
            <changedBy/>
            <retired>false</retired>
            <retiredBy/>
            <conceptReferenceTermId>135978</conceptReferenceTermId>
            <conceptSource reference="45"/>
            <code>5829</code>
            <conceptReferenceTermMaps id="350"/>
          </conceptReferenceTerm>
        </org.openmrs.ConceptMap>
        <org.openmrs.ConceptMap id="351" uuid="139222ABBBBBBBBBBBBBBBBBBBBBBBBBBBBB">
          <conceptMapType reference="40"/>
          <creator/>
          <changedBy/>
          <dateCreated id="352">2011-02-02 00:21:47</dateCreated>
          <conceptMapId>139222</conceptMapId>
          <concept reference="302"/>
          <conceptReferenceTerm id="353" resolves-to="org.openmrs.ConceptReferenceTerm" uuid="99aa1bb6-1fe0-379e-829d-41a07c4274d2">
            <creator/>
            <dateCreated id="354">2011-02-02 00:00:00</dateCreated>
            <changedBy/>
            <retired>false</retired>
            <retiredBy/>
            <conceptReferenceTermId>139222</conceptReferenceTermId>
            <conceptSource reference="98"/>
            <code>13592004</code>
            <conceptReferenceTermMaps id="355"/>
          </conceptReferenceTerm>
        </org.openmrs.ConceptMap>
      </conceptMappings>
    </concept>
  </org.openmrs.Drug>
  <org.openmrs.Drug id="356" uuid="89b72116-108d-4b65-b7fe-5a841192e095">
    <name>Isoniazid (150mg)</name>
    <creator/>
    <dateCreated id="357">2013-10-02 13:37:56</dateCreated>
    <changedBy/>
    <dateChanged id="358">2013-10-02 13:38:29</dateChanged>
    <retired>false</retired>
    <drugId>9</drugId>
    <combination>false</combination>
    <dosageForm reference="194"/>
    <doseStrength>150.0</doseStrength>
    <units>mg</units>
    <concept reference="4"/>
  </org.openmrs.Drug>
  <org.openmrs.Drug id="359" uuid="97810e6b-cfcf-44fa-b63c-5d3e12cbe8d7">
    <name>Isoniazid (75mg)</name>
    <creator/>
    <dateCreated id="360">2013-02-25 16:05:13</dateCreated>
    <retired>false</retired>
    <drugId>5</drugId>
    <combination>true</combination>
    <dosageForm reference="194"/>
    <doseStrength>75.0</doseStrength>
    <units>mg</units>
    <concept reference="4"/>
  </org.openmrs.Drug>
  <org.openmrs.Drug id="361" uuid="161f633d-ab5d-4cd1-94c5-7a012dedc388">
    <name>Rifampicin (60mg)</name>
    <creator/>
    <dateCreated id="362">2013-02-25 16:04:13</dateCreated>
    <dateChanged id="363">2013-02-25 16:05:19</dateChanged>
    <retired>false</retired>
    <drugId>3</drugId>
    <combination>true</combination>
    <doseStrength>60.0</doseStrength>
    <units>mg</units>
    <concept reference="230"/>
  </org.openmrs.Drug>
  <org.openmrs.Drug id="364" uuid="37e185a3-ba6b-447a-83e0-7ff3edbe76f7">
    <name>Ethambutol (400mg)</name>
    <creator/>
    <dateCreated id="365">2013-10-02 13:39:15</dateCreated>
    <retired>false</retired>
    <drugId>10</drugId>
    <combination>false</combination>
    <dosageForm reference="194"/>
    <doseStrength>400.0</doseStrength>
    <units>mg</units>
    <concept id="366" resolves-to="org.openmrs.Concept" uuid="75948AAAAAAAAAAAAAAAAAAAAAAAAAAAAAAA">
      <conceptId>75948</conceptId>
      <retired>false</retired>
      <retiredBy/>
      <datatype reference="5"/>
      <conceptClass reference="7"/>
      <set>false</set>
      <version></version>
      <creator/>
      <dateCreated id="367">2006-12-17 00:00:00</dateCreated>
      <changedBy/>
      <dateChanged id="368">2011-05-22 17:38:07</dateChanged>
      <names class="set" id="369">
        <org.openmrs.ConceptName id="370" uuid="107653BBBBBBBBBBBBBBBBBBBBBBBBBBBBBB">
          <conceptNameId>107653</conceptNameId>
          <concept reference="366"/>
          <name>E</name>
          <locale id="371">en</locale>
          <creator/>
          <dateCreated id="372">2011-01-17 16:15:39</dateCreated>
          <voided>false</voided>
          <voidedBy/>
          <tags class="set" id="373"/>
          <conceptNameType>SHORT</conceptNameType>
          <localePreferred>false</localePreferred>
        </org.openmrs.ConceptName>
        <org.openmrs.ConceptName id="374" uuid="5413BBBBBBBBBBBBBBBBBBBBBBBBBBBBBBBB">
          <conceptNameId>5413</conceptNameId>
          <concept reference="366"/>
          <name>ETHAMBUTOL</name>
          <locale id="375">en</locale>
          <creator/>
          <dateCreated id="376">2006-12-17 00:00:00</dateCreated>
          <voided>false</voided>
          <voidedBy/>
          <tags class="set" id="377"/>
          <conceptNameType>FULLY_SPECIFIED</conceptNameType>
          <localePreferred>true</localePreferred>
        </org.openmrs.ConceptName>
        <org.openmrs.ConceptName id="378" uuid="94966BBBBBBBBBBBBBBBBBBBBBBBBBBBBBBB">
          <conceptNameId>94966</conceptNameId>
          <concept reference="366"/>
          <name>Myambutol</name>
          <locale id="379">en</locale>
          <creator/>
          <dateCreated id="380">2007-10-18 09:35:54</dateCreated>
          <voided>false</voided>
          <voidedBy/>
          <tags class="set" id="381"/>
          <localePreferred>false</localePreferred>
        </org.openmrs.ConceptName>
      </names>
      <answers class="set" id="382"/>
      <conceptSets class="set" id="383"/>
      <descriptions class="set" id="384">
        <org.openmrs.ConceptDescription id="385" uuid="16538FFFFFFFFFFFFFFFFFFFFFFFFFFFFFFF">
          <conceptDescriptionId>16538</conceptDescriptionId>
          <concept reference="366"/>
          <description>Anti-mycobaterial drug used to treat active tuberculosis. Always used with other antimycobacterial agents.</description>
          <locale id="386">en</locale>
          <creator/>
          <dateCreated id="387">2011-01-17 16:15:39</dateCreated>
          <changedBy/>
        </org.openmrs.ConceptDescription>
      </descriptions>
      <conceptMappings class="set" id="388">
        <org.openmrs.ConceptMap id="389" uuid="128984ABBBBBBBBBBBBBBBBBBBBBBBBBBBBB">
          <conceptMapType reference="40"/>
          <creator/>
          <changedBy/>
          <dateCreated id="390">2010-04-27 12:02:49</dateCreated>
          <conceptMapId>128984</conceptMapId>
          <concept reference="366"/>
          <conceptReferenceTerm id="391" resolves-to="org.openmrs.ConceptReferenceTerm" uuid="5821c585-b19e-31c8-a01f-b5ede0fc4302">
            <creator/>
            <dateCreated id="392">2010-04-27 00:00:00</dateCreated>
            <changedBy/>
            <retired>false</retired>
            <retiredBy/>
            <conceptReferenceTermId>128984</conceptReferenceTermId>
            <conceptSource reference="67"/>
            <code>4110</code>
            <conceptReferenceTermMaps id="393"/>
          </conceptReferenceTerm>
        </org.openmrs.ConceptMap>
        <org.openmrs.ConceptMap id="394" uuid="138655ABBBBBBBBBBBBBBBBBBBBBBBBBBBBB">
          <conceptMapType reference="40"/>
          <creator/>
          <changedBy/>
          <dateCreated id="395">2011-02-02 00:21:47</dateCreated>
          <conceptMapId>138655</conceptMapId>
          <concept reference="366"/>
          <conceptReferenceTerm id="396" resolves-to="org.openmrs.ConceptReferenceTerm" uuid="fffeb690-049f-312b-9595-278e91b4e165">
            <creator/>
            <dateCreated id="397">2011-02-02 00:00:00</dateCreated>
            <changedBy/>
            <retired>false</retired>
            <retiredBy/>
            <conceptReferenceTermId>138655</conceptReferenceTermId>
            <conceptSource reference="98"/>
            <code>24450004</code>
            <conceptReferenceTermMaps id="398"/>
          </conceptReferenceTerm>
        </org.openmrs.ConceptMap>
        <org.openmrs.ConceptMap id="399" uuid="135207ABBBBBBBBBBBBBBBBBBBBBBBBBBBBB">
          <conceptMapType reference="40"/>
          <creator/>
          <changedBy/>
          <dateCreated id="400">2010-10-24 13:09:59</dateCreated>
          <conceptMapId>135207</conceptMapId>
          <concept reference="366"/>
          <conceptReferenceTerm reference="79"/>
        </org.openmrs.ConceptMap>
        <org.openmrs.ConceptMap id="401" uuid="174579ABBBBBBBBBBBBBBBBBBBBBBBBBBBBB">
          <conceptMapType reference="40"/>
          <creator/>
          <changedBy/>
          <dateCreated id="402">2013-07-03 18:53:08</dateCreated>
          <conceptMapId>174579</conceptMapId>
          <concept reference="366"/>
          <conceptReferenceTerm id="403" resolves-to="org.openmrs.ConceptReferenceTerm" uuid="8183ec29-c2bb-3b90-9386-d979d4b85da5">
            <creator/>
            <dateCreated id="404">2013-07-03 00:00:00</dateCreated>
            <changedBy/>
            <retired>false</retired>
            <retiredBy/>
            <conceptReferenceTermId>174579</conceptReferenceTermId>
            <conceptSource reference="86"/>
            <code>75948</code>
            <conceptReferenceTermMaps id="405"/>
          </conceptReferenceTerm>
        </org.openmrs.ConceptMap>
        <org.openmrs.ConceptMap id="406" uuid="134443ABBBBBBBBBBBBBBBBBBBBBBBBBBBBB">
          <conceptMapType reference="40"/>
          <creator/>
          <changedBy/>
          <dateCreated id="407">2010-10-24 13:09:59</dateCreated>
          <conceptMapId>134443</conceptMapId>
          <concept reference="366"/>
          <conceptReferenceTerm id="408" resolves-to="org.openmrs.ConceptReferenceTerm" uuid="d3033896-b40f-36bc-b9a1-4909e9484d15">
            <creator/>
            <dateCreated id="409">2010-10-24 00:00:00</dateCreated>
            <changedBy/>
            <retired>false</retired>
            <retiredBy/>
            <conceptReferenceTermId>134443</conceptReferenceTermId>
            <conceptSource reference="45"/>
            <code>745</code>
            <conceptReferenceTermMaps id="410"/>
          </conceptReferenceTerm>
        </org.openmrs.ConceptMap>
        <org.openmrs.ConceptMap id="411" uuid="143635ABBBBBBBBBBBBBBBBBBBBBBBBBBBBB">
          <conceptMapType reference="40"/>
          <creator/>
          <changedBy/>
          <dateCreated id="412">2011-05-22 17:38:07</dateCreated>
          <conceptMapId>143635</conceptMapId>
          <concept reference="366"/>
          <conceptReferenceTerm id="413" resolves-to="org.openmrs.ConceptReferenceTerm" uuid="f6e6afb5-48ea-3a33-93eb-f235ad6ce49b">
            <creator/>
            <dateCreated id="414">2011-05-22 00:00:00</dateCreated>
            <changedBy/>
            <retired>false</retired>
            <retiredBy/>
            <conceptReferenceTermId>143635</conceptReferenceTermId>
            <conceptSource reference="74"/>
            <code>745</code>
            <conceptReferenceTermMaps id="415"/>
          </conceptReferenceTerm>
        </org.openmrs.ConceptMap>
        <org.openmrs.ConceptMap id="416" uuid="135216ABBBBBBBBBBBBBBBBBBBBBBBBBBBBB">
          <conceptMapType reference="40"/>
          <creator/>
          <changedBy/>
          <dateCreated id="417">2010-10-24 13:09:59</dateCreated>
          <conceptMapId>135216</conceptMapId>
          <concept reference="366"/>
          <conceptReferenceTerm reference="103"/>
        </org.openmrs.ConceptMap>
        <org.openmrs.ConceptMap id="418" uuid="137888ABBBBBBBBBBBBBBBBBBBBBBBBBBBBB">
          <conceptMapType reference="40"/>
          <creator/>
          <changedBy/>
          <dateCreated id="419">2011-01-17 16:15:39</dateCreated>
          <conceptMapId>137888</conceptMapId>
          <concept reference="366"/>
          <conceptReferenceTerm id="420" resolves-to="org.openmrs.ConceptReferenceTerm" uuid="4e5d8c91-8800-3df2-8afe-8221ce2e5e42">
            <creator/>
            <dateCreated id="421">2011-01-17 00:00:00</dateCreated>
            <changedBy/>
            <retired>false</retired>
            <retiredBy/>
            <conceptReferenceTermId>137888</conceptReferenceTermId>
            <conceptSource reference="110"/>
            <code>ETHAMBUTOL</code>
            <conceptReferenceTermMaps id="422"/>
          </conceptReferenceTerm>
        </org.openmrs.ConceptMap>
        <org.openmrs.ConceptMap id="423" uuid="135195ABBBBBBBBBBBBBBBBBBBBBBBBBBBBB">
          <conceptMapType reference="40"/>
          <creator/>
          <changedBy/>
          <dateCreated id="424">2010-10-24 13:09:59</dateCreated>
          <conceptMapId>135195</conceptMapId>
          <concept reference="366"/>
          <conceptReferenceTerm reference="60"/>
        </org.openmrs.ConceptMap>
        <org.openmrs.ConceptMap id="425" uuid="135201ABBBBBBBBBBBBBBBBBBBBBBBBBBBBB">
          <conceptMapType reference="40"/>
          <creator/>
          <changedBy/>
          <dateCreated id="426">2010-10-24 13:09:59</dateCreated>
          <conceptMapId>135201</conceptMapId>
          <concept reference="366"/>
          <conceptReferenceTerm reference="91"/>
        </org.openmrs.ConceptMap>
      </conceptMappings>
    </concept>
  </org.openmrs.Drug>
  <org.openmrs.Drug id="427" uuid="c97032a4-2136-4e92-8ff8-3fc6faab4133">
    <name>Pyrazinamide (150mg)</name>
    <creator/>
    <dateCreated id="428">2013-02-25 16:07:21</dateCreated>
    <retired>false</retired>
    <drugId>8</drugId>
    <combination>true</combination>
    <doseStrength>150.0</doseStrength>
    <units>mg</units>
    <concept reference="302"/>
  </org.openmrs.Drug>
  <org.openmrs.Drug id="429" uuid="52690c5a-e9cd-4561-8aad-3b646fb7deaa">
    <name>Ethambutol (275mg)</name>
    <creator/>
    <dateCreated id="430">2013-02-25 16:08:41</dateCreated>
    <retired>false</retired>
    <drugId>4</drugId>
    <combination>true</combination>
    <dosageForm reference="194"/>
    <doseStrength>275.0</doseStrength>
    <units>mg</units>
    <concept reference="366"/>
  </org.openmrs.Drug>
</list>
