<?xml version="1.0" encoding="UTF-8"?>
<list id="1">
  <org.openmrs.LocationAttributeType id="2" uuid="8a845a89-6aa5-4111-81d3-0af31c45c002">
    <name>Master Facility Code</name>
    <description>Code for linking to the Ministry of Health&apos;s Master Facility List.&#xd;
(This is a sequential number allocated to each facility when it is added to the master list, allocated by the central database of the ministry.)</description>
    <creator/>
    <dateCreated id="3">2012-06-18 23:33:24</dateCreated>
    <retired>false</retired>
    <minOccurs>0</minOccurs>
    <maxOccurs>1</maxOccurs>
    <datatypeClassname>org.openmrs.customdatatype.datatype.RegexValidatedTextDatatype</datatypeClassname>
    <datatypeConfig>\d{5}</datatypeConfig>
    <locationAttributeTypeId>1</locationAttributeTypeId>
  </org.openmrs.LocationAttributeType>
  <org.openmrs.PatientIdentifierType id="4" uuid="05ee9cf4-7242-4a17-b4d4-00f707265c8a">
    <name>Unique Patient Number</name>
    <description>Assigned to every HIV patient, from the facility code (from the master facility list) and a sequential number</description>
    <creator/>
    <dateCreated id="5">2012-06-25 01:43:42</dateCreated>
    <retired>false</retired>
    <patientIdentifierTypeId>3</patientIdentifierTypeId>
    <format>\d+</format>
    <required>false</required>
    <formatDescription>facility code, followed by sequential number</formatDescription>
    <checkDigit>false</checkDigit>
    <locationBehavior>NOT_USED</locationBehavior>
  </org.openmrs.PatientIdentifierType>
  <org.openmrs.PatientIdentifierType id="6" uuid="dfacd928-0370-4315-99d7-6ec1c9f7ae76">
    <name>OpenMRS ID</name>
    <description>Medical Record Number, generated by OpenMRS for every patient record</description>
    <creator/>
    <dateCreated id="7">2012-06-25 01:44:50</dateCreated>
    <retired>false</retired>
    <patientIdentifierTypeId>4</patientIdentifierTypeId>
    <required>true</required>
    <checkDigit>true</checkDigit>
    <validator>org.openmrs.module.idgen.validator.LuhnMod25IdentifierValidator</validator>
    <locationBehavior>REQUIRED</locationBehavior>
  </org.openmrs.PatientIdentifierType>
  <org.openmrs.PatientIdentifierType id="8" uuid="b4d66522-11fc-45c7-83e3-39a1af21ae0d">
    <name>Patient Clinic Number</name>
    <description>Identifier assigned to the patient at a clinic service. (Not necessarily unique.)</description>
    <creator/>
    <dateCreated id="9">2012-06-25 02:35:39</dateCreated>
    <retired>false</retired>
    <patientIdentifierTypeId>5</patientIdentifierTypeId>
    <required>false</required>
    <checkDigit>false</checkDigit>
    <locationBehavior>REQUIRED</locationBehavior>
  </org.openmrs.PatientIdentifierType>
  <org.openmrs.VisitType id="10" uuid="3371a4d4-f66f-4454-a86d-92c7b3da990c">
    <name>Outpatient</name>
    <description>Visit where the patient is not admitted to the hospital.</description>
    <creator/>
    <dateCreated id="11">2012-06-25 01:38:30</dateCreated>
    <retired>false</retired>
    <visitTypeId>4</visitTypeId>
  </org.openmrs.VisitType>
  <org.openmrs.PersonAttributeType id="12" uuid="b2c38640-2603-4629-aebd-3b54f33f1e3a">
    <name>Telephone Contact</name>
    <description>Telephone number the patient can be contacted at</description>
    <creator/>
    <dateCreated id="13">2012-06-26 06:50:58</dateCreated>
    <retired>false</retired>
    <personAttributeTypeId>8</personAttributeTypeId>
    <format>java.lang.String</format>
    <sortWeight>1.0</sortWeight>
    <searchable>false</searchable>
  </org.openmrs.PersonAttributeType>
  <org.openmrs.PersonAttributeType id="14" uuid="342a1d39-c541-4b29-8818-930916f4c2dc">
    <name>Next of Kin contact</name>
    <description>The contact of next of kin</description>
    <creator/>
    <dateCreated id="15">2012-11-22 07:39:00</dateCreated>
    <retired>false</retired>
    <personAttributeTypeId>11</personAttributeTypeId>
    <format>java.lang.String</format>
    <sortWeight>4.0</sortWeight>
    <searchable>false</searchable>
  </org.openmrs.PersonAttributeType>
  <org.openmrs.PersonAttributeType id="16" uuid="d0aa9fd1-2ac5-45d8-9c5e-4317c622c8f5">
    <name>Next of Kin relationship</name>
    <description>Next of kin relationship to the patient</description>
    <creator/>
    <dateCreated id="17">2012-11-22 07:41:05</dateCreated>
    <retired>false</retired>
    <personAttributeTypeId>12</personAttributeTypeId>
    <format>java.lang.String</format>
    <sortWeight>5.0</sortWeight>
    <searchable>false</searchable>
  </org.openmrs.PersonAttributeType>
  <org.openmrs.PersonAttributeType id="18" uuid="7cf22bec-d90a-46ad-9f48-035952261294">
    <name>Next of Kin address</name>
    <description>The address of the next of kin</description>
    <creator/>
    <dateCreated id="19">2012-11-22 07:42:58</dateCreated>
    <retired>false</retired>
    <personAttributeTypeId>13</personAttributeTypeId>
    <format>java.lang.String</format>
    <sortWeight>6.0</sortWeight>
    <searchable>false</searchable>
  </org.openmrs.PersonAttributeType>
  <org.openmrs.PersonAttributeType id="20" uuid="830bef6d-b01f-449d-9f8d-ac0fede8dbd3">
    <name>Name of Next of Kin</name>
    <description>This attribute will hold the name of next of kin</description>
    <creator/>
    <dateCreated id="21">2012-11-22 07:38:11</dateCreated>
    <retired>false</retired>
    <personAttributeTypeId>10</personAttributeTypeId>
    <format>java.lang.String</format>
    <sortWeight>3.0</sortWeight>
    <searchable>false</searchable>
  </org.openmrs.PersonAttributeType>
  <org.openmrs.PersonAttributeType id="22" uuid="73d34479-2f9e-4de3-a5e6-1f79a17459bb">
    <name>National Id Number</name>
    <description>This represent the national Identity number for patients</description>
    <creator/>
    <dateCreated id="23">2012-11-20 11:34:51</dateCreated>
    <changedBy/>
    <dateChanged id="24">2012-11-20 13:16:20</dateChanged>
    <retired>false</retired>
    <personAttributeTypeId>9</personAttributeTypeId>
    <format>java.lang.String</format>
    <sortWeight>2.0</sortWeight>
    <searchable>false</searchable>
  </org.openmrs.PersonAttributeType>
  <org.openmrs.EncounterType id="25" uuid="de78a6be-bfc5-4634-adc3-5f1a280455cc">
    <name>HIV Registration</name>
    <description>Initial data collection for the HIV program</description>
    <creator/>
    <dateCreated id="26">2012-06-26 06:15:01</dateCreated>
    <retired>false</retired>
    <encounterTypeId>7</encounterTypeId>
  </org.openmrs.EncounterType>
  <org.openmrs.EncounterType id="27" uuid="d1059fb9-a079-4feb-a749-eedd709ae542">
    <name>Triage</name>
    <description>Collection of limited patient data, prior to a more thorough examination</description>
    <creator/>
    <dateCreated id="28">2012-06-26 06:15:56</dateCreated>
    <retired>false</retired>
    <encounterTypeId>8</encounterTypeId>
  </org.openmrs.EncounterType>
  <org.openmrs.EncounterType id="29" uuid="abfb143c-5b49-41e5-9ead-f47ee4cc57cf">
    <name>Check out</name>
    <description>Recording data as the patient completes a visit.</description>
    <creator/>
    <dateCreated id="30">2012-06-26 06:16:59</dateCreated>
    <retired>false</retired>
    <encounterTypeId>9</encounterTypeId>
  </org.openmrs.EncounterType>
  <org.openmrs.EncounterType id="31" uuid="a0034eee-1940-4e35-847f-97537a35d05e">
    <name>HIV Consultation</name>
    <description>Collection of HIV-specific data during the main consultation</description>
    <creator/>
    <dateCreated id="32">2012-06-26 06:20:28</dateCreated>
    <retired>false</retired>
    <encounterTypeId>11</encounterTypeId>
  </org.openmrs.EncounterType>
  <org.openmrs.EncounterType id="33" uuid="17a381d1-7e29-406a-b782-aa903b963c28">
    <name>Lab Results</name>
    <description>Report of laboratory results</description>
    <creator/>
    <dateCreated id="34">2012-06-26 06:44:26</dateCreated>
    <retired>false</retired>
    <encounterTypeId>12</encounterTypeId>
  </org.openmrs.EncounterType>
  <org.openmrs.EncounterType id="35" uuid="de1f9d67-b73e-4e1b-90d0-036166fc6995">
    <name>Registration</name>
    <description>Initial data collection for a patient, not specific to any program.</description>
    <creator/>
    <dateCreated id="36">2012-06-26 06:14:17</dateCreated>
    <retired>false</retired>
    <encounterTypeId>6</encounterTypeId>
  </org.openmrs.EncounterType>
  <org.openmrs.EncounterType id="37" uuid="465a92f2-baf8-42e9-9612-53064be868e8">
    <name>Consultation</name>
    <description>Collection of clinical data during the main consultation</description>
    <creator/>
    <dateCreated id="38">2012-06-26 06:19:31</dateCreated>
    <retired>false</retired>
    <encounterTypeId>10</encounterTypeId>
  </org.openmrs.EncounterType>
  <org.openmrs.Program id="39" uuid="9f144a34-3a4a-44a9-8486-6b7af6cc64f6">
    <name>TB Program</name>
    <description>TB Treatment Program</description>
    <creator/>
    <dateCreated id="40">2012-09-13 01:03:07</dateCreated>
    <retired>false</retired>
    <programId>2</programId>
    <concept id="41" resolves-to="org.openmrs.Concept" uuid="160541AAAAAAAAAAAAAAAAAAAAAAAAAAAAAA">
      <conceptId>160541</conceptId>
      <retired>false</retired>
      <retiredBy/>
      <datatype id="43" resolves-to="org.openmrs.ConceptDatatype" uuid="8d4a4c94-c2cc-11de-8d13-0010c6dffd0f">
        <name>N/A</name>
        <description>Not associated with a datatype (e.g., term answers, sets)</description>
        <creator/>
        <dateCreated id="45">2004-02-02 00:00:00</dateCreated>
        <retired>false</retired>
        <retiredBy/>
        <conceptDatatypeId>4</conceptDatatypeId>
        <hl7Abbreviation>ZZ</hl7Abbreviation>
      </datatype>
      <conceptClass id="46" resolves-to="org.openmrs.ConceptClass" uuid="8d492774-c2cc-11de-8d13-0010c6dffd0f">
        <name>Misc</name>
        <description>Terms which don&apos;t fit other categories</description>
        <creator/>
        <dateCreated id="48">2004-03-02 00:00:00</dateCreated>
        <retired>false</retired>
        <retiredBy/>
        <conceptClassId>11</conceptClassId>
      </conceptClass>
      <set>false</set>
      <version></version>
      <creator/>
      <dateCreated id="49">2012-06-14 16:17:34</dateCreated>
      <changedBy/>
      <dateChanged id="50">2012-06-15 14:16:18</dateChanged>
      <names class="set" id="51">
        <org.openmrs.ConceptName id="52" uuid="108876BBBBBBBBBBBBBBBBBBBBBBBBBBBBBB">
          <conceptNameId>108876</conceptNameId>
          <concept reference="41"/>
          <name>Tuberculosis treatment program</name>
          <locale id="53">en</locale>
          <creator/>
          <dateCreated id="54">2012-06-14 16:17:34</dateCreated>
          <voided>false</voided>
          <voidedBy/>
          <tags class="set" id="55"/>
          <conceptNameType>FULLY_SPECIFIED</conceptNameType>
          <localePreferred>false</localePreferred>
        </org.openmrs.ConceptName>
        <org.openmrs.ConceptName id="56" uuid="108877BBBBBBBBBBBBBBBBBBBBBBBBBBBBBB">
          <conceptNameId>108877</conceptNameId>
          <concept reference="41"/>
          <name>TB Program</name>
          <locale id="57">en</locale>
          <creator/>
          <dateCreated id="58">2012-06-14 16:17:34</dateCreated>
          <voided>false</voided>
          <voidedBy/>
          <tags class="set" id="59"/>
          <conceptNameType>SHORT</conceptNameType>
          <localePreferred>false</localePreferred>
        </org.openmrs.ConceptName>
        <org.openmrs.ConceptName id="60" uuid="108980BBBBBBBBBBBBBBBBBBBBBBBBBBBBBB">
          <conceptNameId>108980</conceptNameId>
          <concept reference="41"/>
          <name>PROGRAMME DE LA TUBERCULOSE</name>
          <locale id="61">fr</locale>
          <creator/>
          <dateCreated id="62">2012-06-15 14:16:18</dateCreated>
          <voided>false</voided>
          <voidedBy/>
          <tags class="set" id="63"/>
          <conceptNameType>FULLY_SPECIFIED</conceptNameType>
          <localePreferred>false</localePreferred>
        </org.openmrs.ConceptName>
      </names>
      <answers class="set" id="64"/>
      <conceptSets class="set" id="65"/>
      <descriptions class="set" id="66"/>
      <conceptMappings class="set" id="67">
        <org.openmrs.ConceptMap id="68" uuid="144621ABBBBBBBBBBBBBBBBBBBBBBBBBBBBB">
          <conceptMapType id="69" resolves-to="org.openmrs.ConceptMapType" uuid="43ac5109-7d8c-11e1-909d-c80aa9edcf4e">
            <name>NARROWER-THAN</name>
            <creator/>
            <dateCreated id="71">2012-07-10 00:00:00</dateCreated>
            <changedBy/>
            <retired>false</retired>
            <retiredBy/>
            <conceptMapTypeId>2</conceptMapTypeId>
            <isHidden>false</isHidden>
          </conceptMapType>
          <creator/>
          <changedBy/>
          <dateCreated id="72">2012-06-14 16:17:34</dateCreated>
          <conceptMapId>144621</conceptMapId>
          <concept reference="41"/>
          <conceptReferenceTerm id="73" resolves-to="org.openmrs.ConceptReferenceTerm" uuid="9b87ca0e-af71-3794-b312-7d5337cad9cf">
            <creator/>
            <dateCreated id="75">2012-06-14 00:00:00</dateCreated>
            <changedBy/>
            <retired>false</retired>
            <retiredBy/>
            <conceptReferenceTermId>144621</conceptReferenceTermId>
            <conceptSource id="76" resolves-to="org.openmrs.ConceptSource" uuid="2ADDDDDDDDDDDDDDDDDDDDDDDDDDDDDDDDDD">
              <name>SNOMED NP</name>
              <description>Non-preferred SNOMED CT mappings</description>
              <creator/>
              <dateCreated id="78">2010-04-25 11:12:44</dateCreated>
              <retired>false</retired>
              <retiredBy/>
              <conceptSourceId>2</conceptSourceId>
            </conceptSource>
            <code>401173007</code>
            <conceptReferenceTermMaps id="79"/>
          </conceptReferenceTerm>
        </org.openmrs.ConceptMap>
        <org.openmrs.ConceptMap id="80" uuid="144620ABBBBBBBBBBBBBBBBBBBBBBBBBBBBB">
          <conceptMapType id="81" resolves-to="org.openmrs.ConceptMapType" uuid="35543629-7d8c-11e1-909d-c80aa9edcf4e">
            <name>SAME-AS</name>
            <creator/>
            <dateCreated id="83">2012-07-10 00:00:00</dateCreated>
            <changedBy/>
            <retired>false</retired>
            <retiredBy/>
            <conceptMapTypeId>1</conceptMapTypeId>
            <isHidden>false</isHidden>
          </conceptMapType>
          <creator/>
          <changedBy/>
          <dateCreated id="84">2012-06-14 16:17:34</dateCreated>
          <conceptMapId>144620</conceptMapId>
          <concept reference="41"/>
          <conceptReferenceTerm id="85" resolves-to="org.openmrs.ConceptReferenceTerm" uuid="8ffc08c5-017e-373e-85a2-fec0ec7be865">
            <creator/>
            <dateCreated id="87">2012-06-14 00:00:00</dateCreated>
            <changedBy/>
            <retired>false</retired>
            <retiredBy/>
            <conceptReferenceTermId>144620</conceptReferenceTermId>
            <conceptSource id="88" resolves-to="org.openmrs.ConceptSource" uuid="1ADDDDDDDDDDDDDDDDDDDDDDDDDDDDDDDDDD">
              <name>SNOMED CT</name>
              <description>SNOMED Preferred mapping</description>
              <creator/>
              <dateCreated id="90">2009-11-19 20:19:16</dateCreated>
              <retired>false</retired>
              <retiredBy/>
              <conceptSourceId>1</conceptSourceId>
            </conceptSource>
            <code>1648</code>
            <conceptReferenceTermMaps id="91"/>
          </conceptReferenceTerm>
        </org.openmrs.ConceptMap>
      </conceptMappings>
    </concept>
    <outcomesConcept id="92" resolves-to="org.openmrs.Concept" uuid="160038AAAAAAAAAAAAAAAAAAAAAAAAAAAAAA">
      <conceptId>160038</conceptId>
      <retired>false</retired>
      <retiredBy/>
      <datatype reference="43"/>
      <conceptClass id="94" resolves-to="org.openmrs.ConceptClass" uuid="1edca11a-768a-102f-83f4-12313b04a615">
        <name>Workflow</name>
        <description>Workflow class</description>
        <creator/>
        <dateCreated id="96">2011-01-17 15:27:43</dateCreated>
        <retired>false</retired>
        <retiredBy/>
        <conceptClassId>16</conceptClassId>
      </conceptClass>
      <set>true</set>
      <version></version>
      <creator/>
      <dateCreated id="97">2011-01-17 21:01:10</dateCreated>
      <changedBy/>
      <names class="set" id="98">
        <org.openmrs.ConceptName id="99" uuid="107697BBBBBBBBBBBBBBBBBBBBBBBBBBBBBB">
          <conceptNameId>107697</conceptNameId>
          <concept reference="92"/>
          <name>MULTI-DRUG RESISTANT TUBERCULOSIS TREATMENT OUTCOME</name>
          <locale id="100">en</locale>
          <creator/>
          <dateCreated id="101">2011-01-17 21:01:10</dateCreated>
          <voided>false</voided>
          <voidedBy/>
          <tags class="set" id="102"/>
          <conceptNameType>FULLY_SPECIFIED</conceptNameType>
          <localePreferred>false</localePreferred>
        </org.openmrs.ConceptName>
      </names>
      <answers class="set" id="103"/>
      <conceptSets class="set" id="104">
        <org.openmrs.ConceptSet id="105" uuid="624AEEEEEEEEEEEEEEEEEEEEEEEEEEEEEEEE">
          <conceptSetId>624</conceptSetId>
          <concept id="106" resolves-to="org.openmrs.Concept" uuid="160034AAAAAAAAAAAAAAAAAAAAAAAAAAAAAA">
            <conceptId>160034</conceptId>
            <retired>false</retired>
            <retiredBy/>
            <datatype reference="43"/>
            <conceptClass id="108" resolves-to="org.openmrs.ConceptClass" uuid="1edca23c-768a-102f-83f4-12313b04a615">
              <name>State</name>
              <description>Workflow state</description>
              <creator/>
              <dateCreated id="110">2011-01-17 15:44:10</dateCreated>
              <retired>false</retired>
              <retiredBy/>
              <conceptClassId>17</conceptClassId>
            </conceptClass>
            <set>false</set>
            <version></version>
            <creator/>
            <dateCreated id="111">2011-01-17 20:51:42</dateCreated>
            <changedBy/>
            <dateChanged id="112">2011-01-17 20:53:23</dateChanged>
            <names class="set" id="113">
              <org.openmrs.ConceptName id="114" uuid="107693BBBBBBBBBBBBBBBBBBBBBBBBBBBBBB">
                <conceptNameId>107693</conceptNameId>
                <concept reference="106"/>
                <name>Died</name>
                <locale id="115">en</locale>
                <creator/>
                <dateCreated id="116">2011-01-17 20:51:42</dateCreated>
                <voided>false</voided>
                <voidedBy/>
                <tags class="set" id="117"/>
                <conceptNameType>FULLY_SPECIFIED</conceptNameType>
                <localePreferred>false</localePreferred>
              </org.openmrs.ConceptName>
            </names>
            <answers class="set" id="118"/>
            <conceptSets class="set" id="119"/>
            <descriptions class="set" id="120"/>
            <conceptMappings class="set" id="121">
              <org.openmrs.ConceptMap id="122" uuid="137924ABBBBBBBBBBBBBBBBBBBBBBBBBBBBB">
                <conceptMapType reference="81"/>
                <creator/>
                <changedBy/>
                <dateCreated id="123">2011-01-17 20:51:42</dateCreated>
                <conceptMapId>137924</conceptMapId>
                <concept reference="106"/>
                <conceptReferenceTerm id="124" resolves-to="org.openmrs.ConceptReferenceTerm" uuid="e84336dd-72b7-32e9-aced-e27dc74212ad">
                  <creator/>
                  <dateCreated id="126">2011-01-17 00:00:00</dateCreated>
                  <changedBy/>
                  <retired>false</retired>
                  <retiredBy/>
                  <conceptReferenceTermId>137924</conceptReferenceTermId>
                  <conceptSource id="127" resolves-to="org.openmrs.ConceptSource" uuid="ddb6b595-0b85-4a80-9243-efe4ba404eef">
                    <name>org.openmrs.module.mdrtb</name>
                    <description>The required concepts for the MDR-TB module</description>
                    <creator/>
                    <dateCreated id="129">2010-12-15 14:00:37</dateCreated>
                    <retired>false</retired>
                    <retiredBy/>
                    <conceptSourceId>15</conceptSourceId>
                  </conceptSource>
                  <code>DIED</code>
                  <conceptReferenceTermMaps id="130"/>
                </conceptReferenceTerm>
              </org.openmrs.ConceptMap>
              <org.openmrs.ConceptMap id="131" uuid="137927ABBBBBBBBBBBBBBBBBBBBBBBBBBBBB">
                <conceptMapType reference="81"/>
                <creator/>
                <changedBy/>
                <dateCreated id="132">2011-01-17 20:53:23</dateCreated>
                <conceptMapId>137927</conceptMapId>
                <concept reference="106"/>
                <conceptReferenceTerm id="133" resolves-to="org.openmrs.ConceptReferenceTerm" uuid="7d45de87-1519-3fba-9941-05dab01b8da1">
                  <creator/>
                  <dateCreated id="135">2010-12-05 00:00:00</dateCreated>
                  <changedBy/>
                  <retired>false</retired>
                  <retiredBy/>
                  <conceptReferenceTermId>137046</conceptReferenceTermId>
                  <conceptSource reference="88"/>
                  <code>397709008</code>
                  <conceptReferenceTermMaps id="136"/>
                </conceptReferenceTerm>
              </org.openmrs.ConceptMap>
            </conceptMappings>
          </concept>
          <conceptSet reference="92"/>
          <sortWeight>2.0</sortWeight>
          <creator/>
          <dateCreated id="137">2011-01-17 21:01:10</dateCreated>
        </org.openmrs.ConceptSet>
        <org.openmrs.ConceptSet id="138" uuid="623AEEEEEEEEEEEEEEEEEEEEEEEEEEEEEEEE">
          <conceptSetId>623</conceptSetId>
          <concept id="139" resolves-to="org.openmrs.Concept" uuid="160031AAAAAAAAAAAAAAAAAAAAAAAAAAAAAA">
            <conceptId>160031</conceptId>
            <retired>false</retired>
            <retiredBy/>
            <datatype reference="43"/>
            <conceptClass reference="108"/>
            <set>false</set>
            <version></version>
            <creator/>
            <dateCreated id="141">2011-01-17 20:43:11</dateCreated>
            <changedBy/>
            <names class="set" id="142">
              <org.openmrs.ConceptName id="143" uuid="107689BBBBBBBBBBBBBBBBBBBBBBBBBBBBBB">
                <conceptNameId>107689</conceptNameId>
                <concept reference="139"/>
                <name>DEFAULTED</name>
                <locale id="144">en</locale>
                <creator/>
                <dateCreated id="145">2011-01-17 20:43:11</dateCreated>
                <voided>false</voided>
                <voidedBy/>
                <tags class="set" id="146"/>
                <conceptNameType>FULLY_SPECIFIED</conceptNameType>
                <localePreferred>false</localePreferred>
              </org.openmrs.ConceptName>
            </names>
            <answers class="set" id="147"/>
            <conceptSets class="set" id="148"/>
            <descriptions class="set" id="149"/>
            <conceptMappings class="set" id="150">
              <org.openmrs.ConceptMap id="151" uuid="137917ABBBBBBBBBBBBBBBBBBBBBBBBBBBBB">
                <conceptMapType reference="81"/>
                <creator/>
                <changedBy/>
                <dateCreated id="152">2011-01-17 20:43:11</dateCreated>
                <conceptMapId>137917</conceptMapId>
                <concept reference="139"/>
                <conceptReferenceTerm id="153" resolves-to="org.openmrs.ConceptReferenceTerm" uuid="ac53128b-3ca3-3fbc-973e-369699331cc7">
                  <creator/>
                  <dateCreated id="155">2011-01-17 00:00:00</dateCreated>
                  <changedBy/>
                  <retired>false</retired>
                  <retiredBy/>
                  <conceptReferenceTermId>137917</conceptReferenceTermId>
                  <conceptSource reference="88"/>
                  <code>275694009</code>
                  <conceptReferenceTermMaps id="156"/>
                </conceptReferenceTerm>
              </org.openmrs.ConceptMap>
              <org.openmrs.ConceptMap id="157" uuid="137918ABBBBBBBBBBBBBBBBBBBBBBBBBBBBB">
                <conceptMapType reference="81"/>
                <creator/>
                <changedBy/>
                <dateCreated id="158">2011-01-17 20:43:11</dateCreated>
                <conceptMapId>137918</conceptMapId>
                <concept reference="139"/>
                <conceptReferenceTerm id="159" resolves-to="org.openmrs.ConceptReferenceTerm" uuid="4205192b-5557-35cb-bea3-c62c65335ed8">
                  <creator/>
                  <dateCreated id="161">2011-01-17 00:00:00</dateCreated>
                  <changedBy/>
                  <retired>false</retired>
                  <retiredBy/>
                  <conceptReferenceTermId>137918</conceptReferenceTermId>
                  <conceptSource reference="127"/>
                  <code>DEFAULTED</code>
                  <conceptReferenceTermMaps id="162"/>
                </conceptReferenceTerm>
              </org.openmrs.ConceptMap>
            </conceptMappings>
          </concept>
          <conceptSet reference="92"/>
          <sortWeight>1.0</sortWeight>
          <creator/>
          <dateCreated id="163">2011-01-17 21:01:10</dateCreated>
        </org.openmrs.ConceptSet>
        <org.openmrs.ConceptSet id="164" uuid="582AEEEEEEEEEEEEEEEEEEEEEEEEEEEEEEEE">
          <conceptSetId>582</conceptSetId>
          <concept id="165" resolves-to="org.openmrs.Concept" uuid="159791AAAAAAAAAAAAAAAAAAAAAAAAAAAAAA">
            <conceptId>159791</conceptId>
            <retired>false</retired>
            <retiredBy/>
            <datatype reference="43"/>
            <conceptClass id="167" resolves-to="org.openmrs.ConceptClass" uuid="8d4918b0-c2cc-11de-8d13-0010c6dffd0f">
              <name>Diagnosis</name>
              <description>Conclusion drawn through findings</description>
              <creator/>
              <dateCreated id="169">2004-02-02 00:00:00</dateCreated>
              <retired>false</retired>
              <retiredBy/>
              <conceptClassId>4</conceptClassId>
            </conceptClass>
            <set>false</set>
            <version></version>
            <creator/>
            <dateCreated id="170">2010-11-12 18:15:51</dateCreated>
            <changedBy/>
            <dateChanged id="171">2011-05-22 17:48:53</dateChanged>
            <names class="set" id="172">
              <org.openmrs.ConceptName id="173" uuid="107263BBBBBBBBBBBBBBBBBBBBBBBBBBBBBB">
                <conceptNameId>107263</conceptNameId>
                <concept reference="165"/>
                <name>cure, outcome</name>
                <locale id="174">en</locale>
                <creator/>
                <dateCreated id="175">2010-11-12 18:15:51</dateCreated>
                <voided>false</voided>
                <voidedBy/>
                <tags class="set" id="176"/>
                <conceptNameType>FULLY_SPECIFIED</conceptNameType>
                <localePreferred>false</localePreferred>
              </org.openmrs.ConceptName>
              <org.openmrs.ConceptName id="177" uuid="107380BBBBBBBBBBBBBBBBBBBBBBBBBBBBBB">
                <conceptNameId>107380</conceptNameId>
                <concept reference="165"/>
                <name>cure</name>
                <locale id="178">en</locale>
                <creator/>
                <dateCreated id="179">2010-11-23 18:34:39</dateCreated>
                <voided>false</voided>
                <voidedBy/>
                <tags class="set" id="180"/>
                <conceptNameType>SHORT</conceptNameType>
                <localePreferred>false</localePreferred>
              </org.openmrs.ConceptName>
              <org.openmrs.ConceptName id="181" uuid="107381BBBBBBBBBBBBBBBBBBBBBBBBBBBBBB">
                <conceptNameId>107381</conceptNameId>
                <concept reference="165"/>
                <name>cured</name>
                <locale id="182">en</locale>
                <creator/>
                <dateCreated id="183">2010-11-23 18:34:39</dateCreated>
                <voided>false</voided>
                <voidedBy/>
                <tags class="set" id="184"/>
                <localePreferred>false</localePreferred>
              </org.openmrs.ConceptName>
            </names>
            <answers class="set" id="185"/>
            <conceptSets class="set" id="186"/>
            <descriptions class="set" id="187">
              <org.openmrs.ConceptDescription id="188" uuid="16387FFFFFFFFFFFFFFFFFFFFFFFFFFFFFFF">
                <conceptDescriptionId>16387</conceptDescriptionId>
                <concept reference="165"/>
                <description>treatment of the disease successfully terminated the problem. Can be generalized to all the diseases as a outcome of the treatment.</description>
                <locale id="189">en</locale>
                <creator/>
                <dateCreated id="190">2010-11-12 18:15:51</dateCreated>
                <changedBy/>
              </org.openmrs.ConceptDescription>
            </descriptions>
            <conceptMappings class="set" id="191">
              <org.openmrs.ConceptMap id="192" uuid="136700ABBBBBBBBBBBBBBBBBBBBBBBBBBBBB">
                <conceptMapType reference="69"/>
                <creator/>
                <changedBy/>
                <dateCreated id="193">2010-11-12 18:15:51</dateCreated>
                <conceptMapId>136700</conceptMapId>
                <concept reference="165"/>
                <conceptReferenceTerm id="194" resolves-to="org.openmrs.ConceptReferenceTerm" uuid="f79e5775-bd22-32a8-ab9b-1acc161f0a4b">
                  <creator/>
                  <dateCreated id="196">2010-11-12 00:00:00</dateCreated>
                  <changedBy/>
                  <retired>false</retired>
                  <retiredBy/>
                  <conceptReferenceTermId>136700</conceptReferenceTermId>
                  <conceptSource id="197" resolves-to="org.openmrs.ConceptSource" uuid="13ADDDDDDDDDDDDDDDDDDDDDDDDDDDDDDDDD">
                    <name>AMPATH</name>
                    <description>AMPATH concept dictionary</description>
                    <creator/>
                    <dateCreated id="199">2010-10-24 17:02:38</dateCreated>
                    <retired>false</retired>
                    <retiredBy/>
                    <conceptSourceId>13</conceptSourceId>
                  </conceptSource>
                  <code>6202</code>
                  <conceptReferenceTermMaps id="200"/>
                </conceptReferenceTerm>
              </org.openmrs.ConceptMap>
              <org.openmrs.ConceptMap id="201" uuid="143636ABBBBBBBBBBBBBBBBBBBBBBBBBBBBB">
                <conceptMapType reference="81"/>
                <creator/>
                <changedBy/>
                <dateCreated id="202">2011-05-22 17:48:53</dateCreated>
                <conceptMapId>143636</conceptMapId>
                <concept reference="165"/>
                <conceptReferenceTerm id="203" resolves-to="org.openmrs.ConceptReferenceTerm" uuid="5a08c64d-12a2-3149-aa0d-b4f42be4b8b0">
                  <creator/>
                  <dateCreated id="205">2011-05-22 00:00:00</dateCreated>
                  <changedBy/>
                  <retired>false</retired>
                  <retiredBy/>
                  <conceptReferenceTermId>143636</conceptReferenceTermId>
                  <conceptSource id="206" resolves-to="org.openmrs.ConceptSource" uuid="fb9aaaf1-65e2-4c18-b53c-16b575f2f385">
                    <name>PIH</name>
                    <description>Equivalent concept ID in Master Partners-in-Health Concept dictionary</description>
                    <creator/>
                    <dateCreated id="208">2010-08-03 01:50:49</dateCreated>
                    <retired>false</retired>
                    <retiredBy/>
                    <conceptSourceId>11</conceptSourceId>
                  </conceptSource>
                  <code>159</code>
                  <conceptReferenceTermMaps id="209"/>
                </conceptReferenceTerm>
              </org.openmrs.ConceptMap>
              <org.openmrs.ConceptMap id="210" uuid="136699ABBBBBBBBBBBBBBBBBBBBBBBBBBBBB">
                <conceptMapType reference="81"/>
                <creator/>
                <changedBy/>
                <dateCreated id="211">2010-11-12 18:15:51</dateCreated>
                <conceptMapId>136699</conceptMapId>
                <concept reference="165"/>
                <conceptReferenceTerm id="212" resolves-to="org.openmrs.ConceptReferenceTerm" uuid="46c3c888-5158-30c0-bb9e-b7b27bf25bf2">
                  <creator/>
                  <dateCreated id="214">2010-11-12 00:00:00</dateCreated>
                  <changedBy/>
                  <retired>false</retired>
                  <retiredBy/>
                  <conceptReferenceTermId>136699</conceptReferenceTermId>
                  <conceptSource reference="88"/>
                  <code>371001000</code>
                  <conceptReferenceTermMaps id="215"/>
                </conceptReferenceTerm>
              </org.openmrs.ConceptMap>
              <org.openmrs.ConceptMap id="216" uuid="137923ABBBBBBBBBBBBBBBBBBBBBBBBBBBBB">
                <conceptMapType reference="81"/>
                <creator/>
                <changedBy/>
                <dateCreated id="217">2011-01-17 20:50:45</dateCreated>
                <conceptMapId>137923</conceptMapId>
                <concept reference="165"/>
                <conceptReferenceTerm id="218" resolves-to="org.openmrs.ConceptReferenceTerm" uuid="8bab0046-1c7f-3195-9c0a-49e76ab38169">
                  <creator/>
                  <dateCreated id="220">2011-01-17 00:00:00</dateCreated>
                  <changedBy/>
                  <retired>false</retired>
                  <retiredBy/>
                  <conceptReferenceTermId>137923</conceptReferenceTermId>
                  <conceptSource reference="127"/>
                  <code>CURED</code>
                  <conceptReferenceTermMaps id="221"/>
                </conceptReferenceTerm>
              </org.openmrs.ConceptMap>
            </conceptMappings>
          </concept>
          <conceptSet reference="92"/>
          <sortWeight>0.0</sortWeight>
          <creator/>
          <dateCreated id="222">2011-01-17 21:01:10</dateCreated>
        </org.openmrs.ConceptSet>
        <org.openmrs.ConceptSet id="223" uuid="626AEEEEEEEEEEEEEEEEEEEEEEEEEEEEEEEE">
          <conceptSetId>626</conceptSetId>
          <concept id="224" resolves-to="org.openmrs.Concept" uuid="160036AAAAAAAAAAAAAAAAAAAAAAAAAAAAAA">
            <conceptId>160036</conceptId>
            <retired>false</retired>
            <retiredBy/>
            <datatype reference="43"/>
            <conceptClass reference="108"/>
            <set>false</set>
            <version></version>
            <creator/>
            <dateCreated id="226">2011-01-17 20:55:51</dateCreated>
            <changedBy/>
            <names class="set" id="227">
              <org.openmrs.ConceptName id="228" uuid="107695BBBBBBBBBBBBBBBBBBBBBBBBBBBBBB">
                <conceptNameId>107695</conceptNameId>
                <concept reference="224"/>
                <name>PATIENT TRANSFERRED OUT</name>
                <locale id="229">en</locale>
                <creator/>
                <dateCreated id="230">2011-01-17 20:55:51</dateCreated>
                <voided>false</voided>
                <voidedBy/>
                <tags class="set" id="231"/>
                <conceptNameType>FULLY_SPECIFIED</conceptNameType>
                <localePreferred>false</localePreferred>
              </org.openmrs.ConceptName>
            </names>
            <answers class="set" id="232"/>
            <conceptSets class="set" id="233"/>
            <descriptions class="set" id="234"/>
            <conceptMappings class="set" id="235">
              <org.openmrs.ConceptMap id="236" uuid="137928ABBBBBBBBBBBBBBBBBBBBBBBBBBBBB">
                <conceptMapType reference="81"/>
                <creator/>
                <changedBy/>
                <dateCreated id="237">2011-01-17 20:55:51</dateCreated>
                <conceptMapId>137928</conceptMapId>
                <concept reference="224"/>
                <conceptReferenceTerm id="238" resolves-to="org.openmrs.ConceptReferenceTerm" uuid="3d82145d-44a5-315f-98e1-8a65af8c2a66">
                  <creator/>
                  <dateCreated id="240">2011-01-17 00:00:00</dateCreated>
                  <changedBy/>
                  <retired>false</retired>
                  <retiredBy/>
                  <conceptReferenceTermId>137928</conceptReferenceTermId>
                  <conceptSource reference="127"/>
                  <code>PATIENT TRANSFERRED OUT</code>
                  <conceptReferenceTermMaps id="241"/>
                </conceptReferenceTerm>
              </org.openmrs.ConceptMap>
              <org.openmrs.ConceptMap id="242" uuid="137929ABBBBBBBBBBBBBBBBBBBBBBBBBBBBB">
                <conceptMapType reference="69"/>
                <creator/>
                <changedBy/>
                <dateCreated id="243">2011-01-17 20:55:51</dateCreated>
                <conceptMapId>137929</conceptMapId>
                <concept reference="224"/>
                <conceptReferenceTerm id="244" resolves-to="org.openmrs.ConceptReferenceTerm" uuid="1ca55422-f98d-3bea-a89a-2ba1edb9d206">
                  <creator/>
                  <dateCreated id="246">2011-01-17 00:00:00</dateCreated>
                  <changedBy/>
                  <retired>false</retired>
                  <retiredBy/>
                  <conceptReferenceTermId>137929</conceptReferenceTermId>
                  <conceptSource reference="76"/>
                  <code>309037001</code>
                  <conceptReferenceTermMaps id="247"/>
                </conceptReferenceTerm>
              </org.openmrs.ConceptMap>
            </conceptMappings>
          </concept>
          <conceptSet reference="92"/>
          <sortWeight>4.0</sortWeight>
          <creator/>
          <dateCreated id="248">2011-01-17 21:01:10</dateCreated>
        </org.openmrs.ConceptSet>
        <org.openmrs.ConceptSet id="249" uuid="99AEEEEEEEEEEEEEEEEEEEEEEEEEEEEEEEEE">
          <conceptSetId>99</conceptSetId>
          <concept id="250" resolves-to="org.openmrs.Concept" uuid="843AAAAAAAAAAAAAAAAAAAAAAAAAAAAAAAAA">
            <conceptId>843</conceptId>
            <retired>false</retired>
            <retiredBy/>
            <datatype reference="43"/>
            <conceptClass id="252" resolves-to="org.openmrs.ConceptClass" uuid="8d491a9a-c2cc-11de-8d13-0010c6dffd0f">
              <name>Finding</name>
              <description>Practitioner observation/finding</description>
              <creator/>
              <dateCreated id="254">2004-03-02 00:00:00</dateCreated>
              <retired>false</retired>
              <retiredBy/>
              <conceptClassId>5</conceptClassId>
            </conceptClass>
            <set>false</set>
            <version></version>
            <creator/>
            <dateCreated id="255">2004-05-04 00:00:00</dateCreated>
            <changedBy/>
            <dateChanged id="256">2011-06-21 13:51:09</dateChanged>
            <names class="set" id="257">
              <org.openmrs.ConceptName id="258" uuid="883BBBBBBBBBBBBBBBBBBBBBBBBBBBBBBBBB">
                <conceptNameId>883</conceptNameId>
                <concept reference="250"/>
                <name>REGIMEN FAILURE</name>
                <locale id="259">en</locale>
                <creator/>
                <dateCreated id="260">2004-05-04 00:00:00</dateCreated>
                <voided>false</voided>
                <voidedBy/>
                <tags class="set" id="261"/>
                <conceptNameType>FULLY_SPECIFIED</conceptNameType>
                <localePreferred>false</localePreferred>
              </org.openmrs.ConceptName>
              <org.openmrs.ConceptName id="262" uuid="106133BBBBBBBBBBBBBBBBBBBBBBBBBBBBBB">
                <conceptNameId>106133</conceptNameId>
                <concept reference="250"/>
                <name>ÉCHEC DU TRAITEMENT</name>
                <locale id="263">fr</locale>
                <creator/>
                <dateCreated id="264">2010-05-03 17:11:19</dateCreated>
                <voided>false</voided>
                <voidedBy/>
                <tags class="set" id="265"/>
                <conceptNameType>FULLY_SPECIFIED</conceptNameType>
                <localePreferred>false</localePreferred>
              </org.openmrs.ConceptName>
            </names>
            <answers class="set" id="266"/>
            <conceptSets class="set" id="267"/>
            <descriptions class="set" id="268">
              <org.openmrs.ConceptDescription id="269" uuid="843FFFFFFFFFFFFFFFFFFFFFFFFFFFFFFFFF">
                <conceptDescriptionId>843</conceptDescriptionId>
                <concept reference="250"/>
                <description>Failure of a therapy or treatment to achieve its end points.</description>
                <locale id="270">en</locale>
                <creator/>
                <dateCreated id="271">2004-05-04 00:00:00</dateCreated>
                <changedBy/>
              </org.openmrs.ConceptDescription>
            </descriptions>
            <conceptMappings class="set" id="272">
              <org.openmrs.ConceptMap id="273" uuid="144075ABBBBBBBBBBBBBBBBBBBBBBBBBBBBB">
                <conceptMapType reference="81"/>
                <creator/>
                <changedBy/>
                <dateCreated id="274">2011-06-21 13:51:09</dateCreated>
                <conceptMapId>144075</conceptMapId>
                <concept reference="250"/>
                <conceptReferenceTerm id="275" resolves-to="org.openmrs.ConceptReferenceTerm" uuid="d889f147-bf55-323b-9cc2-33c1a443ec3a">
                  <creator/>
                  <dateCreated id="277">2011-06-21 00:00:00</dateCreated>
                  <changedBy/>
                  <retired>false</retired>
                  <retiredBy/>
                  <conceptReferenceTermId>144075</conceptReferenceTermId>
                  <conceptSource reference="127"/>
                  <code>FAILED</code>
                  <conceptReferenceTermMaps id="278"/>
                </conceptReferenceTerm>
              </org.openmrs.ConceptMap>
              <org.openmrs.ConceptMap id="279" uuid="134523ABBBBBBBBBBBBBBBBBBBBBBBBBBBBB">
                <conceptMapType reference="81"/>
                <creator/>
                <changedBy/>
                <dateCreated id="280">2010-10-24 13:09:59</dateCreated>
                <conceptMapId>134523</conceptMapId>
                <concept reference="250"/>
                <conceptReferenceTerm id="281" resolves-to="org.openmrs.ConceptReferenceTerm" uuid="e444ab91-872f-382c-a90b-4a5f51d5c92b">
                  <creator/>
                  <dateCreated id="283">2010-10-24 00:00:00</dateCreated>
                  <changedBy/>
                  <retired>false</retired>
                  <retiredBy/>
                  <conceptReferenceTermId>134523</conceptReferenceTermId>
                  <conceptSource reference="197"/>
                  <code>843</code>
                  <conceptReferenceTermMaps id="284"/>
                </conceptReferenceTerm>
              </org.openmrs.ConceptMap>
              <org.openmrs.ConceptMap id="285" uuid="132413ABBBBBBBBBBBBBBBBBBBBBBBBBBBBB">
                <conceptMapType reference="81"/>
                <creator/>
                <changedBy/>
                <dateCreated id="286">2010-05-30 20:58:27</dateCreated>
                <conceptMapId>132413</conceptMapId>
                <concept reference="250"/>
                <conceptReferenceTerm id="287" resolves-to="org.openmrs.ConceptReferenceTerm" uuid="5ef2d6b3-7216-3c57-9039-97906791caa3">
                  <creator/>
                  <dateCreated id="289">2010-05-30 00:00:00</dateCreated>
                  <changedBy/>
                  <retired>false</retired>
                  <retiredBy/>
                  <conceptReferenceTermId>132413</conceptReferenceTermId>
                  <conceptSource reference="88"/>
                  <code>266721009</code>
                  <conceptReferenceTermMaps id="290"/>
                </conceptReferenceTerm>
              </org.openmrs.ConceptMap>
              <org.openmrs.ConceptMap id="291" uuid="136254ABBBBBBBBBBBBBBBBBBBBBBBBBBBBB">
                <conceptMapType reference="81"/>
                <creator/>
                <changedBy/>
                <dateCreated id="292">2010-10-25 15:49:30</dateCreated>
                <conceptMapId>136254</conceptMapId>
                <concept reference="250"/>
                <conceptReferenceTerm id="293" resolves-to="org.openmrs.ConceptReferenceTerm" uuid="bbd546c9-3205-3eb4-b163-355c2aa28433">
                  <creator/>
                  <dateCreated id="295">2010-10-25 00:00:00</dateCreated>
                  <changedBy/>
                  <retired>false</retired>
                  <retiredBy/>
                  <conceptReferenceTermId>136254</conceptReferenceTermId>
                  <conceptSource reference="206"/>
                  <code>843</code>
                  <conceptReferenceTermMaps id="296"/>
                </conceptReferenceTerm>
              </org.openmrs.ConceptMap>
            </conceptMappings>
          </concept>
          <conceptSet reference="92"/>
          <sortWeight>6.0</sortWeight>
          <creator/>
          <dateCreated id="297">2011-01-17 21:01:10</dateCreated>
        </org.openmrs.ConceptSet>
        <org.openmrs.ConceptSet id="298" uuid="625AEEEEEEEEEEEEEEEEEEEEEEEEEEEEEEEE">
          <conceptSetId>625</conceptSetId>
          <concept id="299" resolves-to="org.openmrs.Concept" uuid="160035AAAAAAAAAAAAAAAAAAAAAAAAAAAAAA">
            <conceptId>160035</conceptId>
            <retired>false</retired>
            <retiredBy/>
            <datatype reference="43"/>
            <conceptClass reference="108"/>
            <set>false</set>
            <version></version>
            <creator/>
            <dateCreated id="301">2011-01-17 20:52:18</dateCreated>
            <changedBy/>
            <dateChanged id="302">2011-01-17 20:52:47</dateChanged>
            <names class="set" id="303">
              <org.openmrs.ConceptName id="304" uuid="107694BBBBBBBBBBBBBBBBBBBBBBBBBBBBBB">
                <conceptNameId>107694</conceptNameId>
                <concept reference="299"/>
                <name>Treatment Complete</name>
                <locale id="305">en</locale>
                <creator/>
                <dateCreated id="306">2011-01-17 20:52:18</dateCreated>
                <voided>false</voided>
                <voidedBy/>
                <tags class="set" id="307"/>
                <conceptNameType>FULLY_SPECIFIED</conceptNameType>
                <localePreferred>false</localePreferred>
              </org.openmrs.ConceptName>
            </names>
            <answers class="set" id="308"/>
            <conceptSets class="set" id="309"/>
            <descriptions class="set" id="310"/>
            <conceptMappings class="set" id="311">
              <org.openmrs.ConceptMap id="312" uuid="137925ABBBBBBBBBBBBBBBBBBBBBBBBBBBBB">
                <conceptMapType reference="81"/>
                <creator/>
                <changedBy/>
                <dateCreated id="313">2011-01-17 20:52:18</dateCreated>
                <conceptMapId>137925</conceptMapId>
                <concept reference="299"/>
                <conceptReferenceTerm id="314" resolves-to="org.openmrs.ConceptReferenceTerm" uuid="dea34ad2-c7e7-33ad-b5cf-99f491bebc5e">
                  <creator/>
                  <dateCreated id="316">2011-01-17 00:00:00</dateCreated>
                  <changedBy/>
                  <retired>false</retired>
                  <retiredBy/>
                  <conceptReferenceTermId>137925</conceptReferenceTermId>
                  <conceptSource reference="127"/>
                  <code>TREATMENT COMPLETE</code>
                  <conceptReferenceTermMaps id="317"/>
                </conceptReferenceTerm>
              </org.openmrs.ConceptMap>
              <org.openmrs.ConceptMap id="318" uuid="137926ABBBBBBBBBBBBBBBBBBBBBBBBBBBBB">
                <conceptMapType reference="81"/>
                <creator/>
                <changedBy/>
                <dateCreated id="319">2011-01-17 20:52:47</dateCreated>
                <conceptMapId>137926</conceptMapId>
                <concept reference="299"/>
                <conceptReferenceTerm id="320" resolves-to="org.openmrs.ConceptReferenceTerm" uuid="64f7c3bc-0b98-33a7-bad0-a0ca69d4f858">
                  <creator/>
                  <dateCreated id="322">2010-12-30 00:00:00</dateCreated>
                  <changedBy/>
                  <retired>false</retired>
                  <retiredBy/>
                  <conceptReferenceTermId>137519</conceptReferenceTermId>
                  <conceptSource reference="88"/>
                  <code>182992009</code>
                  <conceptReferenceTermMaps id="323"/>
                </conceptReferenceTerm>
              </org.openmrs.ConceptMap>
            </conceptMappings>
          </concept>
          <conceptSet reference="92"/>
          <sortWeight>3.0</sortWeight>
          <creator/>
          <dateCreated id="324">2011-01-17 21:01:10</dateCreated>
        </org.openmrs.ConceptSet>
        <org.openmrs.ConceptSet id="325" uuid="627AEEEEEEEEEEEEEEEEEEEEEEEEEEEEEEEE">
          <conceptSetId>627</conceptSetId>
          <concept id="326" resolves-to="org.openmrs.Concept" uuid="160037AAAAAAAAAAAAAAAAAAAAAAAAAAAAAA">
            <conceptId>160037</conceptId>
            <retired>false</retired>
            <retiredBy/>
            <datatype reference="43"/>
            <conceptClass reference="108"/>
            <set>false</set>
            <version></version>
            <creator/>
            <dateCreated id="328">2011-01-17 20:59:10</dateCreated>
            <changedBy/>
            <dateChanged id="329">2011-01-17 20:59:35</dateChanged>
            <names class="set" id="330">
              <org.openmrs.ConceptName id="331" uuid="107696BBBBBBBBBBBBBBBBBBBBBBBBBBBBBB">
                <conceptNameId>107696</conceptNameId>
                <concept reference="326"/>
                <name>STILL ON TREATMENT</name>
                <locale id="332">en</locale>
                <creator/>
                <dateCreated id="333">2011-01-17 20:59:10</dateCreated>
                <voided>false</voided>
                <voidedBy/>
                <tags class="set" id="334"/>
                <conceptNameType>FULLY_SPECIFIED</conceptNameType>
                <localePreferred>false</localePreferred>
              </org.openmrs.ConceptName>
            </names>
            <answers class="set" id="335"/>
            <conceptSets class="set" id="336"/>
            <descriptions class="set" id="337"/>
            <conceptMappings class="set" id="338">
              <org.openmrs.ConceptMap id="339" uuid="137930ABBBBBBBBBBBBBBBBBBBBBBBBBBBBB">
                <conceptMapType reference="81"/>
                <creator/>
                <changedBy/>
                <dateCreated id="340">2011-01-17 20:59:10</dateCreated>
                <conceptMapId>137930</conceptMapId>
                <concept reference="326"/>
                <conceptReferenceTerm id="341" resolves-to="org.openmrs.ConceptReferenceTerm" uuid="5a354c6e-e47f-3717-b166-055e7f562122">
                  <creator/>
                  <dateCreated id="343">2011-01-17 00:00:00</dateCreated>
                  <changedBy/>
                  <retired>false</retired>
                  <retiredBy/>
                  <conceptReferenceTermId>137930</conceptReferenceTermId>
                  <conceptSource reference="127"/>
                  <code>STILL ON TREATMENT</code>
                  <conceptReferenceTermMaps id="344"/>
                </conceptReferenceTerm>
              </org.openmrs.ConceptMap>
              <org.openmrs.ConceptMap id="345" uuid="137931ABBBBBBBBBBBBBBBBBBBBBBBBBBBBB">
                <conceptMapType reference="69"/>
                <creator/>
                <changedBy/>
                <dateCreated id="346">2011-01-17 20:59:10</dateCreated>
                <conceptMapId>137931</conceptMapId>
                <concept reference="326"/>
                <conceptReferenceTerm id="347" resolves-to="org.openmrs.ConceptReferenceTerm" uuid="150aa442-956e-3865-acf6-23f87a675332">
                  <creator/>
                  <dateCreated id="349">2011-01-17 00:00:00</dateCreated>
                  <changedBy/>
                  <retired>false</retired>
                  <retiredBy/>
                  <conceptReferenceTermId>137931</conceptReferenceTermId>
                  <conceptSource reference="76"/>
                  <code>410684002</code>
                  <conceptReferenceTermMaps id="350"/>
                </conceptReferenceTerm>
              </org.openmrs.ConceptMap>
            </conceptMappings>
          </concept>
          <conceptSet reference="92"/>
          <sortWeight>5.0</sortWeight>
          <creator/>
          <dateCreated id="351">2011-01-17 21:01:10</dateCreated>
        </org.openmrs.ConceptSet>
      </conceptSets>
      <descriptions class="set" id="352"/>
      <conceptMappings class="set" id="353">
        <org.openmrs.ConceptMap id="354" uuid="137932ABBBBBBBBBBBBBBBBBBBBBBBBBBBBB">
          <conceptMapType reference="81"/>
          <creator/>
          <changedBy/>
          <dateCreated id="355">2011-01-17 21:01:10</dateCreated>
          <conceptMapId>137932</conceptMapId>
          <concept reference="92"/>
          <conceptReferenceTerm id="356" resolves-to="org.openmrs.ConceptReferenceTerm" uuid="75e4b421-8168-3ff6-a3fb-241eb928563a">
            <creator/>
            <dateCreated id="358">2011-01-17 00:00:00</dateCreated>
            <changedBy/>
            <retired>false</retired>
            <retiredBy/>
            <conceptReferenceTermId>137932</conceptReferenceTermId>
            <conceptSource reference="127"/>
            <code>MULTI-DRUG RESISTANT TUBERCULOSIS TREATMENT OUTCOME</code>
            <conceptReferenceTermMaps id="359"/>
          </conceptReferenceTerm>
        </org.openmrs.ConceptMap>
      </conceptMappings>
    </outcomesConcept>
    <allWorkflows id="360"/>
  </org.openmrs.Program>
  <org.openmrs.Program id="361" uuid="dfdc6d40-2f2f-463d-ba90-cc97350441a8">
    <name>HIV Program</name>
    <description>Program for following or treating HIV-positive patients</description>
    <creator/>
    <dateCreated id="362">2012-06-23 04:13:06</dateCreated>
    <changedBy/>
    <dateChanged id="363">2012-08-08 02:05:40</dateChanged>
    <retired>false</retired>
    <programId>1</programId>
    <concept id="364" resolves-to="org.openmrs.Concept" uuid="160631AAAAAAAAAAAAAAAAAAAAAAAAAAAAAA">
      <conceptId>160631</conceptId>
      <retired>false</retired>
      <retiredBy/>
      <datatype reference="43"/>
      <conceptClass id="366" resolves-to="org.openmrs.ConceptClass" uuid="1edca368-768a-102f-83f4-12313b04a615">
        <name>Program</name>
        <description>Program concept</description>
        <creator/>
        <dateCreated id="368">2011-01-18 01:53:56</dateCreated>
        <retired>false</retired>
        <retiredBy/>
        <conceptClassId>18</conceptClassId>
      </conceptClass>
      <set>false</set>
      <version></version>
      <creator/>
      <dateCreated id="369">2012-06-23 14:33:42</dateCreated>
      <changedBy/>
      <names class="set" id="370">
        <org.openmrs.ConceptName id="371" uuid="109079BBBBBBBBBBBBBBBBBBBBBBBBBBBBBB">
          <conceptNameId>109079</conceptNameId>
          <concept reference="364"/>
          <name>HIV Program</name>
          <locale id="372">en</locale>
          <creator/>
          <dateCreated id="373">2012-06-23 14:33:42</dateCreated>
          <voided>false</voided>
          <voidedBy/>
          <tags class="set" id="374"/>
          <conceptNameType>FULLY_SPECIFIED</conceptNameType>
          <localePreferred>false</localePreferred>
        </org.openmrs.ConceptName>
      </names>
      <answers class="set" id="375"/>
      <conceptSets class="set" id="376"/>
      <descriptions class="set" id="377"/>
      <conceptMappings class="set" id="378">
        <org.openmrs.ConceptMap id="379" uuid="144745ABBBBBBBBBBBBBBBBBBBBBBBBBBBBB">
          <conceptMapType reference="81"/>
          <creator/>
          <changedBy/>
          <dateCreated id="380">2012-06-23 14:33:42</dateCreated>
          <conceptMapId>144745</conceptMapId>
          <concept reference="364"/>
          <conceptReferenceTerm id="381" resolves-to="org.openmrs.ConceptReferenceTerm" uuid="88d9d46d-29c3-3708-b504-8a0b8ef76670">
            <creator/>
            <dateCreated id="383">2012-06-23 00:00:00</dateCreated>
            <changedBy/>
            <retired>false</retired>
            <retiredBy/>
            <conceptReferenceTermId>144745</conceptReferenceTermId>
            <conceptSource reference="206"/>
            <code>1482</code>
            <conceptReferenceTermMaps id="384"/>
          </conceptReferenceTerm>
        </org.openmrs.ConceptMap>
        <org.openmrs.ConceptMap id="385" uuid="144744ABBBBBBBBBBBBBBBBBBBBBBBBBBBBB">
          <conceptMapType reference="69"/>
          <creator/>
          <changedBy/>
          <dateCreated id="386">2012-06-23 14:33:42</dateCreated>
          <conceptMapId>144744</conceptMapId>
          <concept reference="364"/>
          <conceptReferenceTerm reference="73"/>
        </org.openmrs.ConceptMap>
      </conceptMappings>
    </concept>
    <outcomesConcept id="387" resolves-to="org.openmrs.Concept" uuid="1695AAAAAAAAAAAAAAAAAAAAAAAAAAAAAAAA">
      <conceptId>1695</conceptId>
      <retired>false</retired>
      <retiredBy/>
      <datatype id="389" resolves-to="org.openmrs.ConceptDatatype" uuid="8d4a48b6-c2cc-11de-8d13-0010c6dffd0f">
        <name>Coded</name>
        <description>Value determined by term dictionary lookup (i.e., term identifier)</description>
        <creator/>
        <dateCreated id="391">2004-02-02 00:00:00</dateCreated>
        <retired>false</retired>
        <retiredBy/>
        <conceptDatatypeId>2</conceptDatatypeId>
        <hl7Abbreviation>CWE</hl7Abbreviation>
      </datatype>
      <conceptClass reference="252"/>
      <set>false</set>
      <version></version>
      <creator/>
      <dateCreated id="392">2009-05-13 12:34:56</dateCreated>
      <changedBy/>
      <dateChanged id="393">2010-12-30 19:41:02</dateChanged>
      <names class="set" id="394">
        <org.openmrs.ConceptName id="395" uuid="86978BBBBBBBBBBBBBBBBBBBBBBBBBBBBBBB">
          <conceptNameId>86978</conceptNameId>
          <concept reference="387"/>
          <name>discharge status</name>
          <locale id="396">en</locale>
          <creator/>
          <dateCreated id="397">2009-05-13 12:34:56</dateCreated>
          <voided>false</voided>
          <voidedBy/>
          <tags class="set" id="398"/>
          <conceptNameType>SHORT</conceptNameType>
          <localePreferred>false</localePreferred>
        </org.openmrs.ConceptName>
        <org.openmrs.ConceptName id="399" uuid="1975BBBBBBBBBBBBBBBBBBBBBBBBBBBBBBBB">
          <conceptNameId>1975</conceptNameId>
          <concept reference="387"/>
          <name>DISCHARGE STATUS</name>
          <locale id="400">en</locale>
          <creator/>
          <dateCreated id="401">2009-05-13 12:34:56</dateCreated>
          <voided>false</voided>
          <voidedBy/>
          <tags class="set" id="402"/>
          <conceptNameType>FULLY_SPECIFIED</conceptNameType>
          <localePreferred>false</localePreferred>
        </org.openmrs.ConceptName>
        <org.openmrs.ConceptName id="403" uuid="105885BBBBBBBBBBBBBBBBBBBBBBBBBBBBBB">
          <conceptNameId>105885</conceptNameId>
          <concept reference="387"/>
          <name>CONDITION DU PATIENT À SA DÉCHARGE</name>
          <locale id="404">fr</locale>
          <creator/>
          <dateCreated id="405">2010-05-03 17:07:47</dateCreated>
          <voided>false</voided>
          <voidedBy/>
          <tags class="set" id="406"/>
          <conceptNameType>FULLY_SPECIFIED</conceptNameType>
          <localePreferred>false</localePreferred>
        </org.openmrs.ConceptName>
      </names>
      <answers class="set" id="407">
        <org.openmrs.ConceptAnswer id="408" uuid="1485CCCCCCCCCCCCCCCCCCCCCCCCCCCCCCCC">
          <conceptAnswerId>1485</conceptAnswerId>
          <concept reference="387"/>
          <answerConcept id="409" resolves-to="org.openmrs.Concept" uuid="5622AAAAAAAAAAAAAAAAAAAAAAAAAAAAAAAA">
            <conceptId>5622</conceptId>
            <retired>false</retired>
            <retiredBy/>
            <datatype reference="43"/>
            <conceptClass reference="46"/>
            <set>false</set>
            <version></version>
            <creator/>
            <dateCreated id="411">2004-08-12 00:00:00</dateCreated>
            <changedBy/>
            <dateChanged id="412">2012-06-03 19:58:40</dateChanged>
            <names class="set" id="413">
              <org.openmrs.ConceptName id="414" uuid="2761BBBBBBBBBBBBBBBBBBBBBBBBBBBBBBBB">
                <conceptNameId>2761</conceptNameId>
                <concept reference="409"/>
                <name>OTHER NON-CODED</name>
                <locale id="415">en</locale>
                <creator/>
                <dateCreated id="416">2004-08-12 00:00:00</dateCreated>
                <voided>false</voided>
                <voidedBy/>
                <tags class="set" id="417"/>
                <conceptNameType>FULLY_SPECIFIED</conceptNameType>
                <localePreferred>false</localePreferred>
              </org.openmrs.ConceptName>
              <org.openmrs.ConceptName id="418" uuid="105802BBBBBBBBBBBBBBBBBBBBBBBBBBBBBB">
                <conceptNameId>105802</conceptNameId>
                <concept reference="409"/>
                <name>Autre et non codé</name>
                <locale id="419">fr</locale>
                <creator/>
                <dateCreated id="420">2010-05-03 16:52:33</dateCreated>
                <voided>false</voided>
                <voidedBy/>
                <tags class="set" id="421"/>
                <conceptNameType>FULLY_SPECIFIED</conceptNameType>
                <localePreferred>false</localePreferred>
              </org.openmrs.ConceptName>
            </names>
            <answers class="set" id="422"/>
            <conceptSets class="set" id="423"/>
            <descriptions class="set" id="424">
              <org.openmrs.ConceptDescription id="425" uuid="2253FFFFFFFFFFFFFFFFFFFFFFFFFFFFFFFF">
                <conceptDescriptionId>2253</conceptDescriptionId>
                <concept reference="409"/>
                <description>A generic, descriptive answer which is a handwritten, non-coded response to a question.</description>
                <locale id="426">en</locale>
                <creator/>
                <dateCreated id="427">2004-08-12 00:00:00</dateCreated>
                <changedBy/>
                <dateChanged id="428">2012-06-03 19:58:40</dateChanged>
              </org.openmrs.ConceptDescription>
            </descriptions>
            <conceptMappings class="set" id="429">
              <org.openmrs.ConceptMap id="430" uuid="135771ABBBBBBBBBBBBBBBBBBBBBBBBBBBBB">
                <conceptMapType reference="81"/>
                <creator/>
                <changedBy/>
                <dateCreated id="431">2010-10-24 13:09:59</dateCreated>
                <conceptMapId>135771</conceptMapId>
                <concept reference="409"/>
                <conceptReferenceTerm id="432" resolves-to="org.openmrs.ConceptReferenceTerm" uuid="de4dbf4f-b5ee-3d32-9ce6-ca2e15c2e1b3">
                  <creator/>
                  <dateCreated id="434">2010-10-24 00:00:00</dateCreated>
                  <changedBy/>
                  <retired>false</retired>
                  <retiredBy/>
                  <conceptReferenceTermId>135771</conceptReferenceTermId>
                  <conceptSource reference="197"/>
                  <code>5622</code>
                  <conceptReferenceTermMaps id="435"/>
                </conceptReferenceTerm>
              </org.openmrs.ConceptMap>
              <org.openmrs.ConceptMap id="436" uuid="144395ABBBBBBBBBBBBBBBBBBBBBBBBBBBBB">
                <conceptMapType reference="81"/>
                <creator/>
                <changedBy/>
                <dateCreated id="437">2012-06-03 19:58:40</dateCreated>
                <conceptMapId>144395</conceptMapId>
                <concept reference="409"/>
                <conceptReferenceTerm id="438" resolves-to="org.openmrs.ConceptReferenceTerm" uuid="49fd39a2-2b4a-38c2-8f0e-0cb9a7e0fe22">
                  <creator/>
                  <dateCreated id="440">2012-06-03 00:00:00</dateCreated>
                  <changedBy/>
                  <retired>false</retired>
                  <retiredBy/>
                  <conceptReferenceTermId>144395</conceptReferenceTermId>
                  <conceptSource id="441" resolves-to="org.openmrs.ConceptSource" uuid="12ADDDDDDDDDDDDDDDDDDDDDDDDDDDDDDDDD">
                    <name>PIH Malawi</name>
                    <description>Partners in Health Malawi concept dictionary</description>
                    <creator/>
                    <dateCreated id="443">2010-10-24 17:02:20</dateCreated>
                    <retired>false</retired>
                    <retiredBy/>
                    <conceptSourceId>12</conceptSourceId>
                  </conceptSource>
                  <code>6408</code>
                  <conceptReferenceTermMaps id="444"/>
                </conceptReferenceTerm>
              </org.openmrs.ConceptMap>
              <org.openmrs.ConceptMap id="445" uuid="143666ABBBBBBBBBBBBBBBBBBBBBBBBBBBBB">
                <conceptMapType reference="81"/>
                <creator/>
                <changedBy/>
                <dateCreated id="446">2011-05-27 14:13:52</dateCreated>
                <conceptMapId>143666</conceptMapId>
                <concept reference="409"/>
                <conceptReferenceTerm id="447" resolves-to="org.openmrs.ConceptReferenceTerm" uuid="142f78e3-31a5-3969-a405-286a699f711f">
                  <creator/>
                  <dateCreated id="449">2011-05-27 00:00:00</dateCreated>
                  <changedBy/>
                  <retired>false</retired>
                  <retiredBy/>
                  <conceptReferenceTermId>143663</conceptReferenceTermId>
                  <conceptSource reference="206"/>
                  <code>5622</code>
                  <conceptReferenceTermMaps id="450"/>
                </conceptReferenceTerm>
              </org.openmrs.ConceptMap>
              <org.openmrs.ConceptMap id="451" uuid="141670ABBBBBBBBBBBBBBBBBBBBBBBBBBBBB">
                <conceptMapType reference="81"/>
                <creator/>
                <changedBy/>
                <dateCreated id="452">2011-02-10 16:54:39</dateCreated>
                <conceptMapId>141670</conceptMapId>
                <concept reference="409"/>
                <conceptReferenceTerm id="453" resolves-to="org.openmrs.ConceptReferenceTerm" uuid="cd9bed8e-d47a-38bd-a677-695644801d87">
                  <creator/>
                  <dateCreated id="455">2011-02-10 00:00:00</dateCreated>
                  <changedBy/>
                  <retired>false</retired>
                  <retiredBy/>
                  <conceptReferenceTermId>141670</conceptReferenceTermId>
                  <conceptSource id="456" resolves-to="org.openmrs.ConceptSource" uuid="14ADDDDDDDDDDDDDDDDDDDDDDDDDDDDDDDDD">
                    <name>SNOMED MVP</name>
                    <description>MVP Namespace Identifier extensions to SNOMED CT</description>
                    <creator/>
                    <dateCreated id="458">2010-12-03 18:18:39</dateCreated>
                    <retired>false</retired>
                    <retiredBy/>
                    <conceptSourceId>14</conceptSourceId>
                  </conceptSource>
                  <code>56221000105001</code>
                  <conceptReferenceTermMaps id="459"/>
                </conceptReferenceTerm>
              </org.openmrs.ConceptMap>
              <org.openmrs.ConceptMap id="460" uuid="137766ABBBBBBBBBBBBBBBBBBBBBBBBBBBBB">
                <conceptMapType reference="69"/>
                <creator/>
                <changedBy/>
                <dateCreated id="461">2011-01-15 13:27:39</dateCreated>
                <conceptMapId>137766</conceptMapId>
                <concept reference="409"/>
                <conceptReferenceTerm id="462" resolves-to="org.openmrs.ConceptReferenceTerm" uuid="17744715-bb7d-3022-96d3-2e2144a778d4">
                  <creator/>
                  <dateCreated id="464">2011-01-15 00:00:00</dateCreated>
                  <changedBy/>
                  <retired>false</retired>
                  <retiredBy/>
                  <conceptReferenceTermId>137766</conceptReferenceTermId>
                  <conceptSource reference="76"/>
                  <code>74964007</code>
                  <conceptReferenceTermMaps id="465"/>
                </conceptReferenceTerm>
              </org.openmrs.ConceptMap>
              <org.openmrs.ConceptMap id="466" uuid="137878ABBBBBBBBBBBBBBBBBBBBBBBBBBBBB">
                <conceptMapType reference="81"/>
                <creator/>
                <changedBy/>
                <dateCreated id="467">2011-01-17 15:43:23</dateCreated>
                <conceptMapId>137878</conceptMapId>
                <concept reference="409"/>
                <conceptReferenceTerm id="468" resolves-to="org.openmrs.ConceptReferenceTerm" uuid="a4138b87-50d9-30b1-aea4-9fc620570cc6">
                  <creator/>
                  <dateCreated id="470">2011-01-17 00:00:00</dateCreated>
                  <changedBy/>
                  <retired>false</retired>
                  <retiredBy/>
                  <conceptReferenceTermId>137878</conceptReferenceTermId>
                  <conceptSource reference="127"/>
                  <code>OTHER</code>
                  <conceptReferenceTermMaps id="471"/>
                </conceptReferenceTerm>
              </org.openmrs.ConceptMap>
            </conceptMappings>
          </answerConcept>
          <creator/>
          <dateCreated id="472">2009-05-13 12:34:56</dateCreated>
          <sortWeight>1485.0</sortWeight>
        </org.openmrs.ConceptAnswer>
        <org.openmrs.ConceptAnswer id="473" uuid="1483CCCCCCCCCCCCCCCCCCCCCCCCCCCCCCCC">
          <conceptAnswerId>1483</conceptAnswerId>
          <concept reference="387"/>
          <answerConcept id="474" resolves-to="org.openmrs.Concept" uuid="1693AAAAAAAAAAAAAAAAAAAAAAAAAAAAAAAA">
            <conceptId>1693</conceptId>
            <retired>false</retired>
            <retiredBy/>
            <datatype id="476" resolves-to="org.openmrs.ConceptDatatype" uuid="8d4a5cca-c2cc-11de-8d13-0010c6dffd0f">
              <name>Boolean</name>
              <description>Boolean value (yes/no, true/false)</description>
              <creator/>
              <dateCreated id="478">2004-08-26 00:00:00</dateCreated>
              <retired>false</retired>
              <retiredBy/>
              <conceptDatatypeId>10</conceptDatatypeId>
              <hl7Abbreviation>BIT</hl7Abbreviation>
            </datatype>
            <conceptClass reference="252"/>
            <set>false</set>
            <version></version>
            <creator/>
            <dateCreated id="479">2009-05-13 12:32:19</dateCreated>
            <changedBy/>
            <dateChanged id="480">2011-02-04 20:58:22</dateChanged>
            <names class="set" id="481">
              <org.openmrs.ConceptName id="482" uuid="1973BBBBBBBBBBBBBBBBBBBBBBBBBBBBBBBB">
                <conceptNameId>1973</conceptNameId>
                <concept reference="474"/>
                <name>TRANSFERRED</name>
                <locale id="483">en</locale>
                <creator/>
                <dateCreated id="484">2009-05-13 12:32:19</dateCreated>
                <voided>false</voided>
                <voidedBy/>
                <tags class="set" id="485"/>
                <conceptNameType>FULLY_SPECIFIED</conceptNameType>
                <localePreferred>false</localePreferred>
              </org.openmrs.ConceptName>
              <org.openmrs.ConceptName id="486" uuid="106177BBBBBBBBBBBBBBBBBBBBBBBBBBBBBB">
                <conceptNameId>106177</conceptNameId>
                <concept reference="474"/>
                <name>TRANSFERT</name>
                <locale id="487">fr</locale>
                <creator/>
                <dateCreated id="488">2010-05-03 17:11:20</dateCreated>
                <voided>false</voided>
                <voidedBy/>
                <tags class="set" id="489"/>
                <conceptNameType>FULLY_SPECIFIED</conceptNameType>
                <localePreferred>false</localePreferred>
              </org.openmrs.ConceptName>
              <org.openmrs.ConceptName id="490" uuid="86976BBBBBBBBBBBBBBBBBBBBBBBBBBBBBBB">
                <conceptNameId>86976</conceptNameId>
                <concept reference="474"/>
                <name>transferred</name>
                <locale id="491">en</locale>
                <creator/>
                <dateCreated id="492">2009-05-13 12:32:19</dateCreated>
                <voided>false</voided>
                <voidedBy/>
                <tags class="set" id="493"/>
                <conceptNameType>SHORT</conceptNameType>
                <localePreferred>false</localePreferred>
              </org.openmrs.ConceptName>
            </names>
            <answers class="set" id="494"/>
            <conceptSets class="set" id="495"/>
            <descriptions class="set" id="496"/>
            <conceptMappings class="set" id="497">
              <org.openmrs.ConceptMap id="498" uuid="132706ABBBBBBBBBBBBBBBBBBBBBBBBBBBBB">
                <conceptMapType reference="81"/>
                <creator/>
                <changedBy/>
                <dateCreated id="499">2010-08-23 15:49:10</dateCreated>
                <conceptMapId>132706</conceptMapId>
                <concept reference="474"/>
                <conceptReferenceTerm id="500" resolves-to="org.openmrs.ConceptReferenceTerm" uuid="82331ac0-721e-3f2b-a456-6387d25c6b7d">
                  <creator/>
                  <dateCreated id="502">2010-08-23 00:00:00</dateCreated>
                  <changedBy/>
                  <retired>false</retired>
                  <retiredBy/>
                  <conceptReferenceTermId>132706</conceptReferenceTermId>
                  <conceptSource reference="206"/>
                  <code>3000</code>
                  <conceptReferenceTermMaps id="503"/>
                </conceptReferenceTerm>
              </org.openmrs.ConceptMap>
              <org.openmrs.ConceptMap id="504" uuid="137531ABBBBBBBBBBBBBBBBBBBBBBBBBBBBB">
                <conceptMapType reference="69"/>
                <creator/>
                <changedBy/>
                <dateCreated id="505">2010-12-30 19:34:43</dateCreated>
                <conceptMapId>137531</conceptMapId>
                <concept reference="474"/>
                <conceptReferenceTerm id="506" resolves-to="org.openmrs.ConceptReferenceTerm" uuid="71bb768c-4d3d-3a7a-afd4-e06988f0146f">
                  <creator/>
                  <dateCreated id="508">2010-12-30 00:00:00</dateCreated>
                  <changedBy/>
                  <retired>false</retired>
                  <retiredBy/>
                  <conceptReferenceTermId>137531</conceptReferenceTermId>
                  <conceptSource reference="76"/>
                  <code>266751003</code>
                  <conceptReferenceTermMaps id="509"/>
                </conceptReferenceTerm>
              </org.openmrs.ConceptMap>
              <org.openmrs.ConceptMap id="510" uuid="132639ABBBBBBBBBBBBBBBBBBBBBBBBBBBBB">
                <conceptMapType reference="81"/>
                <creator/>
                <changedBy/>
                <dateCreated id="511">2010-08-23 15:49:10</dateCreated>
                <conceptMapId>132639</conceptMapId>
                <concept reference="474"/>
                <conceptReferenceTerm id="512" resolves-to="org.openmrs.ConceptReferenceTerm" uuid="0eced425-8304-32e9-af97-fbcecc91dc2a">
                  <creator/>
                  <dateCreated id="514">2010-08-23 00:00:00</dateCreated>
                  <changedBy/>
                  <retired>false</retired>
                  <retiredBy/>
                  <conceptReferenceTermId>132639</conceptReferenceTermId>
                  <conceptSource reference="206"/>
                  <code>1744</code>
                  <conceptReferenceTermMaps id="515"/>
                </conceptReferenceTerm>
              </org.openmrs.ConceptMap>
              <org.openmrs.ConceptMap id="516" uuid="137922ABBBBBBBBBBBBBBBBBBBBBBBBBBBBB">
                <conceptMapType reference="81"/>
                <creator/>
                <changedBy/>
                <dateCreated id="517">2011-01-17 20:47:18</dateCreated>
                <conceptMapId>137922</conceptMapId>
                <concept reference="474"/>
                <conceptReferenceTerm id="518" resolves-to="org.openmrs.ConceptReferenceTerm" uuid="d6164341-f1fb-3e45-b82d-94c2ae65e3d0">
                  <creator/>
                  <dateCreated id="520">2011-01-17 00:00:00</dateCreated>
                  <changedBy/>
                  <retired>false</retired>
                  <retiredBy/>
                  <conceptReferenceTermId>137922</conceptReferenceTermId>
                  <conceptSource reference="127"/>
                  <code>TRANSFER</code>
                  <conceptReferenceTermMaps id="521"/>
                </conceptReferenceTerm>
              </org.openmrs.ConceptMap>
              <org.openmrs.ConceptMap id="522" uuid="141569ABBBBBBBBBBBBBBBBBBBBBBBBBBBBB">
                <conceptMapType reference="81"/>
                <creator/>
                <changedBy/>
                <dateCreated id="523">2011-02-04 20:58:22</dateCreated>
                <conceptMapId>141569</conceptMapId>
                <concept reference="474"/>
                <conceptReferenceTerm id="524" resolves-to="org.openmrs.ConceptReferenceTerm" uuid="b3f7133c-ee98-34ec-a8da-6200b36a5cd8">
                  <creator/>
                  <dateCreated id="526">2011-02-04 00:00:00</dateCreated>
                  <changedBy/>
                  <retired>false</retired>
                  <retiredBy/>
                  <conceptReferenceTermId>141569</conceptReferenceTermId>
                  <conceptSource reference="456"/>
                  <code>16931000105000</code>
                  <conceptReferenceTermMaps id="527"/>
                </conceptReferenceTerm>
              </org.openmrs.ConceptMap>
            </conceptMappings>
          </answerConcept>
          <creator/>
          <dateCreated id="528">2009-05-13 12:34:56</dateCreated>
          <sortWeight>1483.0</sortWeight>
        </org.openmrs.ConceptAnswer>
        <org.openmrs.ConceptAnswer id="529" uuid="1486CCCCCCCCCCCCCCCCCCCCCCCCCCCCCCCC">
          <conceptAnswerId>1486</conceptAnswerId>
          <concept reference="387"/>
          <answerConcept id="530" resolves-to="org.openmrs.Concept" uuid="159AAAAAAAAAAAAAAAAAAAAAAAAAAAAAAAAA">
            <conceptId>159</conceptId>
            <retired>false</retired>
            <retiredBy/>
            <datatype reference="43"/>
            <conceptClass reference="167"/>
            <set>false</set>
            <version></version>
            <creator/>
            <dateCreated id="532">2004-01-01 00:00:00</dateCreated>
            <changedBy/>
            <dateChanged id="533">2010-12-05 17:51:52</dateChanged>
            <names class="set" id="534">
              <org.openmrs.ConceptName id="535" uuid="181BBBBBBBBBBBBBBBBBBBBBBBBBBBBBBBBB">
                <conceptNameId>181</conceptNameId>
                <concept reference="530"/>
                <name>DÉCÉDÉ</name>
                <locale id="536">fr</locale>
                <creator/>
                <dateCreated id="537">2007-08-17 12:32:24</dateCreated>
                <voided>false</voided>
                <voidedBy/>
                <tags class="set" id="538"/>
                <conceptNameType>FULLY_SPECIFIED</conceptNameType>
                <localePreferred>false</localePreferred>
              </org.openmrs.ConceptName>
              <org.openmrs.ConceptName id="539" uuid="180BBBBBBBBBBBBBBBBBBBBBBBBBBBBBBBBB">
                <conceptNameId>180</conceptNameId>
                <concept reference="530"/>
                <name>DECEASED</name>
                <locale id="540">en</locale>
                <creator/>
                <dateCreated id="541">2004-01-01 00:00:00</dateCreated>
                <voided>false</voided>
                <voidedBy/>
                <tags class="set" id="542"/>
                <conceptNameType>FULLY_SPECIFIED</conceptNameType>
                <localePreferred>false</localePreferred>
              </org.openmrs.ConceptName>
              <org.openmrs.ConceptName id="543" uuid="182BBBBBBBBBBBBBBBBBBBBBBBBBBBBBBBBB">
                <conceptNameId>182</conceptNameId>
                <concept reference="530"/>
                <name>Mfiwa</name>
                <locale id="544">sw</locale>
                <creator/>
                <dateCreated id="545">2007-12-11 21:28:21</dateCreated>
                <voided>false</voided>
                <voidedBy/>
                <tags class="set" id="546"/>
                <conceptNameType>FULLY_SPECIFIED</conceptNameType>
                <localePreferred>false</localePreferred>
              </org.openmrs.ConceptName>
            </names>
            <answers class="set" id="547"/>
            <conceptSets class="set" id="548"/>
            <descriptions class="set" id="549">
              <org.openmrs.ConceptDescription id="550" uuid="159FFFFFFFFFFFFFFFFFFFFFFFFFFFFFFFFF">
                <conceptDescriptionId>159</conceptDescriptionId>
                <concept reference="530"/>
                <description>aliyefiwa au mfiwa</description>
                <locale id="551">sw</locale>
                <creator/>
                <dateCreated id="552">2007-12-11 21:28:21</dateCreated>
                <changedBy/>
              </org.openmrs.ConceptDescription>
              <org.openmrs.ConceptDescription id="553" uuid="158FFFFFFFFFFFFFFFFFFFFFFFFFFFFFFFFF">
                <conceptDescriptionId>158</conceptDescriptionId>
                <concept reference="530"/>
                <description>Patient died.</description>
                <locale id="554">en</locale>
                <creator/>
                <dateCreated id="555">2004-01-01 00:00:00</dateCreated>
                <changedBy/>
              </org.openmrs.ConceptDescription>
            </descriptions>
            <conceptMappings class="set" id="556">
              <org.openmrs.ConceptMap id="557" uuid="134021ABBBBBBBBBBBBBBBBBBBBBBBBBBBBB">
                <conceptMapType reference="81"/>
                <creator/>
                <changedBy/>
                <dateCreated id="558">2010-10-24 13:09:59</dateCreated>
                <conceptMapId>134021</conceptMapId>
                <concept reference="530"/>
                <conceptReferenceTerm id="559" resolves-to="org.openmrs.ConceptReferenceTerm" uuid="6e2ddd50-b700-35f1-8a0c-63edb766eb6a">
                  <creator/>
                  <dateCreated id="561">2010-10-24 00:00:00</dateCreated>
                  <changedBy/>
                  <retired>false</retired>
                  <retiredBy/>
                  <conceptReferenceTermId>134021</conceptReferenceTermId>
                  <conceptSource reference="197"/>
                  <code>159</code>
                  <conceptReferenceTermMaps id="562"/>
                </conceptReferenceTerm>
              </org.openmrs.ConceptMap>
              <org.openmrs.ConceptMap id="563" uuid="137046ABBBBBBBBBBBBBBBBBBBBBBBBBBBBB">
                <conceptMapType reference="81"/>
                <creator/>
                <changedBy/>
                <dateCreated id="564">2010-12-05 17:51:52</dateCreated>
                <conceptMapId>137046</conceptMapId>
                <concept reference="530"/>
                <conceptReferenceTerm reference="133"/>
              </org.openmrs.ConceptMap>
            </conceptMappings>
          </answerConcept>
          <creator/>
          <dateCreated id="565">2009-05-13 12:34:56</dateCreated>
          <sortWeight>1486.0</sortWeight>
        </org.openmrs.ConceptAnswer>
        <org.openmrs.ConceptAnswer id="566" uuid="1482CCCCCCCCCCCCCCCCCCCCCCCCCCCCCCCC">
          <conceptAnswerId>1482</conceptAnswerId>
          <concept reference="387"/>
          <answerConcept id="567" resolves-to="org.openmrs.Concept" uuid="1694AAAAAAAAAAAAAAAAAAAAAAAAAAAAAAAA">
            <conceptId>1694</conceptId>
            <retired>false</retired>
            <retiredBy/>
            <datatype reference="476"/>
            <conceptClass reference="252"/>
            <set>false</set>
            <version></version>
            <creator/>
            <dateCreated id="569">2009-05-13 12:33:09</dateCreated>
            <changedBy/>
            <dateChanged id="570">2010-12-30 19:37:50</dateChanged>
            <names class="set" id="571">
              <org.openmrs.ConceptName id="572" uuid="105998BBBBBBBBBBBBBBBBBBBBBBBBBBBBBB">
                <conceptNameId>105998</conceptNameId>
                <concept reference="567"/>
                <name>SORTIE CONTRE AVIS MÉDICAL</name>
                <locale id="573">fr</locale>
                <creator/>
                <dateCreated id="574">2010-05-03 17:11:17</dateCreated>
                <voided>false</voided>
                <voidedBy/>
                <tags class="set" id="575"/>
                <conceptNameType>FULLY_SPECIFIED</conceptNameType>
                <localePreferred>false</localePreferred>
              </org.openmrs.ConceptName>
              <org.openmrs.ConceptName id="576" uuid="86977BBBBBBBBBBBBBBBBBBBBBBBBBBBBBBB">
                <conceptNameId>86977</conceptNameId>
                <concept reference="567"/>
                <name>left AMA</name>
                <locale id="577">en</locale>
                <creator/>
                <dateCreated id="578">2009-05-13 12:33:09</dateCreated>
                <voided>false</voided>
                <voidedBy/>
                <tags class="set" id="579"/>
                <conceptNameType>SHORT</conceptNameType>
                <localePreferred>false</localePreferred>
              </org.openmrs.ConceptName>
              <org.openmrs.ConceptName id="580" uuid="97940BBBBBBBBBBBBBBBBBBBBBBBBBBBBBBB">
                <conceptNameId>97940</conceptNameId>
                <concept reference="567"/>
                <name>SELF-DISCHARGED</name>
                <locale id="581">en</locale>
                <creator/>
                <dateCreated id="582">2009-05-13 12:33:09</dateCreated>
                <voided>false</voided>
                <voidedBy/>
                <tags class="set" id="583"/>
                <localePreferred>false</localePreferred>
              </org.openmrs.ConceptName>
              <org.openmrs.ConceptName id="584" uuid="1974BBBBBBBBBBBBBBBBBBBBBBBBBBBBBBBB">
                <conceptNameId>1974</conceptNameId>
                <concept reference="567"/>
                <name>LEFT AGAINST MEDICAL ADVICE</name>
                <locale id="585">en</locale>
                <creator/>
                <dateCreated id="586">2009-05-13 12:33:09</dateCreated>
                <voided>false</voided>
                <voidedBy/>
                <tags class="set" id="587"/>
                <conceptNameType>FULLY_SPECIFIED</conceptNameType>
                <localePreferred>false</localePreferred>
              </org.openmrs.ConceptName>
              <org.openmrs.ConceptName id="588" uuid="93887BBBBBBBBBBBBBBBBBBBBBBBBBBBBBBB">
                <conceptNameId>93887</conceptNameId>
                <concept reference="567"/>
                <name>LEFT AMA</name>
                <locale id="589">en</locale>
                <creator/>
                <dateCreated id="590">2009-05-13 12:33:09</dateCreated>
                <voided>false</voided>
                <voidedBy/>
                <tags class="set" id="591"/>
                <localePreferred>false</localePreferred>
              </org.openmrs.ConceptName>
            </names>
            <answers class="set" id="592"/>
            <conceptSets class="set" id="593"/>
            <descriptions class="set" id="594"/>
            <conceptMappings class="set" id="595">
              <org.openmrs.ConceptMap id="596" uuid="137532ABBBBBBBBBBBBBBBBBBBBBBBBBBBBB">
                <conceptMapType reference="81"/>
                <creator/>
                <changedBy/>
                <dateCreated id="597">2010-12-30 19:37:50</dateCreated>
                <conceptMapId>137532</conceptMapId>
                <concept reference="567"/>
                <conceptReferenceTerm id="598" resolves-to="org.openmrs.ConceptReferenceTerm" uuid="2549e903-25a0-3738-844d-fe896e63cb0d">
                  <creator/>
                  <dateCreated id="600">2010-12-30 00:00:00</dateCreated>
                  <changedBy/>
                  <retired>false</retired>
                  <retiredBy/>
                  <conceptReferenceTermId>137532</conceptReferenceTermId>
                  <conceptSource reference="88"/>
                  <code>445060000</code>
                  <conceptReferenceTermMaps id="601"/>
                </conceptReferenceTerm>
              </org.openmrs.ConceptMap>
            </conceptMappings>
          </answerConcept>
          <creator/>
          <dateCreated id="602">2009-05-13 12:34:56</dateCreated>
          <sortWeight>1482.0</sortWeight>
        </org.openmrs.ConceptAnswer>
        <org.openmrs.ConceptAnswer id="603" uuid="1484CCCCCCCCCCCCCCCCCCCCCCCCCCCCCCCC">
          <conceptAnswerId>1484</conceptAnswerId>
          <concept reference="387"/>
          <answerConcept id="604" resolves-to="org.openmrs.Concept" uuid="1692AAAAAAAAAAAAAAAAAAAAAAAAAAAAAAAA">
            <conceptId>1692</conceptId>
            <retired>false</retired>
            <retiredBy/>
            <datatype reference="476"/>
            <conceptClass reference="252"/>
            <set>false</set>
            <version></version>
            <creator/>
            <dateCreated id="606">2009-05-13 12:31:43</dateCreated>
            <changedBy/>
            <dateChanged id="607">2010-09-23 12:54:09</dateChanged>
            <names class="set" id="608">
              <org.openmrs.ConceptName id="609" uuid="86975BBBBBBBBBBBBBBBBBBBBBBBBBBBBBBB">
                <conceptNameId>86975</conceptNameId>
                <concept reference="604"/>
                <name>discharged</name>
                <locale id="610">en</locale>
                <creator/>
                <dateCreated id="611">2009-05-13 12:31:43</dateCreated>
                <voided>false</voided>
                <voidedBy/>
                <tags class="set" id="612"/>
                <conceptNameType>SHORT</conceptNameType>
                <localePreferred>false</localePreferred>
              </org.openmrs.ConceptName>
              <org.openmrs.ConceptName id="613" uuid="105886BBBBBBBBBBBBBBBBBBBBBBBBBBBBBB">
                <conceptNameId>105886</conceptNameId>
                <concept reference="604"/>
                <name>DÉCHARGE SIGNÉE</name>
                <locale id="614">fr</locale>
                <creator/>
                <dateCreated id="615">2010-05-03 17:07:47</dateCreated>
                <voided>false</voided>
                <voidedBy/>
                <tags class="set" id="616"/>
                <conceptNameType>FULLY_SPECIFIED</conceptNameType>
                <localePreferred>false</localePreferred>
              </org.openmrs.ConceptName>
              <org.openmrs.ConceptName id="617" uuid="1972BBBBBBBBBBBBBBBBBBBBBBBBBBBBBBBB">
                <conceptNameId>1972</conceptNameId>
                <concept reference="604"/>
                <name>DISCHARGED</name>
                <locale id="618">en</locale>
                <creator/>
                <dateCreated id="619">2009-05-13 12:31:43</dateCreated>
                <voided>false</voided>
                <voidedBy/>
                <tags class="set" id="620"/>
                <conceptNameType>FULLY_SPECIFIED</conceptNameType>
                <localePreferred>false</localePreferred>
              </org.openmrs.ConceptName>
            </names>
            <answers class="set" id="621"/>
            <conceptSets class="set" id="622"/>
            <descriptions class="set" id="623"/>
            <conceptMappings class="set" id="624">
              <org.openmrs.ConceptMap id="625" uuid="132726ABBBBBBBBBBBBBBBBBBBBBBBBBBBBB">
                <conceptMapType reference="81"/>
                <creator/>
                <changedBy/>
                <dateCreated id="626">2010-08-23 15:49:10</dateCreated>
                <conceptMapId>132726</conceptMapId>
                <concept reference="604"/>
                <conceptReferenceTerm id="627" resolves-to="org.openmrs.ConceptReferenceTerm" uuid="fc81d755-a94c-34aa-8440-9980df0cb6a3">
                  <creator/>
                  <dateCreated id="629">2010-08-23 00:00:00</dateCreated>
                  <changedBy/>
                  <retired>false</retired>
                  <retiredBy/>
                  <conceptReferenceTermId>132726</conceptReferenceTermId>
                  <conceptSource reference="88"/>
                  <code>183665006</code>
                  <conceptReferenceTermMaps id="630"/>
                </conceptReferenceTerm>
              </org.openmrs.ConceptMap>
              <org.openmrs.ConceptMap id="631" uuid="133415ABBBBBBBBBBBBBBBBBBBBBBBBBBBBB">
                <conceptMapType reference="81"/>
                <creator/>
                <changedBy/>
                <dateCreated id="632">2010-09-20 17:27:10</dateCreated>
                <conceptMapId>133415</conceptMapId>
                <concept reference="604"/>
                <conceptReferenceTerm id="633" resolves-to="org.openmrs.ConceptReferenceTerm" uuid="c3cff5e9-e759-3bbf-8a39-6e8adb497f1d">
                  <creator/>
                  <dateCreated id="635">2010-09-20 00:00:00</dateCreated>
                  <changedBy/>
                  <retired>false</retired>
                  <retiredBy/>
                  <conceptReferenceTermId>133415</conceptReferenceTermId>
                  <conceptSource reference="206"/>
                  <code>3626</code>
                  <conceptReferenceTermMaps id="636"/>
                </conceptReferenceTerm>
              </org.openmrs.ConceptMap>
            </conceptMappings>
          </answerConcept>
          <creator/>
          <dateCreated id="637">2009-05-13 12:34:56</dateCreated>
          <sortWeight>1484.0</sortWeight>
        </org.openmrs.ConceptAnswer>
      </answers>
      <conceptSets class="set" id="638"/>
      <descriptions class="set" id="639">
        <org.openmrs.ConceptDescription id="640" uuid="1529FFFFFFFFFFFFFFFFFFFFFFFFFFFFFFFF">
          <conceptDescriptionId>1529</conceptDescriptionId>
          <concept reference="387"/>
          <description>Status of patient on discharge.</description>
          <locale id="641">en</locale>
          <creator/>
          <dateCreated id="642">2009-05-13 12:34:56</dateCreated>
          <changedBy/>
        </org.openmrs.ConceptDescription>
      </descriptions>
      <conceptMappings class="set" id="643">
        <org.openmrs.ConceptMap id="644" uuid="137533ABBBBBBBBBBBBBBBBBBBBBBBBBBBBB">
          <conceptMapType reference="81"/>
          <creator/>
          <changedBy/>
          <dateCreated id="645">2010-12-30 19:41:02</dateCreated>
          <conceptMapId>137533</conceptMapId>
          <concept reference="387"/>
          <conceptReferenceTerm id="646" resolves-to="org.openmrs.ConceptReferenceTerm" uuid="a595264f-9d6f-36f2-9ae6-141f1f0efdd7">
            <creator/>
            <dateCreated id="648">2010-12-30 00:00:00</dateCreated>
            <changedBy/>
            <retired>false</retired>
            <retiredBy/>
            <conceptReferenceTermId>137533</conceptReferenceTermId>
            <conceptSource reference="88"/>
            <code>309039003</code>
            <conceptReferenceTermMaps id="649"/>
          </conceptReferenceTerm>
        </org.openmrs.ConceptMap>
      </conceptMappings>
    </outcomesConcept>
    <allWorkflows id="650"/>
  </org.openmrs.Program>
  <org.openmrs.Provider id="651" uuid="ae01b8ff-a4cc-4012-bcf7-72359e852e14">
    <creator/>
    <dateCreated id="652">2012-08-08 23:40:58</dateCreated>
    <retired>false</retired>
    <attributes id="653"/>
    <log class="org.apache.commons.logging.impl.SLF4JLocationAwareLog" id="654">
      <name>org.openmrs.Provider</name>
    </log>
    <providerId>2</providerId>
    <person id="655" resolves-to="org.openmrs.Person" uuid="1cc7dc79-ad09-4897-8a1d-0b3d3226e9ee">
      <voided>false</voided>
      <personId>9</personId>
      <addresses class="tree-set" id="657">
        <no-comparator/>
      </addresses>
      <names class="tree-set" id="658">
        <no-comparator/>
        <org.openmrs.PersonName id="659" uuid="02d1c5a1-ee17-4b0b-ad7a-5f37766d020e">
          <creator/>
          <dateCreated id="660">2012-08-08 23:40:16</dateCreated>
          <voided>false</voided>
          <personNameId>9</personNameId>
          <person reference="655"/>
          <preferred>false</preferred>
          <givenName>Unknown</givenName>
          <familyName>Provider</familyName>
        </org.openmrs.PersonName>
      </names>
      <attributes class="tree-set" id="661">
        <no-comparator/>
      </attributes>
      <gender>F</gender>
      <birthdateEstimated>false</birthdateEstimated>
      <dead>false</dead>
      <personCreator/>
      <personDateCreated id="662">2012-08-08 23:40:16</personDateCreated>
      <personVoided>false</personVoided>
      <isPatient>false</isPatient>
    </person>
    <identifier>UNKNOWN</identifier>
  </org.openmrs.Provider>
</list>
