<?xml version="1.0" encoding="UTF-8"?>
<list id="1">
  <org.openmrs.module.htmlformentry.HtmlForm id="2" uuid="82a3a38a-7be1-40c3-b35a-17eb21190f09">
    <creator/>
    <dateCreated id="3">2012-06-20 06:33:38</dateCreated>
    <changedBy/>
    <dateChanged id="4">2012-07-04 02:11:25</dateChanged>
    <retired>false</retired>
    <id>4</id>
    <form id="5" resolves-to="org.openmrs.Form" uuid="37f6bd8d-586a-4169-95fa-5781f987fe62">
      <name>Triage</name>
      <description>Initial and follow up visits MOH 257</description>
      <creator/>
      <dateCreated id="7">2012-06-20 06:33:38</dateCreated>
      <changedBy/>
      <dateChanged id="8">2012-07-04 01:10:57</dateChanged>
      <retired>false</retired>
      <formId>4</formId>
      <version>0.0.1</version>
      <published>true</published>
      <encounterType id="9" resolves-to="org.openmrs.EncounterType" uuid="d1059fb9-a079-4feb-a749-eedd709ae542">
        <name>Triage</name>
        <description>Collection of limited patient data, prior to a more thorough examination</description>
        <creator/>
        <dateCreated id="11">2012-06-26 06:15:56</dateCreated>
        <retired>false</retired>
        <encounterTypeId>8</encounterTypeId>
      </encounterType>
      <formFields id="12"/>
    </form>
    <xmlData>&lt;htmlform&gt;&#xd;
	&lt;style&gt;&#xd;
		table.baseline-aligned td {&#xd;
			vertical-align: baseline;&#xd;
		}&#xd;
	&lt;/style&gt;&#xd;
&#xd;
	&lt;div class=&quot;patient-details&quot;&gt;&#xd;
		&lt;table class=&quot;baseline-aligned&quot; width=&quot;100%&quot;&gt;&#xd;
			&lt;tr&gt;&#xd;
				&lt;td&gt;Name: &lt;lookup class=&quot;value&quot; expression=&quot;patient.personName&quot;/&gt;&lt;/td&gt;&#xd;
				&lt;td&gt;Gender: &lt;lookup class=&quot;value&quot; expression=&quot;patient.gender&quot;/&gt;&lt;/td&gt;&#xd;
				&lt;td&gt;Birthdate: &lt;lookup class=&quot;value&quot; complexExpression=&quot;#if( \$patient.birthdateEstimated ) ~#end&quot;/&gt; &lt;lookup class=&quot;value&quot; expression=&quot;patient.birthdate&quot;/&gt;&#xd;
				&lt;/td&gt;&#xd;
			&lt;/tr&gt;&#xd;
		&lt;/table&gt;&#xd;
	&lt;/div&gt;&#xd;
&#xd;
	&lt;div class=&quot;encounter-details&quot;&gt;&#xd;
		&lt;table class=&quot;baseline-aligned&quot; width=&quot;100%&quot;&gt;&#xd;
			&lt;tr&gt;&#xd;
				&lt;td&gt;Date: &lt;encounterDate default=&quot;now&quot; showTime=&quot;true&quot;/&gt;&lt;/td&gt;&#xd;
				&lt;td&gt;Provider: &lt;encounterProviderAndRole encounterRole=&quot;a0b03050-c99b-11e0-9572-0800200c9a66&quot; default=&quot;currentUser&quot; required=&quot;true&quot;/&gt;&lt;/td&gt;&#xd;
				&lt;td&gt;Location: &lt;encounterLocation default=&quot;GlobalProperty:kenyaemr.defaultLocation&quot;/&gt;&lt;/td&gt;&#xd;
			&lt;/tr&gt;&#xd;
		&lt;/table&gt;&#xd;
	&lt;/div&gt;&#xd;
&#xd;
&lt;table style=&quot;width: 100%; height: 44px;&quot; border=&quot;0&quot; align=&quot;center&quot;&gt;&#xd;
&lt;tbody&gt;&#xd;
&lt;tr&gt;&#xd;
&lt;td style=&quot;font-family: Trebuchet MS,serif; text-align: center;&quot;&gt;&#xd;
	&lt;fieldset &gt;&#xd;
		&lt;table&gt; &#xd;
			&lt;tr&gt;&#xd;
				&lt;td style=&quot;text-align: left;&quot;&gt;Reason for visit:&lt;/td&gt;&#xd;
				&lt;td style=&quot;text-align: left;&quot;&gt;&lt;obs conceptId=&quot;160430AAAAAAAAAAAAAAAAAAAAAAAAAAAAAA&quot; rows=&quot;2&quot; cols=&quot;80&quot;/&gt;&lt;/td&gt;&#xd;
			&lt;/tr&gt;&#xd;
			&lt;tr&gt;&#xd;
				&lt;td style=&quot;text-align: left;&quot;&gt;Weight:&lt;/td&gt;&#xd;
				&lt;td style=&quot;text-align: left;&quot;&gt;&lt;obs id=&quot;weight&quot; conceptId=&quot;5089AAAAAAAAAAAAAAAAAAAAAAAAAAAAAAAA&quot; labelText=&quot; &quot;/&gt;kg&lt;/td&gt;&#xd;
			&lt;/tr&gt;&#xd;
			&lt;tr&gt;&#xd;
				&lt;td style=&quot;text-align: left;&quot;&gt;Height:&lt;/td&gt;&#xd;
				&lt;td style=&quot;text-align: left;&quot;&gt;&lt;obs id=&quot;height&quot; conceptId=&quot;5090AAAAAAAAAAAAAAAAAAAAAAAAAAAAAAAA&quot; labelText=&quot; &quot;/&gt;cm&lt;/td&gt;&#xd;
			&lt;/tr&gt;&#xd;
			&lt;tr&gt;&#xd;
				&lt;td style=&quot;text-align: left;&quot;&gt;BMI:&lt;/td&gt;&#xd;
				&lt;td style=&quot;text-align: left;&quot;&gt;&lt;span id=&quot;bmi-calculated&quot;&gt;&lt;/span&gt;&lt;/td&gt;&#xd;
			&lt;/tr&gt;&#xd;
			&lt;tr&gt;&#xd;
				&lt;td style=&quot;text-align: left;&quot;&gt;Temp:&lt;/td&gt;&#xd;
				&lt;td style=&quot;text-align: left;&quot;&gt;&lt;obs  conceptId=&quot;5088AAAAAAAAAAAAAAAAAAAAAAAAAAAAAAAA&quot; labelText=&quot; &quot;/&gt; &amp;#176;C&lt;/td&gt;&#xd;
			&lt;/tr&gt;&#xd;
			&lt;tr&gt;&#xd;
				&lt;td style=&quot;text-align: left;&quot;&gt;Pulse rate:&lt;/td&gt;&#xd;
				&lt;td style=&quot;text-align: left;&quot;&gt;&lt;obs  conceptId=&quot;5087AAAAAAAAAAAAAAAAAAAAAAAAAAAAAAAA&quot; labelText=&quot; &quot;/&gt;&lt;/td&gt;&#xd;
			&lt;/tr&gt;&#xd;
			&lt;tr&gt;&#xd;
				&lt;td style=&quot;text-align: left;&quot;&gt;BP:&lt;/td&gt;&#xd;
				&lt;td style=&quot;text-align: left;&quot;&gt;&lt;obs  conceptId=&quot;5085AAAAAAAAAAAAAAAAAAAAAAAAAAAAAAAA&quot;/&gt; / &lt;obs  conceptId=&quot;5086AAAAAAAAAAAAAAAAAAAAAAAAAAAAAAAA&quot;/&gt;&lt;/td&gt;&#xd;
			&lt;/tr&gt;&#xd;
			&lt;tr&gt;&#xd;
				&lt;td style=&quot;text-align: left;&quot;&gt;Respiratory Rate:&lt;/td&gt;&#xd;
				&lt;td style=&quot;text-align: left;&quot;&gt;&lt;obs  conceptId=&quot;5242AAAAAAAAAAAAAAAAAAAAAAAAAAAAAAAA&quot; labelText=&quot; &quot;/&gt;&lt;/td&gt;&#xd;
			&lt;/tr&gt;&#xd;
			&lt;tr&gt;&#xd;
				&lt;td style=&quot;text-align: left;&quot;&gt;Oxygen Saturation:&lt;/td&gt;&#xd;
				&lt;td style=&quot;text-align: left;&quot;&gt;&lt;obs  conceptId=&quot;5092AAAAAAAAAAAAAAAAAAAAAAAAAAAAAAAA&quot; labelText=&quot;&quot;/&gt;&lt;/td&gt;&#xd;
			&lt;/tr&gt;&#xd;
			&lt;tr&gt;&#xd;
				&lt;td style=&quot;text-align: left;&quot;&gt;MUAC (if child):&lt;/td&gt;&#xd;
				&lt;td style=&quot;text-align: left;&quot;&gt;&lt;obs  conceptId=&quot;1343AAAAAAAAAAAAAAAAAAAAAAAAAAAAAAAA&quot; labelText=&quot; &quot;/&gt;&lt;/td&gt;&#xd;
			&lt;/tr&gt;&#xd;
			&lt;tr&gt;&#xd;
				&lt;td style=&quot;text-align: left;&quot;&gt;Pill count:&lt;/td&gt;&#xd;
				&lt;td style=&quot;text-align: left;&quot;&gt; TODO &lt;/td&gt;&#xd;
			&lt;/tr&gt;&#xd;
			&lt;includeIf velocityTest=&quot;$patient.gender == &apos;F&apos; &quot;&gt;&#xd;
				&lt;tr&gt;&#xd;
					&lt;td style=&quot;text-align: left;&quot;&gt;LMP:&lt;/td&gt;&#xd;
					&lt;td style=&quot;text-align: left;&quot;&gt; &lt;obs  conceptId=&quot;1427AAAAAAAAAAAAAAAAAAAAAAAAAAAAAAAA&quot; labelText=&quot; &quot;/&gt;&lt;/td&gt;&#xd;
				&lt;/tr&gt;&#xd;
			&lt;/includeIf&gt;&#xd;
		&lt;/table&gt;&#xd;
	&lt;/fieldset&gt;&#xd;
&lt;/td&gt;&#xd;
&lt;/tr&gt;&#xd;
&lt;tr&gt;&#xd;
&lt;td style=&quot;border: 1px solid #000099; font-family: Trebuchet MS,serif; text-align: center;&quot;&gt;&lt;submit/&gt;&lt;/td&gt;&#xd;
&lt;/tr&gt;&#xd;
&lt;/tbody&gt;&#xd;
&lt;/table&gt;&#xd;
&#xd;
&lt;script&gt;&#xd;
function roundNumber(number, digits) {&#xd;
    var multiple = Math.pow(10, digits);&#xd;
    var rndedNum = Math.round(number * multiple) / multiple;&#xd;
    return rndedNum;&#xd;
}&#xd;
&#xd;
function calculateBmi() {&#xd;
    var wt = parseFloat(getValue(&apos;weight.value&apos;));&#xd;
    var ht = parseFloat(getValue(&apos;height.value&apos;)) / 100;&#xd;
    if (!isNaN(wt) &amp;amp;&amp;amp; !isNaN(ht)) {&#xd;
        var bmi = wt/(ht*ht)&#xd;
        var msg = roundNumber(bmi, 2);&#xd;
        if (bmi &amp;lt; 10 || bmi &gt; 50) {&#xd;
            msg += &apos; &amp;lt;i&amp;gt;Abnormal value, verify weight and height are entered correctly!&amp;lt;/i&amp;gt;&apos;;&#xd;
        }&#xd;
        $j(&apos;#bmi-calculated&apos;).html(msg);&#xd;
    } else {&#xd;
        $j(&apos;#bmi-calculated&apos;).html(&apos;&apos;);&#xd;
    }&#xd;
}&#xd;
&#xd;
$j(function() {&#xd;
    getField(&apos;weight.value&apos;).change(calculateBmi);&#xd;
    getField(&apos;height.value&apos;).change(calculateBmi);&#xd;
})&#xd;
&lt;/script&gt;&#xd;
&lt;/htmlform&gt;</xmlData>
    <dependencies class="set" id="13">
      <org.openmrs.EncounterRole id="14" uuid="a0b03050-c99b-11e0-9572-0800200c9a66">
        <name>Unknown</name>
        <description>Unknown encounter role for legacy providers with no encounter role set</description>
        <creator/>
        <dateCreated id="15">2011-08-18 14:00:00</dateCreated>
        <retired>false</retired>
        <encounterRoleId>1</encounterRoleId>
      </org.openmrs.EncounterRole>
    </dependencies>
  </org.openmrs.module.htmlformentry.HtmlForm>
  <org.openmrs.module.htmlformentry.HtmlForm id="16" uuid="629a94d4-a703-4c87-b701-e4e0753cf6e3">
    <creator/>
    <dateCreated id="17">2012-06-23 13:32:30</dateCreated>
    <changedBy/>
    <dateChanged id="18">2012-07-04 18:46:26</dateChanged>
    <retired>false</retired>
    <id>11</id>
    <form id="19" resolves-to="org.openmrs.Form" uuid="0038a296-62f8-4099-80e5-c9ea7590c157">
      <name>Progress Note</name>
      <description>Encounter memo field free text to enter additional information mostly complaints and examinations findings.</description>
      <creator/>
      <dateCreated id="21">2012-06-23 13:32:30</dateCreated>
      <changedBy/>
      <dateChanged id="22">2012-07-04 18:45:57</dateChanged>
      <retired>false</retired>
      <formId>11</formId>
      <version>0.0.1</version>
      <published>true</published>
      <encounterType id="23" resolves-to="org.openmrs.EncounterType" uuid="465a92f2-baf8-42e9-9612-53064be868e8">
        <name>Consultation</name>
        <description>Collection of clinical data during the main consultation</description>
        <creator/>
        <dateCreated id="25">2012-06-26 06:19:31</dateCreated>
        <retired>false</retired>
        <encounterTypeId>12</encounterTypeId>
      </encounterType>
      <formFields id="26"/>
    </form>
    <xmlData>&lt;htmlform&gt;&#xd;
&#xd;
&#xd;
	&lt;style&gt;&#xd;
		table.baseline-aligned td {&#xd;
			vertical-align: baseline;&#xd;
		}&#xd;
	&lt;/style&gt;&#xd;
&#xd;
	&lt;div class=&quot;patient-details&quot;&gt;&#xd;
		&lt;table class=&quot;baseline-aligned&quot; width=&quot;100%&quot;&gt;&#xd;
			&lt;tr&gt;&#xd;
				&lt;td&gt;Name: &lt;lookup class=&quot;value&quot; expression=&quot;patient.personName&quot;/&gt;&lt;/td&gt;&#xd;
				&lt;td&gt;Gender: &lt;lookup class=&quot;value&quot; expression=&quot;patient.gender&quot;/&gt;&lt;/td&gt;&#xd;
				&lt;td&gt;Birthdate: &lt;lookup class=&quot;value&quot; complexExpression=&quot;#if( \$patient.birthdateEstimated ) ~#end&quot;/&gt; &lt;lookup class=&quot;value&quot; expression=&quot;patient.birthdate&quot;/&gt;&#xd;
				&lt;/td&gt;&#xd;
			&lt;/tr&gt;&#xd;
		&lt;/table&gt;&#xd;
	&lt;/div&gt;&#xd;
&#xd;
	&lt;div class=&quot;encounter-details&quot;&gt;&#xd;
		&lt;table class=&quot;baseline-aligned&quot; width=&quot;100%&quot;&gt;&#xd;
			&lt;tr&gt;&#xd;
				&lt;td&gt;Date: &lt;encounterDate default=&quot;now&quot; showTime=&quot;true&quot;/&gt;&lt;/td&gt;&#xd;
				&lt;td&gt;Provider: &lt;encounterProviderAndRole encounterRole=&quot;a0b03050-c99b-11e0-9572-0800200c9a66&quot; default=&quot;currentUser&quot; required=&quot;true&quot;/&gt;&lt;/td&gt;&#xd;
				&lt;td&gt;Location: &lt;encounterLocation default=&quot;GlobalProperty:kenyaemr.defaultLocation&quot;/&gt;&lt;/td&gt;&#xd;
			&lt;/tr&gt;&#xd;
		&lt;/table&gt;&#xd;
	&lt;/div&gt;&#xd;
&#xd;
&#xd;
&lt;table style=&quot;width: 100%; height: 44px;&quot; border=&quot;0&quot; align=&quot;center&quot;&gt;&#xd;
&lt;tbody&gt;&#xd;
&lt;tr&gt;&#xd;
&lt;td style=&quot;font-family: Trebuchet MS,serif; font-size: xx-small; text-align: center;&quot;&gt;&#xd;
	&lt;fieldset &gt;&#xd;
		&lt;table&gt;&#xd;
			&lt;tr&gt;&#xd;
				&lt;td&gt;&lt;obs conceptId=&quot;159395AAAAAAAAAAAAAAAAAAAAAAAAAAAAAA&quot; labelText=&quot;  &quot; rows=&quot;15&quot; cols=&quot;170&quot; style=&quot;textarea&quot;/&gt;&lt;/td&gt;&#xd;
			&lt;/tr&gt;&#xd;
		&lt;/table&gt;&#xd;
	&lt;/fieldset&gt;&#xd;
&lt;/td&gt;&#xd;
&lt;/tr&gt;&#xd;
&lt;tr&gt;&#xd;
&lt;td style=&quot;border: 1px solid #000099; font-family: Trebuchet MS,serif; text-align: center;&quot;&gt;&lt;submit/&gt;&lt;/td&gt;&#xd;
&lt;/tr&gt;&#xd;
&lt;/tbody&gt;&#xd;
&lt;/table&gt;&#xd;
&#xd;
&#xd;
&lt;/htmlform&gt;</xmlData>
    <dependencies class="set" id="27">
      <org.openmrs.EncounterRole reference="14"/>
    </dependencies>
  </org.openmrs.module.htmlformentry.HtmlForm>
  <org.openmrs.module.htmlformentry.HtmlForm id="28" uuid="313b5a76-e0f5-41c0-bd8c-7316b84a987f">
    <creator/>
    <dateCreated id="29">2012-06-26 07:40:15</dateCreated>
    <changedBy/>
    <dateChanged id="30">2012-06-28 21:49:48</dateChanged>
    <retired>false</retired>
    <id>17</id>
    <form id="31" resolves-to="org.openmrs.Form" uuid="01f3aa8d-d0b5-4252-a7eb-059fec6633e9">
      <name>MOH 257 ENCOUNTER : MEDICATION ORDERS</name>
      <creator/>
      <dateCreated id="33">2012-06-26 07:40:15</dateCreated>
      <changedBy/>
      <dateChanged id="34">2012-06-28 21:49:48</dateChanged>
      <retired>false</retired>
      <formId>17</formId>
      <version>0.0.1</version>
      <published>true</published>
      <encounterType reference="23"/>
      <formFields id="35"/>
    </form>
    <xmlData>&lt;htmlform&gt;&#xd;
&lt;table style=&quot;width: 1000px; height: 44px;&quot; border=&quot;0&quot; align=&quot;center&quot;&gt;&#xd;
&lt;tbody&gt;&#xd;
&lt;tr&gt;&#xd;
&lt;td style=&quot;border: 1px solid #000099; background-color: #009d8e; color: #ffffff; font-family: Trebuchet MS,serif; text-align: center;&quot;&gt;&#xd;
&lt;strong&gt;Medication Orders&lt;/strong&gt;&#xd;
&lt;/td&gt;&#xd;
&lt;/tr&gt;&#xd;
&lt;tr&gt;&#xd;
&lt;td style=&quot;font-family: Trebuchet MS,serif; text-align: left;&quot;&gt;&#xd;
	&lt;fieldset &gt;                                                 &#xd;
		&lt;table&gt;&#xd;
			&lt;tr&gt;&#xd;
				&lt;td&gt;Drug Name&lt;/td&gt;&#xd;
			&lt;/tr&gt;&#xd;
			&lt;tr&gt;&#xd;
				&lt;td&gt;Dose&lt;/td&gt;&#xd;
			&lt;/tr&gt;&#xd;
			&lt;tr&gt;&#xd;
				&lt;td&gt;Frequency&lt;/td&gt;&#xd;
			&lt;/tr&gt;&#xd;
			&lt;tr&gt;&#xd;
				&lt;td&gt;Duration&lt;/td&gt;&#xd;
			&lt;/tr&gt;&#xd;
		&lt;/table&gt;&#xd;
	&lt;/fieldset&gt;&#xd;
&lt;/td&gt;&#xd;
&lt;/tr&gt;&#xd;
&lt;tr&gt;&#xd;
&lt;td style=&quot;border: 1px solid #000099; font-family: Trebuchet MS,serif; text-align: center;&quot;&gt;&lt;submit/&gt;&lt;/td&gt;&#xd;
&lt;/tr&gt;&#xd;
&lt;/tbody&gt;&#xd;
&lt;/table&gt;&#xd;
&#xd;
&lt;!-- END OF FORM&#xd;
&#xd;
Simple examples to copy-and-paste. Full reference at http://wiki.openmrs.org/x/kg8z&#xd;
&#xd;
--&gt;&#xd;
&lt;/htmlform&gt;</xmlData>
    <dependencies class="set" id="36"/>
  </org.openmrs.module.htmlformentry.HtmlForm>
  <org.openmrs.module.htmlformentry.HtmlForm id="37" uuid="12ef8ec8-c769-49e7-a445-9d2dd0e2fc02">
    <creator/>
    <dateCreated id="38">2012-07-08 20:06:38</dateCreated>
    <changedBy/>
    <dateChanged id="39">2012-07-10 09:49:00</dateChanged>
    <retired>false</retired>
    <id>24</id>
    <form id="40" resolves-to="org.openmrs.Form" uuid="8e4e1abf-7c08-4ba8-b6d8-19a9f1ccb6c9">
      <name>Obstetric History</name>
      <description>Obstetric History</description>
      <creator/>
      <dateCreated id="42">2012-07-08 20:06:38</dateCreated>
      <changedBy/>
      <dateChanged id="43">2012-07-10 06:49:15</dateChanged>
      <retired>false</retired>
      <formId>24</formId>
      <version>0.0.1</version>
      <published>true</published>
      <encounterType reference="23"/>
      <formFields id="44"/>
    </form>
    <xmlData>&lt;htmlform&gt;&#xd;
&#xd;
	&lt;style&gt;&#xd;
		table.baseline-aligned td {&#xd;
			vertical-align: baseline;&#xd;
		}&#xd;
	&lt;/style&gt;&#xd;
&#xd;
	&lt;div class=&quot;patient-details&quot;&gt;&#xd;
		&lt;table class=&quot;baseline-aligned&quot; width=&quot;100%&quot;&gt;&#xd;
			&lt;tr&gt;&#xd;
				&lt;td&gt;Name: &lt;lookup class=&quot;value&quot; expression=&quot;patient.personName&quot;/&gt;&lt;/td&gt;&#xd;
				&lt;td&gt;Gender: &lt;lookup class=&quot;value&quot; expression=&quot;patient.gender&quot;/&gt;&lt;/td&gt;&#xd;
				&lt;td&gt;Birthdate: &lt;lookup class=&quot;value&quot; complexExpression=&quot;#if( \$patient.birthdateEstimated ) ~#end&quot;/&gt; &lt;lookup class=&quot;value&quot; expression=&quot;patient.birthdate&quot;/&gt;&#xd;
				&lt;/td&gt;&#xd;
			&lt;/tr&gt;&#xd;
		&lt;/table&gt;&#xd;
	&lt;/div&gt;&#xd;
&#xd;
	&lt;div class=&quot;encounter-details&quot;&gt;&#xd;
		&lt;table class=&quot;baseline-aligned&quot; width=&quot;100%&quot;&gt;&#xd;
			&lt;tr&gt;&#xd;
				&lt;td&gt;Date: &lt;encounterDate default=&quot;now&quot; showTime=&quot;true&quot;/&gt;&lt;/td&gt;&#xd;
				&lt;td&gt;Provider: &lt;encounterProviderAndRole encounterRole=&quot;a0b03050-c99b-11e0-9572-0800200c9a66&quot; default=&quot;currentUser&quot; required=&quot;true&quot;/&gt;&lt;/td&gt;&#xd;
				&lt;td&gt;Location: &lt;encounterLocation default=&quot;GlobalProperty:kenyaemr.defaultLocation&quot;/&gt;&lt;/td&gt;&#xd;
			&lt;/tr&gt;&#xd;
		&lt;/table&gt;&#xd;
	&lt;/div&gt;&#xd;
&#xd;
&#xd;
&lt;fieldset&gt;&#xd;
        List all previous pregnancies:&#xd;
        &lt;table&gt;&#xd;
                &lt;tr&gt;&#xd;
                      &lt;td&gt;&#xd;
                            &lt;table style=&quot;width: 100%; height: 44px;&quot; border=&quot;0&quot; align=&quot;center&quot;&gt;&#xd;
                                &lt;tr&gt;&#xd;
                                    &lt;td width=&quot;10%&quot; style=&quot;background-color: #696969; color: #ffffff;&quot;&gt;#&lt;/td&gt;&#xd;
                                    &lt;td width=&quot;30%&quot; style=&quot;background-color: #696969; color: #ffffff;&quot;&gt;Year of Pregnancy&lt;/td&gt;&#xd;
                                    &lt;td width=&quot;30%&quot; style=&quot;background-color: #696969; color: #ffffff;&quot;&gt;Outcome&lt;/td&gt;&#xd;
                                    &lt;td width=&quot;30%&quot;&gt; &lt;/td&gt;&#xd;
                                &lt;/tr&gt;&#xd;
                             &lt;repeat&gt;&#xd;
                                &lt;template&gt;&#xd;
                                  &lt;obsgroup groupingConceptId=&quot;160593AAAAAAAAAAAAAAAAAAAAAAAAAAAAAA&quot;&gt;&#xd;
                                &lt;tr&gt;&#xd;
                                    &lt;td&gt;##. &lt;/td&gt;&#xd;
                                    &lt;td&gt;&lt;input type=&quot;text&quot; size=&quot;20&quot; value=&quot;Date TODO&quot; /&gt;&lt;/td&gt;&#xd;
                                    &lt;td&gt;&lt;input type=&quot;text&quot; size=&quot;20&quot; value=&quot;Date TODO&quot; /&gt;&lt;/td&gt;&#xd;
                                    &lt;td&gt; &lt;/td&gt;&#xd;
                                &lt;/tr&gt;&#xd;
                                  &lt;/obsgroup&gt;&#xd;
                                &lt;/template&gt;&#xd;
                                     &lt;render concept=&quot; &quot; /&gt;&#xd;
                                     &lt;render concept=&quot; &quot; /&gt;&#xd;
                                     &lt;render concept=&quot; &quot; /&gt;&#xd;
                                     &lt;render concept=&quot; &quot; /&gt;&#xd;
                                     &lt;render concept=&quot; &quot; /&gt;&#xd;
                                     &lt;render concept=&quot; &quot; /&gt;&#xd;
                                     &lt;render concept=&quot; &quot; /&gt;&#xd;
                                     &lt;render concept=&quot; &quot; /&gt;&#xd;
                                     &lt;render concept=&quot; &quot; /&gt;&#xd;
                                     &lt;render concept=&quot; &quot; /&gt;&#xd;
                                     &lt;render concept=&quot; &quot; /&gt;&#xd;
                                     &lt;render concept=&quot; &quot; /&gt;&#xd;
                                     &lt;render concept=&quot; &quot; /&gt;&#xd;
                                     &lt;render concept=&quot; &quot; /&gt;&#xd;
                                     &lt;render concept=&quot; &quot; /&gt;&#xd;
                             &lt;/repeat&gt;&#xd;
                            &lt;/table&gt;&#xd;
                      &lt;/td&gt;&#xd;
                &lt;/tr&gt;&#xd;
        &lt;/table&gt;&#xd;
    &lt;/fieldset&gt;	&#xd;
&lt;div align=&quot;center&quot;&gt;&#xd;
	&lt;submit /&gt;&#xd;
&lt;/div&gt;&#xd;
&lt;/htmlform&gt;</xmlData>
    <dependencies class="set" id="45">
      <org.openmrs.EncounterRole reference="14"/>
    </dependencies>
  </org.openmrs.module.htmlformentry.HtmlForm>
  <org.openmrs.module.htmlformentry.HtmlForm id="46" uuid="1a2bf46f-dffc-404f-9df3-96dacc394c49">
    <creator/>
    <dateCreated id="47">2012-06-26 06:25:19</dateCreated>
    <changedBy/>
    <dateChanged id="48">2012-07-12 06:57:17</dateChanged>
    <retired>false</retired>
    <id>20</id>
    <form id="49" resolves-to="org.openmrs.Form" uuid="e4b506c1-7379-42b6-a374-284469cba8da">
      <name>HIV Program Enrollment</name>
      <creator/>
      <dateCreated id="51">2012-06-26 06:25:19</dateCreated>
      <dateChanged id="52">2012-06-26 06:35:19</dateChanged>
      <retired>false</retired>
      <formId>20</formId>
      <version>0.1</version>
      <published>true</published>
      <encounterType id="53" resolves-to="org.openmrs.EncounterType" uuid="de78a6be-bfc5-4634-adc3-5f1a280455cc">
        <name>HIV Registration</name>
        <description>Initial data collection for the HIV program</description>
        <creator/>
        <dateCreated id="55">2012-06-26 06:15:01</dateCreated>
        <retired>false</retired>
        <encounterTypeId>9</encounterTypeId>
      </encounterType>
      <formFields id="56"/>
    </form>
    <xmlData>&lt;htmlform&gt;&#xd;
	&lt;style&gt;&#xd;
		table.baseline-aligned td {&#xd;
			vertical-align: baseline;&#xd;
		}&#xd;
		table.right-first td:first-child {&#xd;
			text-align: right;&#xd;
		}&#xd;
	&lt;/style&gt;&#xd;
&#xd;
	&lt;div class=&quot;patient-details&quot;&gt;&#xd;
		&lt;table class=&quot;baseline-aligned&quot; width=&quot;100%&quot;&gt;&#xd;
			&lt;tr&gt;&#xd;
				&lt;td&gt;Name: &lt;lookup class=&quot;value&quot; expression=&quot;patient.personName&quot;/&gt;&lt;/td&gt;&#xd;
				&lt;td&gt;Gender: &lt;lookup class=&quot;value&quot; expression=&quot;patient.gender&quot;/&gt;&lt;/td&gt;&#xd;
				&lt;td&gt;Birthdate: &lt;lookup class=&quot;value&quot; complexExpression=&quot;#if( \$patient.birthdateEstimated ) ~#end&quot;/&gt; &lt;lookup class=&quot;value&quot; expression=&quot;patient.birthdate&quot;/&gt;&#xd;
				&lt;/td&gt;&#xd;
			&lt;/tr&gt;&#xd;
		&lt;/table&gt;&#xd;
	&lt;/div&gt;&#xd;
&#xd;
	Unique Patient Number: TODO&#xd;
&#xd;
	&lt;fieldset&gt;&#xd;
		&lt;legend&gt;At &lt;i&gt;This&lt;/i&gt; Facility&lt;/legend&gt;&#xd;
		&lt;table width=&quot;100%&quot;&gt;&#xd;
			&lt;tr&gt;&#xd;
				&lt;td&gt;Enrollment Date: &lt;encounterDate default=&quot;now&quot; showTime=&quot;true&quot;/&gt;&lt;/td&gt;&#xd;
				&lt;td&gt;&#xd;
					by: &lt;encounterProviderAndRole encounterRole=&quot;a0b03050-c99b-11e0-9572-0800200c9a66&quot; default=&quot;currentUser&quot; required=&quot;true&quot;/&gt; &lt;br/&gt;&#xd;
					at: &lt;encounterLocation default=&quot;GlobalProperty:kenyaemr.defaultLocation&quot;/&gt;&#xd;
				&lt;/td&gt;&#xd;
			&lt;/tr&gt;&#xd;
		&lt;/table&gt;&#xd;
&#xd;
&lt;table class=&quot;baseline-aligned right-first&quot;&gt;&#xd;
	&lt;tr&gt;&#xd;
		&lt;td&gt;What date was patient confirmed HIV+:&lt;/td&gt;&#xd;
		&lt;td&gt;&lt;obs conceptId=&quot;160554AAAAAAAAAAAAAAAAAAAAAAAAAAAAAA&quot;/&gt;&lt;/td&gt;&#xd;
	&lt;/tr&gt;&#xd;
	&lt;tr&gt;&#xd;
		&lt;td&gt;Where was confirmation done?&lt;/td&gt;&#xd;
		&lt;td&gt;&lt;!-- encounterLocation type=&quot;autocomplete&quot;/ conceptId=&quot;159936&quot;--&gt;&lt;obs conceptId=&quot;160632AAAAAAAAAAAAAAAAAAAAAAAAAAAAAA&quot; style=&quot;autocomplete&quot;/&gt;&lt;/td&gt;&#xd;
	&lt;/tr&gt;&#xd;
	&lt;tr&gt;&#xd;
		&lt;td&gt;Entry Point:&lt;/td&gt;&#xd;
		&lt;td&gt;&#xd;
			&lt;obs style=&quot;radio&quot; answerSeparator=&quot;&amp;lt;br/&amp;gt;&quot; conceptId=&quot;160540AAAAAAAAAAAAAAAAAAAAAAAAAAAAAA&quot; answerConceptIds=&quot;160528AAAAAAAAAAAAAAAAAAAAAAAAAAAAAA,160536AAAAAAAAAAAAAAAAAAAAAAAAAAAAAA,160541AAAAAAAAAAAAAAAAAAAAAAAAAAAAAA,160542AAAAAAAAAAAAAAAAAAAAAAAAAAAAAA,160539AAAAAAAAAAAAAAAAAAAAAAAAAAAAAA,160537AAAAAAAAAAAAAAAAAAAAAAAAAAAAAA,160544AAAAAAAAAAAAAAAAAAAAAAAAAAAAAA,5622AAAAAAAAAAAAAAAAAAAAAAAAAAAAAAAA&quot; answerLabels=&quot;PMTCT,IPD-Ad,TB Clinic,OPD,VCT,IPD-Ch,MCH Child,Other&quot; /&gt;&#xd;
		&lt;/td&gt;&#xd;
	&lt;/tr&gt;&#xd;
&lt;/table&gt;&#xd;
	&lt;/fieldset&gt;&#xd;
&#xd;
&lt;br/&gt;&#xd;
&#xd;
&lt;fieldset&gt;&#xd;
    &lt;legend&gt;Treatment Supporter&lt;/legend&gt;&#xd;
                     &lt;table&gt;&#xd;
                       &lt;tr&gt;&#xd;
                              &lt;td style=&quot;text-align: left;&quot;&gt;Name:&lt;/td&gt;&#xd;
                              &lt;td&gt;&lt;obs conceptId=&quot;160638AAAAAAAAAAAAAAAAAAAAAAAAAAAAAA&quot; size=&quot;40&quot;/&gt;&lt;/td&gt;&#xd;
                       &lt;/tr&gt;&#xd;
                       &lt;tr&gt;&#xd;
                              &lt;td style=&quot;text-align: left;&quot;&gt;Relationship:&lt;/td&gt;&#xd;
                              &lt;td&gt;&lt;obs conceptId=&quot;160640AAAAAAAAAAAAAAAAAAAAAAAAAAAAAA&quot;/&gt;&lt;/td&gt;&#xd;
                       &lt;/tr&gt;&#xd;
                       &lt;tr&gt;&#xd;
                              &lt;td style=&quot;text-align: left;&quot;&gt;Postal Address:&lt;/td&gt;&#xd;
                              &lt;td&gt;&lt;obs conceptId=&quot;160641AAAAAAAAAAAAAAAAAAAAAAAAAAAAAA&quot;/&gt;&lt;/td&gt;&#xd;
                       &lt;/tr&gt;&#xd;
                       &lt;tr&gt;&#xd;
                              &lt;td style=&quot;text-align: left;&quot;&gt;Telephone number:&lt;/td&gt;&#xd;
                              &lt;td&gt;&lt;obs conceptId=&quot;160642AAAAAAAAAAAAAAAAAAAAAAAAAAAAAA&quot;/&gt;&lt;/td&gt;&#xd;
                       &lt;/tr&gt;&#xd;
                     &lt;/table&gt;&#xd;
&lt;/fieldset&gt;&#xd;
&#xd;
	&lt;br/&gt;&#xd;
&#xd;
	&lt;fieldset&gt;&#xd;
	    &lt;legend&gt;If Transferred from another facility&lt;/legend&gt;&#xd;
             &lt;table&gt;&#xd;
                 &lt;tr&gt;&#xd;
                       &lt;td&gt;Transfer In Date:&lt;/td&gt;&#xd;
                       &lt;td&gt;&lt;obs conceptId=&quot;160534AAAAAAAAAAAAAAAAAAAAAAAAAAAAAA&quot; labelText=&quot; &quot;/&gt;&lt;/td&gt;&#xd;
                 &lt;/tr&gt;&#xd;
                 &lt;tr&gt;&#xd;
                       &lt;td&gt;...from: Facility:&lt;encounterLocation type=&quot;autocomplete&quot;/&gt;&lt;/td&gt;&#xd;
                       &lt;td &gt; District:&lt;encounterLocation type=&quot;autocomplete&quot;/&gt;&lt;/td&gt;&#xd;
                 &lt;/tr&gt;&#xd;
                 &lt;tr&gt;&#xd;
                       &lt;td&gt;Date &lt;i&gt;first&lt;/i&gt; enrolled in HIV care:&lt;/td&gt;&#xd;
                       &lt;td&gt;&lt;obs conceptId=&quot;160555AAAAAAAAAAAAAAAAAAAAAAAAAAAAAA&quot; labelText=&quot; &quot;/&gt;&lt;/td&gt;&#xd;
                 &lt;/tr&gt;&#xd;
                 &lt;tr&gt;&#xd;
                       &lt;td&gt;Date Started ART at transferring facility:&lt;/td&gt;&#xd;
                       &lt;td&gt;&lt;obs conceptId=&quot;159599AAAAAAAAAAAAAAAAAAAAAAAAAAAAAA&quot; labelText=&quot; &quot;/&gt;&lt;/td&gt;&#xd;
                 &lt;/tr&gt;&#xd;
             &lt;/table&gt;&#xd;
	&lt;/fieldset&gt;&#xd;
&#xd;
	&lt;br/&gt;&#xd;
&#xd;
&lt;fieldset &gt;&lt;legend&gt;ART History&lt;/legend&gt;&#xd;
		&lt;table&gt;&#xd;
			&lt;tr&gt;&#xd;
				&lt;td colspan=&quot;2&quot;&gt;&lt;obs conceptId=&quot;160533AAAAAAAAAAAAAAAAAAAAAAAAAAAAAA&quot; labelText=&quot;Has this patient been on ARVs (including PEP &amp;amp; PMTCT)? &quot; style=&quot;yes_no&quot;/&gt; &lt;/td&gt;&#xd;
			&lt;/tr&gt;&#xd;
			&lt;tr&gt;&#xd;
				&lt;td&gt;Purpose:&lt;/td&gt;&#xd;
				&lt;td&gt;&lt;obs labelText=&quot; &quot; conceptId=&quot;1251AAAAAAAAAAAAAAAAAAAAAAAAAAAAAAAA&quot;/&gt;&lt;/td&gt;&#xd;
			&lt;/tr&gt;&#xd;
			&lt;tr&gt;&#xd;
				&lt;td&gt;List of ARV Drug: &lt;/td&gt;&#xd;
				&lt;td&gt;&lt;obs labelText=&quot; &quot; conceptId=&quot;1086AAAAAAAAAAAAAAAAAAAAAAAAAAAAAAAA&quot;/&gt; &lt;/td&gt;&#xd;
			&lt;/tr&gt;&#xd;
			&lt;tr&gt;&#xd;
				&lt;td&gt;Dates Last Used: &lt;/td&gt;&#xd;
				&lt;td&gt;TODO&lt;/td&gt;&#xd;
			&lt;/tr&gt;&#xd;
			&lt;tr&gt;&#xd;
				&lt;td colspan=&quot;2&quot;&gt; &lt;/td&gt;&#xd;
			&lt;/tr&gt;&#xd;
		&lt;/table&gt;&#xd;
	&lt;/fieldset&gt;&#xd;
&#xd;
&#xd;
&#xd;
	&lt;enrollInProgram programId=&quot;dfdc6d40-2f2f-463d-ba90-cc97350441a8&quot;/&gt;&#xd;
&#xd;
	&lt;center&gt;&lt;submit/&gt;&lt;/center&gt;&#xd;
&#xd;
&lt;/htmlform&gt;</xmlData>
    <dependencies class="set" id="57">
      <org.openmrs.EncounterRole reference="14"/>
    </dependencies>
  </org.openmrs.module.htmlformentry.HtmlForm>
  <org.openmrs.module.htmlformentry.HtmlForm id="58" uuid="20811337-f6ea-4f53-8b61-865bb2d73f1c">
    <creator/>
    <dateCreated id="59">2012-07-06 15:30:42</dateCreated>
    <changedBy/>
    <dateChanged id="60">2012-07-10 09:48:30</dateChanged>
    <retired>false</retired>
    <id>23</id>
    <form id="61" resolves-to="org.openmrs.Form" uuid="7efa0ee0-6617-4cd7-8310-9f95dfee7a82">
      <name>Family History</name>
      <creator/>
      <dateCreated id="63">2012-07-06 15:30:42</dateCreated>
      <changedBy/>
      <dateChanged id="64">2012-07-10 06:49:02</dateChanged>
      <retired>false</retired>
      <formId>23</formId>
      <version>0.0.1</version>
      <published>true</published>
      <encounterType id="65" resolves-to="org.openmrs.EncounterType" uuid="de1f9d67-b73e-4e1b-90d0-036166fc6995">
        <name>Registration</name>
        <description>Initial data collection for a patient, not specific to any program.</description>
        <creator/>
        <dateCreated id="67">2012-06-26 06:14:17</dateCreated>
        <retired>false</retired>
        <encounterTypeId>13</encounterTypeId>
      </encounterType>
      <formFields id="68"/>
    </form>
    <xmlData>&lt;htmlform&gt;&#xd;
&#xd;
	&lt;style&gt;&#xd;
		table.baseline-aligned td {&#xd;
			vertical-align: baseline;&#xd;
		}&#xd;
	&lt;/style&gt;&#xd;
&#xd;
	&lt;div class=&quot;patient-details&quot;&gt;&#xd;
		&lt;table class=&quot;baseline-aligned&quot; width=&quot;100%&quot;&gt;&#xd;
			&lt;tr&gt;&#xd;
				&lt;td&gt;Name: &lt;lookup class=&quot;value&quot; expression=&quot;patient.personName&quot;/&gt;&lt;/td&gt;&#xd;
				&lt;td&gt;Gender: &lt;lookup class=&quot;value&quot; expression=&quot;patient.gender&quot;/&gt;&lt;/td&gt;&#xd;
				&lt;td&gt;Birthdate: &lt;lookup class=&quot;value&quot; complexExpression=&quot;#if( \$patient.birthdateEstimated ) ~#end&quot;/&gt; &lt;lookup class=&quot;value&quot; expression=&quot;patient.birthdate&quot;/&gt;&#xd;
				&lt;/td&gt;&#xd;
			&lt;/tr&gt;&#xd;
		&lt;/table&gt;&#xd;
	&lt;/div&gt;&#xd;
&#xd;
	&lt;div class=&quot;encounter-details&quot;&gt;&#xd;
		&lt;table class=&quot;baseline-aligned&quot; width=&quot;100%&quot;&gt;&#xd;
			&lt;tr&gt;&#xd;
				&lt;td&gt;Date: &lt;encounterDate default=&quot;now&quot; showTime=&quot;true&quot;/&gt;&lt;/td&gt;&#xd;
				&lt;td&gt;Provider: &lt;encounterProviderAndRole encounterRole=&quot;a0b03050-c99b-11e0-9572-0800200c9a66&quot; default=&quot;currentUser&quot; required=&quot;true&quot;/&gt;&lt;/td&gt;&#xd;
				&lt;td&gt;Location: &lt;encounterLocation default=&quot;GlobalProperty:kenyaemr.defaultLocation&quot;/&gt;&lt;/td&gt;&#xd;
			&lt;/tr&gt;&#xd;
		&lt;/table&gt;&#xd;
	&lt;/div&gt;&#xd;
&#xd;
&#xd;
&lt;fieldset&gt;&lt;legend&gt;HIV Status of Family Members&lt;/legend&gt;&#xd;
                      &#xd;
                           &lt;table style=&quot;width: 100%; height: 44px;&quot; border=&quot;0&quot; align=&quot;center&quot;&gt;&#xd;
                                &#xd;
                                &lt;tr&gt;&#xd;
                                &lt;td style=&quot;background-color: #696969; color: #ffffff;&quot;&gt;No&lt;/td&gt;&#xd;
                                &lt;td width=&quot;20%&quot; style=&quot;background-color: #696969; color: #ffffff;&quot;&gt;Name of Members&lt;/td&gt;&#xd;
                                &lt;td style=&quot;background-color: #696969; color: #ffffff;&quot;&gt;Age&lt;/td&gt;&#xd;
                                &lt;td style=&quot;background-color: #696969; color: #ffffff;&quot;&gt;Relation&lt;/td&gt;&#xd;
                                &lt;td width=&quot;10%&quot; style=&quot;background-color: #696969; color: #ffffff;&quot;&gt;HIV(P/N/DK)&lt;/td&gt;&#xd;
                                &lt;td width=&quot;10%&quot; style=&quot;background-color: #696969; color: #ffffff;&quot;&gt;In Care?(Y/N)&lt;/td&gt;&#xd;
                                &lt;td style=&quot;background-color: #696969; color: #ffffff;&quot;&gt;CCC Number&lt;/td&gt;&#xd;
                                &lt;td width=&quot;40%&quot;&gt;&lt;/td&gt;&#xd;
                                &lt;/tr&gt;&#xd;
                       &lt;repeat&gt;&#xd;
                        &lt;template&gt;&#xd;
                              &lt;obsgroup groupingConceptId=&quot;160593AAAAAAAAAAAAAAAAAAAAAAAAAAAAAA&quot;&gt;&#xd;
                                &lt;tr&gt;&#xd;
                                    &lt;td&gt;##&lt;/td&gt;&#xd;
                                    &lt;td&gt;&lt;input type=&quot;text&quot; size=&quot;30&quot; value=&quot;TODO&quot; /&gt;&lt;/td&gt;&#xd;
                                    &lt;td&gt;&lt;obs conceptId=&quot;160617AAAAAAAAAAAAAAAAAAAAAAAAAAAAAA&quot; answerLabel=&quot;Age&quot;/&gt;&lt;/td&gt;&#xd;
                                    &lt;td&gt;&lt;obs conceptId=&quot;1560AAAAAAAAAAAAAAAAAAAAAAAAAAAAAAAA&quot; answerConceptIds=&quot;970AAAAAAAAAAAAAAAAAAAAAAAAAAAAAAAAA,971AAAAAAAAAAAAAAAAAAAAAAAAAAAAAAAAA,159772AAAAAAAAAAAAAAAAAAAAAAAAAAAAAA,160273AAAAAAAAAAAAAAAAAAAAAAAAAAAAAA,972AAAAAAAAAAAAAAAAAAAAAAAAAAAAAAAAA,1528AAAAAAAAAAAAAAAAAAAAAAAAAAAAAAAA&quot; answerLabels=&quot;Mother,Father,Grandmother,Grandfather,Sibling,Child&quot;/&gt;&lt;/td&gt;&#xd;
                                    &lt;td&gt;&lt;obs conceptId=&quot;1729AAAAAAAAAAAAAAAAAAAAAAAAAAAAAAAA&quot; answerConceptIds=&quot;1065AAAAAAAAAAAAAAAAAAAAAAAAAAAAAAAA,1066AAAAAAAAAAAAAAAAAAAAAAAAAAAAAAAA,1067AAAAAAAAAAAAAAAAAAAAAAAAAAAAAAAA&quot; style=&quot;radio&quot; answerLabels=&quot;P,N,DK&quot;/&gt;&#xd;
                                          &lt;!-- obs conceptId=&quot;1169&quot; answerConceptIds=&quot;703,664,1067&quot; style=&quot;radio&quot; answerLabels=&quot;P,N,DK&quot;/ --&gt;&lt;/td&gt;&#xd;
                                    &lt;td&gt;&lt;obs conceptId=&quot;159811AAAAAAAAAAAAAAAAAAAAAAAAAAAAAA&quot; answerConceptIds=&quot;1065AAAAAAAAAAAAAAAAAAAAAAAAAAAAAAAA,1065AAAAAAAAAAAAAAAAAAAAAAAAAAAAAAAA&quot; style=&quot;radio&quot; answerLabels=&quot;YES,NO&quot;/&gt;&lt;/td&gt;&#xd;
                                    &lt;td&gt;&lt;input type=&quot;text&quot; size=&quot;20&quot; value=&quot;TODO&quot; /&gt;&lt;/td&gt;&#xd;
                                    &lt;td&gt; &lt;/td&gt;&#xd;
                                &lt;/tr&gt;&#xd;
                              &lt;/obsgroup&gt;&#xd;
                         &lt;/template&gt;&#xd;
                            &lt;render concept=&quot; &quot; /&gt;&#xd;
                            &lt;render concept=&quot; &quot; /&gt;&#xd;
                            &lt;render concept=&quot; &quot; /&gt;&#xd;
                            &lt;render concept=&quot; &quot; /&gt;&#xd;
                            &lt;render concept=&quot; &quot; /&gt;&#xd;
                            &lt;render concept=&quot; &quot; /&gt;&#xd;
                            &lt;render concept=&quot; &quot; /&gt;&#xd;
                            &lt;render concept=&quot; &quot; /&gt;&#xd;
                            &lt;render concept=&quot; &quot; /&gt;&#xd;
                            &lt;render concept=&quot; &quot; /&gt;&#xd;
                      &lt;/repeat&gt;&#xd;
                            &lt;/table&gt;&#xd;
    &lt;/fieldset&gt;&#xd;
&lt;div align=&quot;center&quot;&gt;&#xd;
	&lt;submit /&gt;&#xd;
&lt;/div&gt;&#xd;
&lt;/htmlform&gt;</xmlData>
    <dependencies class="set" id="69">
      <org.openmrs.EncounterRole reference="14"/>
    </dependencies>
  </org.openmrs.module.htmlformentry.HtmlForm>
  <org.openmrs.module.htmlformentry.HtmlForm id="70" uuid="c86ccf44-06de-4304-91c1-00f83bc9b001">
    <creator/>
    <dateCreated id="71">2012-06-30 17:30:41</dateCreated>
    <changedBy/>
    <dateChanged id="72">2012-07-06 08:32:32</dateChanged>
    <retired>false</retired>
    <id>21</id>
    <form id="73" resolves-to="org.openmrs.Form" uuid="e3237ede-fa70-451f-9e6c-0908bc39f8b9">
      <name>HIV Program Discontinuation</name>
      <description>Discontinuation of HIV care, for a variety of possible reasons</description>
      <creator/>
      <dateCreated id="75">2012-06-30 17:30:41</dateCreated>
      <changedBy/>
      <dateChanged id="76">2012-07-05 16:36:27</dateChanged>
      <retired>false</retired>
      <formId>21</formId>
      <version>0.1</version>
      <published>true</published>
      <encounterType id="77" resolves-to="org.openmrs.EncounterType" uuid="abfb143c-5b49-41e5-9ead-f47ee4cc57cf">
        <name>Check out</name>
        <description>Recording data as the patient completes a visit.</description>
        <creator/>
        <dateCreated id="79">2012-06-26 06:16:59</dateCreated>
        <retired>false</retired>
        <encounterTypeId>7</encounterTypeId>
      </encounterType>
      <formFields id="80"/>
    </form>
    <xmlData>&lt;htmlform&gt;&#xd;
	&lt;style&gt;&#xd;
		table.baseline-aligned td {&#xd;
			vertical-align: baseline;&#xd;
		}&#xd;
	&lt;/style&gt;&#xd;
&#xd;
	&lt;div class=&quot;patient-details&quot;&gt;&#xd;
		&lt;table class=&quot;baseline-aligned&quot; width=&quot;100%&quot;&gt;&#xd;
			&lt;tr&gt;&#xd;
				&lt;td&gt;Name: &lt;lookup class=&quot;value&quot; expression=&quot;patient.personName&quot;/&gt;&lt;/td&gt;&#xd;
				&lt;td&gt;Gender: &lt;lookup class=&quot;value&quot; expression=&quot;patient.gender&quot;/&gt;&lt;/td&gt;&#xd;
				&lt;td&gt;Birthdate: &lt;lookup class=&quot;value&quot; complexExpression=&quot;#if( \$patient.birthdateEstimated ) ~#end&quot;/&gt; &lt;lookup class=&quot;value&quot; expression=&quot;patient.birthdate&quot;/&gt;&#xd;
				&lt;/td&gt;&#xd;
			&lt;/tr&gt;&#xd;
		&lt;/table&gt;&#xd;
	&lt;/div&gt;&#xd;
&#xd;
	&lt;div class=&quot;encounter-details&quot;&gt;&#xd;
		&lt;table class=&quot;baseline-aligned&quot; width=&quot;100%&quot;&gt;&#xd;
			&lt;tr&gt;&#xd;
				&lt;td&gt;&lt;/td&gt;&#xd;
				&lt;td&gt;&lt;/td&gt;&#xd;
				&lt;td&gt;&lt;/td&gt;&#xd;
			&lt;/tr&gt;&#xd;
		&lt;/table&gt;&#xd;
	&lt;/div&gt;&#xd;
&#xd;
&lt;fieldset&gt;&#xd;
&lt;legend&gt;Discontinue HIV Care&lt;/legend&gt;&#xd;
		&lt;table class=&quot;baseline-aligned&quot; width=&quot;100%&quot;&gt;&#xd;
			&lt;tr&gt;&#xd;
				&lt;td&gt;Date:&lt;/td&gt;&#xd;
				&lt;td&gt; &lt;encounterDate default=&quot;now&quot; showTime=&quot;false&quot;/&gt;&lt;/td&gt;&#xd;
			&lt;/tr&gt;&#xd;
			&lt;tr&gt;&#xd;
				&lt;td&gt;Reason:&lt;/td&gt;&#xd;
				&lt;td&gt;&#xd;
                                      &lt;select&gt;&#xd;
                                                &lt;option value=&quot;1&quot;&gt;&lt;/option&gt;&#xd;
                                                &lt;option value=&quot;2&quot;&gt;Patient Transfered Out&lt;/option&gt;&#xd;
                                                &lt;option value=&quot;3&quot;&gt;Patient Died&lt;/option&gt;&#xd;
                                      &lt;/select&gt;&#xd;
                                &lt;/td&gt;&#xd;
			&lt;/tr&gt;&#xd;
			&lt;tr&gt;&#xd;
				&lt;td width=&quot;15%&quot;&gt;(if transfer out) &lt;br/&gt;Transfer to Facility:&lt;/td&gt;&#xd;
				&lt;td &gt;&lt;obs conceptId=&quot;159495AAAAAAAAAAAAAAAAAAAAAAAAAAAAAA&quot; labelText=&quot; &quot;/&gt;&lt;/td&gt;&#xd;
			&lt;/tr&gt;&#xd;
		&lt;/table&gt;&#xd;
&lt;br/&gt;&#xd;
&lt;br/&gt;&#xd;
&lt;hr/&gt;&#xd;
Signed by &lt;encounterProviderAndRole encounterRole=&quot;a0b03050-c99b-11e0-9572-0800200c9a66&quot; default=&quot;currentUser&quot; required=&quot;true&quot;/&gt;&#xd;
at &lt;encounterLocation default=&quot;GlobalProperty:kenyaemr.defaultLocation&quot;/&gt;&#xd;
&lt;br/&gt;&#xd;
&lt;br/&gt;&#xd;
&#xd;
&lt;completeProgram programId=&quot;dfdc6d40-2f2f-463d-ba90-cc97350441a8&quot;/&gt;&#xd;
&#xd;
&lt;submit/&gt;&#xd;
&lt;/fieldset&gt;&#xd;
&#xd;
&lt;/htmlform&gt;</xmlData>
    <dependencies class="set" id="81">
      <org.openmrs.EncounterRole reference="14"/>
    </dependencies>
  </org.openmrs.module.htmlformentry.HtmlForm>
  <org.openmrs.module.htmlformentry.HtmlForm id="82" uuid="d2e1aa72-abc0-4cbf-be1b-33854994f276">
    <creator/>
    <dateCreated id="83">2012-06-26 07:31:44</dateCreated>
    <changedBy/>
    <dateChanged id="84">2012-07-06 06:56:55</dateChanged>
    <retired>false</retired>
    <id>16</id>
    <form id="85" resolves-to="org.openmrs.Form" uuid="7e603909-9ed5-4d0c-a688-26ecb05d8b6e">
      <name>Lab Results</name>
      <creator/>
      <dateCreated id="87">2012-06-26 07:31:44</dateCreated>
      <changedBy/>
      <dateChanged id="88">2012-07-06 06:24:21</dateChanged>
      <retired>false</retired>
      <formId>16</formId>
      <version>0.0.1</version>
      <published>true</published>
      <encounterType reference="23"/>
      <formFields id="89"/>
    </form>
    <xmlData>&lt;htmlform&gt;&#xd;
&#xd;
&#xd;
	&lt;style&gt;&#xd;
		table.baseline-aligned td {&#xd;
			vertical-align: baseline;&#xd;
		}&#xd;
	&lt;/style&gt;&#xd;
&#xd;
	&lt;div class=&quot;patient-details&quot;&gt;&#xd;
		&lt;table class=&quot;baseline-aligned&quot; width=&quot;100%&quot;&gt;&#xd;
			&lt;tr&gt;&#xd;
				&lt;td&gt;Name: &lt;lookup class=&quot;value&quot; expression=&quot;patient.personName&quot;/&gt;&lt;/td&gt;&#xd;
				&lt;td&gt;Gender: &lt;lookup class=&quot;value&quot; expression=&quot;patient.gender&quot;/&gt;&lt;/td&gt;&#xd;
				&lt;td&gt;Birthdate: &lt;lookup class=&quot;value&quot; complexExpression=&quot;#if( \$patient.birthdateEstimated ) ~#end&quot;/&gt; &lt;lookup class=&quot;value&quot; expression=&quot;patient.birthdate&quot;/&gt;&#xd;
				&lt;/td&gt;&#xd;
			&lt;/tr&gt;&#xd;
		&lt;/table&gt;&#xd;
	&lt;/div&gt;&#xd;
&#xd;
	&lt;div class=&quot;encounter-details&quot;&gt;&#xd;
		&lt;table class=&quot;baseline-aligned&quot; width=&quot;100%&quot;&gt;&#xd;
			&lt;tr&gt;&#xd;
				&lt;td&gt;Date: &lt;encounterDate default=&quot;now&quot; showTime=&quot;true&quot;/&gt;&lt;/td&gt;&#xd;
				&lt;td&gt;Provider: &lt;encounterProviderAndRole encounterRole=&quot;a0b03050-c99b-11e0-9572-0800200c9a66&quot; default=&quot;currentUser&quot; required=&quot;true&quot;/&gt;&lt;/td&gt;&#xd;
				&lt;td&gt;Location: &lt;encounterLocation default=&quot;GlobalProperty:kenyaemr.defaultLocation&quot;/&gt;&lt;/td&gt;&#xd;
			&lt;/tr&gt;&#xd;
		&lt;/table&gt;&#xd;
	&lt;/div&gt;&#xd;
&#xd;
&#xd;
&lt;table style=&quot;width: 100%; height: 44px;&quot; border=&quot;0&quot; align=&quot;center&quot;&gt;&#xd;
&lt;tbody&gt;&#xd;
&lt;tr&gt;&#xd;
&lt;td style=&quot;font-family: Trebuchet MS,serif; font-size: text-align: left;&quot;&gt;&#xd;
	&lt;fieldset &gt;&#xd;
		&lt;table&gt;&#xd;
			&lt;tr&gt;&#xd;
				&lt;td&gt;Type of Lab Test:&lt;/td&gt;&#xd;
				&lt;td&gt;&#xd;
                                       &lt;select&gt;&#xd;
                                                 &lt;option value=&quot;1&quot;&gt;&lt;/option&gt;&#xd;
                                                 &lt;option value=&quot;3&quot;&gt;HIV Testing&lt;/option&gt;&#xd;
                                                 &lt;option value=&quot;4&quot;&gt;TB Testing&lt;/option&gt;&#xd;
                                                 &lt;option value=&quot;2&quot;&gt;Malaria Test&lt;/option&gt;&#xd;
                                        &lt;/select&gt; &#xd;
                                &lt;/td&gt;&#xd;
			&lt;/tr&gt;&#xd;
			&lt;tr&gt;&#xd;
				&lt;td&gt;Date of Order:&lt;/td&gt;&#xd;
				&lt;td&gt;&lt;input type=&quot;text&quot; value=&quot;Date of Order&quot; /&gt;&lt;/td&gt;&#xd;
			&lt;/tr&gt;&#xd;
			&lt;tr&gt;&#xd;
				&lt;td&gt;View Lab Results:&lt;/td&gt;&#xd;
				&lt;td&gt;&lt;input type=&quot;text&quot; value=&quot;View Lab Results&quot; /&gt;&lt;/td&gt;&#xd;
			&lt;/tr&gt;&#xd;
		&lt;/table&gt;&#xd;
	&lt;/fieldset&gt;&#xd;
&lt;/td&gt;&#xd;
&lt;/tr&gt;&#xd;
&lt;tr&gt;&#xd;
&lt;td style=&quot;border: 1px solid #000099; font-family: Trebuchet MS,serif; text-align: center;&quot;&gt;&lt;submit/&gt;&lt;/td&gt;&#xd;
&lt;/tr&gt;&#xd;
&lt;/tbody&gt;&#xd;
&lt;/table&gt;&#xd;
&#xd;
&lt;!-- END OF FORM&#xd;
&#xd;
Simple examples to copy-and-paste. Full reference at http://wiki.openmrs.org/x/kg8z&#xd;
&#xd;
--&gt;&#xd;
&lt;/htmlform&gt;</xmlData>
    <dependencies class="set" id="90">
      <org.openmrs.EncounterRole reference="14"/>
    </dependencies>
  </org.openmrs.module.htmlformentry.HtmlForm>
  <org.openmrs.module.htmlformentry.HtmlForm id="91" uuid="0bdf9eac-edd5-4af9-a8d8-67e5613dca0d">
    <creator/>
    <dateCreated id="92">2012-06-23 13:36:26</dateCreated>
    <changedBy/>
    <dateChanged id="93">2012-07-10 09:58:31</dateChanged>
    <retired>false</retired>
    <id>12</id>
    <form id="94" resolves-to="org.openmrs.Form" uuid="59ed8e62-7f1f-40ae-a2e3-eabe350277ce">
      <name>TB Screening</name>
      <description>The patient&apos;s TB details is recorded here</description>
      <creator/>
      <dateCreated id="96">2012-06-23 13:36:26</dateCreated>
      <changedBy/>
      <dateChanged id="97">2012-07-10 06:48:46</dateChanged>
      <retired>false</retired>
      <formId>12</formId>
      <version>0.0.1</version>
      <published>true</published>
      <encounterType reference="23"/>
      <formFields id="98"/>
    </form>
    <xmlData>&lt;htmlform&gt;&#xd;
	&lt;style&gt;&#xd;
		table.baseline-aligned td {&#xd;
			vertical-align: baseline;&#xd;
		}&#xd;
	&lt;/style&gt;&#xd;
&#xd;
	&lt;div class=&quot;patient-details&quot;&gt;&#xd;
		&lt;table class=&quot;baseline-aligned&quot; width=&quot;100%&quot;&gt;&#xd;
			&lt;tr&gt;&#xd;
				&lt;td&gt;Name: &lt;lookup class=&quot;value&quot; expression=&quot;patient.personName&quot;/&gt;&lt;/td&gt;&#xd;
				&lt;td&gt;Gender: &lt;lookup class=&quot;value&quot; expression=&quot;patient.gender&quot;/&gt;&lt;/td&gt;&#xd;
				&lt;td&gt;Birthdate: &lt;lookup class=&quot;value&quot; complexExpression=&quot;#if( \$patient.birthdateEstimated ) ~#end&quot;/&gt; &lt;lookup class=&quot;value&quot; expression=&quot;patient.birthdate&quot;/&gt;&#xd;
				&lt;/td&gt;&#xd;
			&lt;/tr&gt;&#xd;
		&lt;/table&gt;&#xd;
	&lt;/div&gt;&#xd;
&#xd;
	&lt;div class=&quot;encounter-details&quot;&gt;&#xd;
		&lt;table class=&quot;baseline-aligned&quot; width=&quot;100%&quot;&gt;&#xd;
			&lt;tr&gt;&#xd;
				&lt;td&gt;Date: &lt;encounterDate default=&quot;now&quot; showTime=&quot;true&quot;/&gt;&lt;/td&gt;&#xd;
				&lt;td&gt;Provider: &lt;encounterProviderAndRole encounterRole=&quot;a0b03050-c99b-11e0-9572-0800200c9a66&quot; default=&quot;currentUser&quot; required=&quot;true&quot;/&gt;&lt;/td&gt;&#xd;
				&lt;td&gt;Location: &lt;encounterLocation default=&quot;GlobalProperty:kenyaemr.defaultLocation&quot;/&gt;&lt;/td&gt;&#xd;
			&lt;/tr&gt;&#xd;
		&lt;/table&gt;&#xd;
	&lt;/div&gt;&#xd;
&#xd;
&lt;table style=&quot;width: 100%&quot; border=&quot;0&quot; align=&quot;center&quot;&gt;&#xd;
&lt;tbody&gt;&#xd;
&lt;tr&gt;&#xd;
&lt;td style=&quot;font-family: Trebuchet MS,serif;&quot;&gt;&#xd;
	&lt;fieldset &gt;&#xd;
		&lt;table&gt;&#xd;
			&lt;tr&gt;&#xd;
                                &lt;td&gt;Cough for 2 weeks or more:&lt;/td&gt;&#xd;
			        &lt;td&gt;&lt;obs conceptId=&quot;1659AAAAAAAAAAAAAAAAAAAAAAAAAAAAAAAA&quot; labelText=&quot; &quot; answerConceptIds=&quot;1065AAAAAAAAAAAAAAAAAAAAAAAAAAAAAAAA,1066AAAAAAAAAAAAAAAAAAAAAAAAAAAAAAAA&quot; style=&quot;radio&quot; answerLabels=&quot;Yes,No&quot; /&gt;&lt;/td&gt;&#xd;
			&lt;/tr&gt;&#xd;
			&lt;tr&gt;&#xd;
                                &lt;td&gt;History of close contact with confirmed TB or Chronic cough?&lt;/td&gt;&#xd;
			        &lt;td&gt;&lt;obs conceptId=&quot;1659AAAAAAAAAAAAAAAAAAAAAAAAAAAAAAAA&quot; labelText=&quot; &quot; answerConceptIds=&quot;1065AAAAAAAAAAAAAAAAAAAAAAAAAAAAAAAA,1066AAAAAAAAAAAAAAAAAAAAAAAAAAAAAAAA&quot; style=&quot;radio&quot; answerLabels=&quot;Yes,No&quot; /&gt;&lt;/td&gt;&#xd;
			&lt;/tr&gt;&#xd;
			&lt;tr&gt;&#xd;
                                &lt;td&gt;Fever for 2 weeks or more:&lt;/td&gt;&#xd;
			        &lt;td&gt;&lt;obs conceptId=&quot;1659AAAAAAAAAAAAAAAAAAAAAAAAAAAAAAAA&quot; labelText=&quot; &quot; answerConceptIds=&quot;1065AAAAAAAAAAAAAAAAAAAAAAAAAAAAAAAA,1066AAAAAAAAAAAAAAAAAAAAAAAAAAAAAAAA&quot; style=&quot;radio&quot; answerLabels=&quot;Yes,No&quot; /&gt;&lt;/td&gt;&#xd;
			&lt;/tr&gt;&#xd;
			&lt;tr&gt;&#xd;
                                &lt;td&gt;Noticeable weight loss:&lt;/td&gt;&#xd;
			        &lt;td&gt;&lt;obs conceptId=&quot;1659AAAAAAAAAAAAAAAAAAAAAAAAAAAAAAAA&quot; labelText=&quot; &quot; answerConceptIds=&quot;1065AAAAAAAAAAAAAAAAAAAAAAAAAAAAAAAA,1066AAAAAAAAAAAAAAAAAAAAAAAAAAAAAAAA&quot; style=&quot;radio&quot; answerLabels=&quot;Yes,No&quot; /&gt;&lt;/td&gt;&#xd;
			&lt;/tr&gt;&#xd;
			&lt;tr&gt;&#xd;
                                &lt;td&gt;Chest Pain or Breathlessness:&lt;/td&gt;&#xd;
			        &lt;td&gt;&lt;obs conceptId=&quot;1659AAAAAAAAAAAAAAAAAAAAAAAAAAAAAAAA&quot; labelText=&quot; &quot; answerConceptIds=&quot;1065AAAAAAAAAAAAAAAAAAAAAAAAAAAAAAAA,1066AAAAAAAAAAAAAAAAAAAAAAAAAAAAAAAA&quot; style=&quot;radio&quot; answerLabels=&quot;Yes,No&quot; /&gt;&lt;/td&gt;&#xd;
			&lt;/tr&gt;&#xd;
			&lt;tr&gt;&#xd;
                                &lt;td&gt;Night sweat for 2 weeks or more&lt;/td&gt;&#xd;
			        &lt;td&gt;&lt;obs conceptId=&quot;1659AAAAAAAAAAAAAAAAAAAAAAAAAAAAAAAA&quot; labelText=&quot; &quot; answerConceptIds=&quot;1065AAAAAAAAAAAAAAAAAAAAAAAAAAAAAAAA,1066AAAAAAAAAAAAAAAAAAAAAAAAAAAAAAAA&quot; style=&quot;radio&quot; answerLabels=&quot;Yes,No&quot; /&gt;&lt;/td&gt;&#xd;
			&lt;/tr&gt;&#xd;
			&lt;tr&gt;&#xd;
				&lt;td colspan=&quot;2&quot;&gt;&lt;hr/&gt;&lt;/td&gt;&#xd;
			&lt;/tr&gt;&#xd;
			&lt;tr&gt;&#xd;
				&lt;td colspan=&quot;2&quot;&gt;&#xd;
                                              &lt;obs conceptId=&quot;1659AAAAAAAAAAAAAAAAAAAAAAAAAAAAAAAA&quot; labelText=&quot;Resulting TB Status:&quot; answerConceptIds=&quot;1660AAAAAAAAAAAAAAAAAAAAAAAAAAAAAAAA,142177AAAAAAAAAAAAAAAAAAAAAAAAAAAAAA,1662AAAAAAAAAAAAAAAAAAAAAAAAAAAAAAAA,1663AAAAAAAAAAAAAAAAAAAAAAAAAAAAAAAA&quot; style=&quot;radio&quot; answerLabels=&quot;No Signs,Suspect,TB Rx,Not Done&quot; /&gt;&#xd;
                                &lt;/td&gt;&#xd;
			&lt;/tr&gt;&#xd;
                        &lt;tr&gt;&#xd;
                                &lt;td width=&quot;30%&quot; style=&quot;text-align: left&quot;&gt;&lt;obs  conceptId=&quot;1113AAAAAAAAAAAAAAAAAAAAAAAAAAAAAAAA&quot; labelText=&quot;TB Rx date: &quot;/&gt; &lt;/td&gt;&#xd;
                                &lt;td&gt;TB Rx#: TODO&lt;/td&gt;&#xd;
                        &lt;/tr&gt;&#xd;
		&lt;/table&gt;&#xd;
	&lt;/fieldset&gt;&#xd;
&lt;/td&gt;&#xd;
&lt;/tr&gt;&#xd;
&lt;tr&gt;&#xd;
&lt;td style=&quot;border: 1px solid #000099; font-family: Trebuchet MS,serif; text-align: center;&quot;&gt;&lt;submit/&gt;&lt;/td&gt;&#xd;
&lt;/tr&gt;&#xd;
&lt;/tbody&gt;&#xd;
&lt;/table&gt;&#xd;
&#xd;
&lt;!-- END OF FORM&#xd;
--&gt;&#xd;
&lt;/htmlform&gt;</xmlData>
    <dependencies class="set" id="99">
      <org.openmrs.EncounterRole reference="14"/>
    </dependencies>
  </org.openmrs.module.htmlformentry.HtmlForm>
  <org.openmrs.module.htmlformentry.HtmlForm id="100" uuid="efc6b2ad-9573-4350-9e23-915a6a9a3c54">
    <creator/>
    <dateCreated id="101">2012-07-05 08:43:50</dateCreated>
    <changedBy/>
    <dateChanged id="102">2012-07-10 13:24:37</dateChanged>
    <retired>false</retired>
    <id>22</id>
    <form id="103" resolves-to="org.openmrs.Form" uuid="bd598114-4ef4-47b1-a746-a616180ccfc0">
      <name>Clinical Encounter - HIV addendum</name>
      <description>Additions for the merging of the forms  IMPRESSIONS AND DIAGNOSES, DECISION POINTS and TREATMENT INTERRUPTION (maybe)</description>
      <creator/>
      <dateCreated id="105">2012-07-05 08:43:50</dateCreated>
      <changedBy/>
      <dateChanged id="106">2012-07-05 16:36:13</dateChanged>
      <retired>false</retired>
      <formId>22</formId>
      <version>0.0.1</version>
      <published>true</published>
      <encounterType id="107" resolves-to="org.openmrs.EncounterType" uuid="a0034eee-1940-4e35-847f-97537a35d05e">
        <name>HIV Consultation</name>
        <description>Collection of HIV-specific data during the main consultation</description>
        <creator/>
        <dateCreated id="109">2012-06-26 06:20:28</dateCreated>
        <retired>false</retired>
        <encounterTypeId>10</encounterTypeId>
      </encounterType>
      <formFields id="110"/>
    </form>
    <xmlData>&lt;htmlform&gt;&#xd;
&#xd;
	&lt;style&gt;&#xd;
		fieldset legend {&#xd;
			font-weight: bold;&#xd;
		}&#xd;
		&#xd;
		table.baseline-aligned td {&#xd;
			vertical-align: baseline;&#xd;
		}&#xd;
	&lt;/style&gt;&#xd;
&#xd;
	&lt;div class=&quot;patient-details&quot;&gt;&#xd;
		&lt;table class=&quot;baseline-aligned&quot; width=&quot;100%&quot;&gt;&#xd;
			&lt;tr&gt;&#xd;
				&lt;td&gt;Name: &lt;lookup class=&quot;value&quot; expression=&quot;patient.personName&quot;/&gt;&lt;/td&gt;&#xd;
				&lt;td&gt;Gender: &lt;lookup class=&quot;value&quot; expression=&quot;patient.gender&quot;/&gt;&lt;/td&gt;&#xd;
				&lt;td&gt;Birthdate: &lt;lookup class=&quot;value&quot; complexExpression=&quot;#if( \$patient.birthdateEstimated ) ~#end&quot;/&gt; &lt;lookup class=&quot;value&quot; expression=&quot;patient.birthdate&quot;/&gt;&#xd;
				&lt;/td&gt;&#xd;
			&lt;/tr&gt;&#xd;
		&lt;/table&gt;&#xd;
	&lt;/div&gt;&#xd;
&#xd;
	&lt;div class=&quot;encounter-details&quot;&gt;&#xd;
		&lt;table class=&quot;baseline-aligned&quot; width=&quot;100%&quot;&gt;&#xd;
			&lt;tr&gt;&#xd;
				&lt;td&gt;Date: &lt;encounterDate default=&quot;now&quot; showTime=&quot;true&quot;/&gt;&lt;/td&gt;&#xd;
				&lt;td&gt;Provider: &lt;encounterProviderAndRole encounterRole=&quot;a0b03050-c99b-11e0-9572-0800200c9a66&quot; default=&quot;currentUser&quot; required=&quot;true&quot;/&gt;&lt;/td&gt;&#xd;
				&lt;td&gt;Location: &lt;encounterLocation default=&quot;GlobalProperty:kenyaemr.defaultLocation&quot;/&gt;&lt;/td&gt;&#xd;
			&lt;/tr&gt;&#xd;
		&lt;/table&gt;&#xd;
	&lt;/div&gt;&#xd;
&#xd;
&#xd;
&lt;table style=&quot;width: 100%; height: 44px;&quot; border=&quot;0&quot; align=&quot;center&quot;&gt;&#xd;
&lt;tbody&gt;&#xd;
&#xd;
&lt;!-- IMPRESSIONS AND DIAGNOSES --&gt;&#xd;
&#xd;
&lt;tr&gt;&#xd;
&lt;td style=&quot;font-family: Trebuchet MS,serif; text-align: left;&quot;&gt;&#xd;
	&lt;fieldset &gt;&lt;legend&gt;Impressions &amp;amp; Diagnoses&lt;/legend&gt;&#xd;
		&lt;table&gt;&#xd;
			&lt;tr&gt;&#xd;
				&lt;td colspan=&quot;2&quot;&gt;Record any Adverse Drug Reactions since the last visit&lt;br/&gt;&#xd;
                                      &lt;table&gt;&#xd;
                                                &lt;tr&gt;&#xd;
                                                    &lt;td style=&quot;background-color: #696969; color: #ffffff;&quot;&gt;##&lt;/td&gt;&#xd;
                                                    &lt;td style=&quot;background-color: #696969; color: #ffffff;&quot;&gt;Date of onset&lt;/td&gt;&#xd;
                                                    &lt;td style=&quot;background-color: #696969; color: #ffffff;&quot;&gt;Reaction&lt;/td&gt;&#xd;
                                                    &lt;td style=&quot;background-color: #696969; color: #ffffff;&quot;&gt;Grading&lt;/td&gt;&#xd;
                                                    &lt;td style=&quot;background-color: #696969; color: #ffffff;&quot;&gt;Causative agent&lt;/td&gt;&#xd;
                                                &lt;/tr&gt;&#xd;
                                                &lt;repeat&gt;&#xd;
                                                &lt;template&gt;&#xd;
                                                &lt;obsgroup groupingConceptId=&quot;160647AAAAAAAAAAAAAAAAAAAAAAAAAAAAAA&quot;&gt;&#xd;
                                                &lt;tr&gt;&#xd;
                                                    &lt;td&gt;##.&lt;/td&gt;&#xd;
                                                    &lt;td&gt;&lt;input type=&quot;text&quot; value=&quot;TODO&quot; /&gt;&lt;/td&gt;&#xd;
                                                    &lt;td&gt;&lt;obs conceptId=&quot;160644AAAAAAAAAAAAAAAAAAAAAAAAAAAAAA&quot; labelText=&quot; &quot; /&gt;&lt;/td&gt;&#xd;
                                                    &lt;td&gt;&lt;input type=&quot;text&quot; value=&quot;TODO&quot; /&gt;&lt;/td&gt;&#xd;
                                                    &lt;td&gt;&lt;input type=&quot;text&quot; value=&quot;TODO&quot; /&gt;&lt;/td&gt;&#xd;
                                                &lt;/tr&gt;&#xd;
                                                &lt;/obsgroup&gt;&#xd;
                                                &lt;/template&gt;&#xd;
                                                &lt;render concept=&quot; &quot; /&gt;&#xd;
                                                &lt;render concept=&quot; &quot; /&gt;&#xd;
                                                &lt;render concept=&quot; &quot; /&gt;&#xd;
                                                &lt;render concept=&quot; &quot; /&gt;&#xd;
                                                &lt;/repeat&gt;&#xd;
                                      &lt;/table&gt;&lt;hr/&gt;&#xd;
                                &lt;/td&gt;&#xd;
			&lt;/tr&gt;&#xd;
			&lt;tr&gt;&#xd;
				&lt;td&gt;Diagnoses (using terminology like SNOMED/ICD?) &lt;/td&gt;&#xd;
				&lt;td&gt;&lt;obs conceptId=&quot;6042AAAAAAAAAAAAAAAAAAAAAAAAAAAAAAAA&quot; answerClasses=&quot;Diagnosis&quot; style=&quot;autocomplete&quot;/&gt;&lt;/td&gt;&#xd;
			&lt;/tr&gt;&#xd;
			&lt;tr&gt;&#xd;
				&lt;td&gt;WHO Staging:&lt;/td&gt;&#xd;
				&lt;td&gt;&#xd;
                                       &lt;table&gt;&#xd;
                                               &lt;obsgroup groupingConceptId=&quot;5356AAAAAAAAAAAAAAAAAAAAAAAAAAAAAAAA&quot;&gt;&#xd;
                                                     &lt;tr&gt;             &#xd;
                                                     &lt;td&gt;&lt;strong&gt;Adult&lt;/strong&gt;&lt;obs conceptId=&quot;5356AAAAAAAAAAAAAAAAAAAAAAAAAAAAAAAA&quot; answerConceptIds=&quot;1204AAAAAAAAAAAAAAAAAAAAAAAAAAAAAAAA,1205AAAAAAAAAAAAAAAAAAAAAAAAAAAAAAAA,1206AAAAAAAAAAAAAAAAAAAAAAAAAAAAAAAA,1207AAAAAAAAAAAAAAAAAAAAAAAAAAAAAAAA&quot; style=&quot;radio&quot; answerLabels=&quot;WHO Stage1,WHO Stage2,WHO Stage3,WHO Stage4&quot; /&gt;&lt;/td&gt;&#xd;
                                                     &lt;/tr&gt;&#xd;
                                                     &lt;tr&gt;            &#xd;
                                                     &lt;td&gt;&lt;strong&gt;Child&lt;/strong&gt;&lt;obs conceptId=&quot;5356AAAAAAAAAAAAAAAAAAAAAAAAAAAAAAAA&quot; answerConceptIds=&quot;1220AAAAAAAAAAAAAAAAAAAAAAAAAAAAAAAA,1221AAAAAAAAAAAAAAAAAAAAAAAAAAAAAAAA,1222AAAAAAAAAAAAAAAAAAAAAAAAAAAAAAAA,1223AAAAAAAAAAAAAAAAAAAAAAAAAAAAAAAA&quot; style=&quot;radio&quot; answerLabels=&quot;WHO Stage1,WHO Stage2,WHO Stage3,WHO Stage4&quot; /&gt;&lt;/td&gt;&#xd;
                                                     &lt;/tr&gt;&#xd;
                                               &lt;/obsgroup&gt;&#xd;
                                       &lt;/table&gt;&#xd;
                               &lt;/td&gt;&#xd;
			&lt;/tr&gt;&#xd;
		&lt;/table&gt;&#xd;
	&lt;/fieldset&gt;&#xd;
	&lt;br/&gt;&#xd;
&lt;/td&gt;&#xd;
&lt;/tr&gt;&#xd;
&#xd;
&lt;!-- DECISION POINTS --&gt;&#xd;
&#xd;
&lt;tr&gt;&#xd;
&lt;td style=&quot;font-family: Trebuchet MS,serif; text-align: left;&quot;&gt;&#xd;
	&lt;fieldset &gt;&lt;legend&gt;Decision Points&lt;/legend&gt;&#xd;
		&lt;table style=&quot;width: 100%; height: 44px;&quot; border=&quot;0&quot; align=&quot;center&quot;&gt;&#xd;
			&lt;tr&gt;&#xd;
				&lt;td&gt;Start ART?&lt;/td&gt;&#xd;
				&lt;td&gt;&#xd;
                                      &lt;input type=&quot;radio&quot; name=&quot;Start ART&quot; value=&quot;YES&quot; /&gt;Yes&#xd;
                                      &lt;input type=&quot;radio&quot; name=&quot;Start ART&quot; value=&quot;NO&quot; /&gt;No&#xd;
                                &lt;/td&gt;&#xd;
			&lt;/tr&gt;&#xd;
                        &lt;tr&gt;&#xd;
                                &lt;td&gt;Stop ART?&lt;/td&gt;&#xd;
				&lt;td &gt;&#xd;
                                      &lt;input type=&quot;radio&quot; name=&quot;Stop ART&quot; value=&quot;YES&quot; /&gt;Yes&#xd;
                                      &lt;input type=&quot;radio&quot; name=&quot;Stop ART&quot; value=&quot;NO&quot; /&gt;No&#xd;
                                &lt;/td&gt;&#xd;
                        &lt;/tr&gt;&#xd;
                        &lt;tr&gt;&#xd;
                                &lt;td&gt;Refer patient?&lt;/td&gt;&#xd;
				&lt;td&gt;&#xd;
                                      &lt;input type=&quot;radio&quot; name=&quot;Refer patient&quot; value=&quot;YES&quot; /&gt;Yes&#xd;
                                      &lt;input type=&quot;radio&quot; name=&quot;Refer patient&quot; value=&quot;NO&quot; /&gt;No&#xd;
                                &lt;/td&gt;&#xd;
                        &lt;/tr&gt;&#xd;
                        &lt;tr&gt;&#xd;
                                &lt;td&gt;Substitute ART regimen?&lt;/td&gt;&#xd;
				&lt;td&gt;&#xd;
                                      &lt;input type=&quot;radio&quot; name=&quot;Substitute ART regimen&quot; value=&quot;YES&quot; /&gt;Yes&#xd;
                                      &lt;input type=&quot;radio&quot; name=&quot;Substitute ART regimen&quot; value=&quot;NO&quot; /&gt;No&#xd;
                                &lt;/td&gt;&#xd;
                        &lt;/tr&gt;&#xd;
                        &lt;tr&gt;&#xd;
                                &lt;td width=&quot;15%&quot;&gt;Switch ART regimen?&lt;/td&gt;&#xd;
				&lt;td&gt;&#xd;
                                      &lt;input type=&quot;radio&quot; name=&quot;Switch ART regimen&quot; value=&quot;YES&quot; /&gt;Yes&#xd;
                                      &lt;input type=&quot;radio&quot; name=&quot;Switch ART regimen&quot; value=&quot;NO&quot; /&gt;No&#xd;
                                &lt;/td&gt;&#xd;
                        &lt;/tr&gt;&#xd;
                        &lt;tr&gt;&#xd;
                                &lt;td&gt;Clinical Notes:&lt;/td&gt;&#xd;
                                &lt;td&gt;&#xd;
                                      &lt;textarea rows=&quot;10&quot; cols=&quot;100&quot; name=&quot;Clinical Notes&quot;&gt;You can more clinical notes for the Decision Points&#xd;
                                      &lt;/textarea&gt;&#xd;
                                &lt;/td&gt;&#xd;
                        &lt;/tr&gt;&#xd;
		&lt;/table&gt;&#xd;
	&lt;/fieldset&gt;&#xd;
&lt;/td&gt;&#xd;
&lt;/tr&gt;&#xd;
&#xd;
&lt;!-- ART TREATMENT INTERUPTION --&gt;&#xd;
&#xd;
&lt;tr&gt;&#xd;
&lt;td style=&quot;font-family: Trebuchet MS,serif; text-align: left;&quot;&gt;&#xd;
	&lt;fieldset &gt;&lt;legend&gt;ART Treatment Interruption&lt;/legend&gt;&#xd;
		&lt;table&gt;&#xd;
			&lt;tr&gt;&#xd;
				&lt;td style=&quot;text-align: right;&quot;&gt;Date:&lt;/td&gt;&#xd;
				&lt;td&gt;&lt;encounterDate default=&quot;today&quot;/&gt;&lt;/td&gt;&#xd;
			&lt;/tr&gt;&#xd;
			&lt;tr&gt;&#xd;
				&lt;td&gt;Reason for Interruption:&lt;/td&gt;&#xd;
				&lt;td&gt;&#xd;
                                       &lt;obs conceptId=&quot;1252AAAAAAAAAAAAAAAAAAAAAAAAAAAAAAAA&quot; answerConceptIds=&quot;102AAAAAAAAAAAAAAAAAAAAAAAAAAAAAAAAA,1434AAAAAAAAAAAAAAAAAAAAAAAAAAAAAAAA,843AAAAAAAAAAAAAAAAAAAAAAAAAAAAAAAAA,159598AAAAAAAAAAAAAAAAAAAAAAAAAAAAAA,5485AAAAAAAAAAAAAAAAAAAAAAAAAAAAAAAA,1754AAAAAAAAAAAAAAAAAAAAAAAAAAAAAAAA,819AAAAAAAAAAAAAAAAAAAAAAAAAAAAAAAAA,127750AAAAAAAAAAAAAAAAAAAAAAAAAAAAAA,160016AAAAAAAAAAAAAAAAAAAAAAAAAAAAAA,5622AAAAAAAAAAAAAAAAAAAAAAAAAAAAAAAA&quot; &#xd;
                                                                       answerLabels=&quot;Toxicity/Side Effects,&#xd;
                                                                                            Pregnancy, Treatment failure,&#xd;
                                                                                            Poor adherence, Illness/hospitalization, &#xd;
                                                                                            Drugs out of stock, Patient lacks finances,&#xd;
                                                                                            Other patient decisions, Planned Rx interruption,&#xd;
                                                                                            Other (specify)&quot; /&gt;&#xd;
                                &lt;/td&gt;&#xd;
			&lt;/tr&gt;&#xd;
			&lt;tr&gt;&#xd;
				&lt;td style=&quot;text-align: right;&quot;&gt;Date Restarted:&lt;/td&gt;&#xd;
				&lt;td&gt;&lt;encounterDate default=&quot;today&quot;/&gt;&lt;/td&gt;&#xd;
			&lt;/tr&gt;&#xd;
		&lt;/table&gt;&#xd;
	&lt;/fieldset&gt;&#xd;
	&lt;br/&gt;&#xd;
&lt;/td&gt;&#xd;
&lt;/tr&gt;&#xd;
&lt;tr&gt;&#xd;
&lt;td style=&quot;border: 1px solid #000099; font-family: Trebuchet MS,serif; text-align: center;&quot;&gt;&lt;submit/&gt;&lt;/td&gt;&#xd;
&lt;/tr&gt;&#xd;
&lt;/tbody&gt;&#xd;
&lt;/table&gt;&#xd;
&#xd;
&lt;!-- END OF FORM&#xd;
&#xd;
Simple examples to copy-and-paste. Full reference at http://wiki.openmrs.org/x/kg8z&#xd;
&#xd;
--&gt;&#xd;
&lt;/htmlform&gt;</xmlData>
    <dependencies class="set" id="111">
      <org.openmrs.EncounterRole reference="14"/>
    </dependencies>
  </org.openmrs.module.htmlformentry.HtmlForm>
  <org.openmrs.module.htmlformentry.HtmlForm id="112" uuid="7c37929e-4fce-4554-b600-c01de8faacd2">
    <creator/>
    <dateCreated id="113">2012-06-26 07:46:55</dateCreated>
    <changedBy/>
    <dateChanged id="114">2012-07-10 11:35:56</dateChanged>
    <retired>false</retired>
    <id>18</id>
    <form id="115" resolves-to="org.openmrs.Form" uuid="4a0d1332-490e-439f-9d14-c782143c94de">
      <name>MOH 257 ENCOUNTER : PAST MEDICAL AND SURGICAL HISTORY</name>
      <creator/>
      <dateCreated id="117">2012-06-26 07:46:55</dateCreated>
      <changedBy/>
      <dateChanged id="118">2012-06-28 21:50:02</dateChanged>
      <retired>false</retired>
      <formId>18</formId>
      <version>0.0.1</version>
      <published>true</published>
      <encounterType reference="23"/>
      <formFields id="119"/>
    </form>
    <xmlData>&lt;htmlform&gt;&#xd;
&#xd;
&#xd;
	&lt;style&gt;&#xd;
		table.baseline-aligned td {&#xd;
			vertical-align: baseline;&#xd;
		}&#xd;
	&lt;/style&gt;&#xd;
&#xd;
	&lt;div class=&quot;patient-details&quot;&gt;&#xd;
		&lt;table class=&quot;baseline-aligned&quot; width=&quot;100%&quot;&gt;&#xd;
			&lt;tr&gt;&#xd;
				&lt;td&gt;Name: &lt;lookup class=&quot;value&quot; expression=&quot;patient.personName&quot;/&gt;&lt;/td&gt;&#xd;
				&lt;td&gt;Gender: &lt;lookup class=&quot;value&quot; expression=&quot;patient.gender&quot;/&gt;&lt;/td&gt;&#xd;
				&lt;td&gt;Birthdate: &lt;lookup class=&quot;value&quot; complexExpression=&quot;#if( \$patient.birthdateEstimated ) ~#end&quot;/&gt; &lt;lookup class=&quot;value&quot; expression=&quot;patient.birthdate&quot;/&gt;&#xd;
				&lt;/td&gt;&#xd;
			&lt;/tr&gt;&#xd;
		&lt;/table&gt;&#xd;
	&lt;/div&gt;&#xd;
&#xd;
	&lt;div class=&quot;encounter-details&quot;&gt;&#xd;
		&lt;table class=&quot;baseline-aligned&quot; width=&quot;100%&quot;&gt;&#xd;
			&lt;tr&gt;&#xd;
				&lt;td&gt;Date: &lt;encounterDate default=&quot;now&quot; showTime=&quot;true&quot;/&gt;&lt;/td&gt;&#xd;
				&lt;td&gt;Provider: &lt;encounterProviderAndRole encounterRole=&quot;a0b03050-c99b-11e0-9572-0800200c9a66&quot; default=&quot;currentUser&quot; required=&quot;true&quot;/&gt;&lt;/td&gt;&#xd;
				&lt;td&gt;Location: &lt;encounterLocation default=&quot;GlobalProperty:kenyaemr.defaultLocation&quot;/&gt;&lt;/td&gt;&#xd;
			&lt;/tr&gt;&#xd;
		&lt;/table&gt;&#xd;
	&lt;/div&gt;&#xd;
&#xd;
&#xd;
&lt;table style=&quot;width: 100%; height: 44px;&quot; border=&quot;0&quot; align=&quot;center&quot;&gt;&#xd;
&lt;tbody&gt;&#xd;
&lt;tr&gt;&#xd;
&lt;td style=&quot;font-family: Trebuchet MS,serif; text-align: left;&quot;&gt;&#xd;
	&lt;fieldset &gt;&#xd;
		&lt;table&gt;&#xd;
			&lt;tr&gt;&#xd;
				&lt;td colspan=&quot;4&quot;&gt;&lt;strong&gt;History of chronic illnesses&lt;/strong&gt;&lt;/td&gt;&#xd;
			&lt;/tr&gt;&#xd;
			&lt;tr&gt;&#xd;
				&lt;td colspan=&quot;4&quot;&gt;Illness &lt;br/&gt;Date of Diagnosis&lt;br/&gt;Current Status&lt;br/&gt;Current Medication&lt;/td&gt;&#xd;
			&lt;/tr&gt;&#xd;
			&lt;tr&gt;&#xd;
				&lt;td colspan=&quot;4&quot;&gt;&lt;strong&gt;Allergies&lt;/strong&gt;&lt;/td&gt;&#xd;
			&lt;/tr&gt;&#xd;
			&lt;tr&gt;&#xd;
				&lt;td colspan=&quot;2&quot;&gt;Allergen:&lt;obs conceptId=&quot;160643AAAAAAAAAAAAAAAAAAAAAAAAAAAAAA&quot; labelText=&quot; &quot; /&gt;&lt;br/&gt;Date Diagnosed&lt;/td&gt;&#xd;
				&lt;td&gt;&lt;/td&gt;&#xd;
				&lt;td&gt;&lt;/td&gt;&#xd;
			&lt;/tr&gt;&#xd;
		&lt;/table&gt;&#xd;
	&lt;/fieldset&gt;&#xd;
&lt;/td&gt;&#xd;
&lt;/tr&gt;&#xd;
&lt;tr&gt;&#xd;
&lt;td style=&quot;border: 1px solid #000099; font-family: Trebuchet MS,serif; text-align: center;&quot;&gt;&lt;submit/&gt;&lt;/td&gt;&#xd;
&lt;/tr&gt;&#xd;
&lt;/tbody&gt;&#xd;
&lt;/table&gt;&#xd;
&#xd;
&lt;!-- END OF FORM&#xd;
style=&quot;autocomplete&quot; &#xd;
Simple examples to copy-and-paste. Full reference at http://wiki.openmrs.org/x/kg8z&#xd;
&#xd;
--&gt;&#xd;
&lt;/htmlform&gt;</xmlData>
    <dependencies class="set" id="120">
      <org.openmrs.EncounterRole reference="14"/>
    </dependencies>
  </org.openmrs.module.htmlformentry.HtmlForm>
  <org.openmrs.module.htmlformentry.HtmlForm id="121" uuid="25c5cadf-d7c4-4048-b009-e15fc035e2c0">
    <creator/>
    <dateCreated id="122">2012-06-25 07:20:13</dateCreated>
    <changedBy/>
    <dateChanged id="123">2012-07-10 11:11:50</dateChanged>
    <retired>false</retired>
    <id>13</id>
    <form id="124" resolves-to="org.openmrs.Form" uuid="e958f902-64df-4819-afd4-7fb061f59308">
      <name>Clinical Encounter</name>
      <creator/>
      <dateCreated id="126">2012-06-25 07:20:13</dateCreated>
      <changedBy/>
      <dateChanged id="127">2012-07-04 02:45:31</dateChanged>
      <retired>false</retired>
      <formId>13</formId>
      <version>0.0.1</version>
      <published>true</published>
      <encounterType reference="23"/>
      <formFields id="128"/>
    </form>
    <xmlData>&lt;htmlform&gt;&#xd;
&lt;style&gt;&#xd;
fieldset legend {&#xd;
	font-weight: bold;&#xd;
}&#xd;
&#xd;
table.baseline-aligned td {&#xd;
	vertical-align: baseline;&#xd;
}&#xd;
&#xd;
table.right-aligned-first td:first-child {&#xd;
	text-align: right;&#xd;
}&#xd;
&lt;/style&gt;&#xd;
&#xd;
&lt;div class=&quot;patient-details&quot;&gt;&#xd;
	&lt;table class=&quot;baseline-aligned&quot; width=&quot;100%&quot;&gt;&#xd;
		&lt;tr&gt;&#xd;
			&lt;td&gt;Name: &lt;lookup class=&quot;value&quot; expression=&quot;patient.personName&quot; /&gt;&lt;/td&gt;&#xd;
			&lt;td&gt;Gender: &lt;lookup class=&quot;value&quot; expression=&quot;patient.gender&quot; /&gt;&lt;/td&gt;&#xd;
			&lt;td&gt;Birthdate: &lt;lookup class=&quot;value&quot;&#xd;
					complexExpression=&quot;#if( \$patient.birthdateEstimated ) ~#end&quot; /&gt; &lt;lookup&#xd;
					class=&quot;value&quot; expression=&quot;patient.birthdate&quot; /&gt;&#xd;
			&lt;/td&gt;&#xd;
		&lt;/tr&gt;&#xd;
	&lt;/table&gt;&#xd;
&lt;/div&gt;&#xd;
&#xd;
&lt;div class=&quot;encounter-details&quot;&gt;&#xd;
	&lt;table class=&quot;baseline-aligned&quot; width=&quot;100%&quot;&gt;&#xd;
		&lt;tr&gt;&#xd;
			&lt;td&gt;Date: &lt;encounterDate default=&quot;now&quot; showTime=&quot;true&quot; /&gt;&lt;/td&gt;&#xd;
			&lt;td&gt;Provider: &lt;encounterProviderAndRole&#xd;
					encounterRole=&quot;a0b03050-c99b-11e0-9572-0800200c9a66&quot;&#xd;
					default=&quot;currentUser&quot; required=&quot;true&quot; /&gt;&lt;/td&gt;&#xd;
			&lt;td&gt;Location: &lt;encounterLocation&#xd;
					default=&quot;GlobalProperty:kenyaemr.defaultLocation&quot; /&gt;&lt;/td&gt;&#xd;
		&lt;/tr&gt;&#xd;
	&lt;/table&gt;&#xd;
&lt;/div&gt;&#xd;
&#xd;
&lt;fieldset&gt;&#xd;
	&lt;legend&gt;Vital Signs&lt;/legend&gt;&#xd;
	&lt;div style=&quot;clear: both&quot;&gt;&#xd;
		Chief complaint / Reason for visit: &lt;br /&gt;&#xd;
		&lt;obs conceptId=&quot;160531AAAAAAAAAAAAAAAAAAAAAAAAAAAAAA&quot; rows=&quot;4&quot; cols=&quot;80&quot; /&gt;&#xd;
	&lt;/div&gt;&#xd;
&#xd;
	&lt;table class=&quot;right-aligned-first&quot; style=&quot;float: left&quot;&gt;&#xd;
		&lt;tr&gt;&#xd;
			&lt;td colspan=&quot;2&quot; style=&quot;text-align: left;&quot;&gt;&lt;i&gt;Repeat vital signs if desired&lt;/i&gt;&lt;/td&gt;&#xd;
		&lt;/tr&gt;&#xd;
		&lt;tr&gt;&#xd;
			&lt;td style=&quot;text-align: left;&quot;&gt;Weight:&lt;/td&gt;&#xd;
			&lt;td style=&quot;text-align: left;&quot;&gt;&lt;obs id=&quot;weight&quot; conceptId=&quot;5089AAAAAAAAAAAAAAAAAAAAAAAAAAAAAAAA&quot;&#xd;
					labelText=&quot; &quot; /&gt;kg&lt;/td&gt;&#xd;
		&lt;/tr&gt;&#xd;
		&lt;tr&gt;&#xd;
			&lt;td style=&quot;text-align: left;&quot;&gt;Height:&lt;/td&gt;&#xd;
			&lt;td style=&quot;text-align: left;&quot;&gt;&lt;obs id=&quot;height&quot; conceptId=&quot;5090AAAAAAAAAAAAAAAAAAAAAAAAAAAAAAAA&quot;&#xd;
					labelText=&quot; &quot; /&gt;cm&lt;/td&gt;&#xd;
		&lt;/tr&gt;&#xd;
		&lt;tr&gt;&#xd;
			&lt;td style=&quot;text-align: left;&quot;&gt;BMI:&lt;/td&gt;&#xd;
			&lt;td style=&quot;text-align: left;&quot;&gt;&lt;span id=&quot;bmi-calculated&quot;&gt;&lt;/span&gt;&lt;/td&gt;&#xd;
		&lt;/tr&gt;&#xd;
		&lt;tr&gt;&#xd;
			&lt;td style=&quot;text-align: left;&quot;&gt;Temp:&lt;/td&gt;&#xd;
			&lt;td style=&quot;text-align: left;&quot;&gt;&lt;obs conceptId=&quot;5088AAAAAAAAAAAAAAAAAAAAAAAAAAAAAAAA&quot;&#xd;
					labelText=&quot; &quot; /&gt; &amp;#176;C&lt;/td&gt;&#xd;
		&lt;/tr&gt;&#xd;
		&lt;tr&gt;&#xd;
			&lt;td style=&quot;text-align: left;&quot;&gt;Pulse rate:&lt;/td&gt;&#xd;
			&lt;td style=&quot;text-align: left;&quot;&gt;&lt;obs conceptId=&quot;5087AAAAAAAAAAAAAAAAAAAAAAAAAAAAAAAA&quot;&#xd;
					labelText=&quot; &quot; /&gt;&lt;/td&gt;&#xd;
		&lt;/tr&gt;&#xd;
		&lt;tr&gt;&#xd;
			&lt;td style=&quot;text-align: left;&quot;&gt;BP:&lt;/td&gt;&#xd;
			&lt;td style=&quot;text-align: left;&quot;&gt;&lt;obs conceptId=&quot;5085AAAAAAAAAAAAAAAAAAAAAAAAAAAAAAAA&quot; /&gt; / &lt;obs&#xd;
					conceptId=&quot;5086AAAAAAAAAAAAAAAAAAAAAAAAAAAAAAAA&quot; /&gt;&lt;/td&gt;&#xd;
		&lt;/tr&gt;&#xd;
		&lt;tr&gt;&#xd;
			&lt;td style=&quot;text-align: left;&quot;&gt;Respiratory Rate:&lt;/td&gt;&#xd;
			&lt;td style=&quot;text-align: left;&quot;&gt;&lt;obs conceptId=&quot;5242AAAAAAAAAAAAAAAAAAAAAAAAAAAAAAAA&quot;&#xd;
					labelText=&quot; &quot; /&gt;&lt;/td&gt;&#xd;
		&lt;/tr&gt;&#xd;
		&lt;tr&gt;&#xd;
			&lt;td style=&quot;text-align: left;&quot;&gt;Oxygen Saturation:&lt;/td&gt;&#xd;
			&lt;td style=&quot;text-align: left;&quot;&gt;&lt;obs conceptId=&quot;5092AAAAAAAAAAAAAAAAAAAAAAAAAAAAAAAA&quot; labelText=&quot;&quot; /&gt;&lt;/td&gt;&#xd;
		&lt;/tr&gt;&#xd;
		&lt;tr&gt;&#xd;
			&lt;td style=&quot;text-align: left;&quot;&gt;MUAC (if child):&lt;/td&gt;&#xd;
			&lt;td style=&quot;text-align: left;&quot;&gt;&lt;obs conceptId=&quot;1343AAAAAAAAAAAAAAAAAAAAAAAAAAAAAAAA&quot;&#xd;
					labelText=&quot; &quot; /&gt;&lt;/td&gt;&#xd;
		&lt;/tr&gt;&#xd;
		&lt;includeIf velocityTest=&quot;$patient.gender == &apos;F&apos; &quot;&gt;&#xd;
		&lt;tr&gt;&#xd;
			&lt;td style=&quot;text-align: left;&quot;&gt;LMP:&lt;/td&gt;&#xd;
			&lt;td style=&quot;text-align: left;&quot;&gt;&lt;obs conceptId=&quot;1427AAAAAAAAAAAAAAAAAAAAAAAAAAAAAAAA&quot;&#xd;
					labelText=&quot; &quot; /&gt;&lt;/td&gt;&#xd;
		&lt;/tr&gt;&#xd;
		&lt;/includeIf&gt;&#xd;
	&lt;/table&gt;&#xd;
	&#xd;
	&lt;div style=&quot;float: left; margin-left: 3em; padding: 0.5em; border: 1px gray solid; background-color: lightyellow;&quot;&gt;&#xd;
		&lt;u&gt;Other Vitals Recorded Today&lt;/u&gt; &lt;br/&gt;&lt;br/&gt;&#xd;
		Weight: &lt;lookup expression=&quot;kenyaemr.obsToday(5089).valueNumeric&quot;/&gt; &lt;br/&gt;&#xd;
		Height: &lt;lookup expression=&quot;kenyaemr.obsToday(5090).valueNumeric&quot;/&gt; &lt;br/&gt;&#xd;
		Temp: &lt;lookup expression=&quot;kenyaemr.obsToday(5088).valueNumeric&quot;/&gt; &lt;br/&gt;&#xd;
		Pulse: &lt;lookup expression=&quot;kenyaemr.obsToday(5087).valueNumeric&quot;/&gt; &lt;br/&gt;&#xd;
		BP: &lt;lookup expression=&quot;kenyaemr.obsToday(5085).valueNumeric&quot;/&gt; / &lt;lookup expression=&quot;kenyaemr.obsToday(5086).valueNumeric&quot;/&gt; &lt;br/&gt;&#xd;
		RR: &lt;lookup expression=&quot;kenyaemr.obsToday(5242).valueNumeric&quot;/&gt; &lt;br/&gt;&#xd;
		O2Sat: &lt;lookup expression=&quot;kenyaemr.obsToday(5092).valueNumeric&quot;/&gt; &lt;br/&gt;&#xd;
		MUAC: &lt;lookup expression=&quot;kenyaemr.obsToday(1343).valueNumeric&quot;/&gt; &lt;br/&gt;&#xd;
	&lt;/div&gt;&#xd;
&lt;/fieldset&gt;&#xd;
&#xd;
&lt;br /&gt;&#xd;
&#xd;
&lt;includeIf velocityTest=&quot;$patient.gender == &apos;F&apos; &quot;&gt;&#xd;
	&lt;fieldset&gt;&#xd;
		&lt;legend&gt;Pregnacy Details&lt;/legend&gt;&#xd;
		&lt;table class=&quot;right-aligned-first&quot; style=&quot;width: 100%;&quot; border=&quot;0&quot;&gt;&#xd;
			&lt;tr&gt;&#xd;
				&lt;td colspan=&quot;2&quot; style=&quot;text-align: left&quot;&gt;&lt;obs conceptId=&quot;5272AAAAAAAAAAAAAAAAAAAAAAAAAAAAAAAA&quot;&#xd;
						labelText=&quot;Is Patient Pregnant?: &quot; answerConceptIds=&quot;1065AAAAAAAAAAAAAAAAAAAAAAAAAAAAAAAA,1066AAAAAAAAAAAAAAAAAAAAAAAAAAAAAAAA&quot;&#xd;
						style=&quot;radio&quot; answerLabels=&quot;Yes,NO&quot; /&gt;&lt;/td&gt;&#xd;
				&lt;td&gt;&lt;/td&gt;&#xd;
			&lt;/tr&gt;&#xd;
			&lt;tr&gt;&#xd;
				&lt;td width=&quot;15%&quot; style=&quot;text-align: left&quot;&gt;ANC Number:&lt;/td&gt;&#xd;
				&lt;td&gt;&lt;obs conceptId=&quot;1425AAAAAAAAAAAAAAAAAAAAAAAAAAAAAAAA&quot; labelText=&quot; &quot; /&gt;&lt;/td&gt;&#xd;
				&lt;td&gt;&lt;/td&gt;&#xd;
			&lt;/tr&gt;&#xd;
			&lt;tr&gt;&#xd;
				&lt;td style=&quot;text-align: left&quot;&gt;EDD:&lt;/td&gt;&#xd;
				&lt;td colspan=&quot;2&quot;&gt;&lt;obs conceptId=&quot;5596AAAAAAAAAAAAAAAAAAAAAAAAAAAAAAAA&quot; showTime=&quot;false&quot; &#xd;
						labelText=&quot; &quot; /&gt;&lt;/td&gt;&#xd;
			&lt;/tr&gt;&#xd;
			&lt;tr&gt;&#xd;
				&lt;td style=&quot;text-align: left&quot;&gt;Gravida:&lt;/td&gt;&#xd;
				&lt;td&gt;&lt;obs conceptId=&quot;5624AAAAAAAAAAAAAAAAAAAAAAAAAAAAAAAA&quot; labelText=&quot; &quot; /&gt;&lt;/td&gt;&#xd;
				&lt;td&gt;&lt;/td&gt;&#xd;
			&lt;/tr&gt;&#xd;
			&lt;tr&gt;&#xd;
				&lt;td style=&quot;text-align: left&quot;&gt;Parity:&lt;/td&gt;&#xd;
				&lt;td&gt;&lt;obs conceptId=&quot;1053AAAAAAAAAAAAAAAAAAAAAAAAAAAAAAAA&quot; labelText=&quot; &quot; /&gt;&lt;/td&gt;&#xd;
				&lt;td&gt;&lt;/td&gt;&#xd;
			&lt;/tr&gt;&#xd;
		&lt;/table&gt;&#xd;
	&lt;/fieldset&gt;&#xd;
	&#xd;
	&lt;br /&gt;&#xd;
&#xd;
&lt;/includeIf&gt;&#xd;
&#xd;
&lt;br /&gt;&#xd;
&#xd;
&lt;fieldset&gt;&#xd;
	&lt;legend&gt;Family Planning Status&lt;/legend&gt;&#xd;
	&lt;table&gt;&#xd;
		&lt;tr&gt;&#xd;
			&lt;td colspan=&quot;2&quot;&gt;If currently using Family Planning, which method(s)&lt;hr/&gt;&#xd;
				&lt;table class=&quot;right-aligned-first&quot; style=&quot;width: 100%;&quot; border=&quot;0&quot;&gt;&#xd;
					&lt;obsgroup groupingConceptId=&quot;374AAAAAAAAAAAAAAAAAAAAAAAAAAAAAAAAA&quot;&gt;&#xd;
					&lt;tr&gt;&#xd;
                                              &lt;td width=&quot;10%&quot;&gt;&lt;/td&gt;&#xd;
                                              &lt;td&gt;&#xd;
						&lt;td style=&quot;text-align: left&quot;&gt;&lt;obs conceptId=&quot;374AAAAAAAAAAAAAAAAAAAAAAAAAAAAAAAAA&quot;&#xd;
								answerConceptId=&quot;190AAAAAAAAAAAAAAAAAAAAAAAAAAAAAAAAA&quot; answerLabel=&quot;Condoms&quot; style=&quot;checkbox&quot; /&gt;&lt;br/&gt;&#xd;
						&lt;obs conceptId=&quot;374AAAAAAAAAAAAAAAAAAAAAAAAAAAAAAAAA&quot; answerConceptId=&quot;160570AAAAAAAAAAAAAAAAAAAAAAAAAAAAAA&quot;&#xd;
								answerLabel=&quot;Emergency contraceptive pills&quot; style=&quot;checkbox&quot; /&gt;&lt;br/&gt;&#xd;
						&lt;obs conceptId=&quot;374AAAAAAAAAAAAAAAAAAAAAAAAAAAAAAAAA&quot; answerConceptId=&quot;780AAAAAAAAAAAAAAAAAAAAAAAAAAAAAAAAA&quot;&#xd;
								answerLabel=&quot;Oral Contraceptives Pills&quot; style=&quot;checkbox&quot; /&gt;&lt;br/&gt;&#xd;
						&lt;obs conceptId=&quot;374AAAAAAAAAAAAAAAAAAAAAAAAAAAAAAAAA&quot; answerConceptId=&quot;5279AAAAAAAAAAAAAAAAAAAAAAAAAAAAAAAA&quot;&#xd;
								answerLabel=&quot;Injectible&quot; style=&quot;checkbox&quot; /&gt;&lt;br/&gt;		&#xd;
						&lt;obs conceptId=&quot;374AAAAAAAAAAAAAAAAAAAAAAAAAAAAAAAAA&quot;&#xd;
								answerConceptId=&quot;1359AAAAAAAAAAAAAAAAAAAAAAAAAAAAAAAA&quot; answerLabel=&quot;Implant&quot; style=&quot;checkbox&quot; /&gt;&lt;br/&gt;&#xd;
						&lt;obs conceptId=&quot;374AAAAAAAAAAAAAAAAAAAAAAAAAAAAAAAAA&quot; answerConceptId=&quot;5275AAAAAAAAAAAAAAAAAAAAAAAAAAAAAAAA&quot;&#xd;
								answerLabel=&quot;Intrauterine Device&quot; style=&quot;checkbox&quot; /&gt;&lt;br/&gt;&#xd;
						&lt;obs conceptId=&quot;374AAAAAAAAAAAAAAAAAAAAAAAAAAAAAAAAA&quot; answerConceptId=&quot;136163AAAAAAAAAAAAAAAAAAAAAAAAAAAAAA&quot;&#xd;
								answerLabel=&quot;Lactational Amenorhea Method&quot; style=&quot;checkbox&quot; /&gt;&lt;br/&gt;&#xd;
						&lt;obs conceptId=&quot;374AAAAAAAAAAAAAAAAAAAAAAAAAAAAAAAAA&quot; answerConceptId=&quot;5278AAAAAAAAAAAAAAAAAAAAAAAAAAAAAAAA&quot;&#xd;
								answerLabel=&quot;Diaphram/Cervical Cap&quot; style=&quot;checkbox&quot; /&gt;&lt;br/&gt;&#xd;
						&lt;obs conceptId=&quot;374AAAAAAAAAAAAAAAAAAAAAAAAAAAAAAAAA&quot;&#xd;
								answerConceptId=&quot;159524AAAAAAAAAAAAAAAAAAAAAAAAAAAAAA&quot; answerLabel=&quot;Fertility Awareness&quot;&#xd;
								style=&quot;checkbox&quot; /&gt;&lt;br/&gt;&#xd;
						&lt;obs conceptId=&quot;374AAAAAAAAAAAAAAAAAAAAAAAAAAAAAAAAA&quot; answerConceptId=&quot;1472AAAAAAAAAAAAAAAAAAAAAAAAAAAAAAAA&quot;&#xd;
								answerLabel=&quot;Tubal Ligation&quot; style=&quot;checkbox&quot; /&gt;&lt;br/&gt;&#xd;
						&lt;obs conceptId=&quot;374AAAAAAAAAAAAAAAAAAAAAAAAAAAAAAAAA&quot; answerConceptId=&quot;1489AAAAAAAAAAAAAAAAAAAAAAAAAAAAAAAA&quot;&#xd;
								answerLabel=&quot;Vasectomy&quot; style=&quot;checkbox&quot; /&gt;&lt;br/&gt;&#xd;
						&lt;obs conceptId=&quot;374AAAAAAAAAAAAAAAAAAAAAAAAAAAAAAAAA&quot; answerConceptId=&quot;1175AAAAAAAAAAAAAAAAAAAAAAAAAAAAAAAA&quot;&#xd;
								answerLabel=&quot;Undecided&quot; style=&quot;checkbox&quot; /&gt;&lt;/td&gt;&#xd;
                                              &lt;/td&gt;&#xd;
					&lt;/tr&gt;&#xd;
					&lt;/obsgroup&gt;&#xd;
				&lt;/table&gt;&#xd;
			&lt;/td&gt;&#xd;
		&lt;/tr&gt;&#xd;
		&lt;tr&gt;&#xd;
			&lt;td colspan=&quot;2&quot;&gt;&lt;br/&gt;If not using Family Planning (why not) &lt;hr/&gt;&#xd;
				&lt;table style=&quot;width: 100%&quot; border=&quot;0&quot;&gt;&#xd;
					&lt;obsgroup groupingConceptId=&quot;160575AAAAAAAAAAAAAAAAAAAAAAAAAAAAAA&quot;&gt;&#xd;
					&lt;tr&gt;&#xd;
                                              &lt;td width=&quot;10%&quot;&gt;&lt;/td&gt;&#xd;
                                              &lt;td&gt;&#xd;
						&lt;obs conceptId=&quot;160575AAAAAAAAAAAAAAAAAAAAAAAAAAAAAA&quot;&#xd;
								answerConceptId=&quot;160571AAAAAAAAAAAAAAAAAAAAAAAAAAAAAA&quot; answerLabel=&quot;Wants to get Pregnant&quot;&#xd;
								style=&quot;checkbox&quot; /&gt;&lt;br/&gt;&#xd;
						&lt;obs conceptId=&quot;160575AAAAAAAAAAAAAAAAAAAAAAAAAAAAAA&quot;&#xd;
								answerConceptId=&quot;160572AAAAAAAAAAAAAAAAAAAAAAAAAAAAAA&quot; answerLabel=&quot;Thinks can&apos;t get pregnant&quot;&#xd;
								style=&quot;checkbox&quot; /&gt;&lt;br/&gt;&#xd;
						&lt;obs conceptId=&quot;160575AAAAAAAAAAAAAAAAAAAAAAAAAAAAAA&quot;&#xd;
								answerConceptId=&quot;160573AAAAAAAAAAAAAAAAAAAAAAAAAAAAAA&quot; answerLabel=&quot;Not sexually active now&quot;&#xd;
								style=&quot;checkbox&quot; /&gt;&lt;br/&gt;&#xd;
                                              &lt;/td&gt;&#xd;
					&lt;/tr&gt;&#xd;
					&lt;/obsgroup&gt;&#xd;
				&lt;/table&gt;&#xd;
			&lt;/td&gt;&#xd;
		&lt;/tr&gt;&#xd;
		&lt;tr&gt;&#xd;
			&lt;td colspan=&quot;2&quot;&gt;&lt;br/&gt; If patient wants to use Family Planning, indicate methods prescribed &amp;amp; counseled&lt;hr/&gt;&#xd;
				&lt;table style=&quot;width: 100%&quot; border=&quot;0&quot; &gt;&#xd;
					&lt;obsgroup groupingConceptId=&quot;160575AAAAAAAAAAAAAAAAAAAAAAAAAAAAAA&quot;&gt;&#xd;
					&lt;tr&gt;&#xd;
                                              &lt;td width=&quot;10%&quot;&gt;&lt;/td&gt;&#xd;
                                              &lt;td&gt;TODO&#xd;
                                              &lt;/td&gt;&#xd;
					&lt;/tr&gt;&#xd;
					&lt;/obsgroup&gt;&#xd;
				&lt;/table&gt;&#xd;
			&lt;/td&gt;&#xd;
		&lt;/tr&gt;&#xd;
	&lt;/table&gt;&#xd;
&lt;/fieldset&gt;&#xd;
&#xd;
&lt;div align=&quot;center&quot;&gt;&#xd;
	&lt;submit /&gt;&#xd;
&lt;/div&gt;&#xd;
&#xd;
&lt;script&gt;&#xd;
function roundNumber(number, digits) {&#xd;
    var multiple = Math.pow(10, digits);&#xd;
    var rndedNum = Math.round(number * multiple) / multiple;&#xd;
    return rndedNum;&#xd;
}&#xd;
&#xd;
function calculateBmi() {&#xd;
    var wt = parseFloat(getValue(&apos;weight.value&apos;));&#xd;
    var ht = parseFloat(getValue(&apos;height.value&apos;)) / 100;&#xd;
    if (!isNaN(wt) &amp;amp;&amp;amp; !isNaN(ht)) {&#xd;
        var bmi = wt/(ht*ht)&#xd;
        var msg = roundNumber(bmi, 2);&#xd;
        if (bmi &amp;lt; 10 || bmi &gt; 50) {&#xd;
            msg += &apos; &amp;lt;i&amp;gt;Abnormal value, verify weight and height are entered correctly!&amp;lt;/i&amp;gt;&apos;;&#xd;
        }&#xd;
        $j(&apos;#bmi-calculated&apos;).html(msg);&#xd;
    } else {&#xd;
        $j(&apos;#bmi-calculated&apos;).html(&apos;&apos;);&#xd;
    }&#xd;
}&#xd;
&#xd;
$j(function() {&#xd;
    getField(&apos;weight.value&apos;).change(calculateBmi);&#xd;
    getField(&apos;height.value&apos;).change(calculateBmi);&#xd;
})&#xd;
&lt;/script&gt; &#xd;
&lt;/htmlform&gt;</xmlData>
    <dependencies class="set" id="129">
      <org.openmrs.EncounterRole reference="14"/>
    </dependencies>
  </org.openmrs.module.htmlformentry.HtmlForm>
</list>
