<?xml version="1.0" encoding="UTF-8"?>
<list id="1">
  <org.openmrs.LocationAttributeType id="2" uuid="8a845a89-6aa5-4111-81d3-0af31c45c002">
    <name>Master Facility Code</name>
    <description>Code for linking to the Ministry of Health&apos;s Master Facility List.&#xd;
(This is a sequential number allocated to each facility when it is added to the master list, allocated by the central database of the ministry.)</description>
    <creator/>
    <dateCreated id="3">2012-06-18 23:33:24</dateCreated>
    <changedBy/>
    <dateChanged id="4">2013-01-25 09:45:08</dateChanged>
    <retired>false</retired>
    <minOccurs>0</minOccurs>
    <maxOccurs>1</maxOccurs>
    <datatypeClassname>org.openmrs.customdatatype.datatype.RegexValidatedTextDatatype</datatypeClassname>
    <datatypeConfig>\d{5}</datatypeConfig>
    <locationAttributeTypeId>1</locationAttributeTypeId>
  </org.openmrs.LocationAttributeType>
  <org.openmrs.PatientIdentifierType id="5" uuid="05ee9cf4-7242-4a17-b4d4-00f707265c8a">
    <name>Unique Patient Number</name>
    <description>Assigned to every HIV patient, from the facility code (from the master facility list) and a sequential number</description>
    <creator/>
    <dateCreated id="6">2012-06-25 01:43:42</dateCreated>
    <retired>false</retired>
    <patientIdentifierTypeId>3</patientIdentifierTypeId>
    <format>\d+</format>
    <required>false</required>
    <formatDescription>facility code, followed by sequential number</formatDescription>
    <checkDigit>false</checkDigit>
    <locationBehavior>NOT_USED</locationBehavior>
  </org.openmrs.PatientIdentifierType>
  <org.openmrs.PatientIdentifierType id="7" uuid="d8ee3b8c-a8fc-4d6b-af6a-9423be5f8906">
    <name>District Registration Number</name>
    <description>Assigned to the patient at a TB clinic service to represent the district (not globally unique)</description>
    <creator/>
    <dateCreated id="8">2013-02-05 08:12:12</dateCreated>
    <retired>false</retired>
    <patientIdentifierTypeId>7</patientIdentifierTypeId>
    <required>false</required>
    <checkDigit>false</checkDigit>
    <locationBehavior>NOT_USED</locationBehavior>
  </org.openmrs.PatientIdentifierType>
  <org.openmrs.PatientIdentifierType id="9" uuid="c4e3caca-2dcc-4dc4-a8d9-513b6e63af91">
    <name>TB Treatment Number</name>
    <description>Assigned to the patient at a TB clinic service (not globally unique)</description>
    <creator/>
    <dateCreated id="10">2013-02-05 08:10:04</dateCreated>
    <retired>false</retired>
    <patientIdentifierTypeId>6</patientIdentifierTypeId>
    <required>false</required>
    <checkDigit>false</checkDigit>
    <locationBehavior>NOT_USED</locationBehavior>
  </org.openmrs.PatientIdentifierType>
  <org.openmrs.PatientIdentifierType id="11" uuid="0691f522-dd67-4eeb-92c8-af5083baf338">
    <name>HEI ID Number</name>
    <description>Assigned to a child patient when enrolling into HEI program</description>
    <creator/>
    <dateCreated id="12">2013-03-11 13:23:27</dateCreated>
    <retired>false</retired>
    <patientIdentifierTypeId>8</patientIdentifierTypeId>
    <required>false</required>
    <checkDigit>false</checkDigit>
    <locationBehavior>NOT_USED</locationBehavior>
  </org.openmrs.PatientIdentifierType>
  <org.openmrs.PatientIdentifierType id="13" uuid="dfacd928-0370-4315-99d7-6ec1c9f7ae76">
    <name>OpenMRS ID</name>
    <description>Medical Record Number, generated by OpenMRS for every patient record</description>
    <creator/>
    <dateCreated id="14">2012-06-25 01:44:50</dateCreated>
    <retired>false</retired>
    <patientIdentifierTypeId>4</patientIdentifierTypeId>
    <required>true</required>
    <checkDigit>true</checkDigit>
    <validator>org.openmrs.module.idgen.validator.LuhnMod25IdentifierValidator</validator>
    <locationBehavior>REQUIRED</locationBehavior>
  </org.openmrs.PatientIdentifierType>
  <org.openmrs.PatientIdentifierType id="15" uuid="b4d66522-11fc-45c7-83e3-39a1af21ae0d">
    <name>Patient Clinic Number</name>
    <description>Assigned to the patient at a clinic service (not globally unique)</description>
    <creator/>
    <dateCreated id="16">2012-06-25 02:35:39</dateCreated>
    <retired>false</retired>
    <patientIdentifierTypeId>5</patientIdentifierTypeId>
    <format>.{1,15}</format>
    <required>false</required>
    <formatDescription>At most 15 characters long</formatDescription>
    <checkDigit>false</checkDigit>
    <locationBehavior>REQUIRED</locationBehavior>
  </org.openmrs.PatientIdentifierType>
  <org.openmrs.PatientIdentifierType id="17" uuid="49af6cdc-7968-4abb-bf46-de10d7f4859f">
    <name>National ID</name>
    <description>Kenyan National Identity Card</description>
    <creator/>
    <dateCreated id="18">2013-08-28 06:44:27</dateCreated>
    <retired>false</retired>
    <patientIdentifierTypeId>9</patientIdentifierTypeId>
    <format>\d{5,10}</format>
    <required>false</required>
    <formatDescription>Between 5 and 10 consecutive digits</formatDescription>
    <checkDigit>false</checkDigit>
    <locationBehavior>NOT_USED</locationBehavior>
  </org.openmrs.PatientIdentifierType>
  <org.openmrs.VisitType id="19" uuid="3371a4d4-f66f-4454-a86d-92c7b3da990c">
    <name>Outpatient</name>
    <description>Visit where the patient is not admitted to the hospital.</description>
    <creator/>
    <dateCreated id="20">2012-06-25 01:38:30</dateCreated>
    <retired>false</retired>
    <visitTypeId>4</visitTypeId>
  </org.openmrs.VisitType>
  <org.openmrs.PersonAttributeType id="21" uuid="b2c38640-2603-4629-aebd-3b54f33f1e3a">
    <name>Telephone contact</name>
    <description>Telephone number the patient can be contacted at</description>
    <creator/>
    <dateCreated id="22">2012-06-26 06:50:58</dateCreated>
    <changedBy/>
    <dateChanged id="23">2013-08-28 08:23:34</dateChanged>
    <retired>false</retired>
    <personAttributeTypeId>8</personAttributeTypeId>
    <format>java.lang.String</format>
    <sortWeight>1.0</sortWeight>
    <searchable>false</searchable>
  </org.openmrs.PersonAttributeType>
  <org.openmrs.PersonAttributeType id="24" uuid="342a1d39-c541-4b29-8818-930916f4c2dc">
    <name>Next of kin contact</name>
    <description>Telephone contact of patient&apos;s next of kin</description>
    <creator/>
    <dateCreated id="25">2012-11-22 07:39:00</dateCreated>
    <changedBy/>
    <dateChanged id="26">2013-08-28 08:22:32</dateChanged>
    <retired>false</retired>
    <personAttributeTypeId>11</personAttributeTypeId>
    <format>java.lang.String</format>
    <sortWeight>4.0</sortWeight>
    <searchable>false</searchable>
  </org.openmrs.PersonAttributeType>
  <org.openmrs.PersonAttributeType id="27" uuid="d0aa9fd1-2ac5-45d8-9c5e-4317c622c8f5">
    <name>Next of kin relationship</name>
    <description>Next of kin relationship to the patient</description>
    <creator/>
    <dateCreated id="28">2012-11-22 07:41:05</dateCreated>
    <changedBy/>
    <dateChanged id="29">2013-08-28 08:22:57</dateChanged>
    <retired>false</retired>
    <personAttributeTypeId>12</personAttributeTypeId>
    <format>java.lang.String</format>
    <foreignKey>1530</foreignKey>
    <sortWeight>5.0</sortWeight>
    <searchable>false</searchable>
  </org.openmrs.PersonAttributeType>
  <org.openmrs.PersonAttributeType id="30" uuid="7cf22bec-d90a-46ad-9f48-035952261294">
    <name>Next of kin address</name>
    <description>Address of patient&apos;s next of kin</description>
    <creator/>
    <dateCreated id="31">2012-11-22 07:42:58</dateCreated>
    <changedBy/>
    <dateChanged id="32">2013-08-28 08:23:24</dateChanged>
    <retired>false</retired>
    <personAttributeTypeId>13</personAttributeTypeId>
    <format>java.lang.String</format>
    <sortWeight>6.0</sortWeight>
    <searchable>false</searchable>
  </org.openmrs.PersonAttributeType>
  <org.openmrs.PersonAttributeType id="33" uuid="830bef6d-b01f-449d-9f8d-ac0fede8dbd3">
    <name>Next of kin name</name>
    <description>Name of patient&apos;s next of kin</description>
    <creator/>
    <dateCreated id="34">2012-11-22 07:38:11</dateCreated>
    <changedBy/>
    <dateChanged id="35">2013-08-28 08:22:03</dateChanged>
    <retired>false</retired>
    <personAttributeTypeId>10</personAttributeTypeId>
    <format>java.lang.String</format>
    <sortWeight>3.0</sortWeight>
    <searchable>false</searchable>
  </org.openmrs.PersonAttributeType>
  <org.openmrs.OrderType id="36" uuid="8ab58c6f-0d07-4a80-bb60-895639c1e66e">
    <name>Lab Test</name>
    <description>An order for a laboratory test to be performed on a patient</description>
    <creator/>
    <dateCreated id="37">2013-08-09 06:28:10</dateCreated>
    <retired>false</retired>
    <orderTypeId>3</orderTypeId>
  </org.openmrs.OrderType>
  <org.openmrs.OrderType id="38" uuid="131168f4-15f5-102d-96e4-000c29c2a5d7">
    <name>Drug Order</name>
    <description>An order for a medication to be given to the patient</description>
    <creator/>
    <dateCreated id="39">2010-05-12 00:00:00</dateCreated>
    <retired>false</retired>
    <orderTypeId>2</orderTypeId>
  </org.openmrs.OrderType>
  <org.openmrs.VisitAttributeType id="40" uuid="8bfab185-6947-4958-b7ab-dfafae1a3e3d">
    <name>Source form</name>
    <description>The form whose submission created the visit</description>
    <creator/>
    <dateCreated id="41">2013-09-03 09:46:51</dateCreated>
    <changedBy/>
    <dateChanged id="42">2013-09-04 07:21:47</dateChanged>
    <retired>false</retired>
    <minOccurs>0</minOccurs>
    <maxOccurs>1</maxOccurs>
    <datatypeClassname>org.openmrs.module.kenyaemr.datatype.FormDatatype</datatypeClassname>
    <visitAttributeTypeId>1</visitAttributeTypeId>
  </org.openmrs.VisitAttributeType>
  <org.openmrs.Program id="43" uuid="9f144a34-3a4a-44a9-8486-6b7af6cc64f6">
    <name>TB Program</name>
    <description>Treatment for TB patients</description>
    <creator/>
    <dateCreated id="44">2012-09-13 01:03:07</dateCreated>
    <changedBy/>
    <dateChanged id="45">2013-09-16 13:22:51</dateChanged>
    <retired>false</retired>
    <programId>2</programId>
    <concept id="46" resolves-to="org.openmrs.Concept" uuid="160541AAAAAAAAAAAAAAAAAAAAAAAAAAAAAA">
      <conceptId>160541</conceptId>
      <retired>false</retired>
      <retiredBy/>
      <datatype id="47" resolves-to="org.openmrs.ConceptDatatype" uuid="8d4a4c94-c2cc-11de-8d13-0010c6dffd0f">
        <name>N/A</name>
        <description>Not associated with a datatype (e.g., term answers, sets)</description>
        <creator/>
        <dateCreated id="48">2004-02-02 00:00:00</dateCreated>
        <retired>false</retired>
        <retiredBy/>
        <conceptDatatypeId>4</conceptDatatypeId>
        <hl7Abbreviation>ZZ</hl7Abbreviation>
      </datatype>
      <conceptClass id="49" resolves-to="org.openmrs.ConceptClass" uuid="8d492774-c2cc-11de-8d13-0010c6dffd0f">
        <name>Misc</name>
        <description>Terms which don&apos;t fit other categories</description>
        <creator/>
        <dateCreated id="50">2004-03-02 00:00:00</dateCreated>
        <retired>false</retired>
        <retiredBy/>
        <conceptClassId>11</conceptClassId>
      </conceptClass>
      <set>false</set>
      <version></version>
      <creator/>
      <dateCreated id="51">2012-06-14 16:17:34</dateCreated>
      <changedBy/>
      <dateChanged id="52">2012-06-15 14:16:18</dateChanged>
      <names class="set" id="53">
        <org.openmrs.ConceptName id="54" uuid="108876BBBBBBBBBBBBBBBBBBBBBBBBBBBBBB">
          <conceptNameId>108876</conceptNameId>
          <concept reference="46"/>
          <name>Tuberculosis treatment program</name>
          <locale id="55">en</locale>
          <creator/>
          <dateCreated id="56">2012-06-14 16:17:34</dateCreated>
          <voided>false</voided>
          <voidedBy/>
          <tags class="set" id="57"/>
          <conceptNameType>FULLY_SPECIFIED</conceptNameType>
          <localePreferred>true</localePreferred>
        </org.openmrs.ConceptName>
        <org.openmrs.ConceptName id="58" uuid="108877BBBBBBBBBBBBBBBBBBBBBBBBBBBBBB">
          <conceptNameId>108877</conceptNameId>
          <concept reference="46"/>
          <name>TB Program</name>
          <locale id="59">en</locale>
          <creator/>
          <dateCreated id="60">2012-06-14 16:17:34</dateCreated>
          <voided>false</voided>
          <voidedBy/>
          <tags class="set" id="61"/>
          <conceptNameType>SHORT</conceptNameType>
          <localePreferred>false</localePreferred>
        </org.openmrs.ConceptName>
        <org.openmrs.ConceptName id="62" uuid="108980BBBBBBBBBBBBBBBBBBBBBBBBBBBBBB">
          <conceptNameId>108980</conceptNameId>
          <concept reference="46"/>
          <name>PROGRAMME DE LA TUBERCULOSE</name>
          <locale id="63">fr</locale>
          <creator/>
          <dateCreated id="64">2012-06-15 14:16:18</dateCreated>
          <voided>false</voided>
          <voidedBy/>
          <tags class="set" id="65"/>
          <conceptNameType>FULLY_SPECIFIED</conceptNameType>
          <localePreferred>true</localePreferred>
        </org.openmrs.ConceptName>
      </names>
      <answers class="set" id="66"/>
      <conceptSets class="set" id="67"/>
      <descriptions class="set" id="68"/>
      <conceptMappings class="set" id="69">
        <org.openmrs.ConceptMap id="70" uuid="217664ABBBBBBBBBBBBBBBBBBBBBBBBBBBBB">
          <conceptMapType id="71" resolves-to="org.openmrs.ConceptMapType" uuid="35543629-7d8c-11e1-909d-c80aa9edcf4e">
            <name>SAME-AS</name>
            <creator/>
            <dateCreated id="72">2013-09-14 00:00:00</dateCreated>
            <changedBy/>
            <retired>false</retired>
            <retiredBy/>
            <conceptMapTypeId>1</conceptMapTypeId>
            <isHidden>false</isHidden>
          </conceptMapType>
          <creator/>
          <changedBy/>
          <dateCreated id="73">2013-07-03 18:53:08</dateCreated>
          <conceptMapId>217664</conceptMapId>
          <concept reference="46"/>
          <conceptReferenceTerm id="74" resolves-to="org.openmrs.ConceptReferenceTerm" uuid="bb9d38eb-1738-3a45-82e4-068848a9e15d">
            <creator/>
            <dateCreated id="75">2013-07-03 00:00:00</dateCreated>
            <changedBy/>
            <retired>false</retired>
            <retiredBy/>
            <conceptReferenceTermId>217664</conceptReferenceTermId>
            <conceptSource id="76" resolves-to="org.openmrs.ConceptSource" uuid="21ADDDDDDDDDDDDDDDDDDDDDDDDDDDDDDDDD">
              <name>CIEL</name>
              <description>Columbia International eHealth Laboratory concept ID</description>
              <creator/>
              <dateCreated id="77">2013-07-03 15:55:03</dateCreated>
              <retired>false</retired>
              <retiredBy/>
              <conceptSourceId>21</conceptSourceId>
            </conceptSource>
            <code>160541</code>
            <conceptReferenceTermMaps id="78"/>
          </conceptReferenceTerm>
        </org.openmrs.ConceptMap>
        <org.openmrs.ConceptMap id="79" uuid="144621ABBBBBBBBBBBBBBBBBBBBBBBBBBBBB">
          <conceptMapType id="80" resolves-to="org.openmrs.ConceptMapType" uuid="43ac5109-7d8c-11e1-909d-c80aa9edcf4e">
            <name>NARROWER-THAN</name>
            <creator/>
            <dateCreated id="81">2013-09-14 00:00:00</dateCreated>
            <changedBy/>
            <retired>false</retired>
            <retiredBy/>
            <conceptMapTypeId>2</conceptMapTypeId>
            <isHidden>false</isHidden>
          </conceptMapType>
          <creator/>
          <changedBy/>
          <dateCreated id="82">2012-06-14 16:17:34</dateCreated>
          <conceptMapId>144621</conceptMapId>
          <concept reference="46"/>
          <conceptReferenceTerm id="83" resolves-to="org.openmrs.ConceptReferenceTerm" uuid="9b87ca0e-af71-3794-b312-7d5337cad9cf">
            <creator/>
            <dateCreated id="84">2012-06-14 00:00:00</dateCreated>
            <changedBy/>
            <retired>false</retired>
            <retiredBy/>
            <conceptReferenceTermId>144621</conceptReferenceTermId>
            <conceptSource id="85" resolves-to="org.openmrs.ConceptSource" uuid="2ADDDDDDDDDDDDDDDDDDDDDDDDDDDDDDDDDD">
              <name>SNOMED NP</name>
              <description>Non-preferred SNOMED CT mappings</description>
              <creator/>
              <dateCreated id="86">2010-04-25 11:12:44</dateCreated>
              <retired>false</retired>
              <retiredBy/>
              <conceptSourceId>2</conceptSourceId>
            </conceptSource>
            <code>401173007</code>
            <conceptReferenceTermMaps id="87"/>
          </conceptReferenceTerm>
        </org.openmrs.ConceptMap>
        <org.openmrs.ConceptMap id="88" uuid="144620ABBBBBBBBBBBBBBBBBBBBBBBBBBBBB">
          <conceptMapType reference="71"/>
          <creator/>
          <changedBy/>
          <dateCreated id="89">2012-06-14 16:17:34</dateCreated>
          <conceptMapId>144620</conceptMapId>
          <concept reference="46"/>
          <conceptReferenceTerm id="90" resolves-to="org.openmrs.ConceptReferenceTerm" uuid="8ffc08c5-017e-373e-85a2-fec0ec7be865">
            <creator/>
            <dateCreated id="91">2012-06-14 00:00:00</dateCreated>
            <changedBy/>
            <retired>false</retired>
            <retiredBy/>
            <conceptReferenceTermId>144620</conceptReferenceTermId>
            <conceptSource id="92" resolves-to="org.openmrs.ConceptSource" uuid="1ADDDDDDDDDDDDDDDDDDDDDDDDDDDDDDDDDD">
              <name>SNOMED CT</name>
              <description>SNOMED Preferred mapping</description>
              <creator/>
              <dateCreated id="93">2009-11-19 20:19:16</dateCreated>
              <retired>false</retired>
              <retiredBy/>
              <conceptSourceId>1</conceptSourceId>
            </conceptSource>
            <code>1648</code>
            <conceptReferenceTermMaps id="94"/>
          </conceptReferenceTerm>
        </org.openmrs.ConceptMap>
      </conceptMappings>
    </concept>
    <allWorkflows id="95"/>
  </org.openmrs.Program>
  <org.openmrs.Program id="96" uuid="b5d9e05f-f5ab-4612-98dd-adb75438ed34">
    <name>MCH Program - Maternal Services</name>
    <description>Treatment for mothers</description>
    <creator/>
    <dateCreated id="97">2013-08-15 10:07:07</dateCreated>
    <changedBy/>
    <dateChanged id="98">2013-09-16 13:23:15</dateChanged>
    <retired>false</retired>
    <programId>3</programId>
    <concept id="99" resolves-to="org.openmrs.Concept" uuid="159937AAAAAAAAAAAAAAAAAAAAAAAAAAAAAA">
      <conceptId>159937</conceptId>
      <retired>false</retired>
      <retiredBy/>
      <datatype reference="47"/>
      <conceptClass reference="49"/>
      <set>false</set>
      <version></version>
      <creator/>
      <dateCreated id="100">2010-11-30 13:20:14</dateCreated>
      <changedBy/>
      <dateChanged id="101">2010-12-14 03:35:00</dateChanged>
      <names class="set" id="102">
        <org.openmrs.ConceptName id="103" uuid="107483BBBBBBBBBBBBBBBBBBBBBBBBBBBBBB">
          <conceptNameId>107483</conceptNameId>
          <concept reference="99"/>
          <name>MCH program</name>
          <locale id="104">en</locale>
          <creator/>
          <dateCreated id="105">2010-11-30 13:20:14</dateCreated>
          <voided>false</voided>
          <voidedBy/>
          <tags class="set" id="106"/>
          <conceptNameType>SHORT</conceptNameType>
          <localePreferred>false</localePreferred>
        </org.openmrs.ConceptName>
        <org.openmrs.ConceptName id="107" uuid="107484BBBBBBBBBBBBBBBBBBBBBBBBBBBBBB">
          <conceptNameId>107484</conceptNameId>
          <concept reference="99"/>
          <name>maternal and child health program</name>
          <locale id="108">en</locale>
          <creator/>
          <dateCreated id="109">2010-11-30 13:20:14</dateCreated>
          <voided>false</voided>
          <voidedBy/>
          <tags class="set" id="110"/>
          <conceptNameType>FULLY_SPECIFIED</conceptNameType>
          <localePreferred>true</localePreferred>
        </org.openmrs.ConceptName>
      </names>
      <answers class="set" id="111"/>
      <conceptSets class="set" id="112"/>
      <descriptions class="set" id="113">
        <org.openmrs.ConceptDescription id="114" uuid="16467FFFFFFFFFFFFFFFFFFFFFFFFFFFFFFF">
          <conceptDescriptionId>16467</conceptDescriptionId>
          <concept reference="99"/>
          <description>The program which deals with the health issues of mother and children.</description>
          <locale id="115">en</locale>
          <creator/>
          <dateCreated id="116">2010-11-30 13:20:14</dateCreated>
          <changedBy/>
        </org.openmrs.ConceptDescription>
      </descriptions>
      <conceptMappings class="set" id="117">
        <org.openmrs.ConceptMap id="118" uuid="217078ABBBBBBBBBBBBBBBBBBBBBBBBBBBBB">
          <conceptMapType reference="71"/>
          <creator/>
          <changedBy/>
          <dateCreated id="119">2013-07-03 18:53:08</dateCreated>
          <conceptMapId>217078</conceptMapId>
          <concept reference="99"/>
          <conceptReferenceTerm id="120" resolves-to="org.openmrs.ConceptReferenceTerm" uuid="dbc3d6bb-ef07-3d6b-a27e-c0fb4ef34758">
            <creator/>
            <dateCreated id="121">2013-07-03 00:00:00</dateCreated>
            <changedBy/>
            <retired>false</retired>
            <retiredBy/>
            <conceptReferenceTermId>217078</conceptReferenceTermId>
            <conceptSource reference="76"/>
            <code>159937</code>
            <conceptReferenceTermMaps id="122"/>
          </conceptReferenceTerm>
        </org.openmrs.ConceptMap>
        <org.openmrs.ConceptMap id="123" uuid="137020ABBBBBBBBBBBBBBBBBBBBBBBBBBBBB">
          <conceptMapType reference="80"/>
          <creator/>
          <changedBy/>
          <dateCreated id="124">2010-11-30 13:20:14</dateCreated>
          <conceptMapId>137020</conceptMapId>
          <concept reference="99"/>
          <conceptReferenceTerm id="125" resolves-to="org.openmrs.ConceptReferenceTerm" uuid="c0450187-3c44-3b49-b678-281a416a328b">
            <creator/>
            <dateCreated id="126">2010-11-30 00:00:00</dateCreated>
            <changedBy/>
            <retired>false</retired>
            <retiredBy/>
            <conceptReferenceTermId>137020</conceptReferenceTermId>
            <conceptSource id="127" resolves-to="org.openmrs.ConceptSource" uuid="13ADDDDDDDDDDDDDDDDDDDDDDDDDDDDDDDDD">
              <name>AMPATH</name>
              <description>AMPATH concept dictionary</description>
              <creator/>
              <dateCreated id="128">2010-10-24 17:02:38</dateCreated>
              <retired>false</retired>
              <retiredBy/>
              <conceptSourceId>13</conceptSourceId>
            </conceptSource>
            <code>2050</code>
            <conceptReferenceTermMaps id="129"/>
          </conceptReferenceTerm>
        </org.openmrs.ConceptMap>
      </conceptMappings>
    </concept>
    <allWorkflows id="130"/>
  </org.openmrs.Program>
  <org.openmrs.Program id="131" uuid="c2ecdf11-97cd-432a-a971-cfd9bd296b83">
    <name>MCH Program - Child Services</name>
    <description>Treatment for children</description>
    <creator/>
    <dateCreated id="132">2013-08-15 10:08:04</dateCreated>
    <changedBy/>
    <dateChanged id="133">2013-09-16 13:23:37</dateChanged>
    <retired>false</retired>
    <programId>4</programId>
    <concept reference="99"/>
    <allWorkflows id="134"/>
  </org.openmrs.Program>
  <org.openmrs.Program id="135" uuid="dfdc6d40-2f2f-463d-ba90-cc97350441a8">
    <name>HIV Program</name>
    <description>Treatment for HIV-positive patients</description>
    <creator/>
    <dateCreated id="136">2012-06-23 04:13:06</dateCreated>
    <changedBy/>
    <dateChanged id="137">2013-09-16 13:22:39</dateChanged>
    <retired>false</retired>
    <programId>1</programId>
    <concept id="138" resolves-to="org.openmrs.Concept" uuid="160631AAAAAAAAAAAAAAAAAAAAAAAAAAAAAA">
      <conceptId>160631</conceptId>
      <retired>false</retired>
      <retiredBy/>
      <datatype reference="47"/>
      <conceptClass id="139" resolves-to="org.openmrs.ConceptClass" uuid="1edca368-768a-102f-83f4-12313b04a615">
        <name>Program</name>
        <description>Program concept</description>
        <creator/>
        <dateCreated id="140">2011-01-18 01:53:56</dateCreated>
        <retired>false</retired>
        <retiredBy/>
        <conceptClassId>18</conceptClassId>
      </conceptClass>
      <set>false</set>
      <version></version>
      <creator/>
      <dateCreated id="141">2012-06-23 14:33:42</dateCreated>
      <changedBy/>
      <names class="set" id="142">
        <org.openmrs.ConceptName id="143" uuid="109079BBBBBBBBBBBBBBBBBBBBBBBBBBBBBB">
          <conceptNameId>109079</conceptNameId>
          <concept reference="138"/>
          <name>HIV Program</name>
          <locale id="144">en</locale>
          <creator/>
          <dateCreated id="145">2012-06-23 14:33:42</dateCreated>
          <voided>false</voided>
          <voidedBy/>
          <tags class="set" id="146"/>
          <conceptNameType>FULLY_SPECIFIED</conceptNameType>
          <localePreferred>true</localePreferred>
        </org.openmrs.ConceptName>
      </names>
      <answers class="set" id="147"/>
      <conceptSets class="set" id="148"/>
      <descriptions class="set" id="149"/>
      <conceptMappings class="set" id="150">
        <org.openmrs.ConceptMap id="151" uuid="217754ABBBBBBBBBBBBBBBBBBBBBBBBBBBBB">
          <conceptMapType reference="71"/>
          <creator/>
          <changedBy/>
          <dateCreated id="152">2013-07-03 18:53:08</dateCreated>
          <conceptMapId>217754</conceptMapId>
          <concept reference="138"/>
          <conceptReferenceTerm id="153" resolves-to="org.openmrs.ConceptReferenceTerm" uuid="a30f3815-3a41-324a-8e9e-75965189ce82">
            <creator/>
            <dateCreated id="154">2013-07-03 00:00:00</dateCreated>
            <changedBy/>
            <retired>false</retired>
            <retiredBy/>
            <conceptReferenceTermId>217754</conceptReferenceTermId>
            <conceptSource reference="76"/>
            <code>160631</code>
            <conceptReferenceTermMaps id="155"/>
          </conceptReferenceTerm>
        </org.openmrs.ConceptMap>
        <org.openmrs.ConceptMap id="156" uuid="144745ABBBBBBBBBBBBBBBBBBBBBBBBBBBBB">
          <conceptMapType reference="71"/>
          <creator/>
          <changedBy/>
          <dateCreated id="157">2012-06-23 14:33:42</dateCreated>
          <conceptMapId>144745</conceptMapId>
          <concept reference="138"/>
          <conceptReferenceTerm id="158" resolves-to="org.openmrs.ConceptReferenceTerm" uuid="88d9d46d-29c3-3708-b504-8a0b8ef76670">
            <creator/>
            <dateCreated id="159">2012-06-23 00:00:00</dateCreated>
            <changedBy/>
            <retired>false</retired>
            <retiredBy/>
            <conceptReferenceTermId>144745</conceptReferenceTermId>
            <conceptSource id="160" resolves-to="org.openmrs.ConceptSource" uuid="fb9aaaf1-65e2-4c18-b53c-16b575f2f385">
              <name>PIH</name>
              <description>Equivalent concept ID in Master Partners-in-Health Concept dictionary</description>
              <creator/>
              <dateCreated id="161">2010-08-03 01:50:49</dateCreated>
              <retired>false</retired>
              <retiredBy/>
              <conceptSourceId>11</conceptSourceId>
            </conceptSource>
            <code>1482</code>
            <conceptReferenceTermMaps id="162"/>
          </conceptReferenceTerm>
        </org.openmrs.ConceptMap>
        <org.openmrs.ConceptMap id="163" uuid="144744ABBBBBBBBBBBBBBBBBBBBBBBBBBBBB">
          <conceptMapType reference="80"/>
          <creator/>
          <changedBy/>
          <dateCreated id="164">2012-06-23 14:33:42</dateCreated>
          <conceptMapId>144744</conceptMapId>
          <concept reference="138"/>
          <conceptReferenceTerm reference="83"/>
        </org.openmrs.ConceptMap>
      </conceptMappings>
    </concept>
    <allWorkflows id="165"/>
  </org.openmrs.Program>
  <org.openmrs.Provider id="166" uuid="ae01b8ff-a4cc-4012-bcf7-72359e852e14">
    <creator/>
    <dateCreated id="167">2012-08-08 23:40:58</dateCreated>
    <retired>false</retired>
    <attributes id="168"/>
    <log class="org.apache.commons.logging.impl.SLF4JLocationAwareLog" id="169">
      <name>org.openmrs.Provider</name>
    </log>
    <providerId>2</providerId>
    <person id="170" resolves-to="org.openmrs.Person" uuid="1cc7dc79-ad09-4897-8a1d-0b3d3226e9ee">
      <voided>false</voided>
      <personId>9</personId>
      <addresses class="sorted-set" id="171"/>
      <names class="sorted-set" id="172">
        <org.openmrs.PersonName id="173" uuid="02d1c5a1-ee17-4b0b-ad7a-5f37766d020e">
          <creator/>
          <dateCreated id="174">2012-08-08 23:40:16</dateCreated>
          <voided>false</voided>
          <personNameId>9</personNameId>
          <person reference="170"/>
          <preferred>false</preferred>
          <givenName>Unknown</givenName>
          <familyName>Provider</familyName>
        </org.openmrs.PersonName>
      </names>
      <attributes class="sorted-set" id="175"/>
      <gender>F</gender>
      <birthdateEstimated>false</birthdateEstimated>
      <dead>false</dead>
      <personCreator/>
      <personDateCreated id="176">2012-08-08 23:40:16</personDateCreated>
      <personVoided>false</personVoided>
      <isPatient>false</isPatient>
    </person>
    <identifier>UNKNOWN</identifier>
  </org.openmrs.Provider>
</list>
