<?xml version="1.0" encoding="UTF-8"?>
<list id="1">
  <org.openmrs.module.htmlformentry.HtmlForm id="2" uuid="fd9e79b3-c02d-4a74-b49a-0c8fdc381060">
    <creator/>
    <dateCreated id="3">2012-06-14 08:54:52</dateCreated>
    <changedBy/>
    <dateChanged id="4">2012-06-29 07:54:30</dateChanged>
    <retired>false</retired>
    <id>2</id>
    <form id="5" resolves-to="org.openmrs.Form" uuid="c7867d4f-6c10-4034-b37f-4da79e79af63">
      <name>MOH 257 REGISTRATION</name>
      <description>POC work flow HIV Patient registration form it conforms to the Patient profile of the MOH 257 form</description>
      <creator/>
      <dateCreated id="7">2012-06-14 08:54:52</dateCreated>
      <changedBy/>
      <dateChanged id="8">2012-06-20 12:10:39</dateChanged>
      <retired>false</retired>
      <formId>2</formId>
      <version>0.0.1</version>
      <published>true</published>
      <encounterType id="9" resolves-to="org.openmrs.EncounterType" uuid="de1f9d67-b73e-4e1b-90d0-036166fc6995">
        <name>Registration</name>
        <description>Initial data collection for a patient, not specific to any program.</description>
        <creator/>
        <dateCreated id="11">2012-06-26 06:14:17</dateCreated>
        <retired>false</retired>
        <encounterTypeId>13</encounterTypeId>
      </encounterType>
      <formFields id="12"/>
    </form>
    <xmlData>&lt;htmlform&gt;&#xd;
	&lt;style&gt;&#xd;
		table.baseline-aligned td {&#xd;
			vertical-align: baseline;&#xd;
		}&#xd;
	&lt;/style&gt;&#xd;
&#xd;
	&lt;div class=&quot;patient-details&quot;&gt;&#xd;
		&lt;table class=&quot;baseline-aligned&quot; width=&quot;100%&quot;&gt;&#xd;
			&lt;tr&gt;&#xd;
				&lt;td&gt;Name: &lt;lookup class=&quot;value&quot; expression=&quot;patient.personName&quot;/&gt;&lt;/td&gt;&#xd;
				&lt;td&gt;Gender: &lt;lookup class=&quot;value&quot; expression=&quot;patient.gender&quot;/&gt;&lt;/td&gt;&#xd;
				&lt;td&gt;Birthdate: &lt;lookup class=&quot;value&quot; complexExpression=&quot;#if( \$patient.birthdateEstimated ) ~#end&quot;/&gt; &lt;lookup class=&quot;value&quot; expression=&quot;patient.birthdate&quot;/&gt;&#xd;
				&lt;/td&gt;&#xd;
			&lt;/tr&gt;&#xd;
		&lt;/table&gt;&#xd;
	&lt;/div&gt;&#xd;
&#xd;
	&lt;div class=&quot;encounter-details&quot;&gt;&#xd;
		&lt;table class=&quot;baseline-aligned&quot; width=&quot;100%&quot;&gt;&#xd;
			&lt;tr&gt;&#xd;
				&lt;td&gt;Date: &lt;encounterDate default=&quot;now&quot; showTime=&quot;true&quot;/&gt;&lt;/td&gt;&#xd;
				&lt;td&gt;Provider: &lt;encounterProviderAndRole encounterRole=&quot;a0b03050-c99b-11e0-9572-0800200c9a66&quot; default=&quot;currentUser&quot; required=&quot;true&quot;/&gt;&lt;/td&gt;&#xd;
				&lt;td&gt;Location: &lt;encounterLocation default=&quot;GlobalProperty:kenyaemr.defaultLocation&quot;/&gt;&lt;/td&gt;&#xd;
			&lt;/tr&gt;&#xd;
		&lt;/table&gt;&#xd;
	&lt;/div&gt;&#xd;
&#xd;
             &lt;fieldset &gt;&#xd;
		&lt;table style=&quot;width: 100%; height: 44px;&quot; border=&quot;0&quot; align=&quot;center&quot;&gt;&#xd;
                    &lt;tbody&gt;&#xd;
                        &lt;tr&gt;&#xd;
                            &lt;td style=&quot;font-family: Trebuchet MS,serif; text-align: right;&quot;&gt;Facility Name : &lt;encounterLocation/&gt;&lt;/td&gt;&#xd;
                            &lt;td colspan=&quot;2&quot; style=&quot;font-family: Trebuchet MS,serif; text-align: center;&quot;&gt;Patient Clinic Number : TODO&lt;/td&gt;&#xd;
                            &lt;td style=&quot;font-family: Trebuchet MS,serif;&quot;&gt;&lt;obs  conceptId=&quot;5325AAAAAAAAAAAAAAAAAAAAAAAAAAAAAAAA&quot; size=&quot;30&quot; labelText=&quot;Unique Patient Number : &quot;/&gt;&lt;/td&gt;&#xd;
                        &lt;/tr&gt;&#xd;
                        &lt;tr&gt;&#xd;
                            &lt;td style=&quot;font-family: Trebuchet MS,serif; text-align: right;&quot;&gt;&lt;obs  conceptId=&quot;1526AAAAAAAAAAAAAAAAAAAAAAAAAAAAAAAA&quot; size=&quot;30&quot; labelText=&quot;Patient Names : &quot;/&gt;&lt;/td&gt;&#xd;
                            &lt;td style=&quot;font-family: Trebuchet MS,serif; text-align: right;&quot;&gt;&lt;obs conceptId=&quot;1533AAAAAAAAAAAAAAAAAAAAAAAAAAAAAAAA&quot; labelText=&quot;Sex: &quot; style=&quot;radio&quot; answerConceptIds=&quot;1534AAAAAAAAAAAAAAAAAAAAAAAAAAAAAAAA,1535AAAAAAAAAAAAAAAAAAAAAAAAAAAAAAAA&quot; answerLabels=&quot;Male,Female&quot; /&gt;&lt;/td&gt;&#xd;
                            &lt;td style=&quot;font-family: Trebuchet MS,serif; text-align: right;&quot;&gt;Date of Birth : &lt;encounterDate default=&quot;now&quot;/&gt;&lt;/td&gt;&#xd;
                            &lt;td style=&quot;font-family: Trebuchet MS,serif; &quot;&gt;Age : &lt;obs  conceptId=&quot;159499AAAAAAAAAAAAAAAAAAAAAAAAAAAAAA&quot; /&gt;&lt;/td&gt;&#xd;
                        &lt;/tr&gt;&#xd;
                        &lt;tr&gt;&#xd;
                            &lt;td style=&quot;font-family: Trebuchet MS,serif; text-align: right;&quot;&gt;Postal Address : TODO&lt;/td&gt;&#xd;
                            &lt;td colspan=&quot;2&quot; style=&quot;font-family: Trebuchet MS,serif; text-align: center;&quot;&gt;Tel Contact : TODO&lt;/td&gt;&#xd;
                            &lt;td style=&quot;font-family: Trebuchet MS,serif;&quot;&gt; &lt;/td&gt;&#xd;
                        &lt;/tr&gt;&#xd;
                        &lt;tr&gt;&#xd;
                            &lt;td style=&quot;font-family: Trebuchet MS,serif; text-align: left;&quot;&gt;District : &lt;encounterLocation/&gt;&lt;/td&gt;&#xd;
                            &lt;td style=&quot;font-family: Trebuchet MS,serif; text-align: left;&quot;&gt;Sublocation : &lt;encounterLocation/&gt; &lt;/td&gt;&#xd;
                            &lt;td style=&quot;font-family: Trebuchet MS,serif; text-align: left;&quot;&gt;Nearest H/Center :&lt;encounterLocation/&gt;&lt;/td&gt;&#xd;
                            &lt;td style=&quot;font-family: Trebuchet MS,serif; text-align: left;&quot;&gt;Land Mark :&lt;encounterLocation /&gt;&lt;/td&gt;&#xd;
                        &lt;/tr&gt;&#xd;
                        &lt;tr&gt;&#xd;
                            &lt;td colspan=&quot;2&quot; style=&quot;font-family: Trebuchet MS,serif; text-align: center;&quot;&gt;&lt;strong&gt;Treatment Supporter &lt;/strong&gt;&lt;/td&gt;&#xd;
                            &lt;td colspan=&quot;2&quot; style=&quot;font-family: Trebuchet MS,serif; text-align: center;&quot;&gt;&lt;strong&gt; &lt;/strong&gt;&lt;/td&gt;&#xd;
                        &lt;/tr&gt;&#xd;
                        &lt;tr&gt;&#xd;
                            &lt;td colspan=&quot;2&quot;&gt; &lt;strong&gt; &lt;hr/&gt; &lt;/strong&gt;&lt;/td&gt;&#xd;
                            &lt;td colspan=&quot;2&quot;&gt; &lt;strong&gt;  &lt;/strong&gt;&lt;/td&gt;&#xd;
                        &lt;/tr&gt;&#xd;
                        &lt;tr&gt;&#xd;
                            &lt;td style=&quot;font-family: Trebuchet MS,serif; text-align: right;&quot;&gt; Name : &lt;/td&gt;&#xd;
                            &lt;td style=&quot;font-family: Trebuchet MS,serif; text-align: left;&quot;&gt; : TODO&lt;/td&gt;&#xd;
                            &lt;td style=&quot;font-family: Trebuchet MS,serif;&quot;&gt; &lt;/td&gt;&#xd;
                            &lt;td style=&quot;font-family: Trebuchet MS,serif;&quot;&gt; &lt;/td&gt;&#xd;
                        &lt;/tr&gt;&#xd;
                        &lt;tr rawspan=&quot;2&quot;&gt;&#xd;
                            &lt;td style=&quot;font-family: Trebuchet MS,serif; text-align: right;&quot;&gt;Relationship : &lt;/td&gt;&#xd;
                            &lt;td style=&quot;font-family: Trebuchet MS,serif; text-align: left;&quot;&gt; : TODO&lt;/td&gt;&#xd;
                            &lt;td colspan=&quot;2&quot; style=&quot;font-family: Trebuchet MS,serif;&quot;&gt;&lt;obs conceptId=&quot;1054AAAAAAAAAAAAAAAAAAAAAAAAAAAAAAAA&quot; labelText=&quot;Marital Status: &quot; &#xd;
answerConceptIds=&quot;5555AAAAAAAAAAAAAAAAAAAAAAAAAAAAAAAA,1058AAAAAAAAAAAAAAAAAAAAAAAAAAAAAAAA,1060AAAAAAAAAAAAAAAAAAAAAAAAAAAAAAAA,5555AAAAAAAAAAAAAAAAAAAAAAAAAAAAAAAA,1059AAAAAAAAAAAAAAAAAAAAAAAAAAAAAAAA,1057AAAAAAAAAAAAAAAAAAAAAAAAAAAAAAAA&quot; &#xd;
answerLabels=&quot;Married Polygamous,Divorced,Cohabiting,Married Monogamous,Widowed,Single&quot; /&gt;&#xd;
                            &lt;/td&gt;&#xd;
                            &lt;td style=&quot;font-family: Trebuchet MS,serif;&quot;&gt; &lt;/td&gt;&#xd;
                        &lt;/tr&gt;&#xd;
                        &lt;tr&gt;&#xd;
                            &lt;td style=&quot;font-family: Trebuchet MS,serif; text-align: right;&quot;&gt;Postal Address: &lt;/td&gt;&#xd;
                            &lt;td style=&quot;font-family: Trebuchet MS,serif; text-align: left;&quot;&gt; : TODO &lt;/td&gt;&#xd;
                            &lt;td style=&quot;font-family: Trebuchet MS,serif;&quot;&gt; &lt;/td&gt;&#xd;
                            &lt;td style=&quot;font-family: Trebuchet MS,serif;&quot;&gt; &lt;/td&gt;&#xd;
                        &lt;/tr&gt;&#xd;
                        &lt;tr&gt;&#xd;
                            &lt;td style=&quot;font-family: Trebuchet MS,serif; font-size: text-align: right;&quot;&gt;Tel NO: &lt;/td&gt;&#xd;
                            &lt;td style=&quot;font-family: Trebuchet MS,serif; font-size: text-align: left;&quot;&gt; : TODO&lt;/td&gt;&#xd;
                            &lt;td style=&quot;font-family: Trebuchet MS,serif; font-size:&quot;&gt; &lt;/td&gt;&#xd;
                            &lt;td style=&quot;font-family: Trebuchet MS,serif; font-size:&quot;&gt; &lt;/td&gt;&#xd;
                        &lt;/tr&gt;&#xd;
                        &lt;tr&gt;&#xd;
                            &lt;td colspan=&quot;4&quot;&gt; &lt;hr/&gt; &lt;/td&gt;&#xd;
                        &lt;/tr&gt;&#xd;
                        &lt;tr&gt;&#xd;
                            &lt;td colspan=&quot;4&quot; style=&quot;font-family: Trebuchet MS,serif; text-align: center;&quot;&gt;&lt;submit/&gt;&lt;/td&gt;&#xd;
                        &lt;/tr&gt;&#xd;
                    &lt;/tbody&gt;&#xd;
                &lt;/table&gt;&#xd;
          &lt;/fieldset &gt;&#xd;
&lt;/htmlform&gt;</xmlData>
    <dependencies class="set" id="13">
      <org.openmrs.EncounterRole id="14" uuid="a0b03050-c99b-11e0-9572-0800200c9a66">
        <name>Unknown</name>
        <description>Unknown encounter role for legacy providers with no encounter role set</description>
        <creator/>
        <dateCreated id="15">2011-08-18 14:00:00</dateCreated>
        <retired>false</retired>
        <encounterRoleId>1</encounterRoleId>
      </org.openmrs.EncounterRole>
    </dependencies>
  </org.openmrs.module.htmlformentry.HtmlForm>
  <org.openmrs.module.htmlformentry.HtmlForm id="16" uuid="82a3a38a-7be1-40c3-b35a-17eb21190f09">
    <creator/>
    <dateCreated id="17">2012-06-20 06:33:38</dateCreated>
    <changedBy/>
    <dateChanged id="18">2012-06-29 04:02:19</dateChanged>
    <retired>false</retired>
    <id>4</id>
    <form id="19" resolves-to="org.openmrs.Form" uuid="37f6bd8d-586a-4169-95fa-5781f987fe62">
      <name>MOH 257 ENCOUNTER : TRIAGE</name>
      <description>Initial and follow up visits MOH 257</description>
      <creator/>
      <dateCreated id="21">2012-06-20 06:33:38</dateCreated>
      <changedBy/>
      <dateChanged id="22">2012-06-28 22:01:45</dateChanged>
      <retired>false</retired>
      <formId>4</formId>
      <version>0.0.1</version>
      <published>true</published>
      <encounterType id="23" resolves-to="org.openmrs.EncounterType" uuid="d1059fb9-a079-4feb-a749-eedd709ae542">
        <name>Triage</name>
        <description>Collection of limited patient data, prior to a more thorough examination</description>
        <creator/>
        <dateCreated id="25">2012-06-26 06:15:56</dateCreated>
        <retired>false</retired>
        <encounterTypeId>8</encounterTypeId>
      </encounterType>
      <formFields id="26"/>
    </form>
    <xmlData>&lt;htmlform&gt;&#xd;
	&lt;style&gt;&#xd;
		table.baseline-aligned td {&#xd;
			vertical-align: baseline;&#xd;
		}&#xd;
	&lt;/style&gt;&#xd;
&#xd;
	&lt;div class=&quot;patient-details&quot;&gt;&#xd;
		&lt;table class=&quot;baseline-aligned&quot; width=&quot;100%&quot;&gt;&#xd;
			&lt;tr&gt;&#xd;
				&lt;td&gt;Name: &lt;lookup class=&quot;value&quot; expression=&quot;patient.personName&quot;/&gt;&lt;/td&gt;&#xd;
				&lt;td&gt;Gender: &lt;lookup class=&quot;value&quot; expression=&quot;patient.gender&quot;/&gt;&lt;/td&gt;&#xd;
				&lt;td&gt;Birthdate: &lt;lookup class=&quot;value&quot; complexExpression=&quot;#if( \$patient.birthdateEstimated ) ~#end&quot;/&gt; &lt;lookup class=&quot;value&quot; expression=&quot;patient.birthdate&quot;/&gt;&#xd;
				&lt;/td&gt;&#xd;
			&lt;/tr&gt;&#xd;
		&lt;/table&gt;&#xd;
	&lt;/div&gt;&#xd;
&#xd;
	&lt;div class=&quot;encounter-details&quot;&gt;&#xd;
		&lt;table class=&quot;baseline-aligned&quot; width=&quot;100%&quot;&gt;&#xd;
			&lt;tr&gt;&#xd;
				&lt;td&gt;Date: &lt;encounterDate default=&quot;now&quot; showTime=&quot;true&quot;/&gt;&lt;/td&gt;&#xd;
				&lt;td&gt;Provider: &lt;encounterProviderAndRole encounterRole=&quot;a0b03050-c99b-11e0-9572-0800200c9a66&quot; default=&quot;currentUser&quot; required=&quot;true&quot;/&gt;&lt;/td&gt;&#xd;
				&lt;td&gt;Location: &lt;encounterLocation default=&quot;GlobalProperty:kenyaemr.defaultLocation&quot;/&gt;&lt;/td&gt;&#xd;
			&lt;/tr&gt;&#xd;
		&lt;/table&gt;&#xd;
	&lt;/div&gt;&#xd;
&#xd;
&lt;table style=&quot;width: 100%; height: 44px;&quot; border=&quot;0&quot; align=&quot;center&quot;&gt;&#xd;
&lt;tbody&gt;&#xd;
&lt;tr&gt;&#xd;
&lt;td style=&quot;font-family: Trebuchet MS,serif; text-align: center;&quot;&gt;&#xd;
	&lt;fieldset &gt;&#xd;
		&lt;table&gt; &#xd;
			&lt;tr&gt;&#xd;
				&lt;td style=&quot;text-align: left;&quot;&gt;&lt;obs  conceptId=&quot;5089AAAAAAAAAAAAAAAAAAAAAAAAAAAAAAAA&quot; labelText=&quot;Weight (kgs): &quot;/&gt;&lt;/td&gt;&#xd;
				&lt;td style=&quot;text-align: left;&quot;&gt; &lt;/td&gt;&#xd;
			&lt;/tr&gt;&#xd;
			&lt;tr&gt;&#xd;
				&lt;td style=&quot;text-align: left;&quot;&gt;&lt;obs  conceptId=&quot;5090AAAAAAAAAAAAAAAAAAAAAAAAAAAAAAAA&quot; labelText=&quot;Height (cm): &quot;/&gt;&lt;/td&gt;&#xd;
				&lt;td style=&quot;text-align: left;&quot;&gt; &lt;/td&gt;&#xd;
			&lt;/tr&gt;&#xd;
			&lt;tr&gt;&#xd;
				&lt;td style=&quot;text-align: left;&quot;&gt;BMI (calculated): TODO&lt;/td&gt;&#xd;
				&lt;td style=&quot;text-align: left;&quot;&gt; &lt;/td&gt;&#xd;
			&lt;/tr&gt;&#xd;
			&lt;tr&gt;&#xd;
				&lt;td style=&quot;text-align: left;&quot;&gt;BP: &lt;obs  conceptId=&quot;5085AAAAAAAAAAAAAAAAAAAAAAAAAAAAAAAA&quot;/&gt; / &lt;obs  conceptId=&quot;5086AAAAAAAAAAAAAAAAAAAAAAAAAAAAAAAA&quot;/&gt;&lt;/td&gt;&#xd;
				&lt;td style=&quot;text-align: left;&quot;&gt; &lt;/td&gt;&#xd;
			&lt;/tr&gt;&#xd;
			&lt;tr&gt;&#xd;
				&lt;td style=&quot;text-align: left;&quot;&gt;&lt;obs  conceptId=&quot;1343AAAAAAAAAAAAAAAAAAAAAAAAAAAAAAAA&quot; labelText=&quot;MUAC (if child): &quot;/&gt;&lt;/td&gt;&#xd;
				&lt;td style=&quot;text-align: left;&quot;&gt; &lt;/td&gt;&#xd;
			&lt;/tr&gt;&#xd;
			&lt;tr&gt;&#xd;
				&lt;td style=&quot;text-align: left;&quot;&gt;&lt;obs  conceptId=&quot;5088AAAAAAAAAAAAAAAAAAAAAAAAAAAAAAAA&quot; labelText=&quot;Temp(C): &quot;/&gt;&lt;/td&gt;&#xd;
				&lt;td style=&quot;text-align: left;&quot;&gt; &lt;/td&gt;&#xd;
			&lt;/tr&gt;&#xd;
			&lt;tr&gt;&#xd;
				&lt;td style=&quot;text-align: left;&quot;&gt;Pill count&lt;/td&gt;&#xd;
				&lt;td style=&quot;text-align: left;&quot;&gt; &lt;/td&gt;&#xd;
			&lt;/tr&gt;&#xd;
			&lt;tr&gt;&#xd;
				&lt;td style=&quot;text-align: left;&quot;&gt;&lt;obs  conceptId=&quot;5242AAAAAAAAAAAAAAAAAAAAAAAAAAAAAAAA&quot; labelText=&quot;Respiratory Rate: &quot;/&gt;&lt;/td&gt;&#xd;
				&lt;td style=&quot;text-align: left;&quot;&gt; &lt;/td&gt;&#xd;
			&lt;/tr&gt;&#xd;
			&lt;tr&gt;&#xd;
				&lt;td style=&quot;text-align: left;&quot;&gt;&lt;obs  conceptId=&quot;5087AAAAAAAAAAAAAAAAAAAAAAAAAAAAAAAA&quot; labelText=&quot;Pulse rate: &quot;/&gt;&lt;/td&gt;&#xd;
				&lt;td style=&quot;text-align: left;&quot;&gt; &lt;/td&gt;&#xd;
			&lt;/tr&gt;&#xd;
			&lt;tr&gt;&#xd;
				&lt;td style=&quot;text-align: left;&quot;&gt;&lt;obs  conceptId=&quot;5092AAAAAAAAAAAAAAAAAAAAAAAAAAAAAAAA&quot; labelText=&quot;Oxygen Saturation: &quot;/&gt;&lt;/td&gt;&#xd;
				&lt;td style=&quot;text-align: left;&quot;&gt; &lt;/td&gt;&#xd;
			&lt;/tr&gt;&#xd;
		&lt;/table&gt;&#xd;
	&lt;/fieldset&gt;&#xd;
&lt;/td&gt;&#xd;
&lt;/tr&gt;&#xd;
&lt;tr&gt;&#xd;
&lt;td style=&quot;border: 1px solid #000099; font-family: Trebuchet MS,serif; text-align: center;&quot;&gt;&lt;submit/&gt;&lt;/td&gt;&#xd;
&lt;/tr&gt;&#xd;
&lt;/tbody&gt;&#xd;
&lt;/table&gt;&#xd;
&#xd;
&lt;!-- END OF FORM&#xd;
&#xd;
Simple examples to copy-and-paste. Full reference at http://wiki.openmrs.org/x/kg8z&#xd;
&#xd;
--&gt;&#xd;
&lt;/htmlform&gt;</xmlData>
    <dependencies class="set" id="27">
      <org.openmrs.EncounterRole reference="14"/>
    </dependencies>
  </org.openmrs.module.htmlformentry.HtmlForm>
  <org.openmrs.module.htmlformentry.HtmlForm id="28" uuid="313b5a76-e0f5-41c0-bd8c-7316b84a987f">
    <creator/>
    <dateCreated id="29">2012-06-26 07:40:15</dateCreated>
    <changedBy/>
    <dateChanged id="30">2012-06-28 21:49:48</dateChanged>
    <retired>false</retired>
    <id>17</id>
    <form id="31" resolves-to="org.openmrs.Form" uuid="01f3aa8d-d0b5-4252-a7eb-059fec6633e9">
      <name>MOH 257 ENCOUNTER : MEDICATION ORDERS</name>
      <creator/>
      <dateCreated id="33">2012-06-26 07:40:15</dateCreated>
      <changedBy/>
      <dateChanged id="34">2012-06-28 21:49:48</dateChanged>
      <retired>false</retired>
      <formId>17</formId>
      <version>0.0.1</version>
      <published>true</published>
      <encounterType id="35" resolves-to="org.openmrs.EncounterType" uuid="465a92f2-baf8-42e9-9612-53064be868e8">
        <name>Consultation</name>
        <description>Collection of clinical data during the main consultation</description>
        <creator/>
        <dateCreated id="37">2012-06-26 06:19:31</dateCreated>
        <retired>false</retired>
        <encounterTypeId>12</encounterTypeId>
      </encounterType>
      <formFields id="38"/>
    </form>
    <xmlData>&lt;htmlform&gt;&#xd;
&lt;table style=&quot;width: 1000px; height: 44px;&quot; border=&quot;0&quot; align=&quot;center&quot;&gt;&#xd;
&lt;tbody&gt;&#xd;
&lt;tr&gt;&#xd;
&lt;td style=&quot;border: 1px solid #000099; background-color: #009d8e; color: #ffffff; font-family: Trebuchet MS,serif; text-align: center;&quot;&gt;&#xd;
&lt;strong&gt;Medication Orders&lt;/strong&gt;&#xd;
&lt;/td&gt;&#xd;
&lt;/tr&gt;&#xd;
&lt;tr&gt;&#xd;
&lt;td style=&quot;font-family: Trebuchet MS,serif; text-align: left;&quot;&gt;&#xd;
	&lt;fieldset &gt;                                                 &#xd;
		&lt;table&gt;&#xd;
			&lt;tr&gt;&#xd;
				&lt;td&gt;Drug Name&lt;/td&gt;&#xd;
			&lt;/tr&gt;&#xd;
			&lt;tr&gt;&#xd;
				&lt;td&gt;Dose&lt;/td&gt;&#xd;
			&lt;/tr&gt;&#xd;
			&lt;tr&gt;&#xd;
				&lt;td&gt;Frequency&lt;/td&gt;&#xd;
			&lt;/tr&gt;&#xd;
			&lt;tr&gt;&#xd;
				&lt;td&gt;Duration&lt;/td&gt;&#xd;
			&lt;/tr&gt;&#xd;
		&lt;/table&gt;&#xd;
	&lt;/fieldset&gt;&#xd;
&lt;/td&gt;&#xd;
&lt;/tr&gt;&#xd;
&lt;tr&gt;&#xd;
&lt;td style=&quot;border: 1px solid #000099; font-family: Trebuchet MS,serif; text-align: center;&quot;&gt;&lt;submit/&gt;&lt;/td&gt;&#xd;
&lt;/tr&gt;&#xd;
&lt;/tbody&gt;&#xd;
&lt;/table&gt;&#xd;
&#xd;
&lt;!-- END OF FORM&#xd;
&#xd;
Simple examples to copy-and-paste. Full reference at http://wiki.openmrs.org/x/kg8z&#xd;
&#xd;
--&gt;&#xd;
&lt;/htmlform&gt;</xmlData>
    <dependencies class="set" id="39"/>
  </org.openmrs.module.htmlformentry.HtmlForm>
  <org.openmrs.module.htmlformentry.HtmlForm id="40" uuid="44beff2c-e19c-4fb2-a869-5cf93ebeabe2">
    <creator/>
    <dateCreated id="41">2012-06-23 13:29:16</dateCreated>
    <changedBy/>
    <dateChanged id="42">2012-06-29 08:35:31</dateChanged>
    <retired>false</retired>
    <id>10</id>
    <form id="43" resolves-to="org.openmrs.Form" uuid="8be821d9-8535-4715-9408-6c3112e8245a">
      <name>MOH 257 ENCOUNTER : PATIENTS DEMOGRAPHICS</name>
      <description>Encounter form to display the patient Demographic details partly from triage</description>
      <creator/>
      <dateCreated id="45">2012-06-23 13:29:16</dateCreated>
      <changedBy/>
      <dateChanged id="46">2012-06-28 21:50:10</dateChanged>
      <retired>false</retired>
      <formId>10</formId>
      <version>0.0.1</version>
      <published>true</published>
      <encounterType reference="35"/>
      <formFields id="47"/>
    </form>
    <xmlData>&lt;htmlform&gt;&#xd;
&#xd;
	&lt;style&gt;&#xd;
		table.baseline-aligned td {&#xd;
			vertical-align: baseline;&#xd;
		}&#xd;
	&lt;/style&gt;&#xd;
&#xd;
	&lt;div class=&quot;patient-details&quot;&gt;&#xd;
		&lt;table class=&quot;baseline-aligned&quot; width=&quot;100%&quot;&gt;&#xd;
			&lt;tr&gt;&#xd;
				&lt;td&gt;Name: &lt;lookup class=&quot;value&quot; expression=&quot;patient.personName&quot;/&gt;&lt;/td&gt;&#xd;
				&lt;td&gt;Gender: &lt;lookup class=&quot;value&quot; expression=&quot;patient.gender&quot;/&gt;&lt;/td&gt;&#xd;
				&lt;td&gt;Birthdate: &lt;lookup class=&quot;value&quot; complexExpression=&quot;#if( \$patient.birthdateEstimated ) ~#end&quot;/&gt; &lt;lookup class=&quot;value&quot; expression=&quot;patient.birthdate&quot;/&gt;&#xd;
				&lt;/td&gt;&#xd;
			&lt;/tr&gt;&#xd;
		&lt;/table&gt;&#xd;
	&lt;/div&gt;&#xd;
&#xd;
	&lt;div class=&quot;encounter-details&quot;&gt;&#xd;
		&lt;table class=&quot;baseline-aligned&quot; width=&quot;100%&quot;&gt;&#xd;
			&lt;tr&gt;&#xd;
				&lt;td&gt;Date: &lt;encounterDate default=&quot;now&quot; showTime=&quot;true&quot;/&gt;&lt;/td&gt;&#xd;
				&lt;td&gt;Provider: &lt;encounterProviderAndRole encounterRole=&quot;a0b03050-c99b-11e0-9572-0800200c9a66&quot; default=&quot;currentUser&quot; required=&quot;true&quot;/&gt;&lt;/td&gt;&#xd;
				&lt;td&gt;Location: &lt;encounterLocation default=&quot;GlobalProperty:kenyaemr.defaultLocation&quot;/&gt;&lt;/td&gt;&#xd;
			&lt;/tr&gt;&#xd;
		&lt;/table&gt;&#xd;
	&lt;/div&gt;&#xd;
&#xd;
&lt;table style=&quot;width: 100%; height: 44px;&quot; border=&quot;0&quot; align=&quot;center&quot;&gt;&#xd;
&lt;tbody&gt;&#xd;
&lt;tr&gt;&#xd;
&lt;td&gt;&#xd;
&lt;fieldset&gt;&#xd;
		&lt;table class=&quot;baseline-aligned&quot; style=&quot;font-family: Trebuchet MS,serif;&quot;&gt;&#xd;
			&lt;tr&gt;&#xd;
				&lt;td style=&quot;font-family: Trebuchet MS,serif;&quot;&gt;Patient&apos;s Name:&lt;/td&gt;&#xd;
				&lt;td&gt;&lt;lookup class=&quot;value&quot; expression=&quot;patient.personName&quot;/&gt;&lt;/td&gt;&#xd;
			&lt;/tr&gt;&#xd;
			&lt;tr&gt;&#xd;
				&lt;td&gt;Age:&lt;/td&gt;&#xd;
				&lt;td&gt;&#xd;
					&lt;lookup class=&quot;value&quot; expression=&quot;patient.age&quot;/&gt;&#xd;
				&lt;/td&gt;&#xd;
			&lt;/tr&gt;&#xd;
			&lt;tr&gt;&#xd;
				&lt;td&gt;Unique Patient Number:&lt;/td&gt;&#xd;
				&lt;td&gt;&lt;lookup class=&quot;value&quot; expression=&quot;personAttributes.get(&apos;Birthplace&apos;)&quot;/&gt;&lt;/td&gt;&#xd;
			&lt;/tr&gt;&#xd;
			&lt;tr&gt;&#xd;
				&lt;td&gt;Marital Status:&lt;/td&gt;&#xd;
				&lt;td&gt;&lt;lookup class=&quot;value&quot; expression=&quot;personAttributes.get(&apos;Civil Status&apos;).name.name&quot;/&gt;&lt;/td&gt;&#xd;
			&lt;/tr&gt;&#xd;
			&lt;tr&gt;&#xd;
				&lt;td&gt;&lt;obs  conceptId=&quot;5089AAAAAAAAAAAAAAAAAAAAAAAAAAAAAAAA&quot; size=&quot;20&quot; labelText=&quot;Weight(Kgs): &quot; /&gt;&lt;/td&gt;&#xd;
				&lt;td&gt;&lt;obs  conceptId=&quot;5090AAAAAAAAAAAAAAAAAAAAAAAAAAAAAAAA&quot; size=&quot;20&quot;  labelText=&quot;Height(cms): &quot; /&gt;&lt;/td&gt;&#xd;
			&lt;/tr&gt;&#xd;
			&lt;tr&gt;&#xd;
				&lt;td&gt;&lt;obs  conceptId=&quot;5242AAAAAAAAAAAAAAAAAAAAAAAAAAAAAAAA&quot; size=&quot;20&quot;   labelText=&quot;Respiratory Rate: &quot; /&gt;&lt;/td&gt;&#xd;
				&lt;td&gt;Blood Presure: &lt;obs  conceptId=&quot;5085AAAAAAAAAAAAAAAAAAAAAAAAAAAAAAAA&quot; size=&quot;10&quot;   labelText=&quot;Systolic: &quot; /&gt;&lt;obs  conceptId=&quot;5086AAAAAAAAAAAAAAAAAAAAAAAAAAAAAAAA&quot; size=&quot;10&quot;   labelText=&quot;Diastolic: &quot; /&gt;&lt;/td&gt;&#xd;
			&lt;/tr&gt;&#xd;
			&lt;tr&gt;&#xd;
				&lt;td&gt;&lt;obs  conceptId=&quot;1342AAAAAAAAAAAAAAAAAAAAAAAAAAAAAAAA&quot; size=&quot;20&quot;   labelText=&quot;BMI: &quot; /&gt;&lt;/td&gt;&#xd;
				&lt;td&gt;&lt;obs  conceptId=&quot;1343AAAAAAAAAAAAAAAAAAAAAAAAAAAAAAAA&quot; size=&quot;20&quot;   labelText=&quot;MUAC: &quot; /&gt;&lt;/td&gt;&#xd;
			&lt;/tr&gt;&#xd;
			&lt;tr&gt;&#xd;
				&lt;td&gt;&lt;obs  conceptId=&quot;5087AAAAAAAAAAAAAAAAAAAAAAAAAAAAAAAA&quot; size=&quot;20&quot;   labelText=&quot;Pulse Rate: &quot; /&gt;&lt;/td&gt;&#xd;
				&lt;td&gt;&lt;/td&gt;&#xd;
			&lt;/tr&gt;&#xd;
		&lt;/table&gt;&#xd;
&lt;/fieldset&gt;&#xd;
&#xd;
&lt;/td&gt;&#xd;
&lt;/tr&gt;&#xd;
&lt;tr&gt;&#xd;
&lt;td style=&quot;border: 1px solid #000099; font-family: Trebuchet MS,serif; text-align: center;&quot;&gt;&lt;submit/&gt;&lt;/td&gt;&#xd;
&lt;/tr&gt;&#xd;
&lt;/tbody&gt;&#xd;
&lt;/table&gt;&#xd;
&lt;!-- END OF FORM&#xd;
Simple examples to copy-and-paste. Full reference at http://wiki.openmrs.org/x/kg8z&#xd;
--&gt;&#xd;
&lt;/htmlform&gt;</xmlData>
    <dependencies class="set" id="48">
      <org.openmrs.EncounterRole reference="14"/>
    </dependencies>
  </org.openmrs.module.htmlformentry.HtmlForm>
  <org.openmrs.module.htmlformentry.HtmlForm id="49" uuid="c86ccf44-06de-4304-91c1-00f83bc9b001">
    <creator/>
    <dateCreated id="50">2012-06-30 17:30:41</dateCreated>
    <dateChanged id="51">2012-06-30 17:41:12</dateChanged>
    <retired>false</retired>
    <id>21</id>
    <form id="52" resolves-to="org.openmrs.Form" uuid="e3237ede-fa70-451f-9e6c-0908bc39f8b9">
      <name>HIV Program Discontinuation</name>
      <description>Discontinuation of HIV care, for a variety of possible reasons</description>
      <creator/>
      <dateCreated id="54">2012-06-30 17:30:41</dateCreated>
      <retired>false</retired>
      <formId>21</formId>
      <version>0.1</version>
      <published>false</published>
      <encounterType id="55" resolves-to="org.openmrs.EncounterType" uuid="abfb143c-5b49-41e5-9ead-f47ee4cc57cf">
        <name>Check out</name>
        <description>Recording data as the patient completes a visit.</description>
        <creator/>
        <dateCreated id="57">2012-06-26 06:16:59</dateCreated>
        <retired>false</retired>
        <encounterTypeId>7</encounterTypeId>
      </encounterType>
      <formFields id="58"/>
    </form>
    <xmlData>&lt;htmlform&gt;&#xd;
	&lt;style&gt;&#xd;
		table.baseline-aligned td {&#xd;
			vertical-align: baseline;&#xd;
		}&#xd;
	&lt;/style&gt;&#xd;
&#xd;
	&lt;div class=&quot;patient-details&quot;&gt;&#xd;
		&lt;table class=&quot;baseline-aligned&quot; width=&quot;100%&quot;&gt;&#xd;
			&lt;tr&gt;&#xd;
				&lt;td&gt;Name: &lt;lookup class=&quot;value&quot; expression=&quot;patient.personName&quot;/&gt;&lt;/td&gt;&#xd;
				&lt;td&gt;Gender: &lt;lookup class=&quot;value&quot; expression=&quot;patient.gender&quot;/&gt;&lt;/td&gt;&#xd;
				&lt;td&gt;Birthdate: &lt;lookup class=&quot;value&quot; complexExpression=&quot;#if( \$patient.birthdateEstimated ) ~#end&quot;/&gt; &lt;lookup class=&quot;value&quot; expression=&quot;patient.birthdate&quot;/&gt;&#xd;
				&lt;/td&gt;&#xd;
			&lt;/tr&gt;&#xd;
		&lt;/table&gt;&#xd;
	&lt;/div&gt;&#xd;
&#xd;
	&lt;div class=&quot;encounter-details&quot;&gt;&#xd;
		&lt;table class=&quot;baseline-aligned&quot; width=&quot;100%&quot;&gt;&#xd;
			&lt;tr&gt;&#xd;
				&lt;td&gt;&lt;/td&gt;&#xd;
				&lt;td&gt;&lt;/td&gt;&#xd;
				&lt;td&gt;&lt;/td&gt;&#xd;
			&lt;/tr&gt;&#xd;
		&lt;/table&gt;&#xd;
	&lt;/div&gt;&#xd;
&#xd;
&lt;fieldset&gt;&#xd;
&lt;legend&gt;Discontinue HIV Care&lt;/legend&gt;&#xd;
Date: &lt;encounterDate default=&quot;now&quot; showTime=&quot;true&quot;/&gt; &lt;br/&gt;&#xd;
Reason: TODO &lt;br/&gt;&#xd;
	(if transfer out) &lt;obs conceptId=&quot;159495AAAAAAAAAAAAAAAAAAAAAAAAAAAAAA&quot; labelText=&quot;Transfer to Facility:&quot;/&gt;&#xd;
&lt;br/&gt;&#xd;
&lt;br/&gt;&#xd;
&lt;hr/&gt;&#xd;
Signed by &lt;encounterProviderAndRole encounterRole=&quot;a0b03050-c99b-11e0-9572-0800200c9a66&quot; default=&quot;currentUser&quot; required=&quot;true&quot;/&gt;&#xd;
at &lt;encounterLocation default=&quot;GlobalProperty:kenyaemr.defaultLocation&quot;/&gt;&#xd;
&lt;br/&gt;&#xd;
&lt;br/&gt;&#xd;
&#xd;
&lt;completeProgram programId=&quot;dfdc6d40-2f2f-463d-ba90-cc97350441a8&quot;/&gt;&#xd;
&#xd;
&lt;submit/&gt;&#xd;
&lt;/fieldset&gt;&#xd;
&#xd;
&lt;/htmlform&gt;</xmlData>
    <dependencies class="set" id="59">
      <org.openmrs.EncounterRole reference="14"/>
    </dependencies>
  </org.openmrs.module.htmlformentry.HtmlForm>
  <org.openmrs.module.htmlformentry.HtmlForm id="60" uuid="2f6a4c6e-9adb-4f73-b7b6-3faab6d67e67">
    <creator/>
    <dateCreated id="61">2012-06-26 07:18:07</dateCreated>
    <changedBy/>
    <dateChanged id="62">2012-06-29 08:45:37</dateChanged>
    <retired>false</retired>
    <id>15</id>
    <form id="63" resolves-to="org.openmrs.Form" uuid="5ddb20c1-cd21-49cd-aba2-6bc62e367baf">
      <name>MOH 257 ENCOUNTER : DECISION POINTS</name>
      <creator/>
      <dateCreated id="65">2012-06-26 07:18:07</dateCreated>
      <changedBy/>
      <dateChanged id="66">2012-06-28 21:49:34</dateChanged>
      <retired>false</retired>
      <formId>15</formId>
      <version>0.0.1</version>
      <published>true</published>
      <encounterType reference="35"/>
      <formFields id="67"/>
    </form>
    <xmlData>&lt;htmlform&gt;&#xd;
&#xd;
&#xd;
	&lt;style&gt;&#xd;
		table.baseline-aligned td {&#xd;
			vertical-align: baseline;&#xd;
		}&#xd;
	&lt;/style&gt;&#xd;
&#xd;
	&lt;div class=&quot;patient-details&quot;&gt;&#xd;
		&lt;table class=&quot;baseline-aligned&quot; width=&quot;100%&quot;&gt;&#xd;
			&lt;tr&gt;&#xd;
				&lt;td&gt;Name: &lt;lookup class=&quot;value&quot; expression=&quot;patient.personName&quot;/&gt;&lt;/td&gt;&#xd;
				&lt;td&gt;Gender: &lt;lookup class=&quot;value&quot; expression=&quot;patient.gender&quot;/&gt;&lt;/td&gt;&#xd;
				&lt;td&gt;Birthdate: &lt;lookup class=&quot;value&quot; complexExpression=&quot;#if( \$patient.birthdateEstimated ) ~#end&quot;/&gt; &lt;lookup class=&quot;value&quot; expression=&quot;patient.birthdate&quot;/&gt;&#xd;
				&lt;/td&gt;&#xd;
			&lt;/tr&gt;&#xd;
		&lt;/table&gt;&#xd;
	&lt;/div&gt;&#xd;
&#xd;
	&lt;div class=&quot;encounter-details&quot;&gt;&#xd;
		&lt;table class=&quot;baseline-aligned&quot; width=&quot;100%&quot;&gt;&#xd;
			&lt;tr&gt;&#xd;
				&lt;td&gt;Date: &lt;encounterDate default=&quot;now&quot; showTime=&quot;true&quot;/&gt;&lt;/td&gt;&#xd;
				&lt;td&gt;Provider: &lt;encounterProviderAndRole encounterRole=&quot;a0b03050-c99b-11e0-9572-0800200c9a66&quot; default=&quot;currentUser&quot; required=&quot;true&quot;/&gt;&lt;/td&gt;&#xd;
				&lt;td&gt;Location: &lt;encounterLocation default=&quot;GlobalProperty:kenyaemr.defaultLocation&quot;/&gt;&lt;/td&gt;&#xd;
			&lt;/tr&gt;&#xd;
		&lt;/table&gt;&#xd;
	&lt;/div&gt;&#xd;
&#xd;
&#xd;
&lt;table style=&quot;width: 100%; height: 44px;&quot; border=&quot;0&quot; align=&quot;center&quot;&gt;&#xd;
&lt;tbody&gt;&#xd;
&lt;tr&gt;&#xd;
&lt;td style=&quot;font-family: Trebuchet MS,serif; text-align: center;&quot;&gt;&#xd;
	&lt;fieldset &gt;&#xd;
		&lt;table&gt;&#xd;
			&lt;tr&gt;&#xd;
				&lt;td style=&quot;text-align: left;&quot;&gt;&#xd;
                                      Start ART? Yes/No&lt;br/&gt;&#xd;
                                      Stop ART? Yes/No&lt;br/&gt;&#xd;
                                      Refer patient? Yes/No&lt;br/&gt;&#xd;
                                      Substitute ART regimen? Yes/No&lt;br/&gt;&#xd;
                                      Switch ART regimen? Yes/No&#xd;
                                &lt;/td&gt;&#xd;
			&lt;/tr&gt;&#xd;
		&lt;/table&gt;&#xd;
	&lt;/fieldset&gt;&#xd;
&lt;/td&gt;&#xd;
&lt;/tr&gt;&#xd;
&lt;tr&gt;&#xd;
&lt;td style=&quot;border: 1px solid #000099; font-family: Trebuchet MS,serif; text-align: center;&quot;&gt;&lt;submit/&gt;&lt;/td&gt;&#xd;
&lt;/tr&gt;&#xd;
&lt;/tbody&gt;&#xd;
&lt;/table&gt;&#xd;
&#xd;
&lt;!-- END OF FORM&#xd;
&#xd;
Simple examples to copy-and-paste. Full reference at http://wiki.openmrs.org/x/kg8z&#xd;
&#xd;
--&gt;&#xd;
&lt;/htmlform&gt;</xmlData>
    <dependencies class="set" id="68">
      <org.openmrs.EncounterRole reference="14"/>
    </dependencies>
  </org.openmrs.module.htmlformentry.HtmlForm>
  <org.openmrs.module.htmlformentry.HtmlForm id="69" uuid="0bdf9eac-edd5-4af9-a8d8-67e5613dca0d">
    <creator/>
    <dateCreated id="70">2012-06-23 13:36:26</dateCreated>
    <changedBy/>
    <dateChanged id="71">2012-06-29 04:01:28</dateChanged>
    <retired>false</retired>
    <id>12</id>
    <form id="72" resolves-to="org.openmrs.Form" uuid="59ed8e62-7f1f-40ae-a2e3-eabe350277ce">
      <name>MOH 257 ENCOUNTER : TB SCREENING</name>
      <description>The patient&apos;s TB details is recorded here</description>
      <creator/>
      <dateCreated id="74">2012-06-23 13:36:26</dateCreated>
      <changedBy/>
      <dateChanged id="75">2012-06-28 22:01:32</dateChanged>
      <retired>false</retired>
      <formId>12</formId>
      <version>0.0.1</version>
      <published>true</published>
      <encounterType reference="35"/>
      <formFields id="76"/>
    </form>
    <xmlData>&lt;htmlform&gt;&#xd;
	&lt;style&gt;&#xd;
		table.baseline-aligned td {&#xd;
			vertical-align: baseline;&#xd;
		}&#xd;
	&lt;/style&gt;&#xd;
&#xd;
	&lt;div class=&quot;patient-details&quot;&gt;&#xd;
		&lt;table class=&quot;baseline-aligned&quot; width=&quot;100%&quot;&gt;&#xd;
			&lt;tr&gt;&#xd;
				&lt;td&gt;Name: &lt;lookup class=&quot;value&quot; expression=&quot;patient.personName&quot;/&gt;&lt;/td&gt;&#xd;
				&lt;td&gt;Gender: &lt;lookup class=&quot;value&quot; expression=&quot;patient.gender&quot;/&gt;&lt;/td&gt;&#xd;
				&lt;td&gt;Birthdate: &lt;lookup class=&quot;value&quot; complexExpression=&quot;#if( \$patient.birthdateEstimated ) ~#end&quot;/&gt; &lt;lookup class=&quot;value&quot; expression=&quot;patient.birthdate&quot;/&gt;&#xd;
				&lt;/td&gt;&#xd;
			&lt;/tr&gt;&#xd;
		&lt;/table&gt;&#xd;
	&lt;/div&gt;&#xd;
&#xd;
	&lt;div class=&quot;encounter-details&quot;&gt;&#xd;
		&lt;table class=&quot;baseline-aligned&quot; width=&quot;100%&quot;&gt;&#xd;
			&lt;tr&gt;&#xd;
				&lt;td&gt;Date: &lt;encounterDate default=&quot;now&quot; showTime=&quot;true&quot;/&gt;&lt;/td&gt;&#xd;
				&lt;td&gt;Provider: &lt;encounterProviderAndRole encounterRole=&quot;a0b03050-c99b-11e0-9572-0800200c9a66&quot; default=&quot;currentUser&quot; required=&quot;true&quot;/&gt;&lt;/td&gt;&#xd;
				&lt;td&gt;Location: &lt;encounterLocation default=&quot;GlobalProperty:kenyaemr.defaultLocation&quot;/&gt;&lt;/td&gt;&#xd;
			&lt;/tr&gt;&#xd;
		&lt;/table&gt;&#xd;
	&lt;/div&gt;&#xd;
&#xd;
&lt;table style=&quot;width: 100%&quot; border=&quot;0&quot; align=&quot;center&quot;&gt;&#xd;
&lt;tbody&gt;&#xd;
&lt;tr&gt;&#xd;
&lt;td style=&quot;font-family: Trebuchet MS,serif;&quot;&gt;&#xd;
	&lt;fieldset &gt;&#xd;
		&lt;table&gt;&#xd;
			&lt;tr&gt;&#xd;
			        &lt;td colspan=&quot;2&quot;&gt;&lt;obs conceptId=&quot;1659AAAAAAAAAAAAAAAAAAAAAAAAAAAAAAAA&quot; labelText=&quot;Cough for 2 weeks or more:&quot; answerConceptIds=&quot;1065AAAAAAAAAAAAAAAAAAAAAAAAAAAAAAAA,1066AAAAAAAAAAAAAAAAAAAAAAAAAAAAAAAA&quot; style=&quot;radio&quot; answerLabels=&quot;Yes,NO&quot; /&gt;&lt;/td&gt;&#xd;
			&lt;/tr&gt;&#xd;
			&lt;tr&gt;&#xd;
			        &lt;td colspan=&quot;2&quot;&gt;&lt;obs conceptId=&quot;1659AAAAAAAAAAAAAAAAAAAAAAAAAAAAAAAA&quot; labelText=&quot;History of close contact with confirmed TB or Chronic cough?&quot; answerConceptIds=&quot;1065AAAAAAAAAAAAAAAAAAAAAAAAAAAAAAAA,1066AAAAAAAAAAAAAAAAAAAAAAAAAAAAAAAA&quot; style=&quot;radio&quot; answerLabels=&quot;Yes,NO&quot; /&gt;&lt;/td&gt;&#xd;
			&lt;/tr&gt;&#xd;
			&lt;tr&gt;&#xd;
				&lt;td colspan=&quot;2&quot;&gt;&lt;obs conceptId=&quot;1659AAAAAAAAAAAAAAAAAAAAAAAAAAAAAAAA&quot; labelText=&quot;Fever for 2 weeks or more:&quot; answerConceptIds=&quot;1065AAAAAAAAAAAAAAAAAAAAAAAAAAAAAAAA,1066AAAAAAAAAAAAAAAAAAAAAAAAAAAAAAAA&quot; style=&quot;radio&quot; answerLabels=&quot;Yes,NO&quot; /&gt;&lt;/td&gt;&#xd;
			&lt;/tr&gt;&#xd;
			&lt;tr&gt;&#xd;
				&lt;td colspan=&quot;2&quot;&gt;&lt;obs conceptId=&quot;1659AAAAAAAAAAAAAAAAAAAAAAAAAAAAAAAA&quot; labelText=&quot;Noticeable weight lose:&quot; answerConceptIds=&quot;1065AAAAAAAAAAAAAAAAAAAAAAAAAAAAAAAA,1066AAAAAAAAAAAAAAAAAAAAAAAAAAAAAAAA&quot; style=&quot;radio&quot; answerLabels=&quot;Yes,NO&quot; /&gt;&lt;/td&gt;&#xd;
			&lt;/tr&gt;&#xd;
			&lt;tr&gt;&#xd;
				&lt;td colspan=&quot;2&quot;&gt;&lt;obs conceptId=&quot;1659AAAAAAAAAAAAAAAAAAAAAAAAAAAAAAAA&quot; labelText=&quot;Chest Pain or Breathlessness:&quot; answerConceptIds=&quot;1065AAAAAAAAAAAAAAAAAAAAAAAAAAAAAAAA,1066AAAAAAAAAAAAAAAAAAAAAAAAAAAAAAAA&quot; style=&quot;radio&quot; answerLabels=&quot;Yes,NO&quot; /&gt;&lt;/td&gt;&#xd;
			&lt;/tr&gt;&#xd;
			&lt;tr&gt;&#xd;
				&lt;td colspan=&quot;2&quot;&gt;&lt;obs conceptId=&quot;1659AAAAAAAAAAAAAAAAAAAAAAAAAAAAAAAA&quot; labelText=&quot;Night sweat for 2 weeks or more&quot; answerConceptIds=&quot;1065AAAAAAAAAAAAAAAAAAAAAAAAAAAAAAAA,1066AAAAAAAAAAAAAAAAAAAAAAAAAAAAAAAA&quot; style=&quot;radio&quot; answerLabels=&quot;Yes,NO&quot; /&gt;&lt;/td&gt;&#xd;
			&lt;/tr&gt;&#xd;
			&lt;tr&gt;&#xd;
				&lt;td colspan=&quot;2&quot;&gt;&lt;hr/&gt;&lt;/td&gt;&#xd;
			&lt;/tr&gt;&#xd;
			&lt;tr&gt;&#xd;
				&lt;td colspan=&quot;2&quot;&gt;&#xd;
                                              &lt;obs conceptId=&quot;1659AAAAAAAAAAAAAAAAAAAAAAAAAAAAAAAA&quot; labelText=&quot;Resulting TB Status:&quot; answerConceptIds=&quot;1660AAAAAAAAAAAAAAAAAAAAAAAAAAAAAAAA,142177AAAAAAAAAAAAAAAAAAAAAAAAAAAAAA,1662AAAAAAAAAAAAAAAAAAAAAAAAAAAAAAAA,1663AAAAAAAAAAAAAAAAAAAAAAAAAAAAAAAA&quot; style=&quot;radio&quot; answerLabels=&quot;No Signs,Suspect,TB Rx,Not Done&quot; /&gt;&#xd;
                                &lt;/td&gt;&#xd;
			&lt;/tr&gt;&#xd;
                        &lt;tr&gt;&#xd;
                                &lt;td width=&quot;30%&quot; style=&quot;text-align: right&quot;&gt;&lt;obs  conceptId=&quot;1113AAAAAAAAAAAAAAAAAAAAAAAAAAAAAAAA&quot; labelText=&quot;TB Rx date: &quot;/&gt; &lt;/td&gt;&#xd;
                                &lt;td&gt;TB Rx#:&lt;/td&gt;&#xd;
                        &lt;/tr&gt;&#xd;
		&lt;/table&gt;&#xd;
	&lt;/fieldset&gt;&#xd;
&lt;/td&gt;&#xd;
&lt;/tr&gt;&#xd;
&lt;tr&gt;&#xd;
&lt;td style=&quot;border: 1px solid #000099; font-family: Trebuchet MS,serif; text-align: center;&quot;&gt;&lt;submit/&gt;&lt;/td&gt;&#xd;
&lt;/tr&gt;&#xd;
&lt;/tbody&gt;&#xd;
&lt;/table&gt;&#xd;
&#xd;
&lt;!-- END OF FORM&#xd;
--&gt;&#xd;
&lt;/htmlform&gt;</xmlData>
    <dependencies class="set" id="77">
      <org.openmrs.EncounterRole reference="14"/>
    </dependencies>
  </org.openmrs.module.htmlformentry.HtmlForm>
  <org.openmrs.module.htmlformentry.HtmlForm id="78" uuid="25c5cadf-d7c4-4048-b009-e15fc035e2c0">
    <creator/>
    <dateCreated id="79">2012-06-25 07:20:13</dateCreated>
    <changedBy/>
    <dateChanged id="80">2012-06-29 08:49:20</dateChanged>
    <retired>false</retired>
    <id>13</id>
    <form id="81" resolves-to="org.openmrs.Form" uuid="e958f902-64df-4819-afd4-7fb061f59308">
      <name>MOH 257 ENCOUNTER : CLINICAL ENCOUNTER FORM</name>
      <creator/>
      <dateCreated id="83">2012-06-25 07:20:13</dateCreated>
      <changedBy/>
      <dateChanged id="84">2012-06-28 21:49:17</dateChanged>
      <retired>false</retired>
      <formId>13</formId>
      <version>0.0.1</version>
      <published>true</published>
      <encounterType reference="35"/>
      <formFields id="85"/>
    </form>
    <xmlData>&lt;htmlform&gt;&#xd;
&#xd;
&#xd;
	&lt;style&gt;&#xd;
		table.baseline-aligned td {&#xd;
			vertical-align: baseline;&#xd;
		}&#xd;
	&lt;/style&gt;&#xd;
&#xd;
	&lt;div class=&quot;patient-details&quot;&gt;&#xd;
		&lt;table class=&quot;baseline-aligned&quot; width=&quot;100%&quot;&gt;&#xd;
			&lt;tr&gt;&#xd;
				&lt;td&gt;Name: &lt;lookup class=&quot;value&quot; expression=&quot;patient.personName&quot;/&gt;&lt;/td&gt;&#xd;
				&lt;td&gt;Gender: &lt;lookup class=&quot;value&quot; expression=&quot;patient.gender&quot;/&gt;&lt;/td&gt;&#xd;
				&lt;td&gt;Birthdate: &lt;lookup class=&quot;value&quot; complexExpression=&quot;#if( \$patient.birthdateEstimated ) ~#end&quot;/&gt; &lt;lookup class=&quot;value&quot; expression=&quot;patient.birthdate&quot;/&gt;&#xd;
				&lt;/td&gt;&#xd;
			&lt;/tr&gt;&#xd;
		&lt;/table&gt;&#xd;
	&lt;/div&gt;&#xd;
&#xd;
	&lt;div class=&quot;encounter-details&quot;&gt;&#xd;
		&lt;table class=&quot;baseline-aligned&quot; width=&quot;100%&quot;&gt;&#xd;
			&lt;tr&gt;&#xd;
				&lt;td&gt;Date: &lt;encounterDate default=&quot;now&quot; showTime=&quot;true&quot;/&gt;&lt;/td&gt;&#xd;
				&lt;td&gt;Provider: &lt;encounterProviderAndRole encounterRole=&quot;a0b03050-c99b-11e0-9572-0800200c9a66&quot; default=&quot;currentUser&quot; required=&quot;true&quot;/&gt;&lt;/td&gt;&#xd;
				&lt;td&gt;Location: &lt;encounterLocation default=&quot;GlobalProperty:kenyaemr.defaultLocation&quot;/&gt;&lt;/td&gt;&#xd;
			&lt;/tr&gt;&#xd;
		&lt;/table&gt;&#xd;
	&lt;/div&gt;&#xd;
&#xd;
&#xd;
&lt;table style=&quot;width: 100%; height: 44px;&quot; border=&quot;0&quot; align=&quot;center&quot;&gt;&#xd;
&lt;tbody&gt;&#xd;
&lt;tr&gt;&#xd;
&lt;td style=&quot;font-family: Trebuchet MS,serif;&quot;&gt;&#xd;
	&lt;fieldset&gt;&#xd;
        &lt;table&gt;&#xd;
                        &lt;tr&gt;&#xd;
                                &lt;td&gt;Patient Name:&lt;/td&gt;&#xd;
                                &lt;td&gt;&lt;lookup class=&quot;value&quot; expression=&quot;patient.personName&quot;/&gt;&lt;/td&gt;&#xd;
                        &lt;/tr&gt;&#xd;
                        &lt;tr&gt;&#xd;
                                 &lt;td&gt;Unique Patient Number:&lt;/td&gt;&#xd;
                                 &lt;td&gt;&lt;/td&gt;&#xd;
                        &lt;/tr&gt;&#xd;
                        &lt;tr&gt;&#xd;
                                &lt;td colspan=&quot;2&quot;&gt;&lt;obs conceptId=&quot;1054AAAAAAAAAAAAAAAAAAAAAAAAAAAAAAAA&quot; labelText=&quot;Marital Status: &quot; &#xd;
answerConceptIds=&quot;5555AAAAAAAAAAAAAAAAAAAAAAAAAAAAAAAA,1058AAAAAAAAAAAAAAAAAAAAAAAAAAAAAAAA,1060AAAAAAAAAAAAAAAAAAAAAAAAAAAAAAAA,5555AAAAAAAAAAAAAAAAAAAAAAAAAAAAAAAA,1059AAAAAAAAAAAAAAAAAAAAAAAAAAAAAAAA,1057AAAAAAAAAAAAAAAAAAAAAAAAAAAAAAAA&quot; &#xd;
answerLabels=&quot;Married Polygamous,Divorced,Cohabiting,Married Monogamous,Widowed,Single&quot; /&gt;&#xd;
                                &lt;/td&gt;&#xd;
                        &lt;/tr&gt; &#xd;
			&lt;tr&gt;&#xd;
				&lt;td style=&quot;text-align: left;&quot;&gt;&lt;obs  conceptId=&quot;5089AAAAAAAAAAAAAAAAAAAAAAAAAAAAAAAA&quot; labelText=&quot;Weight (kgs): &quot;/&gt;&lt;/td&gt;&#xd;
				&lt;td style=&quot;text-align: left;&quot;&gt; &lt;/td&gt;&#xd;
			&lt;/tr&gt;&#xd;
			&lt;tr&gt;&#xd;
				&lt;td style=&quot;text-align: left;&quot;&gt;&lt;obs  conceptId=&quot;5090AAAAAAAAAAAAAAAAAAAAAAAAAAAAAAAA&quot; labelText=&quot;Height (cm): &quot;/&gt;&lt;/td&gt;&#xd;
				&lt;td style=&quot;text-align: left;&quot;&gt; &lt;/td&gt;&#xd;
			&lt;/tr&gt;&#xd;
			&lt;tr&gt;&#xd;
				&lt;td style=&quot;text-align: left;&quot;&gt;&lt;obs  conceptId=&quot;1342AAAAAAAAAAAAAAAAAAAAAAAAAAAAAAAA&quot; labelText=&quot;BMI (calculated field): &quot;/&gt;&lt;/td&gt;&#xd;
				&lt;td style=&quot;text-align: left;&quot;&gt; &lt;/td&gt;&#xd;
			&lt;/tr&gt;&#xd;
			&lt;tr&gt;&#xd;
				&lt;td style=&quot;text-align: left;&quot;&gt;BP :&lt;obs  conceptId=&quot;5085AAAAAAAAAAAAAAAAAAAAAAAAAAAAAAAA&quot; labelText=&quot;BP Systolic&quot;/&gt;/&lt;obs  conceptId=&quot;5086AAAAAAAAAAAAAAAAAAAAAAAAAAAAAAAA&quot; labelText=&quot;BP Diastolic&quot;/&gt;&lt;/td&gt;&#xd;
				&lt;td style=&quot;text-align: left;&quot;&gt; &lt;/td&gt;&#xd;
			&lt;/tr&gt;&#xd;
			&lt;tr&gt;&#xd;
				&lt;td style=&quot;text-align: left;&quot;&gt;&lt;obs  conceptId=&quot;1343AAAAAAAAAAAAAAAAAAAAAAAAAAAAAAAA&quot; labelText=&quot;MUAC (if child): &quot;/&gt;&lt;/td&gt;&#xd;
				&lt;td style=&quot;text-align: left;&quot;&gt; &lt;/td&gt;&#xd;
			&lt;/tr&gt;&#xd;
			&lt;tr&gt;&#xd;
				&lt;td style=&quot;text-align: left;&quot;&gt;&lt;obs  conceptId=&quot;5088AAAAAAAAAAAAAAAAAAAAAAAAAAAAAAAA&quot; labelText=&quot;Temp(C): &quot;/&gt;&lt;/td&gt;&#xd;
				&lt;td style=&quot;text-align: left;&quot;&gt; &lt;/td&gt;&#xd;
			&lt;/tr&gt;&#xd;
			&lt;tr&gt;&#xd;
				&lt;td style=&quot;text-align: left;&quot;&gt;Pill count&lt;/td&gt;&#xd;
				&lt;td style=&quot;text-align: left;&quot;&gt; &lt;/td&gt;&#xd;
			&lt;/tr&gt;&#xd;
			&lt;tr&gt;&#xd;
				&lt;td style=&quot;text-align: left;&quot;&gt;&lt;obs  conceptId=&quot;5242AAAAAAAAAAAAAAAAAAAAAAAAAAAAAAAA&quot; labelText=&quot;Respiratory Rate: &quot;/&gt;&lt;/td&gt;&#xd;
				&lt;td style=&quot;text-align: left;&quot;&gt; &lt;/td&gt;&#xd;
			&lt;/tr&gt;&#xd;
			&lt;tr&gt;&#xd;
				&lt;td style=&quot;text-align: left;&quot;&gt;&lt;obs  conceptId=&quot;5087AAAAAAAAAAAAAAAAAAAAAAAAAAAAAAAA&quot; labelText=&quot;Pulse rate: &quot;/&gt;&lt;/td&gt;&#xd;
				&lt;td style=&quot;text-align: left;&quot;&gt; &lt;/td&gt;&#xd;
			&lt;/tr&gt;&#xd;
			&lt;tr&gt;&#xd;
				&lt;td style=&quot;text-align: left;&quot;&gt;&lt;obs  conceptId=&quot;5092AAAAAAAAAAAAAAAAAAAAAAAAAAAAAAAA&quot; labelText=&quot;Oxygen Saturation: &quot;/&gt;&lt;/td&gt;&#xd;
				&lt;td style=&quot;text-align: left;&quot;&gt; &lt;/td&gt;&#xd;
			&lt;/tr&gt;&#xd;
                        &lt;tr&gt;&#xd;
                        &lt;td&gt;&lt;/td&gt;&#xd;
                        &lt;td&gt;&lt;/td&gt;&#xd;
                        &lt;/tr&gt;&#xd;
        &lt;/table&gt;&#xd;
    &lt;/fieldset&gt;&#xd;
&lt;/td&gt;&#xd;
&lt;/tr&gt;&#xd;
&lt;tr&gt;&#xd;
&lt;td style=&quot;border: 1px solid #000099; font-family: Trebuchet MS,serif; text-align: center;&quot;&gt;&lt;submit /&gt;&lt;/td&gt;&#xd;
&lt;/tr&gt;&#xd;
&lt;/tbody&gt;&#xd;
&lt;/table&gt;&#xd;
&lt;/htmlform&gt;</xmlData>
    <dependencies class="set" id="86">
      <org.openmrs.EncounterRole reference="14"/>
    </dependencies>
  </org.openmrs.module.htmlformentry.HtmlForm>
  <org.openmrs.module.htmlformentry.HtmlForm id="87" uuid="629a94d4-a703-4c87-b701-e4e0753cf6e3">
    <creator/>
    <dateCreated id="88">2012-06-23 13:32:30</dateCreated>
    <changedBy/>
    <dateChanged id="89">2012-06-29 08:47:38</dateChanged>
    <retired>false</retired>
    <id>11</id>
    <form id="90" resolves-to="org.openmrs.Form" uuid="0038a296-62f8-4099-80e5-c9ea7590c157">
      <name>MOH 257 ENCOUNTER : CLINICAL NOTE FORM</name>
      <description>Encounter memo field free text to enter additional information mostly complaints and examinations findings.</description>
      <creator/>
      <dateCreated id="92">2012-06-23 13:32:30</dateCreated>
      <changedBy/>
      <dateChanged id="93">2012-06-28 21:49:25</dateChanged>
      <retired>false</retired>
      <formId>11</formId>
      <version>0.0.1</version>
      <published>true</published>
      <encounterType reference="35"/>
      <formFields id="94"/>
    </form>
    <xmlData>&lt;htmlform&gt;&#xd;
&#xd;
&#xd;
	&lt;style&gt;&#xd;
		table.baseline-aligned td {&#xd;
			vertical-align: baseline;&#xd;
		}&#xd;
	&lt;/style&gt;&#xd;
&#xd;
	&lt;div class=&quot;patient-details&quot;&gt;&#xd;
		&lt;table class=&quot;baseline-aligned&quot; width=&quot;100%&quot;&gt;&#xd;
			&lt;tr&gt;&#xd;
				&lt;td&gt;Name: &lt;lookup class=&quot;value&quot; expression=&quot;patient.personName&quot;/&gt;&lt;/td&gt;&#xd;
				&lt;td&gt;Gender: &lt;lookup class=&quot;value&quot; expression=&quot;patient.gender&quot;/&gt;&lt;/td&gt;&#xd;
				&lt;td&gt;Birthdate: &lt;lookup class=&quot;value&quot; complexExpression=&quot;#if( \$patient.birthdateEstimated ) ~#end&quot;/&gt; &lt;lookup class=&quot;value&quot; expression=&quot;patient.birthdate&quot;/&gt;&#xd;
				&lt;/td&gt;&#xd;
			&lt;/tr&gt;&#xd;
		&lt;/table&gt;&#xd;
	&lt;/div&gt;&#xd;
&#xd;
	&lt;div class=&quot;encounter-details&quot;&gt;&#xd;
		&lt;table class=&quot;baseline-aligned&quot; width=&quot;100%&quot;&gt;&#xd;
			&lt;tr&gt;&#xd;
				&lt;td&gt;Date: &lt;encounterDate default=&quot;now&quot; showTime=&quot;true&quot;/&gt;&lt;/td&gt;&#xd;
				&lt;td&gt;Provider: &lt;encounterProviderAndRole encounterRole=&quot;a0b03050-c99b-11e0-9572-0800200c9a66&quot; default=&quot;currentUser&quot; required=&quot;true&quot;/&gt;&lt;/td&gt;&#xd;
				&lt;td&gt;Location: &lt;encounterLocation default=&quot;GlobalProperty:kenyaemr.defaultLocation&quot;/&gt;&lt;/td&gt;&#xd;
			&lt;/tr&gt;&#xd;
		&lt;/table&gt;&#xd;
	&lt;/div&gt;&#xd;
&#xd;
&#xd;
&lt;table style=&quot;width: 100%; height: 44px;&quot; border=&quot;0&quot; align=&quot;center&quot;&gt;&#xd;
&lt;tbody&gt;&#xd;
&lt;tr&gt;&#xd;
&lt;td style=&quot;font-family: Trebuchet MS,serif; font-size: xx-small; text-align: center;&quot;&gt;&#xd;
	&lt;fieldset &gt;&#xd;
		&lt;table&gt;&#xd;
			&lt;tr&gt;&#xd;
				&lt;td&gt;&lt;obs conceptId=&quot;160221AAAAAAAAAAAAAAAAAAAAAAAAAAAAAA&quot; labelText=&quot;  &quot; rows=&quot;15&quot; cols=&quot;170&quot; style=&quot;textarea&quot;/&gt;&lt;/td&gt;&#xd;
			&lt;/tr&gt;&#xd;
		&lt;/table&gt;&#xd;
	&lt;/fieldset&gt;&#xd;
&lt;/td&gt;&#xd;
&lt;/tr&gt;&#xd;
&lt;tr&gt;&#xd;
&lt;td style=&quot;border: 1px solid #000099; font-family: Trebuchet MS,serif; text-align: center;&quot;&gt;&lt;submit/&gt;&lt;/td&gt;&#xd;
&lt;/tr&gt;&#xd;
&lt;/tbody&gt;&#xd;
&lt;/table&gt;&#xd;
&#xd;
&#xd;
&lt;/htmlform&gt;</xmlData>
    <dependencies class="set" id="95">
      <org.openmrs.EncounterRole reference="14"/>
    </dependencies>
  </org.openmrs.module.htmlformentry.HtmlForm>
  <org.openmrs.module.htmlformentry.HtmlForm id="96" uuid="18accb63-af9d-4866-966f-d92faa1ed4d9">
    <creator/>
    <dateCreated id="97">2012-06-22 21:21:04</dateCreated>
    <changedBy/>
    <dateChanged id="98">2012-06-28 22:02:03</dateChanged>
    <retired>false</retired>
    <id>7</id>
    <form id="99" resolves-to="org.openmrs.Form" uuid="6d60a39d-3963-4da8-854a-35939b67a473">
      <name>MOH 257 ENROLLMENT : TRANSFER IN</name>
      <description>Enrollment process option which records details of the patient who has been previously in HIV care at another facility and is moving to this facility.</description>
      <creator/>
      <dateCreated id="101">2012-06-22 21:21:04</dateCreated>
      <changedBy/>
      <dateChanged id="102">2012-06-28 22:02:03</dateChanged>
      <retired>false</retired>
      <formId>7</formId>
      <version>0.0.1</version>
      <published>true</published>
      <encounterType id="103" resolves-to="org.openmrs.EncounterType" uuid="de78a6be-bfc5-4634-adc3-5f1a280455cc">
        <name>HIV Registration</name>
        <description>Initial data collection for the HIV program</description>
        <creator/>
        <dateCreated id="105">2012-06-26 06:15:01</dateCreated>
        <retired>false</retired>
        <encounterTypeId>9</encounterTypeId>
      </encounterType>
      <formFields id="106"/>
    </form>
    <xmlData>&lt;htmlform&gt;&#xd;
&lt;table style=&quot;width: 1000px; height: 44px;&quot; border=&quot;0&quot; align=&quot;center&quot;&gt;&#xd;
&lt;tbody&gt;&#xd;
&lt;tr&gt;&#xd;
&lt;td style=&quot;border: 1px solid #000099; background-color: #009d8e; color: #ffffff; font-family: Trebuchet MS,serif; text-align: center;&quot;&gt;&#xd;
&lt;strong&gt;Transfer In&lt;/strong&gt;&#xd;
&lt;/td&gt;&#xd;
&lt;/tr&gt;&#xd;
&lt;tr&gt;&#xd;
&lt;td style=&quot;font-family: Trebuchet MS,serif;&quot;&gt;&#xd;
	&lt;fieldset &gt;&#xd;
		&lt;table&gt;&#xd;
			&lt;tr&gt;&#xd;
				&lt;td colspan=&quot;2&quot; style=&quot;text-align: left;&quot;&gt;&lt;obs conceptId=&quot;160534AAAAAAAAAAAAAAAAAAAAAAAAAAAAAA&quot; labelText=&quot;Transfer in date:&quot;/&gt;&lt;/td&gt;&#xd;
			&lt;/tr&gt;&#xd;
			&lt;tr&gt;&#xd;
				&lt;td style=&quot;text-align: left;&quot;&gt;Transfer from:&lt;/td&gt;&#xd;
				&lt;td&gt;&#xd;
		                      &lt;table&gt;&#xd;
			                       &lt;tr&gt;&#xd;
				                     &lt;td style=&quot;text-align: left;&quot;&gt;Facility:&lt;encounterLocation type=&quot;autocomplete&quot;/&gt;&lt;/td&gt;&#xd;
			                       &lt;/tr&gt;&#xd;
			                       &lt;tr&gt;&#xd;
				                      &lt;td style=&quot;text-align: left;&quot;&gt;District:&lt;encounterLocation type=&quot;autocomplete&quot;/&gt;&lt;/td&gt;&#xd;
			                       &lt;/tr&gt;&#xd;
		                      &lt;/table&gt;&#xd;
                                &lt;/td&gt;&#xd;
			&lt;/tr&gt;&#xd;
			&lt;tr&gt;&#xd;
				&lt;td style=&quot;text-align: left;&quot;&gt;Date Enrolled in HIV Care:&lt;/td&gt;&#xd;
				&lt;td&gt;&lt;encounterDate default=&quot;today&quot;/&gt;&lt;/td&gt;&#xd;
			&lt;/tr&gt;&#xd;
			&lt;tr&gt;&#xd;
				&lt;td style=&quot;text-align: left;&quot;&gt;WHO Stage at enrollment:&lt;/td&gt;&#xd;
				&lt;td&gt;&#xd;
                                      &lt;table&gt;&#xd;
                                              &lt;obsgroup groupingConceptId=&quot;5356AAAAAAAAAAAAAAAAAAAAAAAAAAAAAAAA&quot;&gt;&#xd;
                                              &lt;tr&gt;             &#xd;
                                                  &lt;td&gt;&lt;strong&gt;Adult&lt;/strong&gt;&lt;obs conceptId=&quot;5356AAAAAAAAAAAAAAAAAAAAAAAAAAAAAAAA&quot; answerConceptIds=&quot;1204AAAAAAAAAAAAAAAAAAAAAAAAAAAAAAAA,1205AAAAAAAAAAAAAAAAAAAAAAAAAAAAAAAA,1206AAAAAAAAAAAAAAAAAAAAAAAAAAAAAAAA,1207AAAAAAAAAAAAAAAAAAAAAAAAAAAAAAAA&quot; style=&quot;radio&quot; answerLabels=&quot;WHO Stage1,WHO Stage2,WHO Stage3,WHO Stage4&quot; /&gt;&lt;/td&gt;&#xd;
                                               &lt;/tr&gt;&#xd;
                                               &lt;tr&gt;            &#xd;
                                                  &lt;td&gt;&lt;strong&gt;Child&lt;/strong&gt;&lt;obs conceptId=&quot;5356AAAAAAAAAAAAAAAAAAAAAAAAAAAAAAAA&quot; answerConceptIds=&quot;1220AAAAAAAAAAAAAAAAAAAAAAAAAAAAAAAA,1221AAAAAAAAAAAAAAAAAAAAAAAAAAAAAAAA,1222AAAAAAAAAAAAAAAAAAAAAAAAAAAAAAAA,1223AAAAAAAAAAAAAAAAAAAAAAAAAAAAAAAA&quot; style=&quot;radio&quot; answerLabels=&quot;WHO Stage1,WHO Stage2,WHO Stage3,WHO Stage4&quot; /&gt;&lt;/td&gt;&#xd;
                                               &lt;/tr&gt;&#xd;
                                               &lt;/obsgroup&gt;&#xd;
                                      &lt;/table&gt;&#xd;
                                &lt;/td&gt;&#xd;
			&lt;/tr&gt;&#xd;
			&lt;tr&gt;&#xd;
				&lt;td colspan=&quot;2&quot; style=&quot;text-align: left;&quot;&gt;&lt;obs conceptId=&quot;5272AAAAAAAAAAAAAAAAAAAAAAAAAAAAAAAA&quot; labelText=&quot;Was patient started on ART?: &quot; answerConceptIds=&quot;1065AAAAAAAAAAAAAAAAAAAAAAAAAAAAAAAA,1066AAAAAAAAAAAAAAAAAAAAAAAAAAAAAAAA&quot; style=&quot;radio&quot; answerLabels=&quot;Yes,No&quot; /&gt;&lt;/td&gt;&#xd;
			&lt;/tr&gt;&#xd;
			&lt;tr&gt;&#xd;
				&lt;td colspan=&quot;2&quot; style=&quot;text-align: left;&quot;&gt;&lt;obs conceptId=&quot;159599AAAAAAAAAAAAAAAAAAAAAAAAAAAAAA&quot; labelText=&quot;Date Started ART:&quot;/&gt;&lt;/td&gt;&#xd;
			&lt;/tr&gt;&#xd;
		&lt;/table&gt;&#xd;
	&lt;/fieldset&gt;&#xd;
&lt;/td&gt;&#xd;
&lt;/tr&gt;&#xd;
&lt;tr&gt;&#xd;
&lt;td style=&quot;border: 1px solid #000099; font-family: Trebuchet MS,serif; text-align: center;&quot;&gt;&lt;submit/&gt;&lt;/td&gt;&#xd;
&lt;/tr&gt;&#xd;
&lt;/tbody&gt;&#xd;
&lt;/table&gt;&#xd;
&#xd;
&lt;!-- END OF FORM&#xd;
&#xd;
Simple examples to copy-and-paste. Full reference at http://wiki.openmrs.org/x/kg8z&#xd;
&#xd;
SECTION&#xd;
	&lt;section headerLabel=&quot;\#. Title&quot;&gt;&#xd;
		Content&#xd;
	&lt;/section&gt;&#xd;
&#xd;
NUMERIC OBSERVATION&#xd;
	&lt;obs conceptId=&quot;id-of-numeric-concept&quot; labelText=&quot;Label before&quot;/&gt;&#xd;
&#xd;
DATE OBSERVATION&#xd;
	&lt;obs conceptId=&quot;id-of-date-concept&quot; labelText=&quot;Label before&quot;/&gt;&#xd;
&#xd;
CODED OBSERVATION&#xd;
(as a dropdown)&#xd;
	&lt;obs conceptId=&quot;id-of-coded-concept&quot; labelText=&quot;Label before&quot;/&gt;&#xd;
(as radio buttons)&#xd;
	&lt;obs conceptId=&quot;id-of-coded-concept&quot; labelText=&quot;Label before&quot; style=&quot;radio&quot;/&gt;&#xd;
(as an autocomplete)&#xd;
	&lt;obs conceptId=&quot;id-of-coded-concept&quot; labelText=&quot;Label before&quot; style=&quot;autocomplete&quot; answerClasses=&quot;Diagnosis&quot;/&gt;&#xd;
(as a checkbox for a specific answer)&#xd;
	&lt;obs conceptId=&quot;id-of-coded-concept&quot; labelText=&quot;Label before&quot; answerConceptId=&quot;id-of-answer-concept&quot; answerLabel=&quot;label for answer&quot;/&gt;&#xd;
(as a dropdown with specific choices)&#xd;
	&lt;obs conceptId=&quot;id-of-coded-concept&quot; labelText=&quot;Label before&quot; answerConceptIds=&quot;concept-id-1,concept-id-2,concept-id-3&quot; answerLabels=&quot;Label 1,Label 2, Label 3&quot;/&gt;&#xd;
&#xd;
&#xd;
FREE TEXT OBSERVATION&#xd;
(as a normal text field)&#xd;
	&lt;obs conceptId=&quot;id-of-text-concept&quot; labelText=&quot;Label before&quot;/&gt;&#xd;
(as a textarea)&#xd;
	&lt;obs conceptId=&quot;id-of-text-concept&quot; labelText=&quot;Label before&quot; rows=&quot;4&quot; cols=&quot;80&quot;/&gt;&#xd;
--&gt;&#xd;
&lt;/htmlform&gt;</xmlData>
    <dependencies class="set" id="107"/>
  </org.openmrs.module.htmlformentry.HtmlForm>
  <org.openmrs.module.htmlformentry.HtmlForm id="108" uuid="8d5408c3-714d-48cf-ab10-d522b0feb17c">
    <creator/>
    <dateCreated id="109">2012-06-22 22:30:58</dateCreated>
    <changedBy/>
    <dateChanged id="110">2012-06-29 08:19:07</dateChanged>
    <retired>false</retired>
    <id>9</id>
    <form id="111" resolves-to="org.openmrs.Form" uuid="c136f6e0-ecd0-4f9e-beeb-a5cab6161f44">
      <name>MOH 257 ENCOUNTER : PREGNANCY DETAILS</name>
      <description>The encounter process determining the pregnancy details of the patient</description>
      <creator/>
      <dateCreated id="113">2012-06-22 22:30:58</dateCreated>
      <changedBy/>
      <dateChanged id="114">2012-06-28 22:01:24</dateChanged>
      <retired>false</retired>
      <formId>9</formId>
      <version>0.0.1</version>
      <published>true</published>
      <encounterType reference="35"/>
      <formFields id="115"/>
    </form>
    <xmlData>&lt;htmlform&gt;&#xd;
&#xd;
&lt;!--  JQuery Script BEGIN --&gt;&#xd;
&#xd;
&lt;script type=&quot;text/javascript&quot;&gt;&#xd;
    if(jQuery){&#xd;
      $j(document).ready(function(){&#xd;
          $j(&apos;#1-removeEntry&apos;).remove();&#xd;
          $j(&apos;#10-addEntry&apos;).remove();&#xd;
          $j(&apos;#1-toggleContainer&apos;).show();&#xd;
 &#xd;
          $j(&apos;#11-removeEntry&apos;).remove();&#xd;
          $j(&apos;#20-addEntry&apos;).remove();&#xd;
          $j(&apos;#11-toggleContainer&apos;).show();&#xd;
        });&#xd;
 &#xd;
 &#xd;
      $j(document).ready(function(){&#xd;
      $j(&apos;button.addEntry&apos;).live(&quot;click&quot;, function(){&#xd;
      var correctedAddButtonId = parseFloat(this.id) + 1;&#xd;
      var contentAddId = &quot;#&quot; + correctedAddButtonId + &quot;-toggleContainer&quot;;&#xd;
      $j(contentAddId).toggle(true);&#xd;
      $j(&apos;#&apos; + this.id).toggle(false); $j(&apos;#&apos; + parseFloat(this.id) + &apos;-removeEntry&apos;).toggle(false);&#xd;
      return false;});&#xd;
    });&#xd;
 &#xd;
     $j(document).ready(function(){&#xd;
      $j(&apos;button.removeEntry&apos;).live(&quot;click&quot;, function(){&#xd;
      var correctedRemoveButtonId = parseFloat(this.id) - 1;&#xd;
      var contentAddId = &quot;#&quot; + parseFloat(this.id) + &quot;-toggleContainer&quot;;&#xd;
      $j(contentAddId).toggle(false);&#xd;
      $j( &apos;:input:not(:button)&apos;, contentAddId).val([]);&#xd;
      $j(&apos;#&apos; + correctedRemoveButtonId + &apos;-addEntry&apos;).toggle(true); $j(&apos;#&apos; + correctedRemoveButtonId + &apos;-removeEntry&apos;).toggle(true);&#xd;
 &#xd;
      return false;});&#xd;
 &#xd;
    });&#xd;
}&#xd;
    &lt;/script&gt;&#xd;
&#xd;
&lt;!--  JQuery Script END --&gt;&#xd;
&#xd;
&#xd;
	&lt;style&gt;&#xd;
		table.baseline-aligned td {&#xd;
			vertical-align: baseline;&#xd;
		}&#xd;
	&lt;/style&gt;&#xd;
&#xd;
	&lt;div class=&quot;patient-details&quot;&gt;&#xd;
		&lt;table class=&quot;baseline-aligned&quot; width=&quot;100%&quot;&gt;&#xd;
			&lt;tr&gt;&#xd;
				&lt;td&gt;Name: &lt;lookup class=&quot;value&quot; expression=&quot;patient.personName&quot;/&gt;&lt;/td&gt;&#xd;
				&lt;td&gt;Gender: &lt;lookup class=&quot;value&quot; expression=&quot;patient.gender&quot;/&gt;&lt;/td&gt;&#xd;
				&lt;td&gt;Birthdate: &lt;lookup class=&quot;value&quot; complexExpression=&quot;#if( \$patient.birthdateEstimated ) ~#end&quot;/&gt; &lt;lookup class=&quot;value&quot; expression=&quot;patient.birthdate&quot;/&gt;&#xd;
				&lt;/td&gt;&#xd;
			&lt;/tr&gt;&#xd;
		&lt;/table&gt;&#xd;
	&lt;/div&gt;&#xd;
&#xd;
	&lt;div class=&quot;encounter-details&quot;&gt;&#xd;
		&lt;table class=&quot;baseline-aligned&quot; width=&quot;100%&quot;&gt;&#xd;
			&lt;tr&gt;&#xd;
				&lt;td&gt;Date: &lt;encounterDate default=&quot;now&quot; showTime=&quot;true&quot;/&gt;&lt;/td&gt;&#xd;
				&lt;td&gt;Provider: &lt;encounterProviderAndRole encounterRole=&quot;a0b03050-c99b-11e0-9572-0800200c9a66&quot; default=&quot;currentUser&quot; required=&quot;true&quot;/&gt;&lt;/td&gt;&#xd;
				&lt;td&gt;Location: &lt;encounterLocation default=&quot;GlobalProperty:kenyaemr.defaultLocation&quot;/&gt;&lt;/td&gt;&#xd;
			&lt;/tr&gt;&#xd;
		&lt;/table&gt;&#xd;
	&lt;/div&gt;&#xd;
&#xd;
&lt;table style=&quot;width: 100%; height: 44px;&quot; border=&quot;0&quot; align=&quot;center&quot;&gt;&#xd;
&lt;tbody&gt;&#xd;
&lt;tr&gt;&#xd;
&lt;td style=&quot;font-family: Trebuchet MS,serif;&quot;&gt;&#xd;
&lt;fieldset&gt;&#xd;
               &lt;table style=&quot;width: 100%; height: 44px;&quot; border=&quot;0&quot; align=&quot;center&quot;&gt;&#xd;
               &lt;tr&gt;&#xd;
               &lt;td width=&quot;20%&quot; style=&quot;text-align: left&quot;&gt;&lt;obs conceptId=&quot;5272AAAAAAAAAAAAAAAAAAAAAAAAAAAAAAAA&quot; labelText=&quot;Is Patient Pregnant?: &quot; answerConceptIds=&quot;1065AAAAAAAAAAAAAAAAAAAAAAAAAAAAAAAA,1066AAAAAAAAAAAAAAAAAAAAAAAAAAAAAAAA&quot; style=&quot;radio&quot; answerLabels=&quot;Yes,NO&quot; /&gt;&lt;/td&gt;&#xd;
               &lt;td&gt;&lt;/td&gt;&#xd;
               &lt;/tr&gt;&#xd;
               &lt;tr&gt;&#xd;
               &lt;td width=&quot;20%&quot; style=&quot;text-align: left&quot;&gt;&lt;obs  conceptId=&quot;1425AAAAAAAAAAAAAAAAAAAAAAAAAAAAAAAA&quot; labelText=&quot;ANC Number: &quot; /&gt;&lt;/td&gt;&#xd;
               &lt;td&gt;&lt;/td&gt;&#xd;
               &lt;/tr&gt;&#xd;
               &lt;tr&gt;&#xd;
               &lt;td width=&quot;20%&quot; style=&quot;text-align: left&quot;&gt;&lt;obs  conceptId=&quot;5596AAAAAAAAAAAAAAAAAAAAAAAAAAAAAAAA&quot; showTime=&quot;false&quot; size=&quot;20&quot; labelText=&quot;Expected Delivery Date: &quot; /&gt;&lt;/td&gt;&#xd;
               &lt;td&gt;&lt;/td&gt;&#xd;
               &lt;/tr&gt;&#xd;
               &lt;tr&gt;&#xd;
               &lt;td width=&quot;20%&quot; style=&quot;text-align: left&quot;&gt;&lt;obs  conceptId=&quot;5624AAAAAAAAAAAAAAAAAAAAAAAAAAAAAAAA&quot; labelText=&quot;Gravida: &quot; /&gt;&lt;/td&gt;&#xd;
               &lt;td&gt;&lt;/td&gt;&#xd;
               &lt;/tr&gt;&#xd;
               &lt;tr&gt;&#xd;
               &lt;td width=&quot;20%&quot; style=&quot;text-align: left&quot;&gt;&lt;obs  conceptId=&quot;1053AAAAAAAAAAAAAAAAAAAAAAAAAAAAAAAA&quot; labelText=&quot;Parity: &quot; /&gt;&lt;/td&gt;&#xd;
               &lt;td&gt;&lt;/td&gt;&#xd;
               &lt;/tr&gt;&#xd;
               &lt;tr&gt;&#xd;
               &lt;td width=&quot;25%&quot; style=&quot;text-align: left&quot;&gt;Has patient recorded any of these events?:&lt;/td&gt;&#xd;
               &lt;td&gt;Abortion: &lt;/td&gt;&#xd;
               &lt;/tr&gt;&#xd;
               &lt;tr&gt;&#xd;
               &lt;td width=&quot;20%&quot; style=&quot;text-align: left&quot;&gt;&lt;/td&gt;&#xd;
               &lt;td&gt;&lt;obs conceptId=&quot;48AAAAAAAAAAAAAAAAAAAAAAAAAAAAAAAAAA&quot; labelText=&quot;Miscarriage: &quot; answerConceptIds=&quot;1065AAAAAAAAAAAAAAAAAAAAAAAAAAAAAAAA,1066AAAAAAAAAAAAAAAAAAAAAAAAAAAAAAAA&quot; style=&quot;radio&quot; answerLabels=&quot;Yes,NO&quot; /&gt;&lt;encounterDate default=&quot;today&quot;/&gt;&lt;/td&gt;&#xd;
               &lt;tr&gt;&#xd;
               &lt;td colspan=&quot;2&quot; style=&quot;text-align: left&quot;&gt; &#xd;
                       &lt;fieldset &gt;&lt;legend&gt;&lt;strong&gt;Obstetric History&lt;/strong&gt;&lt;/legend&gt;&#xd;
                         &lt;table style=&quot;width: 1000px; height: 44px;&quot; border=&quot;0&quot;&gt;&#xd;
			       &lt;tr&gt;&#xd;
				     &lt;td colspan=&quot;5&quot;&gt;&lt;hr/&gt;&lt;/td&gt;&#xd;
			        &lt;/tr&gt;&#xd;
			       &lt;tr&gt;&#xd;
				     &lt;td width=&quot;20%&quot; style=&quot;background-color: #696969; color: #ffffff; text-align: left&quot;&gt;&lt;strong&gt;Date of last Pregnancy&lt;/strong&gt;&lt;/td&gt;&#xd;
				     &lt;td width=&quot;20%&quot; style=&quot;background-color: #696969; color: #ffffff; text-align: left&quot;&gt;&lt;strong&gt;Outcome&lt;/strong&gt;&lt;/td&gt;&#xd;
				     &lt;td&gt;&lt;/td&gt;&#xd;
				     &lt;td&gt;&lt;/td&gt;&#xd;
				     &lt;td&gt;&lt;/td&gt;&#xd;
			        &lt;/tr&gt;&#xd;
                        &lt;/table&gt;&#xd;
&lt;br/&gt;&#xd;
                       &lt;repeat&gt;&#xd;
                       &lt;template&gt;&#xd;
                       &lt;div id=&quot;{n}-toggleContainer&quot; style=&quot;display:none;&quot;&gt;&#xd;
	                 &lt;table style=&quot;width: 1000px; height: 44px;&quot; border=&quot;0&quot; &gt;&#xd;
			        &lt;tr&gt;&#xd;
				     &lt;td width=&quot;20%&quot; style=&quot;text-align: left;&quot;&gt;&lt;encounterDate default=&quot;today&quot;/&gt;&lt;/td&gt;&#xd;
				     &lt;td width=&quot;20%&quot; style=&quot;text-align: left;&quot;&gt;Outcome&lt;/td&gt;&#xd;
				     &lt;td&gt;&lt;/td&gt;&#xd;
				     &lt;td style=&quot;text-align: left&quot;&gt;&#xd;
                                                     &lt;button id=&quot;{n}-addEntry&quot; class=&quot;addEntry&quot;&gt;Add&lt;/button&gt;&#xd;
                                                     &lt;button id=&quot;{n}-removeEntry&quot; class=&quot;removeEntry&quot;&gt;Remove&lt;/button&gt;&#xd;
                                     &lt;/td&gt;&#xd;
				     &lt;td&gt;&lt;/td&gt;&#xd;
			        &lt;/tr&gt;&#xd;
		            &lt;/table&gt;&#xd;
                                &lt;/div&gt;&#xd;
                                &lt;/template&gt;&#xd;
                                       &lt;render n=&quot;1&quot; concept=&quot;Diagnosis&quot;/&gt;&#xd;
                                       &lt;render n=&quot;2&quot; concept=&quot;Diagnosis&quot;/&gt;&#xd;
                                       &lt;render n=&quot;3&quot; concept=&quot;Diagnosis&quot;/&gt;&#xd;
                                       &lt;render n=&quot;4&quot; concept=&quot;Diagnosis&quot;/&gt;&#xd;
                                       &lt;render n=&quot;5&quot; concept=&quot;Diagnosis&quot;/&gt;&#xd;
                                       &lt;render n=&quot;6&quot; concept=&quot;Diagnosis&quot;/&gt;&#xd;
                                       &lt;render n=&quot;7&quot; concept=&quot;Diagnosis&quot;/&gt;&#xd;
                                       &lt;render n=&quot;8&quot; concept=&quot;Diagnosis&quot;/&gt;&#xd;
                                       &lt;render n=&quot;9&quot; concept=&quot;Diagnosis&quot;/&gt;&#xd;
                                       &lt;render n=&quot;10&quot; concept=&quot;Diagnosis&quot;/&gt;&#xd;
                                &lt;/repeat&gt;&#xd;
	               &lt;/fieldset&gt;&#xd;
               &lt;/td&gt;&#xd;
               &lt;tr&gt;&#xd;
               &lt;td&gt;Family Planning Status: &lt;br/&gt; FP :&lt;br/&gt; NOFP:&lt;/td&gt;&#xd;
               &lt;td&gt;&lt;/td&gt;&#xd;
               &lt;/tr&gt;&#xd;
               &lt;tr&gt;&#xd;
               &lt;td colspan=&quot;2&quot;&gt;&lt;hr/&gt;&lt;/td&gt;&#xd;
               &lt;/tr&gt;&#xd;
               &lt;tr&gt;&#xd;
               &lt;td width=&quot;30%&quot; style=&quot;text-align: right&quot;&gt;Family Planning Method:&lt;/td&gt;&#xd;
               &lt;td&gt;&#xd;
                     &lt;table&gt;&#xd;
                           &lt;obsgroup groupingConceptId=&quot;374AAAAAAAAAAAAAAAAAAAAAAAAAAAAAAAAA&quot;&gt;&#xd;
                               &lt;tr&gt;            &#xd;
                                   &lt;td&gt;&lt;obs conceptId=&quot;374AAAAAAAAAAAAAAAAAAAAAAAAAAAAAAAAA&quot; answerConceptId=&quot;190AAAAAAAAAAAAAAAAAAAAAAAAAAAAAAAAA&quot; answerLabel=&quot;Condoms&quot; style=&quot;checkbox&quot;/&gt;&lt;/td&gt;&#xd;
                                   &lt;td&gt;&lt;obs conceptId=&quot;374AAAAAAAAAAAAAAAAAAAAAAAAAAAAAAAAA&quot; answerConceptId=&quot;160570AAAAAAAAAAAAAAAAAAAAAAAAAAAAAA&quot; answerLabel=&quot;Emergency contraceptive pills&quot; style=&quot;checkbox&quot;/&gt;&lt;/td&gt;&#xd;
                                   &lt;td&gt;&lt;obs conceptId=&quot;374AAAAAAAAAAAAAAAAAAAAAAAAAAAAAAAAA&quot; answerConceptId=&quot;780AAAAAAAAAAAAAAAAAAAAAAAAAAAAAAAAA&quot; answerLabel=&quot;Oral Contraceptives Pills&quot; style=&quot;checkbox&quot;/&gt;&lt;/td&gt;&#xd;
                                   &lt;td&gt;&lt;obs conceptId=&quot;374AAAAAAAAAAAAAAAAAAAAAAAAAAAAAAAAA&quot; answerConceptId=&quot;5279AAAAAAAAAAAAAAAAAAAAAAAAAAAAAAAA&quot; answerLabel=&quot;Injectible&quot; style=&quot;checkbox&quot;/&gt;&lt;/td&gt;&#xd;
                               &lt;/tr&gt;&#xd;
                               &lt;tr&gt;            &#xd;
                                   &lt;td&gt;&lt;obs conceptId=&quot;374AAAAAAAAAAAAAAAAAAAAAAAAAAAAAAAAA&quot; answerConceptId=&quot;1359AAAAAAAAAAAAAAAAAAAAAAAAAAAAAAAA&quot; answerLabel=&quot;Implant&quot; style=&quot;checkbox&quot;/&gt;&lt;/td&gt;&#xd;
                                   &lt;td&gt;&lt;obs conceptId=&quot;374AAAAAAAAAAAAAAAAAAAAAAAAAAAAAAAAA&quot; answerConceptId=&quot;5275AAAAAAAAAAAAAAAAAAAAAAAAAAAAAAAA&quot; answerLabel=&quot;Intrauterine Device&quot; style=&quot;checkbox&quot;/&gt;&lt;/td&gt;&#xd;
                                   &lt;td&gt;&lt;obs conceptId=&quot;374AAAAAAAAAAAAAAAAAAAAAAAAAAAAAAAAA&quot; answerConceptId=&quot;136163AAAAAAAAAAAAAAAAAAAAAAAAAAAAAA&quot; answerLabel=&quot;Lactational Amenorhea Method&quot; style=&quot;checkbox&quot;/&gt;&lt;/td&gt;&#xd;
                                   &lt;td&gt;&lt;obs conceptId=&quot;374AAAAAAAAAAAAAAAAAAAAAAAAAAAAAAAAA&quot; answerConceptId=&quot;5278AAAAAAAAAAAAAAAAAAAAAAAAAAAAAAAA&quot; answerLabel=&quot;Diaphram/Cervical Cap&quot; style=&quot;checkbox&quot;/&gt;&lt;/td&gt;&#xd;
                               &lt;/tr&gt;&#xd;
                               &lt;tr&gt;            &#xd;
                                   &lt;td&gt;&lt;obs conceptId=&quot;374AAAAAAAAAAAAAAAAAAAAAAAAAAAAAAAAA&quot; answerConceptId=&quot;159524AAAAAAAAAAAAAAAAAAAAAAAAAAAAAA&quot; answerLabel=&quot;Fertility Awareness&quot; style=&quot;checkbox&quot;/&gt;&lt;/td&gt;&#xd;
                                   &lt;td&gt;&lt;obs conceptId=&quot;374AAAAAAAAAAAAAAAAAAAAAAAAAAAAAAAAA&quot; answerConceptId=&quot;1472AAAAAAAAAAAAAAAAAAAAAAAAAAAAAAAA&quot; answerLabel=&quot;Tubal Ligation&quot; style=&quot;checkbox&quot;/&gt;&lt;/td&gt;&#xd;
                                   &lt;td&gt;&lt;obs conceptId=&quot;374AAAAAAAAAAAAAAAAAAAAAAAAAAAAAAAAA&quot; answerConceptId=&quot;1489AAAAAAAAAAAAAAAAAAAAAAAAAAAAAAAA&quot; answerLabel=&quot;Vasectomy&quot; style=&quot;checkbox&quot;/&gt;&lt;/td&gt;&#xd;
                                   &lt;td&gt;&lt;obs conceptId=&quot;374AAAAAAAAAAAAAAAAAAAAAAAAAAAAAAAAA&quot; answerConceptId=&quot;1175AAAAAAAAAAAAAAAAAAAAAAAAAAAAAAAA&quot; answerLabel=&quot;Undecided&quot; style=&quot;checkbox&quot;/&gt;&lt;/td&gt;&#xd;
                               &lt;/tr&gt;&#xd;
                           &lt;/obsgroup&gt;&#xd;
                     &lt;/table&gt;&#xd;
               &lt;/td&gt;&#xd;
               &lt;/tr&gt;&#xd;
               &lt;tr&gt;&#xd;
               &lt;td colspan=&quot;2&quot;&gt;&lt;hr/&gt;&lt;/td&gt;&#xd;
               &lt;/tr&gt;&#xd;
               &lt;tr&gt;&#xd;
               &lt;td width=&quot;30%&quot; style=&quot;text-align: right&quot;&gt;Reason(s) Not on FP:&lt;/td&gt;&#xd;
               &lt;td&gt;&#xd;
                     &lt;table&gt;&#xd;
                           &lt;obsgroup groupingConceptId=&quot;160575AAAAAAAAAAAAAAAAAAAAAAAAAAAAAA&quot;&gt;&#xd;
                               &lt;tr&gt;            &#xd;
                                   &lt;td&gt;&lt;obs conceptId=&quot;160575AAAAAAAAAAAAAAAAAAAAAAAAAAAAAA&quot; answerConceptId=&quot;160571AAAAAAAAAAAAAAAAAAAAAAAAAAAAAA&quot; answerLabel=&quot;Wants to get Pregnant&quot; style=&quot;checkbox&quot;/&gt;&lt;/td&gt;&#xd;
                               &lt;/tr&gt;&#xd;
                               &lt;tr&gt;            &#xd;
                                   &lt;td&gt;&lt;obs conceptId=&quot;160575AAAAAAAAAAAAAAAAAAAAAAAAAAAAAA&quot; answerConceptId=&quot;160572AAAAAAAAAAAAAAAAAAAAAAAAAAAAAA&quot; answerLabel=&quot;Thinks can&apos;t get pregnant&quot; style=&quot;checkbox&quot;/&gt;&lt;/td&gt;&#xd;
                               &lt;/tr&gt;&#xd;
                               &lt;tr&gt;            &#xd;
                                   &lt;td&gt;&lt;obs conceptId=&quot;160575AAAAAAAAAAAAAAAAAAAAAAAAAAAAAA&quot; answerConceptId=&quot;159524AAAAAAAAAAAAAAAAAAAAAAAAAAAAAA&quot; answerLabel=&quot;Not sexually active now&quot; style=&quot;checkbox&quot;/&gt;&lt;/td&gt;&#xd;
                               &lt;/tr&gt;&#xd;
                           &lt;/obsgroup&gt;&#xd;
                     &lt;/table&gt;&#xd;
               &lt;/td&gt;&#xd;
               &lt;/tr&gt;&#xd;
               &lt;tr&gt;&#xd;
                       &lt;td colspan=&quot;2&quot;&gt;&lt;hr/&gt;&lt;/td&gt;&#xd;
               &lt;/tr&gt;&#xd;
               &lt;/tr&gt;&#xd;
               &lt;/tr&gt;&#xd;
               &lt;/table&gt;&#xd;
&lt;/fieldset&gt;&#xd;
&lt;/td&gt;&#xd;
&lt;/tr&gt;&#xd;
&lt;tr&gt;&#xd;
&lt;td style=&quot;border: 1px solid #000099; font-family: Trebuchet MS,serif; text-align: center;&quot;&gt;&lt;submit/&gt;&lt;/td&gt;&#xd;
&lt;/tr&gt;&#xd;
&lt;/tbody&gt;&#xd;
&lt;/table&gt;&#xd;
&#xd;
&lt;!-- END OF FORM&#xd;
Simple examples to copy-and-paste. Full reference at http://wiki.openmrs.org/x/kg8z&#xd;
--&gt;&#xd;
&lt;/htmlform&gt;</xmlData>
    <dependencies class="set" id="116">
      <org.openmrs.EncounterRole reference="14"/>
    </dependencies>
  </org.openmrs.module.htmlformentry.HtmlForm>
  <org.openmrs.module.htmlformentry.HtmlForm id="117" uuid="1a2bf46f-dffc-404f-9df3-96dacc394c49">
    <creator/>
    <dateCreated id="118">2012-06-26 06:25:19</dateCreated>
    <dateChanged id="119">2012-06-30 17:25:12</dateChanged>
    <retired>false</retired>
    <id>20</id>
    <form id="120" resolves-to="org.openmrs.Form" uuid="e4b506c1-7379-42b6-a374-284469cba8da">
      <name>HIV Program Enrollment</name>
      <creator/>
      <dateCreated id="122">2012-06-26 06:25:19</dateCreated>
      <dateChanged id="123">2012-06-26 06:35:19</dateChanged>
      <retired>false</retired>
      <formId>20</formId>
      <version>0.1</version>
      <published>true</published>
      <encounterType reference="103"/>
      <formFields id="124"/>
    </form>
    <xmlData>&lt;htmlform&gt;&#xd;
	&lt;style&gt;&#xd;
		table.baseline-aligned td {&#xd;
			vertical-align: baseline;&#xd;
		}&#xd;
		table.right-first td:first-child {&#xd;
			text-align: right;&#xd;
		}&#xd;
	&lt;/style&gt;&#xd;
&#xd;
	&lt;div class=&quot;patient-details&quot;&gt;&#xd;
		&lt;table class=&quot;baseline-aligned&quot; width=&quot;100%&quot;&gt;&#xd;
			&lt;tr&gt;&#xd;
				&lt;td&gt;Name: &lt;lookup class=&quot;value&quot; expression=&quot;patient.personName&quot;/&gt;&lt;/td&gt;&#xd;
				&lt;td&gt;Gender: &lt;lookup class=&quot;value&quot; expression=&quot;patient.gender&quot;/&gt;&lt;/td&gt;&#xd;
				&lt;td&gt;Birthdate: &lt;lookup class=&quot;value&quot; complexExpression=&quot;#if( \$patient.birthdateEstimated ) ~#end&quot;/&gt; &lt;lookup class=&quot;value&quot; expression=&quot;patient.birthdate&quot;/&gt;&#xd;
				&lt;/td&gt;&#xd;
			&lt;/tr&gt;&#xd;
		&lt;/table&gt;&#xd;
	&lt;/div&gt;&#xd;
&#xd;
	Unique Patient Number: TODO&#xd;
&#xd;
	&lt;fieldset&gt;&#xd;
		&lt;legend&gt;At &lt;i&gt;This&lt;/i&gt; Facility&lt;/legend&gt;&#xd;
		&lt;table width=&quot;100%&quot;&gt;&#xd;
			&lt;tr&gt;&#xd;
				&lt;td&gt;Enrollment Date: &lt;encounterDate default=&quot;now&quot; showTime=&quot;true&quot;/&gt;&lt;/td&gt;&#xd;
				&lt;td&gt;&#xd;
					by: &lt;encounterProviderAndRole encounterRole=&quot;a0b03050-c99b-11e0-9572-0800200c9a66&quot; default=&quot;currentUser&quot; required=&quot;true&quot;/&gt; &lt;br/&gt;&#xd;
					at: &lt;encounterLocation default=&quot;GlobalProperty:kenyaemr.defaultLocation&quot;/&gt;&#xd;
				&lt;/td&gt;&#xd;
			&lt;/tr&gt;&#xd;
		&lt;/table&gt;&#xd;
&#xd;
&lt;table class=&quot;baseline-aligned right-first&quot;&gt;&#xd;
	&lt;tr&gt;&#xd;
		&lt;td&gt;What date was patient confirmed HIV+:&lt;/td&gt;&#xd;
		&lt;td&gt;&lt;obs conceptId=&quot;160554AAAAAAAAAAAAAAAAAAAAAAAAAAAAAA&quot;/&gt;&lt;/td&gt;&#xd;
	&lt;/tr&gt;&#xd;
	&lt;tr&gt;&#xd;
		&lt;td&gt;Where was confirmation done?&lt;/td&gt;&#xd;
		&lt;td&gt; TODO &lt;/td&gt;&#xd;
	&lt;/tr&gt;&#xd;
	&lt;tr&gt;&#xd;
		&lt;td&gt;Entry Point:&lt;/td&gt;&#xd;
		&lt;td&gt;&#xd;
			&lt;obs style=&quot;radio&quot; answerSeparator=&quot;&amp;lt;br/&amp;gt;&quot; conceptId=&quot;160540AAAAAAAAAAAAAAAAAAAAAAAAAAAAAA&quot; answerConceptIds=&quot;160528AAAAAAAAAAAAAAAAAAAAAAAAAAAAAA,160570AAAAAAAAAAAAAAAAAAAAAAAAAAAAAA,160541AAAAAAAAAAAAAAAAAAAAAAAAAAAAAA,160542AAAAAAAAAAAAAAAAAAAAAAAAAAAAAA,160539AAAAAAAAAAAAAAAAAAAAAAAAAAAAAA,5275AAAAAAAAAAAAAAAAAAAAAAAAAAAAAAAA,159937AAAAAAAAAAAAAAAAAAAAAAAAAAAAAA,1175AAAAAAAAAAAAAAAAAAAAAAAAAAAAAAAA&quot; answerLabels=&quot;PMTCT,IPD-Ad (WRONG),TB Clinic (maybe),OPD,VCT,IPD-Ch (WRONG),MCH Child (maybe),Other (WRONG)&quot; /&gt;&#xd;
		&lt;/td&gt;&#xd;
	&lt;/tr&gt;&#xd;
	&lt;tr&gt;&#xd;
		&lt;td&gt;Treatment Supporter:&lt;/td&gt;&#xd;
		&lt;td&gt; TODO &lt;/td&gt;&#xd;
	&lt;/tr&gt;&#xd;
	&lt;tr&gt;&#xd;
		&lt;td&gt;HIV Status of Family Members:&lt;/td&gt;&#xd;
		&lt;td&gt; TODO &lt;/td&gt;&#xd;
	&lt;/tr&gt;&#xd;
&lt;/table&gt;&#xd;
	&lt;/fieldset&gt;&#xd;
&#xd;
	&lt;br/&gt;&#xd;
&#xd;
	&lt;fieldset&gt;&#xd;
		&lt;legend&gt;If Transferred from another facility&lt;/legend&gt;&#xd;
&#xd;
		&lt;obs conceptId=&quot;160534AAAAAAAAAAAAAAAAAAAAAAAAAAAAAA&quot; labelText=&quot;Transfer In Date:&quot;/&gt; &lt;br/&gt;&#xd;
		...from: Facility TODO, District: TODO &lt;br/&gt;&#xd;
		Date &lt;i&gt;first&lt;/i&gt; enrolled in HIV care: TODO &lt;br/&gt;&#xd;
		Date Started ART at transferring facility: TODO&#xd;
	&lt;/fieldset&gt;&#xd;
&#xd;
	&lt;br/&gt;&#xd;
&#xd;
	&lt;enrollInProgram programId=&quot;dfdc6d40-2f2f-463d-ba90-cc97350441a8&quot;/&gt;&#xd;
&#xd;
	&lt;center&gt;&lt;submit/&gt;&lt;/center&gt;&#xd;
&#xd;
&lt;/htmlform&gt;</xmlData>
    <dependencies class="set" id="125">
      <org.openmrs.EncounterRole reference="14"/>
    </dependencies>
  </org.openmrs.module.htmlformentry.HtmlForm>
  <org.openmrs.module.htmlformentry.HtmlForm id="126" uuid="d2e1aa72-abc0-4cbf-be1b-33854994f276">
    <creator/>
    <dateCreated id="127">2012-06-26 07:31:44</dateCreated>
    <changedBy/>
    <dateChanged id="128">2012-06-29 08:40:31</dateChanged>
    <retired>false</retired>
    <id>16</id>
    <form id="129" resolves-to="org.openmrs.Form" uuid="7e603909-9ed5-4d0c-a688-26ecb05d8b6e">
      <name>MOH 257 ENCOUNTER : ORDER LAB INVESTIGATIONS</name>
      <creator/>
      <dateCreated id="131">2012-06-26 07:31:44</dateCreated>
      <changedBy/>
      <dateChanged id="132">2012-06-28 21:49:55</dateChanged>
      <retired>false</retired>
      <formId>16</formId>
      <version>0.0.1</version>
      <published>true</published>
      <encounterType reference="35"/>
      <formFields id="133"/>
    </form>
    <xmlData>&lt;htmlform&gt;&#xd;
&#xd;
&#xd;
	&lt;style&gt;&#xd;
		table.baseline-aligned td {&#xd;
			vertical-align: baseline;&#xd;
		}&#xd;
	&lt;/style&gt;&#xd;
&#xd;
	&lt;div class=&quot;patient-details&quot;&gt;&#xd;
		&lt;table class=&quot;baseline-aligned&quot; width=&quot;100%&quot;&gt;&#xd;
			&lt;tr&gt;&#xd;
				&lt;td&gt;Name: &lt;lookup class=&quot;value&quot; expression=&quot;patient.personName&quot;/&gt;&lt;/td&gt;&#xd;
				&lt;td&gt;Gender: &lt;lookup class=&quot;value&quot; expression=&quot;patient.gender&quot;/&gt;&lt;/td&gt;&#xd;
				&lt;td&gt;Birthdate: &lt;lookup class=&quot;value&quot; complexExpression=&quot;#if( \$patient.birthdateEstimated ) ~#end&quot;/&gt; &lt;lookup class=&quot;value&quot; expression=&quot;patient.birthdate&quot;/&gt;&#xd;
				&lt;/td&gt;&#xd;
			&lt;/tr&gt;&#xd;
		&lt;/table&gt;&#xd;
	&lt;/div&gt;&#xd;
&#xd;
	&lt;div class=&quot;encounter-details&quot;&gt;&#xd;
		&lt;table class=&quot;baseline-aligned&quot; width=&quot;100%&quot;&gt;&#xd;
			&lt;tr&gt;&#xd;
				&lt;td&gt;Date: &lt;encounterDate default=&quot;now&quot; showTime=&quot;true&quot;/&gt;&lt;/td&gt;&#xd;
				&lt;td&gt;Provider: &lt;encounterProviderAndRole encounterRole=&quot;a0b03050-c99b-11e0-9572-0800200c9a66&quot; default=&quot;currentUser&quot; required=&quot;true&quot;/&gt;&lt;/td&gt;&#xd;
				&lt;td&gt;Location: &lt;encounterLocation default=&quot;GlobalProperty:kenyaemr.defaultLocation&quot;/&gt;&lt;/td&gt;&#xd;
			&lt;/tr&gt;&#xd;
		&lt;/table&gt;&#xd;
	&lt;/div&gt;&#xd;
&#xd;
&#xd;
&lt;table style=&quot;width: 100%; height: 44px;&quot; border=&quot;0&quot; align=&quot;center&quot;&gt;&#xd;
&lt;tbody&gt;&#xd;
&lt;tr&gt;&#xd;
&lt;td style=&quot;font-family: Trebuchet MS,serif; font-size: text-align: left;&quot;&gt;&#xd;
	&lt;fieldset &gt;&#xd;
		&lt;table&gt;&#xd;
			&lt;tr&gt;&#xd;
				&lt;td&gt;Type of Lab Test:&lt;/td&gt;&#xd;
			&lt;/tr&gt;&#xd;
			&lt;tr&gt;&#xd;
				&lt;td&gt;Date of Order:&lt;/td&gt;&#xd;
			&lt;/tr&gt;&#xd;
			&lt;tr&gt;&#xd;
				&lt;td&gt;View Lab Results:&lt;/td&gt;&#xd;
			&lt;/tr&gt;&#xd;
		&lt;/table&gt;&#xd;
	&lt;/fieldset&gt;&#xd;
&lt;/td&gt;&#xd;
&lt;/tr&gt;&#xd;
&lt;tr&gt;&#xd;
&lt;td style=&quot;border: 1px solid #000099; font-family: Trebuchet MS,serif; text-align: center;&quot;&gt;&lt;submit/&gt;&lt;/td&gt;&#xd;
&lt;/tr&gt;&#xd;
&lt;/tbody&gt;&#xd;
&lt;/table&gt;&#xd;
&#xd;
&lt;!-- END OF FORM&#xd;
&#xd;
Simple examples to copy-and-paste. Full reference at http://wiki.openmrs.org/x/kg8z&#xd;
&#xd;
--&gt;&#xd;
&lt;/htmlform&gt;</xmlData>
    <dependencies class="set" id="134">
      <org.openmrs.EncounterRole reference="14"/>
    </dependencies>
  </org.openmrs.module.htmlformentry.HtmlForm>
  <org.openmrs.module.htmlformentry.HtmlForm id="135" uuid="b4bfd875-a10f-42f8-943e-d29656a2d1dc">
    <creator/>
    <dateCreated id="136">2012-06-26 07:06:51</dateCreated>
    <changedBy/>
    <dateChanged id="137">2012-06-29 08:41:35</dateChanged>
    <retired>false</retired>
    <id>14</id>
    <form id="138" resolves-to="org.openmrs.Form" uuid="46c5acb5-e4ae-4a4a-a9e5-6debf52cd773">
      <name>MOH 257 ENCOUNTER : IMPRESSIONS AND DIAGNOSES</name>
      <creator/>
      <dateCreated id="140">2012-06-26 07:06:51</dateCreated>
      <changedBy/>
      <dateChanged id="141">2012-06-28 21:49:41</dateChanged>
      <retired>false</retired>
      <formId>14</formId>
      <version>0.0.1</version>
      <published>true</published>
      <encounterType reference="35"/>
      <formFields id="142"/>
    </form>
    <xmlData>&lt;htmlform&gt;&#xd;
&#xd;
&#xd;
	&lt;style&gt;&#xd;
		table.baseline-aligned td {&#xd;
			vertical-align: baseline;&#xd;
		}&#xd;
	&lt;/style&gt;&#xd;
&#xd;
	&lt;div class=&quot;patient-details&quot;&gt;&#xd;
		&lt;table class=&quot;baseline-aligned&quot; width=&quot;100%&quot;&gt;&#xd;
			&lt;tr&gt;&#xd;
				&lt;td&gt;Name: &lt;lookup class=&quot;value&quot; expression=&quot;patient.personName&quot;/&gt;&lt;/td&gt;&#xd;
				&lt;td&gt;Gender: &lt;lookup class=&quot;value&quot; expression=&quot;patient.gender&quot;/&gt;&lt;/td&gt;&#xd;
				&lt;td&gt;Birthdate: &lt;lookup class=&quot;value&quot; complexExpression=&quot;#if( \$patient.birthdateEstimated ) ~#end&quot;/&gt; &lt;lookup class=&quot;value&quot; expression=&quot;patient.birthdate&quot;/&gt;&#xd;
				&lt;/td&gt;&#xd;
			&lt;/tr&gt;&#xd;
		&lt;/table&gt;&#xd;
	&lt;/div&gt;&#xd;
&#xd;
	&lt;div class=&quot;encounter-details&quot;&gt;&#xd;
		&lt;table class=&quot;baseline-aligned&quot; width=&quot;100%&quot;&gt;&#xd;
			&lt;tr&gt;&#xd;
				&lt;td&gt;Date: &lt;encounterDate default=&quot;now&quot; showTime=&quot;true&quot;/&gt;&lt;/td&gt;&#xd;
				&lt;td&gt;Provider: &lt;encounterProviderAndRole encounterRole=&quot;a0b03050-c99b-11e0-9572-0800200c9a66&quot; default=&quot;currentUser&quot; required=&quot;true&quot;/&gt;&lt;/td&gt;&#xd;
				&lt;td&gt;Location: &lt;encounterLocation default=&quot;GlobalProperty:kenyaemr.defaultLocation&quot;/&gt;&lt;/td&gt;&#xd;
			&lt;/tr&gt;&#xd;
		&lt;/table&gt;&#xd;
	&lt;/div&gt;&#xd;
&#xd;
&#xd;
&lt;table style=&quot;width: 100%; height: 44px;&quot; border=&quot;0&quot; align=&quot;center&quot;&gt;&#xd;
&lt;tbody&gt;&#xd;
&lt;tr&gt;&#xd;
&lt;td style=&quot;font-family: Trebuchet MS,serif; text-align: left;&quot;&gt;&#xd;
	&lt;fieldset &gt;&#xd;
		&lt;table&gt;&#xd;
			&lt;tr&gt;&#xd;
				&lt;td&gt;Please record any Adverse Drug Reactions: &lt;/td&gt;&#xd;
				&lt;td&gt;Date of Onset: &lt;br/&gt;Grading: &lt;br/&gt;Causative Agent:&lt;/td&gt;&#xd;
			&lt;/tr&gt;&#xd;
			&lt;tr&gt;&#xd;
				&lt;td&gt;Diagnoses (using terminology like SNOMED/ICD?) &lt;/td&gt;&#xd;
				&lt;td&gt; &lt;/td&gt;&#xd;
			&lt;/tr&gt;&#xd;
			&lt;tr&gt;&#xd;
				&lt;td&gt;WHO Staging:&lt;/td&gt;&#xd;
				&lt;td&gt;&#xd;
                     &lt;table&gt;&#xd;
                           &lt;obsgroup groupingConceptId=&quot;5356AAAAAAAAAAAAAAAAAAAAAAAAAAAAAAAA&quot;&gt;&#xd;
                               &lt;tr&gt;             &#xd;
                                   &lt;td&gt;&lt;strong&gt;Adult&lt;/strong&gt;&lt;obs conceptId=&quot;5356AAAAAAAAAAAAAAAAAAAAAAAAAAAAAAAA&quot; answerConceptIds=&quot;1204AAAAAAAAAAAAAAAAAAAAAAAAAAAAAAAA,1205AAAAAAAAAAAAAAAAAAAAAAAAAAAAAAAA,1206AAAAAAAAAAAAAAAAAAAAAAAAAAAAAAAA,1207AAAAAAAAAAAAAAAAAAAAAAAAAAAAAAAA&quot; style=&quot;radio&quot; answerLabels=&quot;WHO Stage1,WHO Stage2,WHO Stage3,WHO Stage4&quot; /&gt;&lt;/td&gt;&#xd;
                               &lt;/tr&gt;&#xd;
                               &lt;tr&gt;            &#xd;
                                   &lt;td&gt;&lt;strong&gt;Child&lt;/strong&gt;&lt;obs conceptId=&quot;5356AAAAAAAAAAAAAAAAAAAAAAAAAAAAAAAA&quot; answerConceptIds=&quot;1220AAAAAAAAAAAAAAAAAAAAAAAAAAAAAAAA,1221AAAAAAAAAAAAAAAAAAAAAAAAAAAAAAAA,1222AAAAAAAAAAAAAAAAAAAAAAAAAAAAAAAA,1223AAAAAAAAAAAAAAAAAAAAAAAAAAAAAAAA&quot; style=&quot;radio&quot; answerLabels=&quot;WHO Stage1,WHO Stage2,WHO Stage3,WHO Stage4&quot; /&gt;&lt;/td&gt;&#xd;
                               &lt;/tr&gt;&#xd;
                           &lt;/obsgroup&gt;&#xd;
                     &lt;/table&gt;&#xd;
                               &lt;/td&gt;&#xd;
			&lt;/tr&gt;&#xd;
		&lt;/table&gt;&#xd;
	&lt;/fieldset&gt;&#xd;
&lt;/td&gt;&#xd;
&lt;/tr&gt;&#xd;
&lt;tr&gt;&#xd;
&lt;td style=&quot;border: 1px solid #000099; font-family: Trebuchet MS,serif; text-align: center;&quot;&gt;&lt;submit/&gt;&lt;/td&gt;&#xd;
&lt;/tr&gt;&#xd;
&lt;/tbody&gt;&#xd;
&lt;/table&gt;&#xd;
&#xd;
&lt;!-- END OF FORM&#xd;
&#xd;
Simple examples to copy-and-paste. Full reference at http://wiki.openmrs.org/x/kg8z&#xd;
&#xd;
--&gt;&#xd;
&lt;/htmlform&gt;</xmlData>
    <dependencies class="set" id="143">
      <org.openmrs.EncounterRole reference="14"/>
    </dependencies>
  </org.openmrs.module.htmlformentry.HtmlForm>
  <org.openmrs.module.htmlformentry.HtmlForm id="144" uuid="e22f23a1-d7da-4de7-b918-8ed18bdf9c11">
    <creator/>
    <dateCreated id="145">2012-06-20 11:38:46</dateCreated>
    <changedBy/>
    <dateChanged id="146">2012-06-29 09:04:43</dateChanged>
    <retired>false</retired>
    <id>6</id>
    <form id="147" resolves-to="org.openmrs.Form" uuid="9e560607-cb99-46b0-8599-5d06110b4742">
      <name>MOH 257 ART TREATMENT INTERUPTION</name>
      <description>Shows detail about ANTIRETROVIRAL Therapy discontinuation or irregularities</description>
      <creator/>
      <dateCreated id="149">2012-06-20 11:38:46</dateCreated>
      <changedBy/>
      <dateChanged id="150">2012-06-28 21:40:07</dateChanged>
      <retired>false</retired>
      <formId>6</formId>
      <version>0.0.1</version>
      <published>true</published>
      <encounterType id="151" resolves-to="org.openmrs.EncounterType" uuid="a0034eee-1940-4e35-847f-97537a35d05e">
        <name>HIV Consultation</name>
        <description>Collection of HIV-specific data during the main consultation</description>
        <creator/>
        <dateCreated id="153">2012-06-26 06:20:28</dateCreated>
        <retired>false</retired>
        <encounterTypeId>10</encounterTypeId>
      </encounterType>
      <formFields id="154"/>
    </form>
    <xmlData>&lt;htmlform&gt;&#xd;
&#xd;
&#xd;
	&lt;style&gt;&#xd;
		table.baseline-aligned td {&#xd;
			vertical-align: baseline;&#xd;
		}&#xd;
	&lt;/style&gt;&#xd;
&#xd;
	&lt;div class=&quot;patient-details&quot;&gt;&#xd;
		&lt;table class=&quot;baseline-aligned&quot; width=&quot;100%&quot;&gt;&#xd;
			&lt;tr&gt;&#xd;
				&lt;td&gt;Name: &lt;lookup class=&quot;value&quot; expression=&quot;patient.personName&quot;/&gt;&lt;/td&gt;&#xd;
				&lt;td&gt;Gender: &lt;lookup class=&quot;value&quot; expression=&quot;patient.gender&quot;/&gt;&lt;/td&gt;&#xd;
				&lt;td&gt;Birthdate: &lt;lookup class=&quot;value&quot; complexExpression=&quot;#if( \$patient.birthdateEstimated ) ~#end&quot;/&gt; &lt;lookup class=&quot;value&quot; expression=&quot;patient.birthdate&quot;/&gt;&#xd;
				&lt;/td&gt;&#xd;
			&lt;/tr&gt;&#xd;
		&lt;/table&gt;&#xd;
	&lt;/div&gt;&#xd;
&#xd;
	&lt;div class=&quot;encounter-details&quot;&gt;&#xd;
		&lt;table class=&quot;baseline-aligned&quot; width=&quot;100%&quot;&gt;&#xd;
			&lt;tr&gt;&#xd;
				&lt;td&gt;Date: &lt;encounterDate default=&quot;now&quot; showTime=&quot;true&quot;/&gt;&lt;/td&gt;&#xd;
				&lt;td&gt;Provider: &lt;encounterProviderAndRole encounterRole=&quot;a0b03050-c99b-11e0-9572-0800200c9a66&quot; default=&quot;currentUser&quot; required=&quot;true&quot;/&gt;&lt;/td&gt;&#xd;
				&lt;td&gt;Location: &lt;encounterLocation default=&quot;GlobalProperty:kenyaemr.defaultLocation&quot;/&gt;&lt;/td&gt;&#xd;
			&lt;/tr&gt;&#xd;
		&lt;/table&gt;&#xd;
	&lt;/div&gt;&#xd;
&#xd;
&lt;table style=&quot;width: 100%; height: 44px;&quot; border=&quot;0&quot; align=&quot;center&quot;&gt;&#xd;
&lt;tbody&gt;&#xd;
&lt;tr&gt;&#xd;
&lt;td style=&quot;font-family: Trebuchet MS,serif;&quot;&gt;&#xd;
&#xd;
	&lt;fieldset &gt;&#xd;
		&lt;table&gt;&#xd;
			&lt;tr&gt;&#xd;
				&lt;td style=&quot;text-align: right;&quot;&gt;Date:&lt;/td&gt;&#xd;
				&lt;td&gt;&lt;encounterDate default=&quot;today&quot;/&gt;&lt;/td&gt;&#xd;
			&lt;/tr&gt;&#xd;
			&lt;tr&gt;&#xd;
				&lt;td&gt;Reason for Interruption:&lt;/td&gt;&#xd;
				&lt;td&gt;TODO &lt;/td&gt;&#xd;
			&lt;/tr&gt;&#xd;
			&lt;tr&gt;&#xd;
				&lt;td style=&quot;text-align: right;&quot;&gt;Date Restarted:&lt;/td&gt;&#xd;
				&lt;td&gt;&lt;encounterDate default=&quot;today&quot;/&gt;&lt;/td&gt;&#xd;
			&lt;/tr&gt;&#xd;
		&lt;/table&gt;&#xd;
	&lt;/fieldset&gt;&#xd;
&lt;/td&gt;&#xd;
&lt;/tr&gt;&#xd;
&lt;tr&gt;&#xd;
&lt;td style=&quot;border: 1px solid #000099; font-family: Trebuchet MS,serif; text-align: center;&quot;&gt;&lt;submit/&gt;&lt;/td&gt;&#xd;
&lt;/tr&gt;&#xd;
&lt;/tbody&gt;&#xd;
&lt;/table&gt;&#xd;
&#xd;
&#xd;
&lt;/htmlform&gt;</xmlData>
    <dependencies class="set" id="155">
      <org.openmrs.EncounterRole reference="14"/>
    </dependencies>
  </org.openmrs.module.htmlformentry.HtmlForm>
  <org.openmrs.module.htmlformentry.HtmlForm id="156" uuid="9003915a-19e3-4753-86e1-7e8d5e8aab06">
    <creator/>
    <dateCreated id="157">2012-06-26 08:12:39</dateCreated>
    <changedBy/>
    <dateChanged id="158">2012-06-29 08:57:56</dateChanged>
    <retired>false</retired>
    <id>19</id>
    <form id="159" resolves-to="org.openmrs.Form" uuid="b388cd66-8e08-4e8f-97de-7cf10023ed0f">
      <name>MOH 257 ENCOUNTER : ART HISTORY</name>
      <creator/>
      <dateCreated id="161">2012-06-26 08:12:39</dateCreated>
      <changedBy/>
      <dateChanged id="162">2012-06-28 21:49:08</dateChanged>
      <retired>false</retired>
      <formId>19</formId>
      <version>0.0.1</version>
      <published>true</published>
      <encounterType reference="103"/>
      <formFields id="163"/>
    </form>
    <xmlData>&lt;htmlform&gt;&#xd;
&#xd;
&#xd;
	&lt;style&gt;&#xd;
		table.baseline-aligned td {&#xd;
			vertical-align: baseline;&#xd;
		}&#xd;
	&lt;/style&gt;&#xd;
&#xd;
	&lt;div class=&quot;patient-details&quot;&gt;&#xd;
		&lt;table class=&quot;baseline-aligned&quot; width=&quot;100%&quot;&gt;&#xd;
			&lt;tr&gt;&#xd;
				&lt;td&gt;Name: &lt;lookup class=&quot;value&quot; expression=&quot;patient.personName&quot;/&gt;&lt;/td&gt;&#xd;
				&lt;td&gt;Gender: &lt;lookup class=&quot;value&quot; expression=&quot;patient.gender&quot;/&gt;&lt;/td&gt;&#xd;
				&lt;td&gt;Birthdate: &lt;lookup class=&quot;value&quot; complexExpression=&quot;#if( \$patient.birthdateEstimated ) ~#end&quot;/&gt; &lt;lookup class=&quot;value&quot; expression=&quot;patient.birthdate&quot;/&gt;&#xd;
				&lt;/td&gt;&#xd;
			&lt;/tr&gt;&#xd;
		&lt;/table&gt;&#xd;
	&lt;/div&gt;&#xd;
&#xd;
	&lt;div class=&quot;encounter-details&quot;&gt;&#xd;
		&lt;table class=&quot;baseline-aligned&quot; width=&quot;100%&quot;&gt;&#xd;
			&lt;tr&gt;&#xd;
				&lt;td&gt;Date: &lt;encounterDate default=&quot;now&quot; showTime=&quot;true&quot;/&gt;&lt;/td&gt;&#xd;
				&lt;td&gt;Provider: &lt;encounterProviderAndRole encounterRole=&quot;a0b03050-c99b-11e0-9572-0800200c9a66&quot; default=&quot;currentUser&quot; required=&quot;true&quot;/&gt;&lt;/td&gt;&#xd;
				&lt;td&gt;Location: &lt;encounterLocation default=&quot;GlobalProperty:kenyaemr.defaultLocation&quot;/&gt;&lt;/td&gt;&#xd;
			&lt;/tr&gt;&#xd;
		&lt;/table&gt;&#xd;
	&lt;/div&gt;&#xd;
&#xd;
&#xd;
&lt;table style=&quot;width: 100%; height: 44px;&quot; border=&quot;0&quot; align=&quot;center&quot;&gt;&#xd;
&lt;tbody&gt;&#xd;
&lt;tr&gt;&#xd;
&lt;td style=&quot;font-family: Trebuchet MS,serif; text-align: left;&quot;&gt;&#xd;
	&lt;fieldset &gt;&#xd;
		&lt;table&gt;&#xd;
			&lt;tr&gt;&#xd;
				&lt;td colspan=&quot;2&quot;&gt;Has this patient been on ARVs (including PEP &amp;amp; PMTCT)? &lt;/td&gt;&#xd;
			&lt;/tr&gt;&#xd;
			&lt;tr&gt;&#xd;
				&lt;td&gt;&lt;/td&gt;&#xd;
				&lt;td&gt;Purpose: &lt;br/&gt;List of ARV Drug: &lt;br/&gt;Dates Last Used: &lt;/td&gt;&#xd;
			&lt;/tr&gt;&#xd;
			&lt;tr&gt;&#xd;
				&lt;td colspan=&quot;2&quot;&gt;&lt;/td&gt;&#xd;
			&lt;/tr&gt;&#xd;
		&lt;/table&gt;&#xd;
	&lt;/fieldset&gt;&#xd;
&lt;/td&gt;&#xd;
&lt;/tr&gt;&#xd;
&lt;tr&gt;&#xd;
&lt;td style=&quot;border: 1px solid #000099; font-family: Trebuchet MS,serif; text-align: center;&quot;&gt;&lt;submit/&gt;&lt;/td&gt;&#xd;
&lt;/tr&gt;&#xd;
&lt;/tbody&gt;&#xd;
&lt;/table&gt;&#xd;
&#xd;
&lt;!-- END OF FORM&#xd;
&#xd;
Simple examples to copy-and-paste. Full reference at http://wiki.openmrs.org/x/kg8z&#xd;
&#xd;
--&gt;&#xd;
&lt;/htmlform&gt;</xmlData>
    <dependencies class="set" id="164">
      <org.openmrs.EncounterRole reference="14"/>
    </dependencies>
  </org.openmrs.module.htmlformentry.HtmlForm>
  <org.openmrs.module.htmlformentry.HtmlForm id="165" uuid="7c37929e-4fce-4554-b600-c01de8faacd2">
    <creator/>
    <dateCreated id="166">2012-06-26 07:46:55</dateCreated>
    <changedBy/>
    <dateChanged id="167">2012-06-29 08:37:30</dateChanged>
    <retired>false</retired>
    <id>18</id>
    <form id="168" resolves-to="org.openmrs.Form" uuid="4a0d1332-490e-439f-9d14-c782143c94de">
      <name>MOH 257 ENCOUNTER : PAST MEDICAL AND SURGICAL HISTORY</name>
      <creator/>
      <dateCreated id="170">2012-06-26 07:46:55</dateCreated>
      <changedBy/>
      <dateChanged id="171">2012-06-28 21:50:02</dateChanged>
      <retired>false</retired>
      <formId>18</formId>
      <version>0.0.1</version>
      <published>true</published>
      <encounterType reference="35"/>
      <formFields id="172"/>
    </form>
    <xmlData>&lt;htmlform&gt;&#xd;
&#xd;
&#xd;
	&lt;style&gt;&#xd;
		table.baseline-aligned td {&#xd;
			vertical-align: baseline;&#xd;
		}&#xd;
	&lt;/style&gt;&#xd;
&#xd;
	&lt;div class=&quot;patient-details&quot;&gt;&#xd;
		&lt;table class=&quot;baseline-aligned&quot; width=&quot;100%&quot;&gt;&#xd;
			&lt;tr&gt;&#xd;
				&lt;td&gt;Name: &lt;lookup class=&quot;value&quot; expression=&quot;patient.personName&quot;/&gt;&lt;/td&gt;&#xd;
				&lt;td&gt;Gender: &lt;lookup class=&quot;value&quot; expression=&quot;patient.gender&quot;/&gt;&lt;/td&gt;&#xd;
				&lt;td&gt;Birthdate: &lt;lookup class=&quot;value&quot; complexExpression=&quot;#if( \$patient.birthdateEstimated ) ~#end&quot;/&gt; &lt;lookup class=&quot;value&quot; expression=&quot;patient.birthdate&quot;/&gt;&#xd;
				&lt;/td&gt;&#xd;
			&lt;/tr&gt;&#xd;
		&lt;/table&gt;&#xd;
	&lt;/div&gt;&#xd;
&#xd;
	&lt;div class=&quot;encounter-details&quot;&gt;&#xd;
		&lt;table class=&quot;baseline-aligned&quot; width=&quot;100%&quot;&gt;&#xd;
			&lt;tr&gt;&#xd;
				&lt;td&gt;Date: &lt;encounterDate default=&quot;now&quot; showTime=&quot;true&quot;/&gt;&lt;/td&gt;&#xd;
				&lt;td&gt;Provider: &lt;encounterProviderAndRole encounterRole=&quot;a0b03050-c99b-11e0-9572-0800200c9a66&quot; default=&quot;currentUser&quot; required=&quot;true&quot;/&gt;&lt;/td&gt;&#xd;
				&lt;td&gt;Location: &lt;encounterLocation default=&quot;GlobalProperty:kenyaemr.defaultLocation&quot;/&gt;&lt;/td&gt;&#xd;
			&lt;/tr&gt;&#xd;
		&lt;/table&gt;&#xd;
	&lt;/div&gt;&#xd;
&#xd;
&#xd;
&lt;table style=&quot;width: 100%; height: 44px;&quot; border=&quot;0&quot; align=&quot;center&quot;&gt;&#xd;
&lt;tbody&gt;&#xd;
&lt;tr&gt;&#xd;
&lt;td style=&quot;font-family: Trebuchet MS,serif; text-align: left;&quot;&gt;&#xd;
	&lt;fieldset &gt;&#xd;
		&lt;table&gt;&#xd;
			&lt;tr&gt;&#xd;
				&lt;td colspan=&quot;4&quot;&gt;&lt;strong&gt;History of chronic illnesses&lt;/strong&gt;&lt;/td&gt;&#xd;
			&lt;/tr&gt;&#xd;
			&lt;tr&gt;&#xd;
				&lt;td colspan=&quot;4&quot;&gt;Illness &lt;br/&gt;Date of Diagnosis&lt;br/&gt;Current Status&lt;br/&gt;Current Medication&lt;/td&gt;&#xd;
			&lt;/tr&gt;&#xd;
			&lt;tr&gt;&#xd;
				&lt;td colspan=&quot;4&quot;&gt;&lt;strong&gt;Allergies&lt;/strong&gt;&lt;/td&gt;&#xd;
			&lt;/tr&gt;&#xd;
			&lt;tr&gt;&#xd;
				&lt;td colspan=&quot;2&quot;&gt;Allergen:&lt;br/&gt;Date Diagnosed&lt;/td&gt;&#xd;
				&lt;td&gt;&lt;/td&gt;&#xd;
				&lt;td&gt;&lt;/td&gt;&#xd;
			&lt;/tr&gt;&#xd;
		&lt;/table&gt;&#xd;
	&lt;/fieldset&gt;&#xd;
&lt;/td&gt;&#xd;
&lt;/tr&gt;&#xd;
&lt;tr&gt;&#xd;
&lt;td style=&quot;border: 1px solid #000099; font-family: Trebuchet MS,serif; text-align: center;&quot;&gt;&lt;submit/&gt;&lt;/td&gt;&#xd;
&lt;/tr&gt;&#xd;
&lt;/tbody&gt;&#xd;
&lt;/table&gt;&#xd;
&#xd;
&lt;!-- END OF FORM&#xd;
&#xd;
Simple examples to copy-and-paste. Full reference at http://wiki.openmrs.org/x/kg8z&#xd;
&#xd;
--&gt;&#xd;
&lt;/htmlform&gt;</xmlData>
    <dependencies class="set" id="173">
      <org.openmrs.EncounterRole reference="14"/>
    </dependencies>
  </org.openmrs.module.htmlformentry.HtmlForm>
</list>
